,term,Alternate forms and synonyms.,Other language examples (back translations),Meaning notes. Definitions.,Related (but different) terms,other consultant suggestions / comments / entries,Galen's rationale,Galen's notes/drafts,,,,,,,,,,,,,,,,,,,,,,,
n 117,Harun ,,,"Harun adalah kakak laki-laki Musa. 1500 tahun sebelum Yesus, Harun membantu Musa memimpin orang Israel keluar dari Mesir. Setelah itu, Allah menetapkan Harun sebagai imam besar/kepala pertama di Israel.",,,"Since these are brief definitions of key terms to help with translation, they do not have to be enclopedic in scope, nor to provide bible verses. (My sentences in parentheses remain optional.)",,,,,,,,,,,,,,,,,,,,,,,,
n 102,Habel,,Abel (W); Habil,"Sekitar 4000 tahun sebelum Yesus, dua anak laki-laki pertama Adam dan Hawa bernama Kain dan Habel. Habel menghormati Tuhan, tetapi Kain tidak menghormati Dia. Setelah Tuhan menegur Kain, Kain menjadi marah dan membunuh saudaranya Habel.",,,In violation of my previous rationale.,,,,,,,,,,,,,,,,,,,,,,,,
t,Abimelekh,raja,,Orang Filistin menyebut raja mereka Abimelekh,"Kaisar, Firaun, raja",,,,,,,,,,,,,,,,,,,,,,,,,,
n 117,Abraham ,,Ibraayma (W); Ibrahim,"Abram hidup sekitar 2000 tahun sebelum Yesus. Karena Abram percaya pada janji-janji Tuhan, Tuhan menyatakan dia benar dan mengubah namanya menjadi Abraham yang berarti ""Bapa banyak bangsa"". (Meskipun istri Abram, Sarai, tidak memiliki anak, Tuhan berjanji kepada Abram bahwa dia akan menjadi leluhur banyak suku dan bangsa.) Abraham menjadi leluhur semua orang Israel dan banyak bangsa yang lain. (Nama Abram berarti Bapak yang Mulia.)",Abram,,GC 07-Feb-19,,,,,,,,,,,,,,,,,,,,,,,,
n,Abram,,Ibraam (W),Allah mengubah nama Abram menjadi Abraham  ketika Allah membuat perjanjian dengannya. Kemudian Allah mengubah nama Istri Abram yang bernama Sarai menjadi Sara. (Nama Abram berarti Bapa yang Mulia.),Abraham,,GC 07-Feb-19,,,,,,,,,,,,,,,,,,,,,,,,
n,Absalom,,,"Absalom adalah anak laki-laki favorit Raja Daud. Dia membunuh salah satu saudara laki-lakinya, dan dia mencoba menjadi raja ketika Daud masih hidup. Absalom mati ketika dia dan beberapa orang berperang melawan tentara Daud. (Nama Absalom berarti Bapak perdamaian.)",,,GC 07-Feb-19,,,,,,,,,,,,,,,,,,,,,,,,
n,Absalom,,,"Absalom adalah anak laki-laki ketiga Raja Daud. Nama ibunya Maakha. Absalom membunuh anak laki-laki pertama Daud, Amnon, dan kemudian memberontak melawan Daud. (Nama Absalom berarti Bapak perdamaian.)",,,GC 08-Mar-2019,,,,,,,,,,,,,,,,,,,,,,,,
n,Akhaya,,,Akhaya adalah provinsi di Yunani barat.,,,,GC 7/7/2019,,,,,,,,,,,,,,,,,,,,,,,
n,Akhan,,,"Akhan adalah seorang pria Israel yang mencuri emas, perak dan pakaian milik Tuhan. Ketika Tuhan mendapati dia berbuat dosa, Tuhan menyuruh Yosua dan orang Israel untuk membunuh Akhan dan seluruh keluarganya dengan melempari mereka dengan batu. Tujuan hukuman ini adalah untuk membuat orang lain takut menderita akibat yang sama kalau mereka melakukan hal-hal buruk yang sama seperti itu.",,,GC 07-Feb-19,,,,,,,,,,,,,,,,,,,,,,,,
n,Adam,,Aadama (W),"Adam hidup sekitar 4000 tahun sebelum Yesus. Adam adalah manusia pertama yang diciptakan Allah. Karena Adam dan istrinya Hawa tidak menaati Allah, semua manusia harus mati. Alkitab menyebut Yesus Adam Kedua, karena Yesus memberikan hidup yang kekal kepada manusia.",Hawa,,"The concept of transmitted sin remains pure theology, whereas Scripture relates Adam to human death, even for those who have not sinned in the same way as did Adam.",,,,,,,,,,,,,,,,,,,,,,,,
n,Adonia,,,"Adonia adalah salah satu anak laki-laki bungsu Raja Daud. Ketika Daud sudah tua, Adonia berusaha menjadi raja, tetapi Daud menyatakan bahwa Salomo harus menjadi raja. (Nama Adonia berarti Tuanku adalah TUHAN.)",,,GC 07-Feb-19,,,,,,,,,,,,,,,,,,,,,,,,
n,Adoni-Zedek,,,Adoni-Zedek adalah seorang raja Kanaan di Yerusalem yang ditangkap oleh Yosua dan orang Israel dan dibunuh setelah pertempuran yang panjang.,,,,GC 7/7/2019,,,,,,,,,,,,,,,,,,,,,,,
t,persetujuan,,"janji bagaimana bertindak;
perkataannya tidak berbeda dengan (sama dengan) perkataan orang lain (G);","Ketika dua orang atau negara berjanji untuk saling membantu, mereka menyatakan atau menulis persetujuan yang menceritakan apa yang akan mereka lakukan.","perjanjian, janji",binding talk; promise how to act,GC 08-Feb-2019,,,,,,,,,,,,,,,,,,,,,,,,
n,Agripa,,,"Agripa, cucu Raja Herodes, adalah orang terakhir yang disebut ""Raja Yudea"". Dia memerintah antara tahun 41 dan 44 di bawah kekuasaan Romawi. Dia pernah datang untuk mendengarkan Paulus di Kaisarea.",,,,GC 7/7/2019,,,,,,,,,,,,,,,,,,,,,,,
n,Ahia,,,"Beberapa pria bernama Ahia di dalam Alkitab. Seorang nabi di Israel utara, seorang raja, dan seorang imam di Yerusalem. (Nama Ahia berarti Saudara Tuhan.)",,,GC 19-Feb-2019,,,,,,,,,,,,,,,,,,,,,,,,
n,Ai,,,Ai adalah kota Kanaan yang penuh dengan orang-orang yang menyembah dewa-dewa. Allah mengungkapkan rencana kepada Yosua yang membantu tentara Israel untuk merebut Ai dan menghancurkannya sesuai dengan perintah Allah.  ,,,GC 07-Feb-19,,,,,,,,,,,,,,,,,,,,,,,,
t,pualam,,yang terbuat dari batu (R),Pualam adalah jenis batu lunak yang bisa diukir untuk membuat botol dan toples.,,,"Some call this 'soap stone.' In careful English, rock = material, and stone = clump of rock.",,,,,,,,,,,,,,,,,,,,,,,,
t,persekutuan,sekutu,"menjadi teman (G);
bertarung di pihak yang sama
","Ketika dua negara atau tentara setuju untuk berperang melawan musuh, mereka bersekutu.",,fight on the same side,GC 08-Feb-2019,,,,,,,,,,,,,,,,,,,,,,,,
t,gaharu ,,"parfum (W);
Sesuatu yang berbau harum yang disebut gaharu (R)","Tanaman gaharu memiliki getah yang biasanya digunakan untuk membuat krim atau obat kulit.
Getah gaharu itu diambil dari kayu yang berbau harum sehingga bisa juga digunakan untuk membuat parfum.",,"Aloe plants have sap, which is used to make skin cream or medicine.",Usage will be evident in each context.,,,,,,,,,,,,,,,,,,,,,,,,
t,Alfa,,"Pertama; awal (P);
Alpa (K)","Alfa adalah huruf pertama dari alfabet Yunani. Seperti ""A"". Kitab Wahyu menyebut Yesus Sang Alfa, karena dialah Tuhan yang menciptakan segala sesuatu sungguh amat baik.",Omega,,,,,,,,,,,,,,,,,,,,,,,,,,
t,mezbah,mezbah-mezbah,"meja/panggung korban;
tempat penyembelihan;
tempat persembahan (sesuatu);
platform memasak hadiah/persembahan (R);
di mana pengorbanan dilakukan (P, W)","Mezbah adalah meja atau platform yang terbuat dari tumpukan batu atau logam, di mana orang mempersembahkan korban kepada Tuhan. Allah memerintahkan Israel untuk membuat mezbah di Kemah Suci dan, kemudian, di Bait Suci di Yerusalem.","korban, menyembah
",,"Refer to encyclopedias for the history of altars, to anthropology for the pagan use of altars, and to church tradition for ecclesial use of altars. Believers have an altar in heaven: Jesus.",,,,,,,,,,,,,,,,,,,,,,,,
t,amin,,"semoga itu terjadi (P, W);
itu benar!","Amin adalah kata Ibrani yang berarti ya, itu benar, saya percaya, atau begitulah.",,,Good as is.,,,,,,,,,,,,,,,,,,,,,,,,
n,Amon,"Orang-orang Amon, orang Amon",,"Amon adalah anak laki-laki Lot, keponakan Abraham. Amon lahir ketika anak perempuan Lot membuatnya mabuk dan tidur dengannya. Keturunan Amon menjadi orang Amon yang terkadang menjadi musuh Israel. Mereka menyembah berhala.",,,GC 07-Feb-19,,,,,,,,,,,,,,,,,,,,,,,,
n,Amnon,,,"Amnon adalah anak laki-laki pertama raja Daud. Setelah Amnon memperkosa Tamar, anak perempuan Daud, saudara laki-laki Tamar, Absalom, membunuh Amnon. (Nama Amnon berarti Setia.)",,,GC 08-Mar-2019,,,,,,,,,,,,,,,,,,,,,,,,
n,Ananias,,,Ada tiga pria bernama Ananias dalam Perjanjian Baru: (1) Seorang Kristen di Yerusalem yang meninggal ketika dia berbohong kepada Tuhan; (2) seorang Kristen di Damaskus yang membaptis Saulus; dan (3) seorang imam besar di Yerusalem yang menentang para rasul Yesus. (Nama Ananias berarti Tuhan menjawab.),,,GC 19-Feb-2019,,,,,,,,,,,,,,,,,,,,,,,,
n,Andreas,,,Andreas adalah saudara laki-laki Petrus. Mereka berdua menjadi bagian dari 12 rasul Yesus. (Nama Andreas berarti gagah),,,GC 08-Feb-2019,,,,,,,,,,,,,,,,,,,,,,,,
t,malaikat,malaikat-malaikat,"utusan roh yang taat kepada Tuhan (yang diutus Tuhan); utusan dari Tuhan/surga;
Yang dari tempat kediaman Tuhan (G); pembantu Tuhan (P)","Malaikat adalah istilah dari bahasa Yunani yang berarti utusan. Ketika Tuhan mengirimkan roh dengan pesan untuk manusia, roh itu bisa terlihat sebagai manusia dan bisa berbicara dalam bahasa manusia. Roh jahat terkadang terlihat seperti malaikat. Kata malaikat dalam bahasa Yunani menggambarkan pekerjaan atau peran, bukan sejenis makhluk.","setan, nabi",arabic ref.,"Angels remain not a kind of creature, but a job description.",,,,,,,,,,,,,,,,,,,,,,,,
t,mengurapi,"diurapi, urapi",menuangkan minyak zaitun ke atas seseorang untuk menjadikannya raja atau kepala suku/bangsa (G);,Mengurapi berarti mengangkat atau memilih atau menunjuk seseorang secara umum dengan menuangkan minyak di atas kepalanya.,,,,,,,,,,,,,,,,,,,,,,,,,,,
n,Apolos,,,"Apolos adalah seorang Yahudi dari Aleksandria, Mesir. Sebagai orang yang fasih berbicara, ia cakap dalam memahami arti Kitab Suci Ibrani, sehingga dia mampu mengajar orang-orang Kristen di kota-kota yang berbahasa Yunani.",,,,GC 7/7/2019,,,,,,,,,,,,,,,,,,,,,,,
t,rasul,rasul-rasul,"Orang yang diutus;
Orang yang Kristus utus (G);
pelari (W);
orang yang diutus dari suatu tempat (orang yang diutus dalam misi) (D);
Pemimpin Kristen yang dipilih oleh Tuhan;
pemimpin Kristen pertama","Rasul di dalam bahasa Yunani berarti 'diutus dengan wewenang'. Allah mengutus Yesus ke dunia sebagai Rasul-Nya. Yesus memilih 12 rasul yang dia utus untuk memberi tahu orang lain tentang dia. Ada juga gereja yang mengutus pria dan wanita, yang disebut rasul, untuk memulai gereja baru.","malaikat, murid, nabi",,"Here is not the place to argue for or against Mattias, nor whether Paul be the real 12th apostle. Interestingly, in Acts 13, it was elders who sent apostles, and in 14 apostles who appointed elders. So it would seem problematic to argue for either kind of worker to have more authority than another. ",,,,,,,,,,,,,,,,,,,,,,,,
n,Akwila,,,Akwila adalah suami Priskila. Mereka adalah orang-orang Yahudi dari Roma yang membantu Paulus untuk merintis gereja di Yunani dan di Syria. (Nama Akwila berarti elang),Priskila,,,GC 7/7/2019,,,,,,,,,,,,,,,,,,,,,,,
t,Areopagus ,,tempat pertemuan yang disebut Areopagus (K),"Areopagus adalah nama sebuah bukit di kota Atena, Yunani. Guru dan pemimpin kota itu bertemu di bukit itu. Pertemuan mereka juga disebut Areopagus.",,,,,,,,,,,,,,,,,,,,,,,,,,,
t,tabut perjanjian,tabut hukum,"kotak perjanjian (W);
kotak untuk perjanjian/janji;
peti suci","Tabut perjanjian adalah kotak atau peti kayu yang dilapisi emas. Di dalamnya ada loh batu, di mana Tuhan menulis Sepuluh Perintahnya ketika dia membuat perjanjian atau kesepakatan dengan Israel.",,"I would rather not use present tense, as then people would assume that the box is to be seen somewhere. If the article proves to be true, maybe then ok. But as Jesus made a new covenant with us, arc of the Covenant should not be emphasized.  (Hilkka)","Just today, a news article appeared, reporting that the Ark of the Covenant may actually reside in the Church of Saint Mary at Axum, Ethiopia. Since the ark was never reported to have been destroyed, we can speak of it in the present tense.",,,,,,,,,,,,,,,,,,,,,,,,
n,Artahsasta,,,Artahsasta adalah raja keenam Kekaisaran Persia 465-424 SM. Dia adalah cucu Darius dan anak Ahasyweros. (Nama Artahsasta berarti Dia memerintah dengan kebenaran.),,,GC 08-Mar-2019,,,,,,,,,,,,,,,,,,,,,,,,
n,Artemis,,,"Artemis, juga disebut Diana, adalah nama dewi Yunani dan Romawi yang dipuja oleh banyak orang di sebuah provinsi bernama Asia.",Diana,,,,,,,,,,,,,,,,,,,,,,,,,,
n,Asnat,,,Asnat adalah istri Yusuf yang berasal dari Mesir.,,,GC 23-Feb-2019,,,,,,,,,,,,,,,,,,,,,,,,
n,Asytoret,,,"Asytoret adalah patung ukiran yang digunakan untuk menyembah dewi bernama Astart di negara-negara yang menyembah berhala-berhala. Beberapa orang Israel berdosa terhadap Tuhan dengan membuat berhala Asytoret, yang sering mereka letakkan di samping berhala dewa bernama Baal.",,,GC 19-Feb-2019,,,,,,,,,,,,,,,,,,,,,,,,
t,perkumpulan,,berkumpul bersama (G);,"Di mana pun orang Kristen berkumpul untuk menghormati Yesus dan menunjukkan kasih satu sama lain, mereka membentuk perkumpulan sementara atau permanen.","Orang-orang kudus, jemaat",,GC 15-Feb-2019,,,,,,,,,,,,,,,,,,,,,,,,
n,Asyur,orang Asyur,,Asyur adalah bangsa yang kuat yang menyerbu Israel utara pada tahun 738 S.M. Tentara Asyur memperlakukan musuh mereka dengan kejam.,,,GC 07-Feb-19,,,,,,,,,,,,,,,,,,,,,,,,
n,Atalya,,,"Atalya adalah ratu jahat yang mencoba membunuh Yoas untuk mencegah dia menjadi raja. Dia adalah cucu raja Omri. Dia menikah dengan Yoram, raja Yehuda. Setelah Yoram meninggal, Atalya mencoba membunuh semua anak laki-lakinya.",,,GC 07-Feb-19,,,,,,,,,,,,,,,,,,,,,,,,
t,version,,,1.0-Eng-2022-03   ,,,,,,,,,,,,,,,,,,,,,,,,,,,
t,copyright ,license,,"WordLinks database designed and compiled by Robin Rempel.  Copyright 2022, Robin Rempel. Made available under a Creative Commons BY-NC-SA 4.0 International license.  
With acknowledgement and thanks to the following contributors of unpublished back translation (V-E) sample examples.  All used with permission or Fair Use for nonprofit, educational purposes.   
Sue Ness (Kenya) for Daasanach (D) back translations copyright 2019, SIL International.
Carl Harrison (Brazil) for Guajajara (G) back translations copyright 2019 SIL International.  Carl Harrison for Portuguese (P) back translations copyright 2019 Carl Harrison.
Robyn Davies (Papua New Guinea) for Ramoaaina (R) and Kandas (K) back translations copyright 2019, SIL International.  
Galen Currah (Senegal) for Wolof (W) back translations copyright 2019 WEC International and Galen Currah.  
Meaning notes and definitions copyright 2019 Galen Currah, ThD.  Used with permission.  
Special thanks to Hilkka Arminen, SIL translation consultant, for her expert review of the database and helpful editorial suggestions.     
Licensed under the terms of a Creative Commons Creative Commons BY-NC-SA 4.0 International license.        
",,"The © symbol was not utilized in this doc because it does not present properly when the xlsx doc is converted to a csv file and read in the SP software.  Instead, we are simply using the word ""copyright"" in the place of the © symbol.",,,,,,,,,,,,,,,,,,,,,,,,,
n,Atena,orang-orang Atena,,Atena adalah kota di Yunani yang terkenal dengan pengaruh filosofis dan intelektualnya.,,,,GC 7/7/2019,,,,,,,,,,,,,,,,,,,,,,,
n,Baal ,,,Baal adalah nama dewa jahat yang patungnya banyak disembah oleh banyak negara. Terkadang orang Israel dihukum Tuhan karena mereka menyembah Baal.,Beelzebul,,"Ba'al is very well known in cuneiform texts, a kind of international deity with many local idols.",,,,,,,,,,,,,,,,,,,,,,,,
n,Babel,"orang Babel, orang-orang Babel",,"Babel adalah nama sebuah kota kuno, dimulai sekitar 3000 tahun sebelum Yesus. Raja-raja Babel menaklukkan banyak negara lain. Ketika raja Babel merebut Israel, dia menangkap banyak orang Israel dan memindahkan mereka ke Babel. Orang Israel itu tinggal di Babel selama sekitar tujuh puluh tahun. (Petrus menyebut Roma Babel, dan Kitab Wahyu menggambarkan tempat yang sangat jahat yang disebut Babel.) Babel adalah kota yang dipenuhi dengan orang-orang yang bertindak sangat jahat dan memberontak melawan Allah. Oleh karena itu, kadang-kadang kota Babel digunakan secara simbolis untuk merujuk pada tempat jahat yang akan dihancurkan Tuhan seperti dia menghancurkan kota bersejarah itu.",,,"Actually, 70 years serving the kings of Babylon, part of which was spent in captivity.",,,,,,,,,,,,,,,,,,,,,,,,
n,Bileam,,,Bileam hidup sekitar 1500 tahun sebelum Yesus. Bileam adalah seorang nabi yang bukan Yahudi.  Dia berpura-pura berbicara atas nama Tuhan untuk mendapatkan uang. Allah memerintahkan bangsa Israel untuk membunuh Bileam. Suatu kali Tuhan berbicara kepada Bileam melalui keledainya.,,,"In that era, pagan prophets not only spoke for the gods, but were believed to have persuasive power over gods. Thus, Balaam sold his services as one who could manipulate Yahweh.",,,,,,,,,,,,,,,,,,,,,,,,
t,membaptis,"baptisan, dibaptis, pembaptis","membawa (seseorang) di bawah/melalui air (D);
Menyelamkan (seseorang) di dalam air (W);
(untuk melambangkan kematian pada kehidupan lama dan awal kehidupan baru);
inisiasi;
Dimandikan (menjadi pengikut Yesus Pemimpin Sejati)(G);",Membaptis adalah istilah dari bahasa Yunani yang berarti membasuh dalam air atau mencelupkan ke dalam air. Orang Yahudi dan ada juga orang kafir melakukan pembaptisan di dalam ibadah mereka. Yohanes membaptis orang Yahudi yang menantikan kedatangan Mesias. Yesus memerintahkan para rasulnya untuk pergi memuridkan orang dengan membaptis dan mengajar mereka. Orang Kristen membaptis orang yang percaya kepada Yesus.,,,"A symbolic initiation in/with water that Jesus commanded for those who repent of their sins to become Christians. There are many ways in which to baptize. To dip under/ bury in water and bring back up/out to signify death to old life and resurrected to new life, a new identity. There are a series of baptisms in the Bible: God brought Noah through the water to start a new life after the judgment flood. God (via Moses) rescused Israel from their slavery in Egypt and brought them through the water of the big sea to start a new life trusting him in the wilderness. God (via Joshua) led the new generation of Israel through the Jordan River to begin a new life obeying God in a new land. John dipped people in the waters of the Jordan River who were repenting from their sins and getting prepared for Kingdom life. Jesus went down into the waters of the Jordan River to be baptized by John and came out the other side to go into the wilderness for 40 days to show that he was re-playing Israel as the new Israel but doing it rightly, faithfully, in full obedience to God. Jesus commanded people who believe in him to be put under water to show that they have died and been buried to their old life of rebelling against God and have been raised up to a new life with a new identity as God's children.",,,,,,,,,,,,,,,,,,,,,,,,
n,Barnabas,,,"Barnabas adalah salah satu orang Kristen pertama di Yerusalem. Dia membawa Paulus untuk bertemu dengan para rasul pertama, dan dia kemudian membawa Paulus ke Antiokhia (Siria) untuk memuridkan orang-orang di sana. Dia dan Paulus juga pergi bersama dalam misi untuk memulai jemaat-jemaat baru. (Nama Barnabas artinya Anak Penghibur).",,,GC 19-Feb-2019,,,,,,,,,,,,,,,,,,,,,,,,
n,Barak ,,,"Barak adalah hakim keempat di Israel, sebelum ada raja Israel. Barak memimpin orang Israel dalam perang dan mengalahkan musuh mereka.",,,,,,,,,,,,,,,,,,,,,,,,,,,
t,jelai,,bulir,"Jelai adalah sejenis biji-bijian seperti gandum. Orang miskin biasanya membuat roti dengan jelai, karena harga jelai lebih murah daripada gandum.",,,,,,,,,,,,,,,,,,,,,,,,,,,
n,Batsyeba,,,"Batsyeba adalah istri cantik Uria, seorang prajurit di pasukan raja Daud. Suatu kali Batsyeba mandi di luar dan raja Daud melihatnya. Kemudian mereka tidur bersama. Daud menyebabkan Uria mati dalam pertempuran, lalu menikahi Batsyeba. Tuhan menghukum Daud karena dosa-dosanya dan menyebabkan anak pertamanya dengan Batsyeba meninggal. Anak laki-laki Batsyeba, Salomo, menjadi raja setelah Daud. (Nama Batsyeba berarti Putri Janji/Sumpah.)",,,GC 07-Feb-19,,,,,,,,,,,,,,,,,,,,,,,,
t,beruang,,binatang buas (R ),"Seekor beruang adalah binatang yang sangat besar, kuat, berbulu dan hidup di hutan. Beruang adalah binatang yang berbahaya. Mereka memiliki gigi tajam dan cakar panjang. Mereka bisa memanjat pohon, dan bisa membunuh orang. Beruang makan hampir apa saja. Saat beruang dewasa berdiri di atas dua kaki, ia lebih tinggi dari manusia.",singa,,,,,,,,,,,,,,,,,,,,,,,,,,
n,Beelzebul,,,Beelzebul adalah nama lain untuk dewa jahat Baal. Beberapa orang percaya dia adalah kepala atas roh-roh jahat.,Baal,,,,,,,,,,,,,,,,,,,,,,,,,,
t, arak,minuman keras,"minuman apa pun yang menyebabkan orang menjadi mabuk (G)
",Arak adalah minuman yang terbuat dari biji-bijian matang yang mengandung sedikit alkohol.,anggur,,,,,,,,,,,,,,,,,,,,,,,,,,
t,hikmat,"bijaksana, kebijaksanaan, berhikmat","kecerdasan dari Tuhan;
Berpikir sama dengan Tuhan (G);
pengetahuan/kebijaksanaan (R);
mengetahui hal-hal dengan baik (G)
",Orang berhikmat mengetahui dan melakukan apa yang benar dan tepat. Tuhan Maha Hikmat dan Dia memberikan hikmat kepada semua orang yang memintanya dengan iman. (Hikmat juga merupakan gelar Kristen bagi Yesus.),"bodoh, pengetahuan",,,,,,,,,,,,,,,,,,,,,,,,,,
n,Belsyazar,,,Belsyazar adalah raja Babel yang terakhir. Dia meninggal pada 539 SM ketika Persia menaklukkan Babel. (Nama Belsyazar berarti Bel menjaga raja.),,,GC 08-Mar-2019,,,,,,,,,,,,,,,,,,,,,,,,
n,Benyamin,,,"Benyamin hidup sekitar 2000 tahun sebelum Yesus. Benyamin adalah anak bungsu dari dua belas anak laki-laki Yakub. Jadi, Benyamin adalah nenek moyang salah satu dari dua belas suku Israel.",,,The term Jew (Judean) does not appear in the Hebrew Scripture until the time of the Babylonian captivity.,,,,,,,,,,,,,,,,,,,,,,,,
n,Betel,,,"Yakub bertemu dengan Allah di dekat sebuah kota bernama Lus, jadi dia mengganti nama kota itu menjadi Betel, yang berarti Rumah Allah.",,,GC 07-Feb-19,,,,,,,,,,,,,,,,,,,,,,,,
n,Betlehem,,,Beberapa kota diberi nama Betlehem. Salah satu kota itu berada di dekat Yerusalem yang juga disebut Kota Daud. Mikha 5:2 menubuatkan bahwa seorang pemimpin besar akan datang dari Betlehem. Yesus lahir di Betleham. (Nama Betlehem berarti Rumah Roti.),,,GC 07-Feb-19,,,,,,,,,,,,,,,,,,,,,,,,
t,Alkitab ,Kitab Suci,"Firman Allah (G); Kertas Allah (W)
","Alkitab terdiri dari banyak kitab (yang disatukan). Alkitab berisi dengan kitab-kitab Perjanjian Lama dan Perjanjian Baru, yang ditulis oleh banyak orang yang berbeda selama kurun waktu beberapa ribu tahun, tetapi semuanya diilhami secara koheren oleh Roh Allah.","kitab, gulungan",,GC 08-Feb-19,,,,,,,,,,,,,,,,,,,,,,,,
t,memberkati,"berkat, diberkati","(1) memintakan kebaikan Tuhan untuk seseorang;
(2) datang membantu/mendukung seseorang atau menunjukkan kasih karunia kepada seseorang;
berbicara dengan baik / mengatakan hal-hal baik tentang seseorang (G)","Memberkati berarti (1) mengucapkan kata-kata yang baik kepada orang lain, (2) mengharapkan hal yang baik terjadi pada mereka, (3) berbuat baik kepada mereka, atau (4) memberikan hal-hal yang baik kepada mereka. Allah memberkati kita, dan kita memberkati orang lain.",mengutuki,arabic ref.,,,,,,,,,,,,,,,,,,,,,,,,,
t,darah,,,"Kata darah bisa memiliki arti harfiah, tetapi seringkali memiliki arti kiasan atau makna yang diperluas. Darah dapat berarti (a) cairan merah pada tubuh makhluk yang hidup, (b) kematian atau pembunuhan yang kejam, atau (c) kematian Yesus di kayu salib. 'Darah di tangan' berarti bersalah atas pembunuhan.","kematian, korban",,Blood remains a powerful symbol of Jesus' sacrificial death. Translators must decide if the symbol should be retained or replaced with its meaning.,,,,,,,,,,,,,,,,,,,,,,,,
t,perahu,,"kano (G);
",Perahu adalah istilah umum untuk kendaraan air terapung yang digunakan untuk mengangkut orang dan kargo. Sebagian besar perahu terbuat dari kayu. Kapal adalah perahu yang sangat besar.,kapal,,GC 07-Feb-19,,,,,,,,,,,,,,,,,,,,,,,,
n,Boas,,,"Boas adalah seorang petani Israel yang kaya. Dia membiarkan orang miskin memungut gandum yang ditinggalkan oleh para pemanennya. Boas adalah kerabat dari suami Naomi yang sudah meninggal, jadi dia menikah dengan Rut, menantu perempuan Naomi yang sudah menjanda. Dengan demikian, ia menjadi nenek moyang raja Daud dan Yesus.",,,,,,,,,,,,,,,,,,,,,,,,,,,
t,kitab,Kitab-kitab,"kertas (G, W);
","Kitab adalah daun atau lembaran kertas/perkamen yang diikat menjadi satu pada salah satu ujungnya. Gulungan adalah gulungan kertas panjang/kulit binatang/papirus yang harus dibuka oleh pembaca. Kitab dapat berarti bagian dari Alkitab yang memiliki nama atau judul, seperti Kitab Yesaya. Kitab juga merupakan kiasan ingatan Allah.","Alkitab, gulungan",,GC 08-Mar-2019,,,,,,,,,,,,,,,,,,,,,,,,
t,roti,,"apa yang kita makan / makanan kita (tapioka, serabi) (G);
sagu (PNG);","Roti adalah sejenis makanan yang terbuat dari biji-bijian yang digiling dan dipanggang hingga kering. Kadang-kadang roti mengandung ragi agar menjadi lunak. Jika roti tidak mengandung ragi maka teksturnya keras atau garing. Roti adalah makanan sehari-hari di beberapa negara. Sama seperti orang di banyak negara tidak bisa hidup tanpa makan roti (roti adalah makanan pokok mereka), maka Yesus disebut ""Roti Hidup"".
Manna adalah sejenis roti istimewa dari surga.",manna,,"GC 15-Feb-2019
RR added some content.  OK?

GC 23-Feb-2019
A little wordy? Maybe drop the part about Bethlehem and include:

... Jesus was called the ""Bread of Life,"" because he gives eternal life to those who trust in him.

Manna has its own entry.",,,,,,,,,,,,,,,,,,,,,,,,
t,belerang,,sulfur (K),Belerang adalah bahan yang berapi-api seperti lahar dari gunung berapi. Allah membuat belerang jatuh dari langit ke bumi untuk menghukum manusia.,,like lava from volcano,GC 29-Mar-2019,,,,,,,,,,,,,,,,,,,,,,,,
t,tembaga,,logam kemerahan (batu keras) (G);,"Tembaga dan kuningan adalah logam keras dan mengkilap yang terbuat dari campuran tembaga, seng, dan timah. Pada zaman Alkitab, beberapa perkakas, senjata, dan perhiasan dibuat dari tembaga atau kuningan.",,,GC 07-Feb-19,,,,,,,,,,,,,,,,,,,,,,,,
t,mendirikan,"membangun, tukang bangunan, didirikan, dirikan, dirikanlah",membuat (G);,"Mendirikan sesuatu berarti membuatnya lebih besar atau lebih baik. Mendirikan rumah berarti membuat rumah yang baru, sebagian demi sebagian. Membangun atau memperbaiki orang berarti membuat mereka lebih kuat.","menciptakan, membentuk, mengukir",,GC 23-Feb-2019,,,,,,,,,,,,,,,,,,,,,,,,
n,Kaisar,,,Kaisar adalah gelar yang diberikan orang Romawi kepada raja mereka. Setiap kaisar juga raja atas semua negara yang ditaklukkan Roma. Setiap raja yang memerintah rakyat Roma disebut Kaisar.,"raja, Firaun",,,,,,,,,,,,,,,,,,,,,,,,,,
n,Kaisarea,,,"Ada dua kota bernama Kaisarea. Salah satunya dibangun oleh orang Romawi, di pantai laut ke arah utara dari Yerusalem. Kota itu dibangun untuk menghormati nama kaisar Romawi. (Nama Kaisarea berarti Kota Raja.)",,,GC 08-Feb-2019,,,,,,,,,,,,,,,,,,,,,,,,
n,Kain,,,"Sekitar 4000 tahun sebelum Yesus, dua anak laki-laki pertama Adam dan Hawa bernama Kain dan Habel. Kain tidak menghormati Allah, tetapi Habel menghormati-Nya. Setelah Allah menegur Kain, Kain menjadi marah dan membunuh saudaranya Habel.","Habel, Adam, Hawa",,Same note as for Abel.,,,,,,,,,,,,,,,,,,,,,,,,
n,Kaleb,,,Kaleb adalah salah satu dari dua belas mata-mata yang diutus Musa untuk mengamati Kanaan. Dia dan Yosua adalah satu-satunya dari mata-mata itu yang percaya bahwa orang Israel dapat menaklukkan orang Kanaan. Allah memberikan hadiah kedua pria ini karena iman dan keberanian mereka dalam pertempuran.,,,"Caleb means dog, that is, faithful companion.",,,,,,,,,,,,,,,,,,,,,,,,
t,unta,Unta-unta,"binatang kamel; kamel (K); gimel (W dari bahasa Arab)
",Unta lebih tinggi dari kuda dan keledai. Orang-orang bisa naik unta. Unta juga bisa membawa beban. Bulu unta digunakan untuk membuat kain kasar.,"keledai, kuda",arabic ref.,,,,,,,,,,,,,,,,,,,,,,,,,
n,Kanaan ,"orang Kanaan, orang-orang Kanaan",,"Kanaan adalah nama tanah yang Allah janjikan akan Dia berikan kepada bangsa Israel untuk menjadi tanah air mereka. Sebagian besar Kanaan menjadi tanah Israel. Saat ini, bagian dari Kanaan disebut Palestina.",,,,,,,,,,,,,,,,,,,,,,,,,,,
t,yaspis merah,,permata; batu berharga (W),Yaspis merah adalah sejenis batu langka berwarna kemerahan.,,,,,,,,,,,,,,,,,,,,,,,,,,,
t,mengukir,"mengukirkan, terukir, diukir",Memotong-motong kayu untuk membuat sesuatu (G);,Mengukir sesuatu berarti memotongnya dengan alat supaya rupanya berbeda. Orang-orang mengukir berhala dari batu atau kayu.,"menciptakan, mendirikan, membangun ",,GC 23-Feb-2019,,,,,,,,,,,,,,,,,,,,,,,,
n,Kaisar,"raja, Firaun",,Kaisar adalah nama atau gelar yang diberikan orang Romawi kepada pemimpin tertinggi atau raja mereka. Orang Mesir menamai pemimpin tertinggi mereka Firaun.,,,GC 15-Feb-2019,,,,,,,,,,,,,,,,,,,,,,,,
n,Kaisarea,,,Kaisarea adalah sebuah kota. Orang-orang Romawi dan orang-orang yang lain menamai beberapa kota Kaisarea sebagai cara untuk menghormati Kaisar/raja Romawi.,,,GC 15-Feb-2019,,,,,,,,,,,,,,,,,,,,,,,,
t,perwira,Perwira-perwira,kepala tentara (G); pemimpin pertempuran (W),Perwira adalah orang militer Romawi yang memimpin hingga 100 tentara. Akar kata perwira dalam beberapa bahasa berarti 100,,,,,,,,,,,,,,,,,,,,,,,,,,,
t,rantai-rantai,"rantai, belenggu, belenggu-belenggu",diikat (G);,Rantai itu seperti tali yang terbuat dari lingkaran logam kuat yang disambungkan satu sama lain. (Terkadang rantai digunakan untuk mengikat atau menahan orang berbahaya seperti penjahat atau orang yang kerasukan setan.),"penjara, tali","Do you need this as chains are used for other purposes, too?: Men used chains to bind criminals and demoniacs.",GC 07-Feb-19,,,,,,,,,,,,,,,,,,,,,,,,
t,kereta perang,"Kereta, kereta-kereta",,Kereta perang adalah kereta yang bergerak cepat yang hanya memiliki dua roda dan ditarik oleh kuda. Raja dan pejabat penting bepergian dengan kereta perang.,Kuda-kuda,,GC 07-Feb-19,,,,,,,,,,,,,,,,,,,,,,,,
t,kerub,Kerub-kerub,,"Ada dua jenis kerub: (1) Patung yang bersayap, seperti yang ada di atas Tabut Perjanjian. (2) Roh-roh yang menjaga takhta Allah di surga.",malaikat,,GC 07-Feb-19 A babylonian word employed by exhilic prophets.,,,,,,,,,,,,,,,,,,,,,,,,
t,Kristus,"diurapi, Mesias",Al-Masih (W),"Kristus bukanlah nama, Kristus adalah gelar yang berarti diurapi. Dalam Perjanjian Lama, orang Israel akan mengurapi seorang raja atau nabi baru dengan minyak sayur. Dalam Perjanjian Baru, Allah mengurapi Yesus dengan Roh Kudus-Nya. Namun, orang Kristen biasanya menggunakan kata Kristus sebagai nama tanpa menerjemahkannya. Dalam beberapa ayat 'Kristus' dapat diterjemahkan sebagai 'Raja yang Allah janjikan akan datang suatu hari nanti'.",,arabic ref.,,,,,,,,,,,,,,,,,,,,,,,,,
t,orang Kristen,orang percaya,"kelompok orang yang beriman (kepada Yesus);
pengikut Kristus; orang yang menjadi milik Kristus (R);
Orang-orang yang mengikuti Al-Masih (W)","Kristen secara harfiah berarti ""Kristus kecil"", atau ""pengikut Kristus"", orang-orang yang mengikuti teladan dan ajaran Kristus.
Alkitab menggambarkan orang Kristen dalam banyak cara. Mereka adalah orang kudus yang menjadi milik Allah; 'orang percaya' = orang-orang yang beriman kepada Yesus; 'murid' = orang-orang yang mematuhi perintah Yesus; 'saudara dan saudari' = orang-orang yang saling mencintai; 'jemaat' = orang-orang yang beribadah bersama.","orang kudus, murid-murid, rasul",arabic ref.,,,,,,,,,,,,,,,,,,,,,,,,,
t,jemaat,,Pertemuan orang percaya (W); orang-orang beriman (R); orang-orang yang beribadah (K),"Setiap komunitas pengikut Yesus adalah jemaat, dan semua jemaat Kristen bersama-sama membentuk jemaat Kristus, baik di bumi maupun di surga. Alkitab juga menyebut jemaat sebagai Tubuh Kristus.","Orang-orang kudus, kumpulan, perkumpulan",,"No ! Never a building. And capital letters mean nothing in many of the world's scripts. Whilst some of Israel become members of the church, the church has never become Israel. ",,,,,,,,,,,,,,,,,,,,,,,,
t,kayu manis,,sinamon (R); kinamon (K);,"Kayu manis adalah bumbu harum yang terbuat dari kulit pohon jenis tertentu. Itu dicampur dengan minyak yang digunakan untuk mengurapi raja, atau untuk menyiapkan jenazah untuk penguburan.",,,,,,,,,,,,,,,,,,,,,,,,,,,
t,sunat,"menyunat, menyunatkan,  bersunat, disunat",potongan lingkaran; memotong sekitar (R);,"Sebuah ritual yang dilakukan dengan memotong kulit luar ujung penis anak laki-laki atau pria. Allah memerintahkan sunat untuk semua pria Israel atau bayi laki-laki sebagai tanda bahwa mereka setia pada Perjanjian Lama. Dalam Perjanjian Baru, sunat fisik tidak lagi diharuskan untuk menunjukkan hubungan atau kesetiaan kepada Allah. Sebaliknya, ini digunakan secara kiasan untuk menjelaskan bagaimana Kristus telah menghilangkan sifat kedagingan (dosa) orang percaya untuk memberikan sifat yang baru dan benar (Kol. 2:11-13; Rm. 4:11; 1 Kor. 7:18 ). Baptisan sekarang juga adalah tanda kesetiaan kita pada Perjanjian Baru Allah.",,,,,,,,,,,,,,,,,,,,,,,,,,,
t,kota,Kota-kota,,"Kota adalah sebuah wilayah yang memiliki struktur pemerintahan. Kampung adalah kelompok rumah keluarga. Pada zaman Alkitab, kota-kota biasanya terdapat kumpulan rumah dan bangunan terbesar, seringkali dengan tembok batu pelindung yang kuat di sekelilingnya.",kampung,,GC 08-Feb-19,,,,,,,,,,,,,,,,,,,,,,,,
t,tahir,"mentahirkan, ditahirkan",bersih (R);,"Di dalam hukum Musa, orang Yahudi harus melakukan mandi ritual, atau melakukan pengorbanan, sebelum melayani Allah. Orang-orang bisa menajiskan diri atau membuat diri mereka najis dengan melayani berhala. Kontak dengan mayat atau darah bisa membuat orang najis secara ritual.
  Di dalam Perjanjian Baru, darah Yesus mentahirkan orang percaya dari segala dosa dan kenajisan, melalui iman kita kepada-Nya. (Pemuda harus tetap murni secara seksual sambil menunggu pernikahan.)","bersih, suci, murni, mengampuni",People can defile themselves by serving idols. Contact with dead or blood can make ritually unclean. (Hilkka),,,,,,,,,,,,,,,,,,,,,,,,,
t,perintah-perintah,perintah,,"Perintah adalah suruhan yang diberikan oleh seorang pemimpin kepada orang lain untuk dipatuhi. Perintah adalah suruhan yang menjadi permanen, seperti Sepuluh Perintah, dan perintah Yesus.",hukum,,,GC 7/7/2019,,,,,,,,,,,,,,,,,,,,,,,
t,gundik,Gundik-gundik,Seseorang yang seperti seorang istri (G);,"Beberapa orang kaya menikah dengan dua jenis wanita: Istri yang anaknya dapat menerima warisan, dan gundik yang anaknya tidak dapat menerima warisan.",,,GC 07-Feb-19,,,,,,,,,,,,,,,,,,,,,,,,
t,menghukum,"mempersalahkan, dihukum",,"Menghukum berarti menjatuhkan hukuman terhadap seseorang, terkadang dengan memerintahkan pejabat untuk menghukum seseorang. Hakim menghukum penjahat. Allah menghukum malaikat dan manusia yang berdosa dan tidak bertobat.","memberkati, mengutuk",,,GC 8 July 2019,,,,,,,,,,,,,,,,,,,,,,,
t,mengaku,"diakui, mengakui",beri tahu (G); menerima (W),Mengaku berarti mengatakan apa yang Tuhan katakan tentang sesuatu. Mengakui dosa berarti mengakui bahwa kita telah melakukan sesuatu yang dilarang oleh Allah. Mengakui Kristus berarti mengatakan bahwa kita percaya apa yang Allah katakan tentang Dia.,,,GC 15-Feb-2019,,,,,,,,,,,,,,,,,,,,,,,,
n,Korintus,orang Korintus,,Korintus adalah kota perdagangan besar di negara yang disebut Yunani. Kota itu penuh dengan orang-orang yang menyembah banyak berhala. Paulus memulai jemaat-jemaat Kristen baru di Korintus dan menulis surat-surat kepada mereka (Kisah Para Rasul 18).,,,,GC 7/7/2019,,,,,,,,,,,,,,,,,,,,,,,
n,Kornelius,,,"Kornelius adalah seorang perwira militer Romawi yang berdoa kepada Tuhan. Tuhan mengirim seorang malaikat kepadanya menyuruhnya memanggil Petrus untuk bertemu dengan dia. Ketika seisi rumah Kornelius dan teman-temannya mendengar Petrus menceritakan tentang Yesus, mereka menjadi orang Kristen non-Yahudi pertama. (Nama Kornelius berarti Tanduk.)",,,GC 08-Feb-2019,,,,,,,,,,,,,,,,,,,,,,,,
t,negeri,"Negeri-negeri, bangsa, bangsa-bangsa",tanah (G);,Negeri adalah tanah yang sangat luas yang memiliki penduduk dan bisa juga memiliki pemerintahan. Negeri juga bisa disebut bangsa.,"kerajaan, propinsi, tanah",,GC 15-Feb-2019,,,,,,,,,,,,,,,,,,,,,,,,
t 107,perjanjian,,"saling menjanjikan sesuatu (D);
janji yang kuat;
kesepakatan (W); ikatan (R);
Perkataan saya yang baru tentang apa yang akan saya lakukan (G) (Ibrani 8:8);
pembicaraan yang mengikat (PNG);
","Perjanjian adalah kesepakatan yang bersifat serius antara dua orang atau kelompok yang berjanji untuk saling membantu. Allah membuat perjanjian dengan beberapa pria dan dengan Israel. Allah berjanji untuk memberkati orang Israel, jika mereka mematuhi hukum-Nya. Yesus telah membuat perjanjian 'baru' untuk memberikan kehidupan kepada semua orang yang mematuhi perintah-perintahnya.","janji,
Sumpah, persetujuan, persekutuan",binding tok (other language),Jesus' commandments include saving faith.,,,,,,,,,,,,,,,,,,,,,,,,
t 100,menciptakan,diciptakan,"menyebabkan sesuatu menjadi (R); 
Membuat (G)
",Menciptakan berarti membuat sesuatu yang baru. Allah menciptakan dunia dan semua makhluk hidup. Kita menjadi ciptaan baru ketika kita percaya kepada Yesus. Suatu hari Allah akan menciptakan langit dan bumi yang baru.,"mengukir, membangun
",,,,,,,,,,,,,,,,,,,,,,,,,,
t,salib,kayu salib,pohon salib (K); dua batang kayu yang bersilang (W);,"Kayu salib adalah alat untuk menyiksa dan membunuh penjahat kejam. Orang Romawi biasanya memaku atau mengikat kaki seseorang ke tiang kayu yang berdiri tegak dan mengikat atau memaku tangannya di balok kayu yang di atas tiang itu, lalu membiarkannya mati. Setelah Yesus mati di kayu salib karena dosa kita, Allah mengampuni kita yang percaya. (Salib Yesus juga mengingatkan kita bahwa kita bisa saja menderita karena iman kita kepada-Nya.)",,,,,,,,,,,,,,,,,,,,,,,,,,,
t,mengutuk,"dikutuk, terkutuk ",mengatakan hal yang sangat buruk kepada/tentang yang lain (G);berbicara buruk tentang yang lain (R); kemarahan Tuhan (yang besar / kuat) (R); menyebabkan kerusakan; menghukum;,"Mengutuk berarti mengucapkan kata celaka kepada orang lain. Allah telah mengutuk semua orang yang memilih untuk melakukan kejahatan. Allah juga mengutuk Yesus yang tidak bersalah, sehingga dia bisa mengampuni kita dan membatalkan kutukan Allah.","memberkati, menghukum","maybe rather than condemn, it would be 'punish, cause harm'",,,,,,,,,,,,,,,,,,,,,,,,,
t,tabir,tirai,,"Tabir adalah kain besar yang tepi atasnya digantung. Tabir berfungsi menutupi jendela, menutupi pintu, atau membagi ruangan di dalam rumah.",,,material' can be anything. Cloth seems more specific. Opening also seems a bit general.,,,,,,,,,,,,,,,,,,,,,,,,
n,Damsyik,,,Damsyik adalah salah satu kota tertua di dunia yang terletak ke arah timur laut dari Israel. Itu tetap menjadi ibu kota negara Siria. Yesus menampakkan diri kepada seorang pria bernama Saulus di dekat Damsyik. Saulus menjadi rasul yang juga disebut Paulus.,,,GC 19-Feb-2019,,,,,,,,,,,,,,,,,,,,,,,,
n,Daniel,,,"Daniel masih muda ketika orang Babel menghancurkan Yerusalem dan membawa banyak orang Yahudi sebagai tawanan ke Babel. Daniel menjadi seorang tawanan juga dan menaati Allah sepanjang hidupnya. Dia tetap menjadi pejabat yang jujur, meskipun tinggal dan bekerja di istana raja kafir. Allah menunjukkan kepada Daniel arti mimpi, dan mengungkapkan kepadanya masa depan bangsa-bangsa. (Nama Daniel berarti ""Allah adalah hakim saya"".)",,,Jesus called Daniel a prophet (Mt 24:15) but the book of Daniel is not classed with the prophets but as a writing.,GC 8 July 2019,,,,,,,,,,,,,,,,,,,,,,,
n,Darius,,,"Darius adalah raja ke-4 Kekaisaran Persia, 550–486 SM. Dia menaklukkan Babel pada tahun 539 SM selama masa hidup Daniel. (Nama Darius berarti Dia menyimpan kebaikan.)",,,GC 08-Mar-2019,,,,,,,,,,,,,,,,,,,,,,,,
n,Daud,raja Daud,,"Daud, raja kedua Israel, hidup sekitar 1000 tahun sebelum Yesus. Dia adalah seorang gembala yang kemudian mendapatkan reputasi sebagai prajurit yang gagah berani. Dia juga memainkan musik dan membuat lagu, dan beberapa lagu itu telah menjadi mazmur di dalam Alkitab. Daud tetap setia kepada Allah sepanjang hidupnya, dan Allah berjanji kepadanya bahwa keturunannya akan memerintah Israel selamanya. Yesus adalah keturunan (putra) Raja Daud. (Nama Daud berarti Kekasih.)",raja,,GC 07-Feb-19,,,,,,,,,,,,,,,,,,,,,,,,
t,kematian,"mati, maut",,"Ada beberapa macam kematian: (1) kematian fisik, ketika roh kita meninggalkan tubuh kita, (2) kematian kekal yang disebut juga 'kematian kedua', berarti masuk neraka selamanya, (3) kematian rohani berarti hidup tanpa ada hubungan dengan Allah dan Roh Kudus, (Karena Adam berdosa, kita semua dilahirkan dalam keadaan mati secara rohani dan perlu 'dilahirkan kembali.') dan (4) menolak berbuat apa yang salah, disebut 'mati terhadap diri sendiri,' dengan pertolongan Roh Kudus Allah.","darah, korban",,,,,,,,,,,,,,,,,,,,,,,,,,
n,Debora,,,"Debora adalah seorang nabiah Israel (nabi wanita) pada zaman pemerintahan para Hakim. Melalui dia, Tuhan memerintahkan Barak untuk berperang melawan pasukan raja Yabin dari Kanaan. (Nama Debora berarti ""lebah"".)",,,,GC 7/7/2019,,,,,,,,,,,,,,,,,,,,,,,
n,Debora,,,"Ada dua wanita bernama Debora: (1) perawat Ribka yang meninggal di dekat Betel, dan (2) seorang pemimpin Israel yang memimpin mereka untuk menang atas musuh mereka. (Nama Debora berarti lebah.)",,,-4,,,,,,,,,,,,,,,,,,,,,,,,
t,peraturan,"Undang-undang, perintah",,Peraturan adalah hukum formal yang diucapkan oleh seorang raja. Setiap orang harus mematuhi raja mereka.,hukum,,,GC 8 July 2019,,,,,,,,,,,,,,,,,,,,,,,
n,Delila,,,Delila adalah wanita Filistin yang dinikahi Simson. (Nama Delila berarti menyenangkan.),,,GC 07-Feb-19,,,,,,,,,,,,,,,,,,,,,,,,
n,Demetrius,,,Ada dua orang bernama Demetrius. (1) Salah satunya adalah seorang pandai besi di kota Efesus yang menyembah seorang dewi bernama Artemis. Dia mengajukan tuntutan terhadap Paulus di pengadilan kota. (2) Yang lainnya adalah seorang Kristen yang memiliki reputasi baik (3 Yohanes 1).,,,,GC 7/7/2019,,,,,,,,,,,,,,,,,,,,,,,
t,setan,"Setan-setan, roh jahat, roh-roh jahat","roh yang memberontak kepada Allah;
roh jahat (G)","Setan-setan adalah roh-roh yang memberontak melawan Allah, Pencipta mereka. Mereka dapat mendiami dan mempengaruhi manusia yang tidak menaati Allah, yang melayani dewa lain, atau yang memilih untuk melakukan kejahatan. Iblis adalah setan utama. Yesus telah memberikan kuasa kepada para pengikutnya untuk mengusir setan/roh jahat.","malaikat, Iblis ",,Demons are never said to be fallen angels (messengers). The Rabbis taught that demons are the disembodied souls of the biblical Nephelim. Local cultures have their own beliefs about evil spirits.,,,,,,,,,,,,,,,,,,,,,,,,
n,Artemis,,,Diana adalah nama dewi Yunani (berhala) di antara dewa dewi lain yang disembah oleh orang-orang di kota Efesus.,berhala,,,,,,,,,,,,,,,,,,,,,,,,,,
t,murid,Murid-murid,"pelajar; siswa (secara harfiah ‘anak belajar’) (R);
Orang yang dalam pelatihan (magang);
Orang yang saya (Yesus) ajarkan (G);
siswa (tetapi tidak seperti di kelas);
Kristen;
orang yang mengikuti/menaati Yesus;",Seorang murid adalah orang yang mengikuti instruksi gurunya. Yesus memiliki banyak murid. Dia memerintahkan murid-muridnya untuk pergi memuridkan orang-orang di setiap bangsa untuk menjadi murid Yesus dengan membaptis mereka dan mengajar mereka untuk mematuhi perintah-perintahnya.,"rasul, orang Kristen",,"GC: Longer notes contain a lot of fascinating information, yet do not necessarily help translators find an appropriate term to employ. ",,,,,,,,,,,,,,,,,,,,,,,,
t,keledai,Keledai-keledai,kuda kecil; hewan beban (W); binatang (disebut) donki,"Keledai adalah binatang seperti kuda kecil, yang bisa ditunggangi orang. Keledai juga membawa beban dan menarik bajak.",,other language: animal (called) donki (Hilkka),,,,,,,,,,,,,,,,,,,,,,,,,
t,ragu-ragu,"tidak percaya, bimbang, meragukan, diragukan, keraguan, keragu-raguan",dalam keadaan tidak tetap hati; goyah (W);,"Ragu-ragu berarti tidak yakin tentang sesuatu, atau tidak mempercayai sesuatu yang tampaknya tidak benar. Meragukan janji Allah berarti tidak mempercayai apa yang telah dikatakan atau diungkapkan-Nya. Meragukan berarti curiga atau skeptis terhadap kebenaran tentang sesuatu.","kepercayaan, percaya ",,GC 23-Feb-2019,,,,,,,,,,,,,,,,,,,,,,,,
t,naga,,reptil besar; ular besar (K),"Naga adalah ular atau reptil besar. Musuh Allah Iblis disebut naga, karena dia kuat, menakutkan, merusak dan jahat. Iblis berwujud naga (ular) ketika dia menyesatkan manusia pertama untuk tidak menaati Allah. Dalam Kitab Wahyu seekor naga digunakan sebagai lambang atau gambaran Iblis.",ular,,Dragons of various sizes certainly do live on earth.,,,,,,,,,,,,,,,,,,,,,,,,
t,mimpi,Mimpi-mimpi,,Mimpi adalah apa yang dilihat dan didengar seseorang saat tidur. Allah atau malaikat terkadang berbicara kepada orang-orang dalam mimpi. Allah memberi kemampuan kepada Yusuf dan Daniel untuk menceritakan arti dari beberapa mimpi orang yang sulit dipahami.  ,penglihatan,,GC 07-Feb-19,,,,,,,,,,,,,,,,,,,,,,,,
t,bumi,,tanah (G),"Bumi berarti (1) tanah, (2) segala sesuatu di bawah langit, (3) tanah tempat kita manusia tinggal, dan (4) tempat tinggal orang mati di bawah tanah.","dunia, surga",,,,,,,,,,,,,,,,,,,,,,,,,,
n,Eden,,,Eden adalah nama sebuah taman yang indah di mana Allah menempatkan manusia pertama. Allah bertemu dengan mereka di sana sebelum mereka berdosa terhadap Allah.,,,GC 15-Feb-2019,,,,,,,,,,,,,,,,,,,,,,,,
n,Edom,,,Edom adalah wilayah ke arah timur dari Israel di mana keturunan Esau menetap. Orang Edom menyembah dewa-dewa palsu dan menjadi musuh Israel. Edom berarti merah.,,,GC 15-Feb-2019,,,,,,,,,,,,,,,,,,,,,,,,
n,Mesir,orang Mesir,Misra (W dari bahasa Arab),Mesir adalah negara di sebelah barat daya Israel. Bangsa Israel tinggal empat ratus tahun di Mesir di mana mereka menjadi budak. Mesir menguasai tanah Isreal selama ratusan tahun.,,Arabic ref.,,,,,,,,,,,,,,,,,,,,,,,,,
t,Tua-tua,penatua,pria yang lebih tua (G); pemimpin (W),Tua-tua jemaat adalah orang-orang yang memutuskan hal-hal penting dalam jemaat. Mereka juga disebut pengawas/pendeta dan pelayan/diaken.,pemimpin,,GC 23-Feb-2019,,,,,,,,,,,,,,,,,,,,,,,,
n,Elimelekh,,,Elimelekh adalah suami Naomi. Dia adalah seorang Israel yang bermigrasi ke negara Moab di mana dia meninggal. (Nama Elimelekh berarti Allahku adalah Raja.),,,GC 19-Feb-2019,,,,,,,,,,,,,,,,,,,,,,,,
n,Eli,,,Eli adalah seorang imam di Kemah Suci Israel di Silo. Dialah yang membesarkan Samuel yang kemudian menjadi seorang nabi. (Nama Eli berarti Allahku.),,,,GC 7/7/2019,,,,,,,,,,,,,,,,,,,,,,,
n,Eli,,,"Eli adalah seorang imam TUHAN di Silo, sebelum Israel memiliki Bait Suci. Anak-anak laki-laki Eli tidak jujur. Eli membesarkan nabi Samuel sejak kecil hingga dewasa. (Nama Eli berarti Allahku.)",,,GC 07-Feb-19,,,,,,,,,,,,,,,,,,,,,,,,
n,Elia,,Ilyas (W),"Elia hidup sekitar 800 tahun sebelum Yesus. Dia adalah seorang nabi Allah, yang dengan berani menegur raja yang jahat dan semua orang yang menyembah berhala di Israel. (Kitab Maleakhi mengatakan bahwa Elia harus kembali untuk mempersiapkan Israel menyambut kedatangan Mesias yang akan datang.) (Yohanes Pembaptis mirip dengan Elia dalam banyak hal.) (Nama Elia berarti Tuhan adalah Allah.)",Elisa,Arabic ref.,GC 07-Feb-19,,,,,,,,,,,,,,,,,,,,,,,,
n,Elisa,,Ilyasa (W),Elisa hidup sekitar 800 tahun sebelum Yesus. Dia adalah seorang nabi Allah yang ditunjuk oleh nabi Elia. Elisa melakukan lebih banyak mujizat daripada Elia.,Elia,Arabic ref.,,,,,,,,,,,,,,,,,,,,,,,,,
n,Elkana,,,Ada beberapa orang bernama Elkana. Salah satu adalah suami Hana dan ayah nabi Samuel. (Nama Elkana berarti Allah menciptakan.),,,GC 07-Feb-19,,,,,,,,,,,,,,,,,,,,,,,,
t,Kaisar ,,,Seorang Kaisar adalah raja atau penguasa tertinggi di sebuah kerajaan. Dia memerintah raja-raja yang peringkatnya lebih rendah. Beberapa negara menganggap kaisar mereka sebagai dewa.,"raja, Firaun",,,,,,,,,,,,,,,,,,,,,,,,,,
t,kerajaan,,,"Sebuah kerajaan adalah wilayah luas yang terdiri dari beberapa kota, propinsi dan/atau bangsa yang di bawah kekuasaan satu penguasa tertinggi (seorang kaisar). Babel, Asyur, dan Roma adalah contoh kerajaan pada zaman Alkitab.","bangsa, negeri, wilayah, Kaisar",,"GC 08-Feb-19
RR updated",,,,,,,,,,,,,,,,,,,,,,,,
n,Efesus,orang Efesus,,Efesus adalah kota besar di dekat laut di Asia Kecil. Paulus memulai jemaat-jemaat baru di sana dan menulis surat kepada mereka. Yesus juga menulis surat kepada orang Efesus melalui Yohanes di dalam kitab Wahyu.,,,,GC 7/7/2019,,,,,,,,,,,,,,,,,,,,,,,
n,Efraim,,,Efraim adalah anak bungsu dari dua anak laki-laki Yusuf. Efraim menjadi nenek moyang salah satu suku Israel. (Nama Efraim berarti berbuah.),,,GC 23-Feb-2019,,,,,,,,,,,,,,,,,,,,,,,,
n,Epikuros,,,Orang-orang Epikuros mengikuti ajaran filsuf Epikuros yang hidup sekitar 300 tahun sebelum Yesus. Dia mengajarkan bahwa orang-orang harus mencari kebahagiaan dalam hidup sambil menghindari rasa sakit dan ketakutan.,,,,,,,,,,,,,,,,,,,,,,,,,,,
n,Esau,,Esawu (W),"Esau hidup sekitar 1900 tahun sebelum Yesus. Ishak, anak Abraham, memiliki putra kembar bernama Esau dan Yakub. Dengan tanpa berpikir panjang, Esau, anak sulungnya,  menjual hak kesulungannya kepada saudaranya Yakub. (Anak-anak Yakub menjadi orang Israel, dan anak-anak Esau menjadi orang Edom.)",Edom,arabic ref.,,,,,,,,,,,,,,,,,,,,,,,,,
n,Ester,,,"Ester adalah seorang yatim piatu Yahudi yang diasuh oleh sepupunya Mordekai. Setelah raja Persia Ahasyweros menjadikan Ester ratu barunya, Ester menyelamatkan banyak orang Yahudi supaya tidak dibunuh. (Nama Ester berarti bintang. Nama Yahudinya Hadassah berarti kayu murad.)",,,GC 08-Mar-2019,,,,,,,,,,,,,,,,,,,,,,,,
t,Sida-sida,,"laki-laki yang dikebiri (R);
pengurus rumah tangga (W);",Seorang sida-sida adalah seorang laki-laki yang telah dikebiri. Negara-negara kafir terkadang melakukan mutilasi semacam ini pada budak atau orang yang dilatih untuk pekerjaan tertentu seperti pelayanan resmi pemerintah. Hal ini bukan kebiasaan orang Yahudi karena hukum Allah melarang orang menjadi sida-sida.,"hamba, pelayan","take this out:  (Christian ministers who do not get married may be called eunuchs.) Other language examples to euphemistic, better to say: castrated. Chamberlain unknown in PNG. (Hilkka)",,,,,,,,,,,,,,,,,,,,,,,,,
n,Hawa,,Awa (W bahasa Arab),"Hawa hidup sekitar 4000 tahun sebelum Yesus. Hawa adalah istri Adam dan ibu semua manusia. Ketika Iblis mencobai Adam dan Hawa, mereka tidak menaati Allah. Sejak saat itu, semua manusia juga telah berbuat dosa dan harus mati.",Adam,Arabic ref.,"The Bible clearly teaches universal death as a result of our first parents' sin, but not some kind of transmitted sin.",,,,,,,,,,,,,,,,,,,,,,,,
t,jahat,"kejahatan, fasik, kefasikan",,Hal-hal jahat adalah segala sesuatu yang dilarang oleh Allah; orang jahat adalah orang yang tidak mematuhi hukum Allah; roh jahat adalah makhluk tak terlihat yang mempengaruhi orang untuk berpikir tentang kejahatan dan melakukan tindakan jahat.,,,GC 15-Feb-2019,,,,,,,,,,,,,,,,,,,,,,,,
t,iman,"Beriman, percaya, mempercayai, dipercayai, kepercayaan","menyetujui; menerima; percaya sebagai benar;
memercayai; keyakinan (R); hati (makhluk batin) tergantung pada sesuatu (PNG)","Iman berarti (1) mempercayai kebenaran, (2) percaya kepada Allah atau Kristus, dan (3) tetap setia kepada Yesus. Baik di dalam Perjanjian Lama dan Baru, Allah menganggap orang yang beriman kepada-Nya dan janji-janji-Nya sebagai orang benar.","Ragu-ragu, ketidakpercayaan, tidak percaya, belum percaya",other language: heart/liver (inner being) hangs on smg,"Both the Hebrew 'amn and the Greek pistis include both belief and loyalty, according to their context.",,,,,,,,,,,,,,,,,,,,,,,,
t,berpuasa,,,"Berpuasa berarti tidak makan untuk sementara waktu. Orang Yahudi biasanya berpuasa sebagai tanda pertobatan, kesedihan, atau kerendahan hati di hadapan Allah. Orang Kristen terkadang berpuasa sebagai bentuk doa kepada Allah.",,,,,,,,,,,,,,,,,,,,,,,,,,,
t,perjamuan,"pesta, hari raya","peringatan (W);
Makan / makanan besar; hari raya ibadah (K); pesta (R);
tarian besar / makan besar (pesta) (G);
","Perjamuan adalah acara khusus dengan banyak makanan dan minuman yang enak. Orang Israel mengadakan perjamuan selama hari raya, ketika keluarga berkumpul untuk mengingat kebaikan Allah. Orang Israel harus merayakan hari raya tertentu di Yerusalem.",,,,,,,,,,,,,,,,,,,,,,,,,,,
t,hari raya Pentahbisan Bait Allah,,"pemurnian (W); pesta mengingat hari ketika orang Israel membuka rumah pemberian (R);
hari raya ibadah agar orang Israel ingat hari mereka membuka rumah pemberian (K)
","Pada tahun 165 sebelum Yesus, orang Israel (Yahudi) merebut kembali Bait Suci mereka dari musuh mereka. Mereka mendedikasikannya lagi untuk Allah. Pesta tahunan ini yang dirayakan Orang Israel disebut hari raya Pentahbisan Bait Allah dan hari raya Cahaya.",,other language: why house of giving? (Hilkka),,,,,,,,,,,,,,,,,,,,,,,,,
t,hari raya Pentakosta,"Hari raya lepas tujuh minggu, hari Pentakosta",hari Pentikos (R); ,"Pentakosta berarti lima puluh. Hari raya panen ini diadakan pada bulan Mei, 50 hari setelah perayaan Paskah. Pada hari Pentakosta, sekitar tahun 33 M., Roh Kudus pertama kali turun ke atas semua orang yang percaya kepada Yesus.",,,"Astronomy-based calendars, along with better documentary studies, now situate the birth of Jesus around 2 BCE, and his ministry beteen 29 and 33 CE. If this causes indigestion, then remove the date reference.",,,,,,,,,,,,,,,,,,,,,,,,
t,hari raya Pondok Daun,,hari orang Yahudi beribadah yang disebut hari raya Pondok Daun (R); hari-hari raya ibadah tempat berteduh (K); hari raya untuk beribadah yang disebut hari raya kemah,"Pada hari raya Pondok Daun di bulan Oktober atau November, orang Yahudi bergembira karena panen telah selesai. Mereka tinggal di pondok sementara selama satu minggu, untuk menghormati nenek moyang mereka yang tinggal empat puluh tahun di pondok saat mengembara di padang gurun.",,"tabernacle is too techincal, better to say tent  or garden shelter, in Pidgin haus win Hilkka)",,,,,,,,,,,,,,,,,,,,,,,,,
t,hari raya Paskah,Paskah,pesta melewati (R); hari raya ibadah melewati (K);,"Selama hari raya Paskah di bulan Maret atau April, orang Yahudi mengingat bagaimana nenek moyang mereka melarikan diri dari perbudakan di negara Mesir. Pada saat itu Allah memperingatkan bahwa dia akan mengutus malaikatnya untuk membunuh anak laki-laki tertua dari setiap keluarga di Mesir, kecuali keluarga yang menyembelih seekor domba dan mengolesi darahnya di tiang pintu depan rumah mereka. Kalau tiang pintu depan rumah diolesi darah seekor domba itu, malaikat akan lewat rumah itu tanpa menyakiti siapa pun.",hari raya Roti Tidak Beragi,,,,,,,,,,,,,,,,,,,,,,,,,,
t,hari raya Roti Tidak Beragi,,Hari raya roti tidak ada ragi di dalamnya (R); hari raya ibadah roti tidak ada ragi di dalamnya (K);,"Hari raya Roti Tidak Beragi berlangsung selama tujuh hari setelah Perayaan Paskah. Selama tujuh hari ini, orang Yahudi makan roti tanpa ragi, untuk mengingat bagaimana nenek moyang mereka melarikan diri dari Mesir (begitu cepat sehingga mereka tidak punya waktu untuk memanggang roti beragi).",Paskah,,,,,,,,,,,,,,,,,,,,,,,,,,
n,Feliks,,,Feliks adalah gubernur Romawi atas Yudea antara tahun 52 dan 60 M. Feliks adalah seorang pria yang tidak jujur. Dia menahan Paulus di penjara Kaisarea selama dua tahun. Dia pernah mendengar Paulus menjelaskan tentang penghakiman Allah lalu merasa khawatir.,,,,GC 7/7/2019,,,,,,,,,,,,,,,,,,,,,,,
t,hari raya,,,"Hari raya adalah hari-hari khusus ketika orang mengingat masa lalu mereka atau menghormati Allah. Orang-orang biasanya makan bersama sebagai bagian dari hari raya itu. Israel memiliki tujuh hari raya tahunan, termasuk Hari Raya Paskah.",,,GC 08-Mar-2019,,,,,,,,,,,,,,,,,,,,,,,,
n,Festus,,,"Festus menggantikan Feliks sebagai gubernur Romawi atas Yudea pada tahun 62 M. Ia meninggalkan Paulus dalam penjara di Kaisarea, sampai ia mengirim Paulus ke Roma untuk diadili oleh kaisar Romawi.",,,,GC 7/7/2019,,,,,,,,,,,,,,,,,,,,,,,
t,ara,buah ara,,Pohon ara adalah sejenis pohon buah-buahan. Buahnya sangat manis.,,,,,,,,,,,,,,,,,,,,,,,,,,,
t,orang bodoh,bebal,orang yang tidak benar-benar mengetahui banyak hal (G);,"Orang bodoh adalah siapa saja yang membuat pilihan yang buruk/bodoh, walaupun sudan diperingatkan orang lain . Allah ingin orang bodoh bertobat, belajar hikmat dan menaati-Nya. Kitab Amsal sering mengontraskan orang bodoh dan orang bijak.","hikmat, bijaksana",,GC 19-Feb-2019,,,,,,,,,,,,,,,,,,,,,,,,
t,mengampuni,"pengampunan, diampuni",hapus (R); merangkal bahu orang (S-I);,"Mengampuni berarti memilih untuk tidak menghukum orang yang telah berdosa atau tidak taat. Ketika diampuni, orang yang berbuat salah tidak lagi merasa bersalah atau malu atas apa yang telah mereka lakukan.","kesalahan, malu, mentahirkan, menguduskan",,,,,,,,,,,,,,,,,,,,,,,,,,
t,membentuk,"dibentuk, bentuk",,"Membentuk sesuatu berarti (1) mengubah bentuknya agar terlihat seperti sesuatu yang lain (misalnya tanah liat dapat dibentuk menjadi seperti gambar sesuatu), atau (2) menyatukan orang-orang menjadi suatu kelompok.","Mengukir, mendirikan, membangun
",,GC 23-Feb-2019,,,,,,,,,,,,,,,,,,,,,,,,
t,rubah,"Rubah-rubah, serigala",,"Rubah adalah hewan liar seperti anjing kecil dengan bulu yang indah, ekor lebat, gigi tajam, dan cakar yang tidak bisa ditarik. Rubah berburu dengan sembunyi-sembunyi seperti kucing dan memakan hewan yang lebih kecil seperti tikus, mencit, ular, dan kelinci. Beberapa budaya menggunakan kata rubah sebagai kiasan untuk mendeskripsikan atribut seperti kecantikan, kelicikan, atau kebijaksanaan. Misalnya, jika seorang wanita cantik, dia bisa disebut rubah. Raja Herodes disebut rubah, artinya Herodes cerdik atau licik dan berbahaya.",,,,,,,,,,,,,,,,,,,,,,,,,,,
t,kemenyan,,"bahan lengket yang asapnya berbau harum (R);
bubuk dimasak/dibakar dan asapnya berbau harum dan disebut insens (K)","Kemenyan adalah bubuk berbau harum yang terbuat dari getah pohon. Saat dibakar, baunya harum. Karena orang Yahudi harus membawanya dari jauh, harganya mahal.",ukupan,good smelling powder made of sap of a tree (Hilkka),,,,,,,,,,,,,,,,,,,,,,,,,
t,perapian,dapur peleburan,api (W);,"Perapian adalah tempat atau kotak besar di mana seseorang membakar kayu atau bahan bakar lain untuk menghasilkan panas yang tinggi, seperti tungku untuk mengawetkan batu bata atau tembikar. (Orang Babel mempraktekkan kremasi, yaitu membakar mayat di tungku.) (Pengrajin menggunakan tungku untuk memurnikan logam seperti perak atau emas.)",,,,,,,,,,,,,,,,,,,,,,,,,,,
n,Gadara,orang Gadara,,Gadara adalah sebuah wilayah di dekat Danau Galilea dimana banyak orang bukan Yahudi yang makan daging babi tinggal.,,,GC 08-Mar-2019,,,,,,,,,,,,,,,,,,,,,,,,
n,Galilea,,,Galilea adalah sebuah wilayah atau provinsi di bagian utara Israel di sekitar sebuah danau yang sangat besar yang disebut Danau Galilea. Danau ini terisi banyak ikan.,,,,,,,,,,,,,,,,,,,,,,,,,,,
n,Gehazi,,,Gehazi adalah pelayan nabi Elisa. Ia pernah berdosa dengan meminta hadiah dari seorang pejabat Siria yang telah disembuhkan oleh Elisa dari penyakit kusta.,,,GC 07-Feb-19,,,,,,,,,,,,,,,,,,,,,,,,
t,orang yang bukan Yahudi,"orang yang tidak mengenal Allah, Bangsa-bangsa yang tidak mengenal Allah",Orang yang bukan orang Yahudi (W),"Orang bukan Yahudi adalah semua orang yang bukan orang Israel atau orang Yahudi. Pada zaman Yesus, kebanyakan orang bukan Yahudi menyembah dewa palsu dan berhala. (Sebelum Yesus kembali ke surga, dia memerintahkan para rasulnya untuk pergi memuridkan orang-orang di semua bangsa bukan Yahudi juga.)
Terkadang, istilah ini digunakan dalam pengertian umum dalam Perjanjian Baru untuk merujuk pada orang yang tidak percaya kepada Allah atau orang yang bukan milik Allah.","orang Yahudi, orang Ibrani","can be translated also with their nationality, e.g. Kenan/Greek… (Hilkka)","I am not aware of a figurative use of the term Gentile in the NT.         RR:  Perhaps generic sense is better than figurative.  Gentile is used for the category of ""sinner"" or unbeliever (even though all ethnic Gentiles are not unbelievers), as Jew is sometimes used in a generic sense for the category of ""belonging to God"" or ""believer"" (even though all ethnic Jews do not believe) e.g. Rev 2:9; 3:9
GC: Good!",,,,,,,,,,,,,,,,,,,,,,,,
n,Gibea,"Gibeon, orang Gibeon",,Gibea adalah kota kafir di Kanaan ketika Yosua dan orang Israel menaklukkan tanah itu. (Orang Gibeon menipu Yosua untuk membuat perjanjian damai dengan mereka.),,,Let the Bible tell the story.,07 July 2019,,,,,,,,,,,,,,,,,,,,,,,
n,Orang Gibeon,Gibeon,,"Orang Gibeon adalah orang Kanaan dari kota Gibea yang berpura-pura berasal dari luar Kanaan, untuk berdamai dengan Yosua dan pasukannya. Karena orang Israel tidak meminta kepada Allah dulu, mereka ditipu oleh orang Gibeon dan berdamai dengan mereka, padahal mereka benar-benar orang Kanaan.",,,GC 07-Feb-19,,,,,,,,,,,,,,,,,,,,,,,,
n,Gideon,,,"Gideon hidup pada sekitar 1200 tahun sebelum Yesus. Dia adalah seorang petani yang menjadi pemimpin atau hakim atas bangsa Israel, setelah dia memimpin pasukan kecil melawan pasukan musuh yang besar. (Allah menakuti pasukan besar itu sehingga melarikan diri.)",,,,,,,,,,,,,,,,,,,,,,,,,,,
t,kemuliaan,"dimuliakan, memuliakan","Cahaya;
kebesaran;
memuji (memuliakan Allah);
kekuatan dan/atau keindahan (G);
allah (W); dekorasi/keindahan (R);","Kemuliaan berarti (1) kekuatan besar, (2) cahaya terang, (3) keindahan dan (4) kehadiran Allah.",,References to Allah/islam not helpful in PNG ,,,,,,,,,,,,,,,,,,,,,,,,,
t,kambing,Kambing-kambing,hewan mirip rusa berbulu panjang (G);,"Kambing adalah hewan jinak yang daging dan susunya dimakan manusia. Kambing sering hidup dalam kawanan yang sama dengan domba. Ekor domba menggantung ke bawah, sedangkan ekor kambing melengkung ke atas. Kambing jantan dewasa akan bertarung menggunakan tanduknya, dan juga merupakan kiasan untuk negara yang berperang.","domba, gembala",,GC 08-Mar-2019,,,,,,,,,,,,,,,,,,,,,,,,
t,Allah,Allah yang abadi,"yang abadi;
Pencipta;
Allah yang hidup / hidup selamanya (G);","Allah adalah Roh Agung dan Abadi yang menciptakan segala sesuatu dan semua makhluk hidup. Allah menguasai langit dan bumi. Dia telah memerintahkan semua orang untuk meninggalkan dewa mereka dan hanya menyembah dia. (Tidak ada allah lain yang sebesar dia.) (Allah yang Maha Besar ini datang ke dunia sebagai manusia, yaitu Yesus sang Mesias.)","Tuhan, berhala, allah-allah, dewa-dewa",Arabic ref.,,,,,,,,,,,,,,,,,,,,,,,,,
t,emas,,,"Emas dan perak adalah logam berkilau yang digunakan di banyak negara sebagai uang dan untuk membuat perhiasan. Tabut Perjanjian Israel ditutupi dengan penutup emas yang mengkilap. Emas ditambang dari dalam bumi. Pemanasan dengan api yang sangat panas diperlukan untuk memurnikannya, sehingga emas itu mencair dan kotorannya dapat dipisahkan darinya.",perak,,GC 07-Feb-19,,,,,,,,,,,,,,,,,,,,,,,,
n,Gomora,,,"Gomora adalah kota dekat kota Sodom, yang dipilih Lot, keponakan Abraham, sebagai tempat tinggal. Penduduknya sangat jahat, sehingga Allah memusnahkannya dengan api yang jatuh dari langit (sekitar 2000 tahun sebelum Yesus hidup).",,,,,,,,,,,,,,,,,,,,,,,,,,,
t,baik,,"
","Orang menyebut ""baik"" apa pun dan siapa pun yang mereka nilai benar, jujur, baik hati, atau berguna. Kalau seseorang disebut ""adil"" atau ""benar"" berarti mereka mengikuti hukum-hukum Allah.","benar, adil",,GC 08-Mar-2019,,,,,,,,,,,,,,,,,,,,,,,,
t,Injil,kabar baik,"Laporan Baik (W);
Perkataan yang indah (G); penceritaan yang baik (R);
Pembicaraan yang baik (K);","Injil berarti Kabar Baik. Kabar baik ini adalah pesan (dari para rasul Yesus) bahwa Allah mengampuni dosa dan memberikan hidup yang kekal kepada semua orang yang bertobat dan beriman kepada Yesus, yang mati di kayu salib, dikuburkan, bangkit tiga hari kemudian, dan menampakkan diri kepada banyak saksi mata.",,,,,,,,,,,,,,,,,,,,,,,,,,,
t,wali negeri,gubernur,"penguasa (daerah);
kepala (rakyat di suatu negara) (G); pemimpin besar dari pemerintah (R); kilifa (W dari bahasa Arab)",Wali negeri adalah pejabat yang memerintah suatu wilayah atau bagian dari suatu negara. Hanya seorang raja memiliki kekuasaan yang lebih tinggi dari wali negeri.,"raja, pemimpin
",arabic ref.,,,,,,,,,,,,,,,,,,,,,,,,,
t,kasih karunia,,"memaafkan; memperbaiki;
Datang (untuk menolong/menunjukkan belas kasihan kepada seseorang);
dan tidak ada yang membayarnya (W);
belas kasihan dan kesabaran (untuk orang) (G); cinta/kasihan (K); suka (K)
","Kasih karunia adalah kasih yang Allah miliki bagi kita manusia, yang dengannya Dia mengampuni kita, menyelamatkan kita dari bahaya, menolong kita menjalani kehidupan yang lebih baik, memberi kita kekuatan untuk melayani Dia, dan akan membawa kita ke dalam kerajaan kekal-Nya.","mengampuni, rahmat, kasih","also, make good (Hilkka)",,,,,,,,,,,,,,,,,,,,,,,,,
t,buah anggur,,biji anggur (R);,"Buah anggur adalah sejenis buah yang tumbuh pada pokok anggur, bukan pohon. Jus dari buah itu digunakan untuk membuat anggur. (Orang Yahudi telah menanam banyak pokok anggur di ladang mereka dan mengolahnya agar menghasilkan banyak buah.)","pokok anggur, anggur",reseng not helpful in PNG,,,,,,,,,,,,,,,,,,,,,,,,,
n,Yunani,,,"Yunani adalah sebuah negara di Eropa. Kota Atena dan kota Korintus berada di Yunani. Sekitar 350 tahun sebelum Yesus, Yunani menaklukkan Israel dan banyak negara lainnya. Sebagian besar negara-negara tersebut mulai berbicara dan membaca bahasa Yunani. Kitab-kitab Perjanjian Baru ditulis dalam bahasa Yunani. Bahasa Yunani adalah bahasa perdagangan pada waktu kekaisaran Roma.",,"Greek was language of scholars, not ordinary people's mother tongue (Hilkka)",,,,,,,,,,,,,,,,,,,,,,,,,
t,kesalahan,salah,"keadaan orang yang telah melakukan sesuatu yang buruk (G);
yang pantas mati (W);",Orang yang bersalah adalah orang yang telah melanggar hukum. Semua manusia bersalah di hadapan Allah ketika mereka mulai melanggar hukum-hukum-Nya. Semua orang bersalah harus dihukum. Akibat kesalahan adalah hukuman. Biasanya orang yang bersalah akan merasa malu.,"mengampuni, kecemaran, menguduskan, malu","this is an exception, very strong: that deserving death (W); (Hilkka)",GC 15-Feb-2019,,,,,,,,,,,,,,,,,,,,,,,,
n,Hagar,,,"Hagar hidup pada sekitar 2000 tahun sebelum Yesus. Dia adalah seorang budak perempuan di rumah Sara, istri Abraham. Pada saat Sara belum melahirkan anak, dia meminta Abraham untuk tidur dengan Hagar, dan Hagar melahirkan seorang anak yang bernama Ismael. (Tapi Ismael bukanlah anak yang Allah janjikan untuk diberikan kepada Abraham melalui istrinya Sara. Dua belas tahun kemudian, Sara melahirkan seorang anak laki-laki yang Abraham namai Ishak. Ishak adalah anak yang dijanjikan Allah.)",,,,,,,,,,,,,,,,,,,,,,,,,,,
t,hujan es,,,Hujan es adalah air beku (es) yang jatuh dari langit seperti hujan.,,,,,,,,,,,,,,,,,,,,,,,,,,,
n,Haman,,,"Haman adalah keturunan raja kafir yang bernama Agag yang membenci Israel. Ketika raja Persia Ahasyweros mengangkatnya menjadi pejabat, Haman coba membunuh Mordekhai dan semua orang Yahudi di kekaisaran Persia.",,,GC 08-Mar-2019,,,,,,,,,,,,,,,,,,,,,,,,
n,Hana,,,Hana adalah salah satu istri Elkana. Dia berdoa kepada Tuhan di Silo untuk meminta seorang anak. Beberapa waktu kemudian dia melahirkan seorang anak laki-laki bernama Samuel yang menjadi nabi atas Israel. (Nama Hana berarti rahmat.),,,,GC 7/7/2019,,,,,,,,,,,,,,,,,,,,,,,
n,Hanun,,,Hanun adalah seorang raja Amon yang mempermalukan para utusan raja Daud.,,,,,,,,,,,,,,,,,,,,,,,,,,,
n,Haran,,,Ada beberapa pria dan sebuah kota bernama Haran. Salah satu pria itu adalah saudara laki-laki Abraham yang juga adalah ayah Lot. Kota bernama Haran adalah tempat ayah Abram meninggal.,,,GC 07-Feb-19,,,,,,,,,,,,,,,,,,,,,,,,
t,surga,sorga,"di atas;
langit;
jauh tinggi (G); surga (R);","Surga adalah tempat kediaman Alla, dan semua makhluk yang malayani dia.",bumi,try to separate heaven and sky; asaman not helpful in PNG,,,,,,,,,,,,,,,,,,,,,,,,,
n,Ibrani,"orang Yahudi, orang Israel",orang Yahudi; bahasa Yahudi;,Orang Ibrani adalah keturunan Abraham (dua belas suku) dan bahasa Ibrani adalah bahasa mereka. Orang Ibrani dipilih Allah untuk menjadi bangsanya yang istimewa. Orang Ibrani kemudian disebut orang Israel (setelah Allah mengubah nama Yakub menjadi Israel) dan mereka juga disebut orang Yahudi (karena banyak orang Israel tinggal di Yehuda).,orang yang bukan Yahudi,,,,,,,,,,,,,,,,,,,,,,,,,,
n,Hebron,,,Hebron adalah kota yang terletak di wilayah Yehuda di Israel. Abraham dan Yakub menyembah Allah di dekat Hebron. Raja Daud memerintah suku Yehuda di Hebron selama sekitar tujuh tahun.,,,GC 19-Feb-2019,,,,,,,,,,,,,,,,,,,,,,,,
t,kawanan,,,"Kawanan adalah sekelompok hewan, terutama hewan peliharaan (bukan liar) berkuku yang dipelihara gembala sebagai hewan ternak.",gembala; ternak,,,,,,,,,,,,,,,,,,,,,,,,,,
n,Hermes,,,"Hermes, yang juga disebut Merkurius, adalah dewa Yunani dan Romawi yang diyakini orang-orang kafir, berfungsi sebagai pembawa pesan bagi dewa-dewa lain.",,,,,,,,,,,,,,,,,,,,,,,,,,,
n,Herodes,,,"Herodes adalah nama keluarga raja-raja yang diberi kekuasaan oleh orang Romawi atas sebagian Israel. Empat raja tersebut adalah (1) Herodes Agung di Yudea yang memerintah pada waktu Yesus masih kecil, (2) Herodes Antipas di Galilea yang memerintah pada masa pelayanan Yesus, (3) Herodes Agripa I di Yudea yang memerintah setelah kebangkitan Yesus dan menganiaya orang-orang Kristen mula-mula dan (4) Herodes Agripa II di Yudea yang memerintah pada waktu Paulus diadili.",,,,,,,,,,,,,,,,,,,,,,,,,,,
t,imam besar ,imam kepala,pemimpin yang mempersembahkan korban kepada Allah (R); imam kepala (U),Imam Besar (Kepala) adalah pemimpin dari semua imam. Imam Besar adalah satu-satunya orang yang diizinkan masuk ke Tempat Mahakudus di Kemah Suci atau Bait Suci di mana dia akan mempersembahkan korban kepada Allah untuk dosa-dosanya sendiri dan dosa-dosa yang telah dilakukan orang Israel.,imam,other language: head man of priests (Urt),,,,,,,,,,,,,,,,,,,,,,,,,
t,kudus,"kekudusan, maha kudus ","unik;
dikhususkan / khusus / suci;
murni atau tidak berdosa/kesalahan/kesalahan moral;
milik Allah (berhubungan dengan Allah);
menjauhi hal/perbuatan buruk (G);
Murni (W); milik Allah (R); bersih (R); lurus (k);","Kudus berarti (1) murni, bersih, (2) diampuni; (3) unik, berbeda dari yang lain; dipisahkan; berdedikasi atau milik Allah, dan (4) setia kepada Allah. Yesus disebut Yang Kudus, dan Allah sendiri disebut Roh Kudus. (Alkitab menyebut Orang Kristen Orang Kudus)","Roh Kudus, dosa, orang kudus",,,,,,,,,,,,,,,,,,,,,,,,,,
t,Roh Kudus,"Roh Allah, Roh Yesus Kristus, Roh Kudus Allah","Roh Allah;
napas Allah;
Roh yang Baik (G);
Roh Yesus;
Nafas yang Murni (W); Roh Lurus (R); terang/sempurna nafas/angin (U)",Roh Kudus adalah Roh Allah. Yesus berjanji bahwa Roh Kudus akan datang tinggal bersama mereka yang beriman kepada Dia.,roh,other language: bright/perfect breath/wind (urt),,,,,,,,,,,,,,,,,,,,,,,,,
t,menghormati,"Hormati, dihormati, terhormat","menghormati / berbicara dengan baik tentang (G);
tetap di bawah kekuasaan / mengangkat / memuji nama / membuat senang (U)","Menghormati seseorang berarti mengatakan betapa hebat atau baiknya dia karena orang tersebut bijaksana, berkuasa, atau lebih tua.","menyembah, memuji, bersyukur","other language: stay under authority (urt), have first place (urt), lift up/praise name of (urt), make happy (urt)",GC 23-Feb-2019,,,,,,,,,,,,,,,,,,,,,,,,
t,kuda,Kuda-kuda,,"Kuda adalah hewan yang berlari cepat, besar, kuat, dan yang bisa ditunggangi manusia. Mereka bisa menarik gerobak atau kereta, dan membawa beban. Ketinggian kuda bervariasi, tetapi umumnya mereka lebih pendek dari unta dan lebih besar dari keledai.",,,GC 15-Feb-2019,,,,,,,,,,,,,,,,,,,,,,,,
t,hosana,,osana (R); memuji / senang dengan (U);,Hosana adalah salam yang diteriakkan orang Yahudi untuk menghormati raja mereka. Artinya Semoga Allah menyelamatkannya!.,,"praise (urt), be happy with (urt)",,,,,,,,,,,,,,,,,,,,,,,,,
t,hisop,,pohon (kecil) disebut isop (K); ,"Hisop adalah sejenis tumbuhan. Para imam Israel mencelupkan daun hisop ke dalam darah korban, kemudian memercikkan darah itu ke orang atau benda untuk membuatnya suci di hadapan Allah.",,"Hyssop is a shrub, not a tree.",,,,,,,,,,,,,,,,,,,,,,,,,
t,berhala,"Berhala-berhala, allah-allah, dewa-dewa","gambar (ukiran/buatan manusia) yang disembah orang;
allah palsu (G, K);
ukiran (W, R)","Berhala adalah suatu bentuk buatan manusia yang disembah. Beberapa orang mengukir berhala dari kayu atau dari batu. Orang-orang percaya bahwa dewa atau roh datang dan berdiam di dalam berhala itu, sehingga mereka berdoa kepadanya, dengan anggapan bahwa dewa tersebut akan mendengar doa mereka.",Allah,,"False only in the sense that they are not Yahweh, the incomparable Creator. The spirits of gods do exist and pagans do pray to them.",,,,,,,,,,,,,,,,,,,,,,,,
t,ukupan,,"Bahan lengket yang asapnya berbau harum (R);
bubuk yang dibakar dan asapnya berbau harum dan disebut insens (K)",Ukupan adalah getah atau bagian pohon yang berbau harum saat dibakar. Banyak agama membakar ukupan sambil menyembah dewa-dewa mereka.,kemenyan,,,,,,,,,,,,,,,,,,,,,,,,,,
t,besi,,,"Besi adalah logam kuat yang berguna untuk membuat perkakas, senjata, kereta perang yang ditarik kuda dan rantai.",,,,GC 7/7/2019,,,,,,,,,,,,,,,,,,,,,,,
n,Ishak,,,"Ishak hidup sekitar 1900 tahun sebelum Yesus. Ishak adalah anak laki-laki yang Allah janjikan kepada Abraham yang dilahirkan oleh istrinya Sara. Ishak juga anak yang dipersembahkan Abraham untuk dikorbankan kepada Tuhan Allah. (Ketika Sara mendengar janji Allah bahwa dia akan melahirkan anak laki-laki meskipun dia sudah tua, dia tertawa. Ishak berarti tawa.)",,,The spirit of Antichrist has promulgathed a false docrine that Abraham offered his bastard son Ishmael.,,,,,,,,,,,,,,,,,,,,,,,,
n,Yesaya,,,"Yesaya hidup sekitar 800 tahun sebelum Yesus. Dia ditunjuk Allah untuk memperingatkan raja-raja Yehuda, dan menulis Kitab Yesaya. Di dalam kitab itu, dia menyampaikan banyak nubuat tentang Mesias. Yesus berkata bahwa Yesaya menulis tentang dia.",,,,,,,,,,,,,,,,,,,,,,,,,,,
t,Israel,"orang Israel, orang-orang Israel",,"Orang Israel adalah keturunan dari Yakub yang namanya kemudian menjadi Israel. Setelah suku-suku Israel menyerbu Kanaan, mereka menamai bangsa mereka Israel. Setelah negeri itu terbelah menjadi dua, orang-orang di bagian utara disebut orang Israel dan orang-orang di bagian selatan disebut orang Yahudi.","orang Ibrani, orang Yahudi",,GC 23-Feb-2019,,,,,,,,,,,,,,,,,,,,,,,,
n,Yabin,,,"Yabin adalah seorang raja Kanaan yang pasukannya menindas bangsa Israel. Setelah mereka berdoa kepada Tuhan, orang Israel mengalahkan pasukan Yabin dan membunuhnya.",,,GC 07-Feb-19,,,,,,,,,,,,,,,,,,,,,,,,
n,Yakub,,,"Yakub hidup sekitar 1850 tahun sebelum Yesus. Dia adalah anak Ishak dan cucu Abraham. Setelah Yakub bergulat dengan malaikat dari Allah, malaikat itu memberinya nama baru, yaitu Israel. Dua belas putra Israel menjadi nenek moyang dua belas suku Israel.",Israel,,,,,,,,,,,,,,,,,,,,,,,,,,
n,Yael,,,"Yael adalah seorang wanita Keni. Klan Keni tinggal di Israel tetapi berdamai dengan orang Kanaan. Ketika Sisera melarikan diri dari tentara Israel, dia berlindung di kemah Yael, di mana Yael membunuhnya saat dia tidur. (Nama Yael berarti Tuhan adalah Allah.)",,,"Yah is often assumed to be a short form of Yahweh, even though other nations myths mention a deity called Yah or Yeh.",GC 7/7/2019,,,,,,,,,,,,,,,,,,,,,,,
t,penjara,"Penjara-penjara, mempenjarakan, dipenjarakan, penjarakan, penjarakanlah",tempat di mana seseorang dipenjarakan (G);,"Penjara adalah rumah atau ruangan kecil tempat pemerintah mengurung penjahat atau mereka yang dituduh melakukan kejahatan. Yusuf dikurung di penjara di Mesir, Petrus di penjara di Yerusalem, dan Paulus di penjara di Roma. Seseorang yang dikurung di penjara disebut tahanan. Seseorang yang menjaga tahanan penjara disebut sipir.",belenggu,,GC 19-Feb-2019,,,,,,,,,,,,,,,,,,,,,,,,
n,Yakobus,,,Ada beberapa pria bernama Yakobus. Dua di antaranya adalah rasul Yesus. Yang lainnya adalah Yakobus saudara Yesus yang kemudian menjadi seorang Kristen dan pemimpin di jemaat-jemaat di Yerusalem. (Bentuk bahasa Ibrani dari Yakobus adalah Yakub yang berarti penipu.),,,GC 08-Mar-2019,,,,,,,,,,,,,,,,,,,,,,,,
t ,cemburu,"iri hati, iri",,"Cemburu bisa berarti (1) merasa tidak suka atau marah ketika orang lain berhasil atau mendapatkan apa yang kamu inginkan, (2) kemarahan yang dirasakan Allah ketika umatnya menyembah allah yang lain, atau (3) menginginkan milik orang. Kecemburuan dapat menyebabkan dosa. ",,,The slant (/) has no meaning.,,"Key Term Database including back translation contributions from the following languages: Daasanach (D), Wolof (W), Guajajara (G), Kandas (K) and Ramoaaina (R). © 2019 Wycliffe Bible Translators, Inc.",,,,,,,,,,,,,,,,,,,,,,
n,Yoyakhin,Konya,,"Yoyakhin, juga disebut Konya, adalah raja Yehuda (Israel selatan) ketika pasukan Babel menyerbu dan merebut kota Yerusalem 598 tahun sebelum Masehi.",,,,GC 7/7/2019,,,,,,,,,,,,,,,,,,,,,,,
n,Yoyada,,,Yoyada adalah imam besar di Bait Allah di Yerusalem sebelum dan selama pemerintahan Raja Yoas. Istrinya menyelamatkan Yoas saat dia masih kecil dari pembunuhan yang direncanakan Ratu Atalya yang jahat.,,,,GC 7/7/2019,,,,,,,,,,,,,,,,,,,,,,,
n,Yefta,,,Yefta hidup sekitar 1100 tahun sebelum Yesus pada masa para hakim. Dia menjadi pemimpin pasukan Israel dan memimpin mereka menuju kemenangan.,,,,,,,,,,,,,,,,,,,,,,,,,,,
n,Yeremia,,,"Yeremia hidup sekitar 600 tahun sebelum Yesus, sebelum dan selama Israel dihancurkan oleh Babel. Dia adalah seorang nabi Allah yang memanggil orang Israel untuk bertobat dari ketidaktaatan mereka. Dia memperingatkan mereka bahwa orang Babel akan datang untuk merebut Yerusalem dan membawa mereka ke Babel sebagai tawanan selama 70 tahun.",,,,,,,,,,,,,,,,,,,,,,,,,,,
n,Yerikho,,,Yerikho adalah nama kota bertembok yang kuat di Kanaan. Di situlah Rahab tinggal. Yerikho adalah kota pertama yang dikalahkan oleh Yosua dan orang Israel dengan pertolongan Allah yang ajaib. Allah menyebabkan tembok Yerikho runtuh.,,,Good as is.,,,,,,,,,,,,,,,,,,,,,,,,
n,Yerobeam,,,"Setelah raja Salomo meninggal, kerajaannya terbagi dua. Yerobeam menjadi raja atas bagian utara, yang mereka sebut Israel. Yerobeam mengatakan kepada orang Israel untuk berhenti pergi ke Yerusalem, dan untuk menyembah Tuhan dengan menyembah berhala yang berbentuk seperti lembu jantan. Dia membuat dirinya menjadi seorang imam. Tindakan ini tidak menyenangkan Tuhan. Yerobeam adalah raja yang jahat.",,,GC 19-Feb-2019,,,,,,,,,,,,,,,,,,,,,,,,
n,Yerusalem,,,"Setelah raja Daud merebut Yerusalem, kota itu menjadi ibu kota Israel (Nama Yerusalem berarti Kota Damai). Raja Salomo membangun Bait Allah di Yerusalem. Selama 1000 tahun, kota Yerusalem tetap menjadi tempat ibadah utama bagi orang Yahudi. Nama lain Yerusalem adalah Gunung Sion, karena letaknya di atas bukit. Yerusalem telah dihancurkan dan dibangun kembali beberapa kali.",Sion,, ,,,,,,,,,,,,,,,,,,,,,,,,
n,Isai,,,"Isai adalah ayah raja Daud, yang merupakan nenek moyang Yesus Kristus. Dalam Perjanjian Lama, nabi Yesaya telah menulis bahwa Mesias atau Kristus adalah keturunan Isai dan Daud.",,,,,,,,,,,,,,,,,,,,,,,,,,,
n,Yesus,,"Yeesu dalam naskah Romawi, Isaa dalam naskah Arab (W);","Seorang malaikat menyuruh Maria dan Yusuf untuk menamai anaknya Yesus, yang berarti ""Tuhan Menyelamatkan"", karena dia akan menyelamatkan manusia dari dosa mereka. Yesus adalah Mesias atau Kristus yang dijanjikan. Dia adalah Tuhan yang datang sebagai manusia. Dia adalah satu-satunya Juruselamat. (Dia melakukan mukjizat di bumi, dia mati karena dosa-dosa kita, dia bangkit tiga hari kemudian, dan dia telah naik ke surga dan dari sana dia akan kembali suatu hari untuk menghakimi yang hidup dan yang mati dan untuk terus memerintah kerajaan yang dia bahkan sekarang sedang dalam proses membangun). Beberapa gelar lain yang diberikan kepada Yesus adalah: Yesus Kristus, Mesias, Anak Allah, Anak Manusia, dan Anak Daud.",,Arabic ref.,,,,,,,,,,,,,,,,,,,,,,,,,
n,Yitro,Rehuel,,Yitro adalah gelar seorang imam Midian yang bernama Rehuel (Kel. 4.18). Musa menikah dengan salah satu putri Yitro sekitar tahun 1400 SM. (Nama Rehuel berarti sahabat Allah.),,,,GC 7/7/2019,,,,,,,,,,,,,,,,,,,,,,,
n,orang Yahudi,"Orang-orang Yahudi, Yahudi, orang-orang Ibrani",orang (suku) yang disebut Yahudi; anak-anak Israel (W);,"Orang Yahudi adalah keturunan dari Abraham dan Yakub, dan juga disebut Israel. Mereka tinggal di tanah yang disebut Yehuda, dengan demikian mereka disebut orang Yahudi. Orang-orang Yahudi dikenal sebagai ""umat Allah"" karena Allah memilih mereka untuk menjadi bangsa yang melalui mereka Allah akan membuat dirinya dikenal dan Mesias akan dilahirkan. Allah memilih Israel, bangsa Yahudi, untuk menjadi terang bagi semua bangsa, untuk menunjukkan siapa Allah kepada seluruh dunia, tapi mereka gagal melakukan hal itu. Jadi Allah mengutus Yesus, lahir sebagai seorang Yahudi, untuk memenuhi tujuannya untuk membawa terang dan kehidupan bagi semua bangsa di dunia. Yesus mengajarkan bahwa seorang Yahudi yang ""sejati"" bukanlah semata-mata keturunan etnis dari Abraham, melainkan setiap orang yang percaya dan menaati Allah seperti yang dilakukan Abraham, tidak peduli apa keturunan etnis mereka.","orang yang bukan Yahudi, orang Israel","I would leave this out from notes: Sometimes the term ""Jew"" is used figuratively/generically in the New Testament to refer to believers, Christians, people who truly belong to God. (Hilkka)",,,,,,,,,,,,,,,,,,,,,,,,,
t,permata,Permata-permata,manik-manik (R); batu yang berharga banyak (U);,Permata adalah batu indah dengan berbagai warna dan sangat berharga. Imam besar Israel mengenakan permata di penutup dadanya (yang melambangkan 12 suku Israel). Yerusalem Baru digambarkan dalam Kitab Wahyu memiliki tembok kota yang terbuat dari permata.,,other language: stones you pay big money,,,,,,,,,,,,,,,,,,,,,,,,,
t,pemimpin agama Yahudi,"Pemimpin-pemimpin agama Yahudi, pemimpin Yahudi, pemimpin-pemimpin Yahudi",pemimpin orang Yahudi yang beriman kepada Allah (G);,"Para pemimpin agama Yahudi termasuk para pendeta, rabi, ahli Taurat, dan guru yang bertugas membantu orang memahami dan mematuhi hukum-hukum Allah. Banyak pemimpin seperti itu tidak percaya kepada Yesus dan mencoba menganiaya orang Yahudi yang menjadi Kristen.","Farisi, Saduki",,GC 15-Feb-2019,,,,,,,,,,,,,,,,,,,,,,,,
n,Yoab,,,Yoab adalah seorang komandan yang setia atas pasukan Daud selama bertahun-tahun.,,,GC 07-Feb-19,,,,,,,,,,,,,,,,,,,,,,,,
n,Yoas,,,"Yoas adalah raja Yehuda (Israel Selatan) sekitar 800 tahun sebelum Masehi. Dia melayani Tuhan ketika masih muda, tetapi waktu dia sudah tua, dia melakukan kejahatan dan dibunuh.",,,GC 07-Feb-19,,,,,,,,,,,,,,,,,,,,,,,,
n,Ayub,,,"Ayub adalah orang yang terkenal, kaya, saleh, dan baik yang hidup lama sekali. Setelah musuh-musuhnya mencuri semua kekayaannya dan Iblis membunuh anak-anaknya, dia terkena penyakit yang parah. Teman-temannya menuduhnya melakukan dosa, tetapi Ayub tahu dia adalah orang yang baik, jadi dia bertanya kepada Allah mengapa dia menderita. Setelah dia merendahkan diri di hadapan Allah, Allah memulihkan kesehatan dan kekayaannya, dan dia memiliki lebih banyak anak.",,,GC 19-Feb-2019,,,,,,,,,,,,,,,,,,,,,,,,
n,Yohanes,,Yowanna (W),"Nama Yohanes berarti Kasih Karunia Tuhan. Pria dalam Alkitab bernama Yohanes termasuk (1) pembaptis yang memperingatkan orang-orang untuk kembali kepada Allah, (2) seorang rasul Yesus yang merupakan salah satu dari tiga orang yang sangat dekat dengan Yesus dan yang menulis salah satu kitab Injil, beberapa surat dan hampir pasti kitab Wahyu, (3) Sepupu Barnabas bernama Yohanes Markus yang menulis salah satu kitab Injil, (4) ayah Petrus, dan (5) kerabat seorang imam besar.",,Arabic ref.,Some believe that (2) and (6) be the same man.," Several people named John are mentioned in the New Testament. The two most important are John the Baptizer and John the Apostle: (1) John the Baptizer was the prophet who prepared the way for Jesus. He was a prophet in the tradition of Elijah, and like Elijah he warned the people to repent and come back to God. See Matthew 3:1–15; 11:2–19; 14:1–12; 17:13; 21:24–32; Mark 1:4–11; 6:14–29; 11:29–33; Luke 1:13–17, 57–63, 76–80; 3:2–20; 7:18–33; 11:1; John 1:6–8, 15, 19–36; 3:22–30. (2) John the Apostle was the son of Zebedee and brother of James. He was one of the twelve apostles of Jesus. He wrote the Gospel of John and the Letters of John, and almost certainly the Book of Revelation. See Matthew 4:21–22; 10:2; 17:1–13; Mark 1:29; 3:17; 5:37; 9:1–13, 38; 10:35–41; 13:3; Luke 8:51; 9:28–36, 49, 54; 22:8; Acts 3:1–11; 4:13, 19–20; 8:14–17; Galatians 2:9; Revelation 1:1, 4, 9; 22:2, 8. (3) John Mark, the cousin of Barnabas and co-worker of Paul, wrote the Gospel of Mark (Acts 12:12; 13:4–13; 15:37–39; Colossians 4:10; 2 Timothy 4:11; Philemon 24; 1 Peter 5:13). (4) John was the name of the father of Simon Peter (Matthew 16:17; John 1:42; 21:15–17). (5) Also there was a member of the family of the High Priest Annas named John (Acts 4:6).",,,,,,,,,,,,,,,,,,,,,,,
n,Yunus,,,"Yunus hidup sekitar 800 tahun sebelum Yesus. Namanya berarti Merpati, sejenis burung. Dia adalah seorang nabi Allah yang memanggil kota jahat Niniwe untuk bertobat walaupun dia tidak setuju dengan keputusan Allah. (Yesus pernah berkata bahwa dia sendiri akan hidup kembali tiga hari setelah kematiannya, seperti Yunus tiga hari berada di dalam ikan besar yang menelannya.) Selain dari pesan yang disampaikan Yunus kepada orang-orang Niniwe, Allah menggunakan kehidupan Yunus sebagai pesan juga.",,,,,,,,,,,,,,,,,,,,,,,,,,,
n,Yonatan,,,"Yonatan adalah anak laki-laki raja Saul. Dia dan Daud menjadi teman yang sangat baik. Ketika Saul dan Yonatan tewas dalam pertempuran, Daud menjadi raja menggantikan mereka. (Nama Yonatan berarti Hadiah dari Tuhan.)",,,,,,,,,,,,,,,,,,,,,,,,,,,
n,Yafo,,,Yafo adalah sebuah kota pelabuhan ke arah barat dari Yerusalem. ,,,GC 19-Feb-2019,,,,,,,,,,,,,,,,,,,,,,,,
n,Yordan,sungai Yordan,,"Yordan adalah nama sungai panjang yang mengalir dari utara ke selatan di tanah Israel. Di sisi barat sungai Yordan ada tanah pertanian yang baik, sedangkan di sisi timur sungai Yordan ada padang gurun.",,,,,,,,,,,,,,,,,,,,,,,,,,,
n,Yusuf,,,"Laki-laki bernama Yusuf di dalam Alkitab termasuk (1) anak kesebelas Yakub, (2) suami Maria, (3) salah satu saudara laki-laki Yesus, (4) pemimpin Yahudi kaya yang menguburkan jenazah Yesus.
Yusuf, anak Yakub, dijual sebagai budak di Mesir sekitar 1800 tahun sebelum Yesus (dan menjadi pejabat penting di Mesir di mana dia membawa keluarga Yakub tinggal selama 400 tahun). (Nama Yusuf berarti Dia akan Menambahkan.)",,,,,,,,,,,,,,,,,,,,,,,,,,,
n,Yosua,,,"Yosua hidup sekitar 1400 tahun sebelum Yesus. Namanya berarti Allah Menyelamatkan. Dia adalah salah satu dari 12 mata-mata yang dikirim Musa ke Kanaan. Yosua menjadi pemimpin bangsa Israel setelah Musa mati, sampai mereka menaklukkan Kanaan. (Dia berkata, ""Saya dan keluarga saya, kami akan mengikuti Allah."")
(‘Yesus’ adalah ucapan dalam bahasa Yunani untuk nama Yosua.)",,,GC 07-Feb-19,,,,,,,,,,,,,,,,,,,,,,,,
n,Yehuda,,,"Yehuda adalah salah satu dari dua belas putra Yakub. Ibunya adalah Lea. Ia menjadi leluhur suku Israel Yehuda.
Setelah raja Salomo meninggal, suku-suku di bagian utara masih disebut Israel, sedangkan dua suku di bagian selatan disebut Yehuda dalam bahasa Ibrani, dan disebut Yudea dalam bahasa Latin. (Nama Yehuda berarti Pujian.)",Yudea,,"GC 08-Mar-2019

RR: should a note be made here about Judah also being a country split off from Israel?",,,,,,,,,,,,,,,,,,,,,,,,
n,Yudea,,,Yudea adalah nama provinsi atau daerah tempat tinggal suku Yehuda.,Yehuda,Judea is name of province/area where tribe of Judah lived. (Hilkka),,,,,,,,,,,,,,,,,,,,,,,,,
t,hakim,Hakim-hakim,"pemimpin orang Yahudi di tanah Kanaan (G);
Orang yang memutuskan solusi untuk perselisihan (U);","Pada zaman dahulu, sebelum ada raja di Israel, para hakim memerintah suku-suku Israel. Para hakim atau pemimpin ini memiliki wewenang untuk menyelesaikan perselisihan, bahkan memimpin tentara dalam pertempuran.
Menghakimi berarti membuat keputusan.
Seorang hakim di zaman modern biasanya adalah orang yang membuat atau mengumumkan keputusan akhir di pengadilan.","raja, nabi",other language: man (who) decides (solution for) disputes/talk (urt),GC 07-Feb-19,,,,,,,,,,,,,,,,,,,,,,,,
t,adil,"keadilan, setimpal, benar, membenarkan, dibenarkan","seseorang yang dianggap baik di hadirat Allah (G);
Membuat seseorang benar (W); sebut mereka yang lurus (R); sebut mereka lurus di depan mata Allah (R);
menceritakan dengan benar karya orang (G);
","Keadilan berarti mematuhi hukum atau standar. Orang yang adil mematuhi hukum. Seorang hakim yang adil memutuskan kasus berdasarkan apa yang dikatakan hukum. Allah adil ketika dia memberi penghargaan atau menghukum orang lain berdasarkan apa yang dikatakan hukumnya. Allah menerima mereka yang percaya janji-janjinya sebagai orang benar, seperti yang dilakukan Abraham. Meskipun perbuatan baik kita menunjukkan bahwa kita memiliki iman, iman kitalah yang membenarkan atau menyelamatkan kita. (Allah tidak membenarkan orang-orang yang berusaha dengan cara mereka sendiri untuk mendapatkan keselamatan mereka.)","baik, jahat",,,,,,,,,,,,,,,,,,,,,,,,,,
n,Ketura,,,"Setelah Sara istri Abraham meninggal, dia menikahi seorang wanita bernama Ketura, yang melahirkan beberapa anak. (Nama Ketura bisa berarti Dupa atau Bau Manis.)",,,GC 19-Feb-2019,,,,,,,,,,,,,,,,,,,,,,,,
t,murah hati,"kemurahan, kemurahan hati, kebaikan, kebaikan hati, baik hati, baik",berbuat baik kepada orang-orang (G);,Murah hati berarti berbuat baik kepada orang lain dengan cara yang lembut.,rahmat,"take out: showing pity to people (because it is mercy, not kindness) (hilkka)",GC 15-Feb-2019,,,,,,,,,,,,,,,,,,,,,,,,
t,raja ,Raja-raja,"penguasa;
Ketua (G); raja (R);
","Seorang raja tetap menjadi penguasa tertinggi atas suatu kerajaan atau bangsa sampai dia meninggal. Beberapa bangsa menyembah raja mereka sebagai dewa. (Beberapa negara, kerajaan atau kekaisaran menyebut raja mereka dengan gelar atau nama yang berbeda, misalnya Roma menyebut rajanya Kaisar; Mesir menyebut rajanya Firaun; orang Filistin menyebut raja mereka Abimelekh).","Kaisar, Firaun, Abimelekh",,,,,,,,,,,,,,,,,,,,,,,,,,
t,kerajaan,"kerajaan-kerajaan, kekaisaran",,Kerajaan adalah wilayah di mana seorang raja memerintah. Sebuah kekaisaran adalah wilayah di mana seorang raja memerintah banyak negeri dan bangsa. Terkadang kata ‘takhta’ melambangkan kerajaan.,"bangsa, negeri",,GC 08-Feb-19,,,,,,,,,,,,,,,,,,,,,,,,
t,Kerajaan Allah,Kerajaan Surga,"alam Allah;
Bagaimana Allah memerintah atas segalanya;
Pemerintahan Allah atas manusia (G); pemerintahan Allah (R);","Kerajaan Allah ada di mana pun manusia menaati Allah sebagai raja mereka. Karena Yesus adalah raja, Dia membawa Kerajaan Allah ke bumi ketika Ia datang ke dunia. Semua orang yang menyambut Yesus untuk memerintah atas mereka sebagai Raja mereka adalah warga Kerajaan Allah, baik di surga maupun di bumi.
Terkadang kata ‘takhta’ (kursi raja) digunakan untuk melambangkan kerajaan.",,,"RR: #3 definition seems to contradict #1.  If Jesus (and God) are truly all-powerful and have all authority, then it seems to me that Jesus has been and is currently the king over earth and heaven.  He is the High King.  Currently there are many ""under kings"" reigning on earth, but they are under Jesus' sovereignty.  Perhaps #3 should say something more like One day Jesus will do away with all other earthly kings and he himself will reign soley, visibly as King of earth when earth and heaven are once again rejoined/renewed.
GC: God's eternal sovereign rule over his creation and its creatures, to my knowledge, is not called 'Kingdom of God' in Scripture, only in abstract theology. Theology can inform translators, but should not introduce extraneious infomation into translation of specific verses.
RR: I feel more comfortable in having information that is general here, rather than trying to define past, present, future and eternal kingdoms (which is more a theological extraction than clearly deliniated in Scripture).
GC 08-Feb-19","The Kingdom of God exists wherever humans obey God as their king. Because Jesus is the divine King, he brought God's Kingdom to earth when he came into the world.",,,,,,,,,,,,,,,,,,,,,,,
t,pengetahuan,"tahu, diketahui, mengetahui",Benar-benar mengetahui hal-hal (G);,"Pengetahuan atau tahu dapat berarti (1) segala sesuatu yang dapat diingat dan dibicarakan orang; (2) gagasan atau pemikiran yang diyakini orang benar; (3) menikmati kebersamaan dengan seseorang atau menjadi milik Allah; atau (4) istilah ‘mengetahui’ dalam bahasa Ibrani bisa berarti ‘bersetubuh’.
Kebijaksanaan adalah keterampilan bagaimana menggunakan pengetahuan untuk melakukan perbuatan baik.","hikmat, bijaksana",,GC 08-Mar-2019,,,,,,,,,,,,,,,,,,,,,,,,
n,Korah,,,"Korah memimpin pemberontakan melawan Musa dan Harun. Jadi, Allah membuat tanah retak, dan Korah serta semua yang mengikutinya jatuh ke dalam lubang yang terbentuk dari retakan itu dan mati.",,,,,,,,,,,,,,,,,,,,,,,,,,,
n,Laban,,,"Laban adalah paman Yakub, saudara laki-laki Ribka, yang tinggal di Haran. Laban adalah ayah Lea dan Rahel yang menjadi istri Yakub.",,,,,,,,,,,,,,,,,,,,,,,,,,,
n,danau Galilea,,,Danau Galilea adalah kumpulan besar air tawar yang dalam di Israel utara. Sungai Yordan mengalir melalui danau Galilea.,,,GC 08-Mar-2019,,,,,,,,,,,,,,,,,,,,,,,,
t,Anak domba Allah,,"Domba Allah muda/kecil (R, W)","Yohanes Pembaptis menyebut Yesus Anak Domba Allah, karena ia tahu bahwa Yesus akan mati sebagai korban, agar Allah mengampuni dosa kita manusia. (Kitab Wahyu menyebut Yesus sebagai Anak Domba yang disembelih atau dibunuh tetapi telah hidup kembali.)",,,"As essential element of the Good News is that Jesus was crucified because of our sins. Romans explains that Jesus' death exonorates God who forgives guilty sinners. However, the idea of substitution seems a modern, evangelical metaphone that displaces attention away from the holiness of God onto a kind of punishment theme, perhaps a useful idea though hard to prove scripturally.",,,,,,,,,,,,,,,,,,,,,,,,
t,kaki dian,"lampu, kandil, lentera ",,"Kaki dian adalah lampu, terbuat dari logam, yang menopang satu atau lebih nyala api, dan menampung bahan bakarnya.",,GC: ,Distinguished from clay lamps and from fire pots.,,,,,,,,,,,,,,,,,,,,,,,,
t,tanah,"bumi, negeri",bumi (G);,"Tanah dapat berarti (1) tanah tempat kita berpijak, (2) tanah tempat kita menanam benih, (3) negara tempat kita tinggal, atau (4) bumi (bagian dari planet kita) yang tidak tertutup oleh air laut.",,,,,,,,,,,,,,,,,,,,,,,,,,,
t,hukum Musa,hukum,perkataan Musa dahulu kala (G); instruksi dari Allah melalui Musa; Jalan Musa (W);,"Hukum Musa berisi peraturan dan petunjuk yang diturunkan Allah kepada Musa untuk bangsa Israel. Hukum Musa (1) memberitahukan apa tindakan yang menyenangkan Allah, dan (2) menunjukkan kepada kita manusia betapa berdosanya kita. Hukum Musa itu baik, tetapi hanya iman kepada Allah yang dapat menyelamatkan kita dari neraka. (Umat Kristen hidup dengan mematuhi perintah Yesus (yang utama adalah percaya kepada-Nya), bukan dengan mematuhi Hukum Musa.)",,,,,,,,,,,,,,,,,,,,,,,,,,,
t,pemimpin,Pemimpin-pemimpin,orang yang membimbing Anda (G); ketua (U),"Seorang pemimpin adalah seseorang yang menunjukkan jalan yang harus dilalui orang lain. Seorang pemimpin yang memiliki kuasa yang besar disebut raja atau kaisar. Kepala, gubernur, dan penatua juga berkuasa tapi tidak sebesar kekuasaan raja atau kaisar. Kepala keluarga adalah pemimpin keluarga.","raja, gubernur, tua-tua",other language: head man (urt),,,,,,,,,,,,,,,,,,,,,,,,,
t,kusta,"orang kusta, orang-orang kusta",lepra (R),"Kusta adalah penyakit kulit yang parah. Orang yang menderita penyakit kusta disebut orang kusta. Mereka yang menderita penyakit ini pada zaman Alkitab diharuskan hidup terpisah dari orang lain. (Meskipun orang sehat tidak mau menyentuh penderita kusta, Yesus menyentuh penderita kusta ketika dia menyembuhkan mereka.)",,,,,,,,,,,,,,,,,,,,,,,,,,,
n,Lewi,"orang Lewi, orang-orang Lewi",dari suku Lewi (R); dari suku Liwai (K),"Lewi adalah salah satu dari dua belas putra Yakub. Dia adalah nenek moyang suku Israel yang disebut Lewi. Di Israel, hanya orang Lewi yang diizinkan melayani sebagai imam dan pekerja di Bait Allah di Yerusalem. Harun adalah seorang Lewi. Matius, yang menulis salah satu kitab Injil, juga disebut Lewi. (Imam besar orang Kristen adalah Yesus yang berasal dari suku Yehuda.)",,,,,,,,,,,,,,,,,,,,,,,,,,,
t,singa,Singa-singa ,laion (K); kucing besar / jaguar (G); simba (W);,"Singa adalah kucing yang sangat besar, kuat, dan berani yang membunuh dan memakan hewan besar lainnya... (Mereka bergigi tajam dan punya cakar panjang.) (Singa berbahaya dan dapat membunuh manusia.) (Raja sering disamakan dengan singa.) (Yesus disebut Singa dari Suku Yehuda.)",,jaguar and simba not helpful in PNG,,,,,,,,,,,,,,,,,,,,,,,,,
t,ternak,,,"Ternak adalah hewan peliharaan (bukan liar) seperti kambing, sapi, unta, keledai, domba dll) yang dipelihara oleh orang-orang di dekat rumah mereka untuk dimakan.","kawanan, gembala",,,,,,,,,,,,,,,,,,,,,,,,,,
t,Belalang-belalang,belalang,,Belalang adalah serangga terbang yang dapat datang berkelompok dan merusak tanaman. Beberapa orang makan belalang untuk makanan.,,,,GC 7/7/2019,,,,,,,,,,,,,,,,,,,,,,,
t,Tuhan ,,Allah Yang Maha Tinggi; Orang besar/Hebat; pemilik/bos semua orang (G); orang kaya dan penting (R); besar (K); Pemilik (W);,Tuhan berarti (1) Satu-satunya Allah Pencipta; (2) roh yang menguasai roh lain; dan (3) gelar kehormatan seperti Tuan.,Allah,,"Of course, in English LORD translates the Hebrew YHWH, which the LXX translated as kurios, lord, without a definite article. Hence the practice of substituting LORD for Yahweh, and of referring to Jesus as Lord. Lord also translates the Hebrew Adonai (My Lords) used only of God.",,,,,,,,,,,,,,,,,,,,,,,,
t,Tuhan ,,Allah Yang Maha Tinggi; Orang besar/Hebat; pemilik/bos semua orang (G); orang kaya dan penting (R); besar (K); Pemilik (W);,Tuhan berarti (1) Satu-satunya Allah Pencipta; (2) roh yang menguasai roh lain; dan (3) gelar kehormatan seperti Tuan.,Allah,,"Of course, in English LORD translates the Hebrew YHWH, which the LXX translated as kurios, lord, without a definite article. Hence the practice of substituting LORD for Yahweh, and of referring to Jesus as Lord. Lord also translates the Hebrew Adonai (My Lords) used only of God.",,,,,,,,,,,,,,,,,,,,,,,,
n,Lot,,,"Lot adalah keponakan Abraham (anak saudara laki-lakinya). Lot tinggal di dekat Abraham. Tetapi ketika kedua pria itu sudah memiliki banyak ternak, mereka berpisah. Abraham memilih untuk tinggal di kemah, sedangkan Lot pergi dan tinggal di kota Sodom yang jahat. (Lot menjadi nenek moyang orang Moab dan orang Amon, musuh orang Israel.)",,,,,,,,,,,,,,,,,,,,,,,,,,,
n,Lot,,,"Lot adalah keponakan Abraham (anak saudara laki-lakinya). Lot tinggal di dekat Abraham. Tetapi ketika kedua pria itu sudah memiliki banyak ternak, mereka berpisah. Abraham memilih untuk tinggal di kemah, sedangkan Lot pergi dan tinggal di kota Sodom yang jahat. (Lot menjadi nenek moyang orang Moab dan orang Amon, musuh orang Israel.)",,,,,,,,,,,,,,,,,,,,,,,,,,,
t,kasih,"cinta, mencintai, mengasihi, dikasihi, cintailah",ingin (W);,"Kasih berarti kita berusaha memperlakukan orang lain dengan cara yang kita inginkan mereka memperlakukan kita. Allah mengasihi kita dengan mengutus Yesus untuk menyelamatkan kita. Kita saling mengasihi dengan memenuhi kebutuhan nyata, dan dengan berusaha untuk tidak menyinggung perasaan orang lain. Alkitab mengatakan bahwa jenis kasih yang terbaik adalah dengan senang hati menyangkal diri sendiri untuk membantu seorang teman.","baik, rahmat, kasih karunia",,other lg example weard: want (W)???. E.g. better to say like a lot.,GC 15-Feb-2019,,,,,,,,,,,,,,,,,,,,,,,
t,Orang-orang majus,,pengamat langit (W); pria yang mengetahui bintang (G); pria yang mempelajari bintang-bintang; penguasa pengetahuan (W);,"Orang-orang bijaksana di Timur yang mempelajari langit dan bintang-bintang, untuk membedakan tanda atau pesan dari Allah.",,,,,,,,,,,,,,,,,,,,,,,,,,,
n,Manasye,,,Manasye adalah anak sulung dari dua putra Yusuf. Manasye menjadi nenek moyang sebuah suku Israel. (Nama Manasye berarti Melupakan.),,,GC 23-Feb-2019,,,,,,,,,,,,,,,,,,,,,,,,
t,manna,,"maanaa (R);
Makanan yang jatuh dari langit (G); 
","Manna adalah makanan yang Allah berikan kepada bangsa Israel selama 40 tahun pengembaraan mereka antara Mesir dan Kanaan. Dalam bahasa Ibrani, manna berarti ""apa itu?"". Manna itu seperti roti manis tanpa ragi. Setiap pagi, kecuali hari Sabat, orang Israel akan mengumpulkan manna dari tanah di sekitar perkemahan mereka. (Manna memiliki rasa yang enak, tetapi cepat busuk.)",roti,,,,,,,,,,,,,,,,,,,,,,,,,,
n,Markus,,,"Markus adalah nama Romawi yang umum. Seorang pemuda Yahudi bernama Yohanes Markus, yang telah mengenal Yesus, menulis Injil Markus.",,"This is not essential:  failed as a Christian missionary -  rather he quarreled with Paul, but is that necessary to mention here? (Hilkka)",GC 08-Mar-2019,,,,,,,,,,,,,,,,,,,,,,,,
n,Maria,,,"Nama Maria bisa berarti Diinginkan atau Pahit. Dalam Perjanjian Baru Alkitab, beberapa wanita bernama Maria, termasuk ibu Yesus dan seorang murid Yesus dari Magdala. Saudari Lazarus dan Marta dari Betania juga disebut Maria.",,," Several different women named Mary are mentioned in the New Testament: (1) Mary the mother of Jesus. (2) Mary of Magdala. Jesus drove seven evil spirits from her, and she became one of his followers (Matthew 27:55–56; Mark 16:9; Luke 8:2; John 20:1–2; 11–18, and other passages). (3) Mary of Bethany, the sister of Martha and Lazarus. She sat at the feet of Jesus and listened to his teaching (Luke 10:38–42; John 11:1–5; 12:1–7). (4) Mary the mother of James and Joseph. This Mary may be the same person as Mary the wife of Cleopas, but this is not certain (Matthew 27:56; Mark 15:40; 16:1; Luke 24:10). (5)Mary the mother of John Mark. This Mary had a house in Jerusalem where the disciples of Jesus used to meet (Acts 12:12).",,,,,,,,,,,,,,,,,,,,,,,,
n,Matius,,,"Matius, juga dikenal sebagai Lewi, adalah seorang pemungut cukai yang terpelajar ketika Yesus memanggilnya untuk menjadi muridnya. Matius menulis buku Injil tentang kehidupan Yesus.",,,GC 08-Mar-2019,,,,,,,,,,,,,,,,,,,,,,,,
n,Media,"orang Media, orang-orang Media",,"Media adalah suku Iran. Pada abad ke-7 SM, mereka mendirikan sebuah kerajaan bernama Media yang bersekutu dengan bangsa Persia untuk menyerang Babel. Raja Darius adalah seorang Media.",,,GC 08-Mar-2019,,,,,,,,,,,,,,,,,,,,,,,,
n,Melkisedek,,,"Melkisedek artinya Rajaku Adil. Dia adalah raja Salem, dan seorang imam yang melayani Allah Yang Mahatinggi. Dia pernah memberkati Abraham dan kemudian Abraham memberikannya hadiah (sepersepuluh, atau persepuluhan). Karena Melkisedek memang berasal dari keluarga imam, dia adalah imam seperti Yesus yang tidak berasal dari suku imam Lewi (namun keduanya menjadi imam yang sah karena ketaatan mereka kepada Allah Yang Mahatinggi.)",,,"""Without geneology."" Geneology was a requirement for Levitical priests. Netither Melchizedek nor Jesus had preiestly credentials, yet both became legitimate priests by virtue of their obedience to the Most High God.",,,,,,,,,,,,,,,,,,,,,,,,
n,Mefiboset,,,"Mefiboset adalah putra Yonatan. Kakinya patah ketika dia masih kecil. Setelah Daud menjadi raja, dia menunjukkan banyak kebaikan kepada Mefiboset.",,,GC 07-Feb-19,,,,,,,,,,,,,,,,,,,,,,,,
t,belas kasihan,"rahmat, kasihan",kasih/kasihan (R),Belas kasihan adalah kebaikan yang ditunjukkan kepada pelanggar hukum atau musuh. Allah menunjukkan belas kasihan saat dia menyediakan apa yang dibutuhkan ciptaannya. Yesus menunjukkan belas kasihan dengan menyembuhkan orang sakit dan membangkitkan orang mati.,"kasih, kasih karunia, kemurahan hati",Mercy is compassion shown to enemies or offenders. (I don't think it needs to meet material needs/HiA). (Hilkka),"GC: Do you want to contrast with grace?
RR: users can look up grace and get the contrast.",,,,,,,,,,,,,,,,,,,,,,,,
t,Mesias,Kristus,"Raja (yang) dijanjikan Allah untuk diutus;
Kepala Kami yang Sangat Penting (G); orang yang ditunjuk (U);
Al-Masih (W); Kaarisito (R); Mesaia (K)
","Kata Ibrani Mesias, dan kata Yunani Kristus, berarti Diurapi. Di Perjanjian Lama Alkitab, seorang raja disebut 'diurapi', setelah seorang nabi menuangkan minyak ke atas kepalanya. Di Perjanjian Baru Alkitab, Yesus disebut Kristus, Mesias, dan Yang Diurapi Allah.","raja, Anak Allah",other language: the appointed man (urt).; These are not helful in PNG: Al-Masih (W); Kaarisito (R,,,,,,,,,,,,,,,,,,,,,,,,,
n,Mikhal,,,"Mikhal adalah putri Raja Saul. Dia mencintai Daud.  Mereka menikah saat Daud masih melayani Raja Saul. Bertahun-tahun kemudian, Mikhal menegur Daud setelah dia menari di jalanan Yerusalem untuk memuji Allah. Mikhal tidak melahirkan anak.",,,GC 25-Apr-2019,,,,,,,,,,,,,,,,,,,,,,,,
n,Midian,"orang Midian, orang-orang Midian",,"Midian adalah anak keempat dari istri kedua Abraham, Ketura. Negeri Midian berada di Arab barat laut, tempat Musa melarikan diri dari Mesir. Orang-orang dari Midian disebut orang Midian. Mereka akan menyerang dan merampok Israel pada masa para Hakim. Allah memampukan Gideon untuk mengalahkan orang Midian yang menyerang Israel.",,,"GC 08-Feb-19

Gideon did not go conquer Midia.","


",,,,,,,,,,,,,,,,,,,,,,,
t,mukjizat,"mukjizat-mukjizat, keajaiban, keajaiban-keajaiban",sesuatu yang membuat orang terkejut (G);,"Mukjizat adalah segala sesuatu yang hanya dapat dilakukan oleh Allah. Yesus melakukan mukjizat untuk menunjukkan bahwa dia adalah Allah, dan para rasulnya dapat melakukan mukjizat untuk menunjukkan bahwa mereka adalah utusan dari Allah. Mukjizat juga disebut tanda dan keajaiban. Keajaiban bukanlah sihir atau trik atau penipuan.",,,GC 19-Feb-2019,,,,,,,,,,,,,,,,,,,,,,,,
n,Miryam,,,Miryam adalah saudara perempuan Musa dan Harun. Dia adalah seorang nabiah yang mengajarkan nyanyian kepada orang Israel.,,,,GC 7/7/2019,,,,,,,,,,,,,,,,,,,,,,,
n,Moab,"orang Moab, orang-orang Moab",,"Moab adalah anak Lot yang adalah keponakan Abraham. Keturunan Moab adalah orang Moab, yang tinggal di negeri Moab, di sebelah tenggara Israel di seberang Sungai Yordan. Orang Moab menyembah dewa Molokh dengan mengorbankan anak-anak mereka. Rut adalah seorang Moab yang menjadi nenek moyang Raja Daud dan Yesus.",,,,,,,,,,,,,,,,,,,,,,,,,,,
n,Molokh,,,"Molokh adalah roh jahat dan dewa atau berhala yang disembah oleh beberapa orang kafir. Di beberapa negara, para penyembah Molokh mengorbankan anak mereka sendiri kepadanya. Beberapa orang Israel di Yerusalem membuat Tuhan sangat marah ketika mereka mengorbankan anak-anak mereka kepada Molokh. (Nama Molokh berarti Raja maut.)",,,GC 19-Feb-2019,,,,,,,,,,,,,,,,,,,,,,,,
n,Mordekhai,,,Mordekhai adalah seorang Yahudi buangan yang bekerja di istana raja Persia Ahasyweros. Dia membesarkan sepupu yatim piatu Ester yang menjadi ratu Ahasyweros. Ahasyweros memberi Mordekhai hadiah atas pelayanannya yang setia.,,,GC 08-Mar-2019,,,,,,,,,,,,,,,,,,,,,,,,
n,Musa,,,"Musa hidup sekitar 1450 tahun sebelum Yesus. Ia lahir dari keluarga budak Ibrani di Mesir, tetapi diadopsi oleh seorang putri Mesir. Musa meninggalkan Mesir pada usia 40 tahun, tetapi Allah mengutusnya kembali ke Mesir pada usia 80 tahun, untuk memimpin orang Ibrani ke Kanaan. Allah mengungkapkan Hukumnya kepada Musa (yang menulis buku-buku pertama Perjanjian Lama).",,arabic ref.,,,,,,,,,,,,,,,,,,,,,,,,,
t,sesawi,,mastad (K),"Sesawi adalah sejenis tanaman rempah yang memiliki biji kecil yang tumbuh menjadi tanaman besar. Yesus berkata, ""Jika kamu memiliki iman sebesar biji sesawi, kamu dapat memindahkan gunung.""",,,,,,,,,,,,,,,,,,,,,,,,,,,
t,mur,,bahan pewangi yang lengket disebut mira (R); getah pohon yang berbau harum disebut mira (K); getah yang berbau (W),Mur adalah getah atau resin pohon tertentu yang mahal dan berbau harum. Orang Yahudi menggunakan mur sebagai obat untuk membuat seseorang mengantuk sehingga dia tidak merasa sakit. Mereka juga mengoleskan mur pada mayat untuk dikuburkan.,kemenyan,,GC 07-Feb-19,,,,,,,,,,,,,,,,,,,,,,,,
n,Naaman,,,"Naaman hidup sekitar 800 tahun sebelum Yesus di negara Siria. Dia adalah seorang komandan tentara yang menyembah berhala (bukan seorang Yahudi), dan dia menderita penyakit kulit. Nabi Elisa menyuruhnya pergi mandi di sungai Yordan. Naaman patuh dan disembuhkan. Lalu dia menjadi orang yang percaya kepada Allah Israel. (Yesus memberitahu orang Yahudi bahwa Allah menerima Naaman yang tidak mematuhi Hukum Musa.) (Nama Naaman berarti Menyenangkan.)",,,GC 07-Feb-19,,,,,,,,,,,,,,,,,,,,,,,,
n,Naomi,,,"Naomi adalah seorang wanita Israel yang pindah bersama suaminya ke negeri Moab, lalu kembali ke Israel setelah kematian suami dan putranya.",,,,,,,,,,,,,,,,,,,,,,,,,,,
t,narwastu,,parfum disebut naad (R); cairan berbau wangi yang disebut nad (K);,Narwastu adalah parfum berminyak yang terbuat dari getah tanaman yang disebut akar wangi. Seorang wanita pernah membeli narwastu dan mengurapi kaki Yesus dengan itu.,,,,,,,,,,,,,,,,,,,,,,,,,,,
n ,Natan,,,Ada beberapa pria bernama Natan. Nabi Natan sering membawa pesan dari Tuhan kepada raja Daud. Daud menamai salah satu anaknya Natan. (nama Natan berarti Dia Memberi),,,GC 07-Feb-19,,,,,,,,,,,,,,,,,,,,,,,,
n,Natanael,,,Ada beberapa pria dalam Alkitab yang bernama Natanael. Natanael adalah salah satu murid pertama Yesus. (Nama Natanael berarti Allah memberi),,,GC 07-Feb-19,,,,,,,,,,,,,,,,,,,,,,,,
t,bangsa,Bangsa-bangsa,"rakyat (G); kerajaan (W);
",Sebuah bangsa terdiri dari banyak orang yang setuju untuk mengikuti pemerintah mereka. Sebuah kerajaan adalah negara yang diperintah oleh seorang raja. Sebuah kekaisaran terdiri dari beberapa negara yang diperintah oleh satu penguasa tertinggi.,"negeri, kekaisaran, kerajaan",,,,,,,,,,,,,,,,,,,,,,,,,,
n,Nazaret,,,Nazaret adalah sebuah kampung di provinsi Galilea yang terletak ke arah utara Yehuda. Yusuf membawa Maria dan Yesus untuk tinggal di Nazaret setelah mereka kembali dari Mesir.,,,GC 07-Feb-19,,,,,,,,,,,,,,,,,,,,,,,,
n,Nebukadnezar,,,"Nebukadnezar adalah seorang raja Babel dari tahun 605 sampai 562 SM. Dia menyembah berhala. Nebukadnezar mengasingkan orang Israel di Babel, dan kemudian percaya kepada Allah Israel. (Nama Nebukadnezar berarti Semoga Nabu melindungi anakku.)",,,GC 08-Mar-2019,,,,,,,,,,,,,,,,,,,,,,,,
n,Nehemia,,,Nehemia adalah seorang pejabat tinggi Yahudi di kerajaan Persia. Raja Artahsasta mengirim Nehemia ke Yehuda sekitar tahun 445 SM untuk membangun kembali Yerusalem. (Nama Nehemia berarti Tuhan menghibur.),,,GC 08-Mar-2019,,,,,,,,,,,,,,,,,,,,,,,,
n,Sungai Nil,Nil,,Sungai Nil mengalir ke utara melalui seluruh wilayah Mesir dan menyediakan sebagian besar air di wilayah tersebut. Orang Mesir menganggap sungai Nil sebagai sumber kehidupan yang suci. Allah memberi Musa kekuasaan untuk mengubah air di sungai Nil menjadi darah. (Sumber sungai Nil terletak di danau Victoria di Uganda.),,,GC 23-Feb-2019,,,,,,,,,,,,,,,,,,,,,,,,
n,Niniwe,"orang Niniwe, orang-orang Niniwe",,"Niniwe adalah kota kafir yang besar di tanah Asyur. (Pada zaman itu, tentara Asyur menyiksa tawanan mereka sampai mati.) Sekitar 800 tahun sebelum Kristus, Allah mengutus nabi Yunus untuk memperingatkan orang Niniwe bahwa dia akan menghancurkan mereka. Ketika mereka mendengar pesan Yunus, mereka menangis dan bertobat. Oleh karena itu, Allah mengampuni mereka dan tidak menghancurkan mereka pada saat itu. (Ketika mereka bertobat, Yunus merasa sedih, karena dia ingin Tuhan menghancurkan Niniwe.)
Kitab kecil Nahum bercerita tentang kapan Allah kemudian menghancurkan Niniwe.",,,GC 07-Feb-19,,,,,,,,,,,,,,,,,,,,,,,,
n,Nuh,,,"Nama Nuh berarti istirahat atau kenyamanan. Pada masa hidup Nuh, manusia melakukan banyak kejahatan, sehingga Allah memerintahkan Nuh untuk membangun sebuah perahu yang sangat besar. 120 tahun kemudian, Allah membawa sepasang semua jenis binatang dan keluarga Nuh ke dalam perahu itu. Allah kemudian menyebabkan banjir menutupi daratan. Banjir itu membunuh semua manusia dan hewan, kecuali yang diselamatkan melalui perahu besar itu. (Jadi, setiap orang yang hidup hari ini adalah keturunan Nuh dan anak-anaknya.)",,,,,,,,,,,,,,,,,,,,,,,,,,,
t,sumpah,"Sumpah-sumpah, bersumpah, bernazar, nazar, nazar-nazar","janji (R);
untuk benar-benar menyatakan apa yang akan dilakukan (G);
Ikatan perkataan (U);",Sumpah adalah janji yang sungguh-sungguh yang dibuat di hadapan Allah dan para saksi.,"perjanjian, janji, kutuk",other lg: bind talk (urt),,,,,,,,,,,,,,,,,,,,,,,,,
n,Obed-Edom,,,"Raja Daud pernah menyimpan tabut perjanjian di rumah Obed-Edom, dan Tuhan membuat Obed-Edom makmur. Setelah Daud membawa tabut perjanjian ke Yerusalem, dia menjadikan Obed-Edom sebagai penjaga gerbang di sana. (Nama Obed-Edom berarti Hamba Edom.)",,,,,,,,,,,,,,,,,,,,,,,,,,,
t,zaitun,"zaitun-zaitun, minyak zaitun",Pohon oliwa (R),"Zaitun adalah sejenis pohon penghasil buah. Manusia makan buah zaitun. Mereka juga memerasnya untuk membuat minyak goreng dan obat-obatan. Minyak zaitun berasal dari buah yang dihancurkan dari pohon zaitun. Minyak zaitun digunakan untuk membuat makanan, dan dioleskan pada luka sebagai obat. Para nabi mengurapi imam dan raja baru dengan menuangkan minyak zaitun ke kepala mereka. Bukit Zaitun juga merupakan nama sebuah bukit di dekat Yerusalem. Yesus sering pergi ke sana. Bukit itu memiliki taman / kebun pohon zaitun di atasnya.",,,"The Mt of Olives is also called Har-Mokhed, which transliterates into Greek as Armageddon, and has nothing to do with the Mageddo Plains.",,,,,,,,,,,,,,,,,,,,,,,,
t,Omega,zet,Omegaa (R); yang menyelesaikan; ,"Omega adalah nama huruf terakhir dari alfabet Yunani. Omega adalah huruf ‘O’ Besar di alfabet Indonesia. Kitab Wahyu menyebut Yesus sebagai Alfa dan Omega, Awal dan Akhir, (yaitu, Pencipta dan Penebus).",,,,,,,,,,,,,,,,,,,,,,,,,,,
n,Orpa,,,"Orpa adalah seorang wanita Moab. Dia menikah dengan salah satu putra Naomi. Setelah putra Naomi itu meninggal, Orpa menjadi janda.",Rut,,,,,,,,,,,,,,,,,,,,,,,,,,
t,istana,Istana-istana ,rumah besar kepala suku (G);,Istana adalah rumah raja yang sangat besar.,,,,,,,,,,,,,,,,,,,,,,,,,,,
t,Firdaus,,Tempat berkumpulnya Allah (W); Paradais (k); tempat kediaman Allah (G); ),"Firdaus adalah kata Yunani yang berarti ""taman yang indah"". (Orang-orang kafir menggunakan nama ini untuk tempat tinggal dewa-dewa mereka.) Dalam Perjanjian Baru, Firdaus bisa berarti (1) tempat di surga yang didiami orang-orang percaya yang telah meninggal (mati), dan (2) bumi-surga baru di masa depan, tempat orang-orang percaya akan tinggal dan berdiam selamanya.",Eden,"refers to Allah/islam, Aajana not helpful in PNG (Hilkka)","Paradise is not used in the Bible to refer to Eden, does it?",,,,,,,,,,,,,,,,,,,,,,,,
n,Paulus,,,"Saulus adalah seorang Yahudi yang menyakiti orang Kristen dengan kejam. Setelah Yesus menampakkan diri kepada Saulus, ia menjadi seorang rasul yang menyebut dirinya Paulus. Paulus banyak menderita saat melayani Yesus dengan memberitakan Kabar Baik dan memulai banyak gereja baru. Paulus menulis sepuluh surat yang sekarang menjadi bagian dari Perjanjian Baru dari Kitab Suci. (Nama Paulus berarti Kecil.)",,,GC 19-Feb-2019,,,,,,,,,,,,,,,,,,,,,,,,
t,Mutiara,,batu berharga di dalam kulit kerang (R); batu yang sangat bagus yang disebut per (G);,Mutiara adalah jenis permata mahal yang berasal dari laut. (Mutiara dibuat oleh kerang yang  mengeluarkan cairan putih seperti susu berkali-kali untuk menutupi pasir yang masuk dan mengganggu kerang itu. Mutiara berbentuk bulat dan berkilau dan digunakan untuk membuat kalung dan perhiasan.,,,,,,,,,,,,,,,,,,,,,,,,,,,
n,Persia,"orang Persia, orang-orang Persia",,"Orang-orang Persia adalah suku Iran. Pada abad ke-6 SM, mereka bersekutu dengan Media dan menaklukkan Babel. Kekaisaran Persia menguasai sebagian besar dunia selama 100-an tahun.",,,GC 08-Mar-2019,,,,,,,,,,,,,,,,,,,,,,,,
n,Petrus,Kefas,,"Simon adalah seorang nelayan yang juga disebut Kefas. Ketika Yesus memanggil Simon untuk menjadi murid, Yesus mengubah nama Simon menjadi Petrus. Petrus adalah salah satu dari dua belas rasul Yesus. Yesus memilih Petrus menjadi orang pertama yang memberitakan Kabar Baik kepada orang Yahudi setelah Yesus mati dan bangkit, dan dia menjadi orang pertama yang memberitakan Kabar Baik kepada orang yang bukan Yahudi. Petrus menulis dua surat yang ada di dalam Perjanjian Baru Alkitab. (Nama Petrus berarti Batu.)",,,GC 19-Feb-2019,,,,,,,,,,,,,,,,,,,,,,,,
t,Firaun,Firaun-firaun,Pero (di Mesir) (K); raja Mesir; kepala orang Mesir (U),Firaun adalah nama yang diberikan orang Mesir kuno kepada raja mereka. Setiap Firaun juga memiliki nama pribadi. Firaun-firaun yang kaya membangun kuburan besar untuk diri mereka sendiri.,raja,head man of Egypt (urt),,,,,,,,,,,,,,,,,,,,,,,,,
n,Farisi,"orang Farisi, orang-orang Farisi","Pemimpin agama Yahudi;
Farasi;
","Orang Farisi adalah pemimpin dan guru agama Yahudi yang berusaha mematuhi Hukum Musa dengan menaati banyak peraturan. Mereka mencemooh orang Yahudi lain yang tidak ketat dalam mematuhi aturan tersebut. Yesus sering menyebut mereka munafik, karena mereka sering berbuat dosa tetapi tidak mau mengakuinya. (Banyak orang Farisi menentang Yesus dan para rasulnya, terkadang menangkap atau membunuh orang Kristen.)","Saduki, pemimpin agama Yahudi",,,,,,,,,,,,,,,,,,,,,,,,,,
n,Filipus,,,"Ada beberapa pria yang bernama Filipus. Salah satunya adalah pemimpin politik. Yang lainnya adalah salah satu murid pertama Yesus, yang juga menjadi salah satu dari dua belas rasul Yesus. Yang lainnya adalah salah satu orang yang dipilih para rasul untuk malayani dalam pembagian makanan kepada janda-janda di Yerusalem. Filipus ini memimpin banyak orang Samaria dan seorang pejabat Etiopia kepada Yesus.",,,GC 19-Feb-2019,,,,,,,,,,,,,,,,,,,,,,,,
n,Filistin,"orang Filistin, orang-orang Filistin, Filistea",,Orang Filistin adalah suku yang tidak menyembah Allah. Mereka tinggal di Israel bagian selatan. Mereka sering berperang melawan orang Israel. Simson mencintai seorang wanita Filistin bernama Delila.,,,GC 07-Feb-19,,,,,,,,,,,,,,,,,,,,,,,,
t,Babi,Babi-babi,,Babi adalah hewan pendek dan kuat yang memakan hampir semua hal dan suka berguling-guling di lumpur untuk menjaga kelembapan kulitnya. Hukum Allah melarang Israel makan daging babi.,,,GC 08-Mar-2019,,,,,,,,,,,,,,,,,,,,,,,,
n,Pilatus,,,"Pilatus adalah gubernur Romawi yang memerintah atas Yudea pada masa pelayanan Yesus. Ketika para pemimpin Yahudi menangkap Yesus, Pilatus setuju untuk menyalibkan Yesus, meskipun dia tahu bahwa itu salah karena Yesus tidak bersalah.",,,At least two inscriptions have been uncovered that contain Pilat's name.,,,,,,,,,,,,,,,,,,,,,,,,
t,Tulah,Tulah-tulah,,Tulah adalah penyakit apa saja yang berdampak merusak pada banyak orang pada saat yang bersamaan.,,,,GC 7/7/2019,,,,,,,,,,,,,,,,,,,,,,,
t,Kolam,,air (G); ,Kolam biasanya adalah lubang buatan manusia berisi air untuk mandi.,,not helpful in PNG: ; pisin (W from Fr),,,,,,,,,,,,,,,,,,,,,,,,,
t,Serambi,,tempat di dekat pintu (G); ,Serambi adalah sebuah platform di luar rumah dan di dekat pintu.,,,,,,,,,,,,,,,,,,,,,,,,,,,
n,Potifar,,,Potifar adalah nama seorang pejabat di Mesir. Dia membeli Yusuf sebagai budak dan kemudian memenjarakannya. ,,,GC 23-Feb-2019,,,,,,,,,,,,,,,,,,,,,,,,
t,Memuji,"dipuji, puji, pujilah, pujian, puji-pujian",mengatakan hal-hal baik tentang (G); membesarkan (W),Memuji berarti memberitahu orang lain bagaimana seseorang telah melakukan perbuatan baik. Salah satu cara kita memuji Allah yaitu dengan menceritakan bagaimana Dia telah menjawab doa-doa kita. Umat Kristen sering memuji Allah dengan lagu dan musik untuk menceritakan betapa hebatnya Dia.,"bersyukur, memuliakan",,GC 15-Feb-2019,,,,,,,,,,,,,,,,,,,,,,,,
t,Berdoa,"doa, mendoakan, didoakan","berbicara kepada Tuhan (G);
memohon (W);",Berdoa berarti berbicara atau mengajukan permintaan kepada Tuhan. Yesus memerintahkan orang Kristen untuk berdoa kepada Tuhan di dalam nama Yesus.,"memuji, menyembah",,GC 15-Feb-2019,,,,,,,,,,,,,,,,,,,,,,,,
t,Memberitakan,"pemberita, diberitakan, berkhotbah, pengkhotbah",memberitahukan firman Allah yang indah (G);,Memberitakan berarti menyampaikan pesan atau mengabarkan kisah kepada orang lain yang belum pernah mereka dengar sebelumnya.,"mengajar, nabi",,GC 15-Feb-2019,,,,,,,,,,,,,,,,,,,,,,,,
t,Imam,Imam-imam,Orang yang memberi kepada Tuhan (R); Orang yang mempersembahkan binatang (W);,"Imam adalah pemimpin agama yang (1) mempersembahkan korban, (2) mengajarkan Hukum Allah, (3) menengahi perselisihan, (4) memastikan bahwa seseorang sudah sembuh dan tahir dan (5) mengatur Bait Allah dan perbendaharaannya.",orang Lewi,,,,,,,,,,,,,,,,,,,,,,,,,,
n,Priskila,Priska,,"Priskila, yang juga disebut Priska, adalah istri Akuila. Mereka adalah orang-orang Yahudi dari Roma yang membantu Paulus untuk menanam gereja di Yunani dan Siria. (Nama Priska berarti ""terhormat"" dalam bahasa Latin.)",Akwila,,,GC 7/7/2019,,,,,,,,,,,,,,,,,,,,,,,
t,Janji,"janji-janji, menjanjikan, dijanjikan, berjanji, berjanjilah, janjilah","menepatkan sesuatu dengan perkataan / mulut;
memberitahu seseorang apa yang akan kamu lakukan di masa depan (G)","Janji adalah ucapan seseorang untuk melakukan sesuatu yang baik di masa depan. Allah akan selalu melakukan apa yang telah Dia janjikan. Beberapa janji Allah bersyarat, yaitu mengharuskan manusia untuk melakukan sesuatu terlebih dahulu. Misalnya, “Jika kamu mengaku bahwa Yesus adalah Tuhan (syarat), maka kamu akan diselamatkan (janji).”","perjanjian, sumpah",,,,,,,,,,,,,,,,,,,,,,,,,,
t,Nubuatan,"Nubuat-nubuat, nubuat",pembicaraan nabi (R); ,"Nubuatan adalah pesan yang diberikan Allah kepada seseorang untuk disampaikan kepada orang lain. Ada nubuatan yang memperingatkan para pendosa untuk bertobat, nubuatan yang memberikan bimbingan atau pengajaran, dan nubuatan lainnya yang memberitahukan apa yang akan terjadi di masa depan. (Alkitab berisi ratusan nubuatan.)","malaikat, pemberita, guru, rasul, bernubuat",Allah (not good in PNG),,,,,,,,,,,,,,,,,,,,,,,,,
t,Bernubuat,"bernubuatlah, menubuatkan, dinubuatkan",pembicaraan nabi (R);,Bernubuat berarti menyampaikan nubuatan kepada orang lain. ,"nabi, nubuat","I would remove this: All believers can prophesy (through songs, citing Scripture, teaching, testimonies, teaching and drama.) Allah not  good in PNG. (Hilkka)","1 Corinthians 14:3, 24-26",,,,,,,,,,,,,,,,,,,,,,,,
t,Nabi,"nabi-nabi, nabiah","orang yang menyampaikan firman Allah (G);
orang yang diberi perkataan dari Allah (D);
mulut Allah (juru bicara);
seorang utusan manusia dari Allah atau dewa/berhala;
Poropet (K)","Nabi atau nabiah adalah orang yang mendapat karunia Allah untuk menyampaikan pesan-pesan dari Allah kepada orang lain. Beberapa nabi Ibrani menulis kitab-kitab Perjanjian Lama. Orang-orang Kristen yang memiliki karunia bernubuat menyampaikan pesan-pesan yang memberikan bimbingan atau pengajaran kepada orang lain ketika mereka membutuhkannya. (Orang Kristen yang bernubuat bisa membuat kesalahan, jadi mereka harus terbuka untuk dikoreksi.)","malaikat, pemberita, guru, rasul, nubuat, bernubuat",,,,,,,,,,,,,,,,,,,,,,,,,,
t,Mazmur,"lagu, puisi",Lagu Daud (R); lagu (G);,"Mazmur adalah puisi atau lagu yang ditulis dalam bahasa Ibrani. Seringkali, satu baris mazmur diulangi di baris lain dengan menggunakan kata yang berbeda. Mazmur dapat mengungkapkan pujian, doa, ratapan, kutuk, pengajaran dan prediksi. (Orang Yahudi dan Kristen sering menyanyikan mazmur dalam ibadah mereka.)",,,,,,,,,,,,,,,,,,,,,,,,,,,
t,murni,kemurnian,"bersih (R); tidak ada perilaku kotor (R);
perilaku lurus di mata Allah (K), tidak ada kekotoran di dalamnya (K);",,"bersih, tahir",,,,,,,,,,,,,,,,,,,,,,,,,,
t,Rabi,Rabuni,"Guru saya; Guru (R, W);",Rabi artinya Guruku. Guru resmi agama Yahudi disebut Rabi. Cara yang lebih terhormat untuk mengatakan Guruku adalah Rabuni. Guru Kristen biasanya disebut Pendeta.,,,,,,,,,,,,,,,,,,,,,,,,,,,
n,Rahel,,,"Rahel artinya domba betina. Salah satu dari dua istri Yakub bernama Rahel. Dia adalah ibu Yusuf dan Benyamin. Di dalam kutipan Yeremia di Matius 2:18 namanya digunakan untuk mewakili semua ibu orang Yahudi. Dalam Yeremia 31:15, ibu-ibu di Israel disebut Rahel, dan di Matius 2:18, ibu-ibu di Betlehem disebut Rahel, ketika mereka menangisi anak-anak mereka yang ditawan atau meninggal.",,,GC: Does this capture the point? RRyes,,,,,,,,,,,,,,,,,,,,,,,,
n,Rahab,,,"Rahab adalah seorang wanita Kanaan, seorang penjaga penginapan dan seorang pelacur (mungkin pelacur di kuil orang kafir) yang tinggal di kota Yerikho sekitar 1400 tahun sebelum Yesus. Dia percaya kepada Allah Israel ketika dia mendengar bagaimana Allah menyelamatkan orang Israel dari Mesir, jadi dia membantu mata-mata Israel melarikan diri dari Yerikho. Rahab menjadi nenek moyang Yesus. (Rahab juga merupakan nama dewi Kanaan kuno.)",,,,,,,,,,,,,,,,,,,,,,,,,,,
n,Ribka,,,"Ribka hidup sekitar 1800 tahun sebelum Yesus. Dia adalah istri putra Abraham, Ishak, dan ibu putra kembar bernama Esau dan Yakub.",,,,,,,,,,,,,,,,,,,,,,,,,,,
t,Laut Teberau,,Laut Merah (R);,"Laut Teberau / Merah terletak di antara Mesir dan jalan menuju Kanaan. Allah membuka jalan melalui laut ini bagi orang Israel saat mereka melarikan diri dari pasukan Firaun.
Laut ini juga disebut laut Merah, mungkin dari kesalahan pengejaan kata ‘teberau’ dalam bahasa Ibrani.",,,"Red may be a misspelling of the word Reed, since in Hebrew it is called the Sea of Reeds.",,,,,,,,,,,,,,,,,,,,,,,,
t,Daerah,propinsi,"tanah (G);
","Suatu daerah adalah wilayah yang luas di dalam suatu negara. Sebuah provinsi adalah daerah yang memiliki batas-batas, nama dan pemerintahan tertentu.","negeri, bangsa, kekaisaran, kerajaan",,GC 08-Feb-19,,,,,,,,,,,,,,,,,,,,,,,,
n,Rehabeam,,,"Rehabeam adalah anak Raja Salomo yang bodoh. Setelah Salomo meninggal, Rehabeam menjadi raja. Tetapi ketika dia menaikkan pajak dan memperlakukan orang dengan kasar, mereka memberontak dan membagi kerajaan menjadi dua. Rehabeam memerintah Yehuda di Yerusalem, sementara Yerobeam menjadi raja atas bagian utara Israel. (Nama Rehabeam berarti ‘rakyat sudah menjadi luas’.)",,,GC 19-Feb-2019,,,,,,,,,,,,,,,,,,,,,,,,
t,Bertobat,"pertobatan, tobat, tobatlah","berpaling dari hal/perbuatan yang salah dan berpaling kepada Allah;
sedih tentang hal-hal buruk yang telah Anda lakukan. Berhenti melakukannya. (G);
Mengubah pikiran (R); ","Bertobat berarti mengubah pikiran dan kelakuan. Ketika manusia bertobat, mereka memilih untuk mengubah keyakinan dan tindakan mereka, untuk menaati Allah. ","mengampuni, mengaku",,"Not a difficult concept. In the NT, choosing to be baptized was an act of repentance. ",,,,,,,,,,,,,,,,,,,,,,,,
t,Istirahat,beristirahat,,"Istirahat berarti berhenti dari kerja keras. Hukum Allah menuntut setiap orang untuk beristirahat pada hari Sabat atau hari Ketujuh setiap minggu. Istirahat atau tempat perhentiaan juga merupakan istilah kiasan (1) yang menunjukkan kedatangan Israel di Kanaan, dan (2) kehidupan orang yang beriman pada masa depan ketika Allah akan membalas iman dan ketaatan mereka.","sabat, menunggu",,GC 08-Mar-2019,,,,,,,,,,,,,,,,,,,,,,,,
n,Ruben,,,"Ruben adalah putra sulung Yakub dan Lea. Ruben menjadi leluhur salah satu dua belas suku Israel. (Nama Ruben berarti “Lihatlah, seorang Putra”.)",,,GC 23-Feb-2019,,,,,,,,,,,,,,,,,,,,,,,,
t,Benar,kebenaran,"menjadi benar/layak di mata Allah;
sangat baik (G); lurus (R,W);
yang baik (G);
","Allah itu benar, karena dia selalu melakukan apa yang baik dan adil. Yesus itu benar, karena dia menaati Allah sepenuhnya dan tidak pernah berbuat dosa. Allah menganggap kita orang percaya sebagai orang benar, karena Ia mengampuni semua dosa kita dan menerima kita sebagai milik Yesus yang benar. (Allah memiliki kebenaran mutlak. Kita menerima kebenaran dari Yesus.)","adil, kudus, baik",,,,,,,,,,,,,,,,,,,,,,,,,,
t,Keributan,"rusuh, kerusuhan, merusuh",,"Keributan terjadi ketika ada kekacauan di tengah-tengah kerumunan orang, dan orang-orang mencoba untuk menyakiti orang lain atau harta benda mereka.",,,,GC 7/7/2019,,,,,,,,,,,,,,,,,,,,,,,
n,Roma,"orang Roma, orang-orang Roma",,"Roma adalah ibu kota negara Italia. Pada zaman Yesus, Roma telah menaklukkan sebagian besar dunia. Kekaisaran Roma menguasai banyak negara dari sekitar 100 tahun sebelum Yesus sampai 700 tahun setelah Yesus. Meskipun orang Romawi membawa hukum yang baik ke setiap tempat, mereka memungut pajak yang berat dan meminta setiap orang untuk menghormati dewa-dewa mereka. Orang Romawi percaya bahwa raja / kaisar mereka adalah dewa. Orang Yahudi sangat membenci orang Romawi, dan orang Romawi akhirnya menghancurkan Israel. Roma membangun banyak jalan dan mencegah negara berperang satu sama lain. Hal ini membuat Kabar Baik tentang Yesus menyebar dengan sangat cepat dalam kurun waktu 300 tahun.",,,,,,,,,,,,,,,,,,,,,,,,,,,
n,Rut,,,Rut adalah seorang wanita dari Moab. Dia adalah seorang janda yang menikah dengan salah satu dua putra Naomi. Rut datang bersama Naomi ke Israel di mana seorang pria yang baik bernama Boas menikahinya. Putra mereka menjadi nenek moyang Raja Daud dan Yesus.,,,GC 19-Feb-2019,,,,,,,,,,,,,,,,,,,,,,,,
t,Sabat,,istirahat; berhenti bekerja; hari Sabat (K);,"Sabat adalah kata Ibrani yang berarti Istirahat atau Berhenti Bekerja. Setelah menciptakan dunia, Allah (dan kemudian Hukum Musa) menetapkan hari ketujuh setiap minggu menjadi hari Sabat khusus untuk beristirahat, bukan untuk bekerja keras seperti pada hari-hari lain. Pesta dan hari raya juga merupakan hari Sabat. (Pada zaman Yesus, orang Yahudi telah menambahkan lebih banyak peraturan yang melarang kegiatan pada hari Sabat. Yesus sering melanggar peraturan-peraturan itu.)",istirahat,,,,,,,,,,,,,,,,,,,,,,,,,,
t,Korban,"mengorbankan, dikorbankan, pengorbanan","mempersembahkan hewan potong;
memberikan hidup atau barang Anda kepada yang lain (G); hadiah yang biasanya dimasak (R);","Korban adalah segala sesuatu yang berharga yang dibunuh atau dibakar sebagai persembahan (taruh / berikan) untuk memuliakan Allah. Hukum Musa mengharuskan orang Israel mempersembahkan korban untuk membayar dosa, tetapi siapa pun dapat mempersembahkan korban untuk berterima kasih kepada Allah. (Karena Yesus telah mati sebagai korban terakhir untuk dosa, orang Kristen mempersembahkan kepada Allah penyembahan, pujian, ucapan terima kasih dan tubuh mereka sendiri sebagai persembahan yang hidup (Roma 12:1).)",,,,,,,,,,,,,,,,,,,,,,,,,,,
n,Saduki,"orang Saduki, orang-orang Saduki",,Orang Saduki adalah orang Yahudi kelas atas yang kaya yang bertanggung jawab atas Bait Suci di Yerusalem. Mereka adalah bagian dari para pemimpin agama Yahudi. Mereka tidak setuju dengan orang Farisi tentang menjalankan peraturan yang tidak terdapat dalam Hukum Musa. (Orang Saduki tidak percaya ada kebangkitan orang mati.),"Farisi, ahli-ahli Taurat",This could be removed:  (They also believed that angels exist but denied that angels appeared to humans.) (Hilkka),,,,,,,,,,,,,,,,,,,,,,,,,
t,Orang kudus,orang-orang kudus,"orang yang diperintah Allah, orang yang diperintah Yesus (G);",Orang kudus adalah orang yang menjadi milik Allah melalui iman kepada Yesus. Para rasul sering menyebut orang Kristen yang mereka kirimi surat sebagai orang kudus.,"orang Kristen, orang percaya, murid",,GC 08-Feb-19,,,,,,,,,,,,,,,,,,,,,,,,
n,Samaria,"orang Samaria, orang-orang Samaria",,"Samaria pernah menjadi kota di bagian Israel utara. Setelah Asyur mendeportasi orang Israel dari Samaria sekitar 700 tahun sebelum Yesus, mereka membawa orang-orang kafir untuk tinggal di wilayah Samaria. Orang-orang Samaria ini masuk agama Yahudi, tetapi orang Israel yang tinggal di wilayah Yudea tidak pernah menerima orang Samaria sebagai orang Israel sejati karena mereka telah menikah dengan orang bukan Yahudi. Ada orang-orang Samaria   yang menyembah dewa-dewa, tetapi ada yang menyembah Allah Israel. Orang Yahudi di Yudea membenci orang Samaria.",,"Samaritan, member of a community of Jews, now nearly extinct, that claims to be related by blood to those Jews of ancient Samaria who were not deported by the Assyrian conquerors of the kingdom of Israel in 722 bce. (Hilkka)",,,,,,,,,,,,,,,,,,,,,,,,,
n,Simson,,,"Simson hidup sekitar 1100 tahun sebelum Yesus. Namanya berarti Matahari. Dia didedikasikan kepada Allah, tetapi dia menjadi pemimpin yang tidak taat pada masa para hakim. Allah memberikan kekuatan fisik yang besar kepada Simson yang membunuh banyak musuh bangsa Israel. Namun, dia jatuh cinta dengan seorang wanita dari bangsa kafir yang kemudian menipunya. Wanita itu menyebabkan Simson semakin tidak menaati Allah dan kehilangan kekuatannya.",,,,,,,,,,,,,,,,,,,,,,,,,,,
n,Samuel,,,"Samuel hidup sekitar 1100 tahun sebelum Yesus. Namanya berarti “Nama Allah”. Samuel menjadi nabi besar di Israel, dan dialah yang mengurapi Saul dan Daud sebagai raja Israel.",,,,,,,,,,,,,,,,,,,,,,,,,,,
t,Menguduskan,"dikuduskan, kuduskan, kuduskanlah","menjadikan seseorang sebagai orang yang benar-benar menaati Allah (G);
membersihkan (W);","Menguduskan berarti menjadikan sesuatu atau seseorang kudus. Menguduskan juga berarti mendedikasikan diri sendiri, seseorang atau sesuatu kepada Allah. Roh Kudus menguduskan orang Kristen dengan tinggal di dalam mereka.","membenarkan, tahir, kudus",,GC 15-Feb-2019,,,,,,,,,,,,,,,,,,,,,,,,
t,Mahkamah Agama,,pertemuan (R); anggota-anggota pertemuan (R); pertemuan para pemimpin (W);,"Pada zaman Yesus, mahkamah agama adalah dewan yang berwenang atas hal-hal yang bersangkutan dengan agama dan bangsa Yahudi. Dewan itu terdiri dari 71 orang. Mereka dipimpin oleh imam besar Yahudi. (Mahkamah agama memutuskan bahwa Yesus harus mati, dan kemudian Paulus harus mati.) (Mahkamah agama mengirim Yesus kepada guburner Romawi di Yerusalem untuk disalibkan.)",,,"In 2018, the Sanhedrin in again active in Israel. ",,,,,,,,,,,,,,,,,,,,,,,,
n,Safira,,,"Safira dan suaminya Ananias termasuk di antara orang Kristen pertama. Mereka menjual sebagian tanah mereka dan membawa sebagian dari uang itu untuk membantu orang Kristen yang miskin. Tetapi ketika mereka berbohong tentang berapa banyak uang diterima dari penjualan tanah itu, mereka mati. (Nama Safira berarti safir, batu berharga.)",,,GC 19-Feb-19,,,,,,,,,,,,,,,,,,,,,,,,
n,Sara,,,"Sara adalah istri pertama Abraham. Meskipun dia mandul selama bertahun-tahun, Allah berjanji bahwa Sara akan melahirkan seorang anak laki-laki di masa tuanya. Allah mengubah namanya dari Sarai, yang berarti suka bertengkar, menjadi Sara, yang berarti Putri, sebelum putra yang dijanjikan itu (Ishak) lahir.",Sarai,,,,,,,,,,,,,,,,,,,,,,,,,,
n,Sarai,,,"Sarai adalah istri pertama Abraham yang menjadi ibu Ishak. Allah mengubah nama Sarai menjadi Sara. (Sarai berarti suka bertengkar, sedangkan Sara berarti putri.)",Sara,,GC 15-Feb-2019,,,,,,,,,,,,,,,,,,,,,,,,
n,Iblis,,"musuh Allah;
pemimpin roh-roh jahat (G);
roh yang menuduh orang lain;
Seytaane (W)","Iblis berarti Penuduh atau Musuh. Iblis adalah roh jahat yang kuat yang menggoda manusia untuk berbuat salah, lalu menuduhnya di hadapan Allah. Namun, Yesus membela orang percaya di hadapan Allah. (Pada akhirnya, Yesus akan melemparkan Iblis ke dalam Lautan Api, tempat di mana Iblis akan berada selamanya.)","setan, roh jahat, Beelzebul",Seytaane not helpful in PNG.,"In Hebrew, he is ha-satan = the accuser. The Book of Revelation alone makes Satan = Serpent = Dragon = Devil.",,,,,,,,,,,,,,,,,,,,,,,,
n,Saulus,,,Ada dua orang bernama Saulus: (1) Seorang pria jangkung dan tampan yang dipilih Israel untuk menjadi raja pertamanya 1100 tahun sebelum Yesus. (2) Seorang Farisi Yahudi yang berusaha membunuh orang Kristen. Dia kemudian menjadi seorang Kristen dan seorang Rasul. Dia membawa Kabar Baik kepada orang-orang bukan Yahudi dengan menggunakan nama Paulus. (Nama Ibrani Saulus artinya Diminta.),,,GC 08-Mar-2019,,,,,,,,,,,,,,,,,,,,,,,,
t,Juruselamat,,orang yang membebaskan; orang yang menyelamatkan (kita) (G);,"Allah adalah Juruselamat Israel, yang menyelamatkan mereka dari musuh mereka. Yesus adalah Juruselamat bagi semua manusia. Dia menyelamatkan semua yang berseru kepada-Nya dengan iman dari kuasa Iblis, murka dan penghakiman Allah, kematian kekal, dan neraka.(Ini adalah cara Perjanjian Baru mengatakan bahwa orang Kristen diselamatkan.)",,,,,,,,,,,,,,,,,,,,,,,,,,,
t,Tongkat kerajaan,,"tongkat kekuasaan (G);
",Tongkat kerajaan adalah tongkat atau bola [di atas tongkat] yang dipegang raja di tangan mereka saat membuat hukum atau keputusan. Tongkat kerajaan adalah simbol kekuasaan kerajaan.,,,GC 08-Mar-2019,,,,,,,,,,,,,,,,,,,,,,,,
t,Ahli Taurat,Ahli-ahli Taurat,"Guru hukum Musa;
Orang yang mengajar hukum; guru hukum Yahudi;
","Ahli Taurat membuat salinan kitab Taurat, mempelajari Taurat, dan mengajarkan Taurat kepada orang lain. Selama masa Yesus dan gereja mula-mula, banyak ahli Taurat Yahudi bergabung dengan orang Farisi untuk menentang Yesus dan para rasulnya.","pemimpin agama Yahudi, Farisi, 
Saduki",,,,,,,,,,,,,,,,,,,,,,,,,,
t,Gulungan,Gulungan-gulungan,"buku yang digulung;
kertas digulung (G);
","Gulungan adalah sepotong kulit yang panjang (atau papirus) yang dapat ditulisi. Orang-orang menggulung gulungan itu untuk menyimpannya, dan membuka gulungan itu untuk membacanya. Buku adalah banyak kertas kecil yang diikat di tepi kertas itu untuk disatukan. Gulungan adalah cara membuat buku pada zaman dahulu. Gulungan seperti buku yang digulung.","Alkitab, buku",,GC 23-Feb-2019,,,,,,,,,,,,,,,,,,,,,,,,
t,Laut ,samudera,air/sungai besar (G);,Lebih dari separuh bumi ditutupi dengan air asin yang dalam. Bagian luas dari air dalam disebut laut atau samudra. Orang-orang dapat melakukan perjalanan melintasi lautan dengan perahu besar yang disebut kapal yang mengapung di atas air.,"sungai, air",,GC 19-Feb-19,,,,,,,,,,,,,,,,,,,,,,,,
t,Septuaginta,,,"Septuaginta, yang berarti 70, adalah Perjanjian Lama yang diterjemahkan ke dalam bahasa Yunani. Sekitar 330 tahun sebelum Yesus, orang Yunani menaklukkan Israel dan Mesir tempat banyak orang Yahudi tinggal. Ketika orang Yahudi mulai berbicara bahasa Yunani, 70 orang dari mereka menerjemahkan Perjanjian Lama dari bahasa Ibrani ke bahasa Yunani. (Perjanjian Baru sering mengutip ayat-ayat dari Septuaginta daripada bahasa Ibrani.)",,,"That is more or less the tradition. Reality may be a little different, for there were also other Greek translations of the Tanakh.",,,,,,,,,,,,,,,,,,,,,,,,
t,Hamba,"Hamba-hamba, pelayan, pelayan-pelayan",orang yang bekerja untuk seseorang (G);,"Seorang hamba membantu atau bekerja untuk orang lain. Seorang hamba bisa berarti (1) seseorang yang bekerja untuk mendapatkan upah, (2) seorang budak tawanan atau debitur yang dipaksa bekerja tanpa dibayar, (3) seseorang yang rela bekerja untuk tuannya karena mengasihi tuannya. Hamba-hamba yang bekerja untuk orang yang berkuasa lebih tinggi derajatnya daripada orang miskin yang bukan seorang hamba. Para nabi dan orang Kristen disebut hamba Tuhan karena mereka rela melayani Tuhan yang menjadi Tuan mereka.",budak,,GC 07-Feb-19,,,,,,,,,,,,,,,,,,,,,,,,
t,Malu,"mempermalukan, dipermalukan, memalukan, dimalukan",,Malu adalah perasaan atau emosi yang berasal dari rasa bersalah. Mempermalukan orang lain berarti menceritakan perbuatan buruk yang telah mereka lakukan. Manusia merasa malu ketika mereka menyesal berbuat salah atau ketika mereka terbukti salah atau buruk. Yesus mati bagi kita untuk menghilangkan rasa malu kita sehingga kita dapat merasa diampuni dan dikasihi.,"kesalahan, mengampuni",This is true in guilt culture:Humans feel shame or ashamed when they strongly wish they had not done something wrong.  BUT in shame culture people feel shame when they lose face/are proved wrong/bad.,GC 23-Feb-2019,,,,,,,,,,,,,,,,,,,,,,,,
n,Sikhem,,,"Setelah seorang pria jahat yang bernama Sikhem memperkosa putri Yakub, Dina, saudara laki-laki Dina membunuhnya.
Sebuah klan orang Kanaan disebut Sikhem.
Ada sebuah kota bernama Sikhem yang menjadi salah satu dari tujuh ""kota perlindungan"" di Israel di mana tersangka pembunuhan dapat melarikan diri untuk perlindungan.",,,GC 19-Feb-19,,,,,,,,,,,,,,,,,,,,,,,,
t,Domba,Domba-domba,"hewan seperti rusa (G);
","Domba adalah hewan pendiam dan pemalu yang lebih besar dari anjing. Mereka mirip dengan kambing tetapi memiliki ekor yang gemuk. Mereka tinggal dalam kawanan dan menumbuhkan bulu/wol yang panjang. Manusia memelihara domba, mencukur wolnya untuk membuat kain, dan terkadang memakan dagingnya. Orang Israel sering mengorbankan domba untuk menyembah Allah. Yohanes pembaptis dan Yohanes pewahyu menyebut Yesus Anak Domba Allah. (Yesus menyebut dirinya seorang gembala dan menyebut kita dombanya.)","gembala, kambing",,Sheep herding folk will chuckle at this.,,,,,,,,,,,,,,,,,,,,,,,,
t,Gembala,Gembala-gembala,orang yang memelihara domba (G);,"Orang-orang yang memimpin dan menjaga domba atau kambing disebut gembala. Yesus menyebut dirinya Gembala Baik kita, karena dia menuntun kita kepada Allah dan menjaga kita.","domba, kambing",,GC 23-Feb-2019,,,,,,,,,,,,,,,,,,,,,,,,
n,Silo,,,"Silo adalah kota kuno bertembok di wilayah Samaria, tempat orang Israel menempatkan Kemah Suci selama masa hakim-hakim. Banyak orang Israel melakukan ziarah tahunan ke Silo untuk menyembah Tuhan.",,,,GC 7/7/2019,,,,,,,,,,,,,,,,,,,,,,,
t,Kapal,Kapal-kapal,"Perahu besar (G);
","Kapal adalah perahu yang sangat besar yang membawa penumpang dan kargo jarak jauh, dan berlayar di lautan atau danau yang luas.",perahu,,GC 19-Feb-19,,,,,,,,,,,,,,,,,,,,,,,,
n,Sidon,,,"Sidon adalah kota kaya yang terletak di dekat laut, di sebelah utara Israel. Penduduk Sidon menyembah allah-allah lain. Ratu Izebel yang jahat berasal dari Sidon. Yesus pernah pergi ke sana untuk membantu seorang janda dan putrinya yang masih kecil. (Nama Sidon berarti Kota Ikan.)",,,GC 19-Feb-2019,,,,,,,,,,,,,,,,,,,,,,,,
n,Sin,,,"Sin adalah nama sebuah padang gurun yang didiami bangsa Israel selama beberapa bulan, setelah mereka melarikan diri dari Mesir.",,,What they ate there can be learned from the story.,,,,,,,,,,,,,,,,,,,,,,,,
n,Silas,,,"Silas berasal dari Yerusalem. Dia bepergian dengan Paulus ke banyak kota di mana mereka menanam gereja baru (Kis. 15, 16, 17, 18). (Nama Silas berarti ""ahli kehutanan"".)",,,,GC 7/7/2019,,,,,,,,,,,,,,,,,,,,,,,
t,Perak,,"uang keras (G);
","Perak adalah logam cerah dan mahal yang digunakan untuk membuat cangkir, panci, mangkuk, koin, dll.",emas,,GC 19-Feb-2019,,,,,,,,,,,,,,,,,,,,,,,,
n,Simon,Simeon,,Ada banyak pria bernama Simon. Cara lain untuk menyebut nama itu adalah Simeon. Rasul Petrus disebut Simon dan Kefas.,,,GC 08-Mar-2019,,,,,,,,,,,,,,,,,,,,,,,,
t,Dosa,"berdosa, dosa-dosa, kejahatan, jahat ","perbuatan/pemikiran buruk; perilaku buruk (R);
(mengakibatkan) rasa bersalah;
melakukan hal-hal yang tidak disukai/diinginkan Allah;
Pergi ke jalan yang buruk / salah;
melakukan sesuatu yang buruk menurut Allah (G);
hal yang tidak baik (G);
","Setiap tindakan manusia yang tidak menyenangkan Allah adalah dosa. Tindakan yang melanggar hukum Allah adalah pelanggaran. Semua manusia berdosa. Setiap kali seseorang melanggar perintah Allah, dia berdosa. Baik dosa yang kecil atau dosa yang besar di mata manusia, itu tetap dosa di mata Allah. (Yesus mati di kayu salib karena dosa-dosa kita, supaya dosa-dosa kita dapat diampuni.)",benar ,,,,,,,,,,,,,,,,,,,,,,,,,,
n,Sinai,gunung Sinai,,"Allah bertemu dengan Musa di sebuah gunung bernama Sinai di Jazirah Arab, di mana Allah menulis Sepuluh Perintah di atas batu, dan membuat perjanjian dengan orang Israel.",,,Some researchers now believe that Sinai is Jebel-Musaa (Mt. Moses) in Saudi Arabia.,,,,,,,,,,,,,,,,,,,,,,,,
n,Sisera,,,"Sisera adalah seorang panglima tentara Kanaan yang berperang melawan orang Israel ketika Debora menjadi hakim. Ketika Sisera melarikan diri dan bersembunyi di kemah seorang wanita, wanita itu, yang bernama Yael, membunuh Sisera. ",,,,GC 7/7/2019,,,,,,,,,,,,,,,,,,,,,,,
t,Budak,Budak-budak,orang yang bekerja tapi tidak dibayar (G);,"Di zaman kuno, sebagian besar negara memiliki dua jenis warga negara: orang bebas dan budak. Budak dimiliki tuan mereka, dan mereka melayani tuan mereka tanpa bayaran. Beberapa budak adalah tawanan perang, yang lain dijadikan budak karena mereka tidak dapat membayar utangnya. Jika seorang budak bisa mendapatkan dan menyimpan uang, maka dia bisa membeli kebebasannya.",hamba,increase cell size to show the definition.,GC 07-Feb-19,,,,,,,,,,,,,,,,,,,,,,,,
t,Ular,Ular-ular,,Ular adalah binatang yang berbentuk bulat memanjang yang tidak memiliki tungkai atau kaki. Ada ular berbisa dan ular tidak berbisa. Ada jenis ular lain yang membunuh mangsanya dengan melilit dan meremasnya.,naga,,GC 15-Feb-2019,,,,,,,,,,,,,,,,,,,,,,,,
n,Sodom,"orang Sodom, orang-orang Sodom",,"Sodom adalah nama kota tempat tinggal Lot dan keluarganya. Kota itu terletak di dekat sebuah kota bernama Gomora. Orang-orang Sodom dan Gomora melakukan dosa seksual yang mengerikan. Karena itu, Allah menghancurkan kota-kota ini dengan api.",,,,,,,,,,,,,,,,,,,,,,,,,,,
n,Salomo,,,"Salomo, yang namanya berarti Damai, adalah salah satu putra raja Daud. Batsyeba adalah ibu Salomo. Salomo menjadi raja setelah Daud, dan dialah yang membangun Bait Allah yang pertama di Yerusalem. Karena Salomo merendahkan dirinya di hadapan Allah, Allah membuatnya bijaksana dan sangat kaya. (Namun, Salomo tidak menaati Allah. Dia menikahi banyak istri dan membiarkan mereka menyembah dewa-dewa kafir.)",,,,,,,,,,,,,,,,,,,,,,,,,,,
t,Anak Allah,,"Allah dalam wujud manusia;
seorang pria yang adalah Allah;
","Di Israel, Allah menyebut raja-raja sebagai anak-anaknya dan dirinya sendiri sebagai Bapa mereka. Jadi, 'Anak Allah' menjadi gelar bagi raja-raja, dan 'Anak Allah' menjadi gelar bagi Raja agung yang disebut Mesias atau Kristus. (Perjanjian Baru mengungkapkan bahwa Yesus adalah Anak Allah, dan bahwa Yesus adalah Allah yang lahir sebagai manusia.)","anak manusia, Mesias",,"GC: Theologians go through all kinds of contortions to make biblical titles fit their metaphysical speculations. Whilst Jesus is truly human and well as truly God, that is not the main purpose of the title.",,,,,,,,,,,,,,,,,,,,,,,,
t,Anak Manusia,,"Manusia Surgawi; Saya, Orang yang Allah Angkat","Nabi Daniel pernah melihat suatu penglihatan tentang seseorang di surga yang tampak seperti 'anak manusia'. Anak manusia ini memiliki otoritas besar dari Allah atas semua bangsa di dunia. Kerajaan dan pemerintahannya di masa depan tidak akan pernah berakhir atau dihancurkan. Yesus sering menyebut dirinya Anak Manusia, untuk mengajarkan bahwa dia sendiri adalah orang yang dalam penglihatan Daniel yang datang dari surga dalam wujud manusia. (Kitab Wahyu menggambarkan Yesus beberapa kali sebagai Anak Manusia.)","Anak Allah, Mesias
",,"GC: Theologians go through all kinds of contortions to make biblical titles fit their metaphysical speculations. Whilst Jesus is truly human and well as truly God, that is not the main purpose of the title.
GC: Smoothed out the syntax a bit.",,,,,,,,,,,,,,,,,,,,,,,,
t,Tombak,,"panah panjang (G);
",Tombak adalah batang kayu panjang dengan ujung yang tajam. Tentara biasanya menikam atau melempar tombak ke arah musuh dalam pertempuran.,,,GC 08-Mar-2019,,,,,,,,,,,,,,,,,,,,,,,,
t,Roh,Roh-roh,makhluk (W);,"Roh adalah makhluk hidup yang tidak terlihat oleh kita manusia. Allah adalah Roh yang kekal, sedangkan roh-roh lain diciptakan oleh Allah. Malaikat dan setan adalah roh. Setiap manusia memiliki roh. Saat manusia mati, rohnya meninggalkan tubuhnya.","setan, roh jahat, malaikat",Other gods -> Other spirits,GC 23-Feb-2019,,,,,,,,,,,,,,,,,,,,,,,,
t,Tongkat,Tongkat-tongkat,,"Tongkat adalah sepotong kayu yang kuat dan pangjang. Tongkat dipegang saat berjalan, dan bisa berfungsi sebagai senjata.",,,,GC 7/7/2019,,,,,,,,,,,,,,,,,,,,,,,
n,Stefanus,,,"Stefanus adalah salah satu orang Kristen pertama yang dikenal sebagai pemimpin yang bijaksana, penuh dengan (dipimpin oleh) Roh Kudus. Dia membagikan makanan kepada orang lain, dan dia berbicara dengan berani tentang Yesus. Ketika dia mengingatkan beberapa pemimpin Yahudi tentang dosa mereka, mereka membunuhnya dengan melemparkannya dengan batu besar. (Nama Stefanus berarti Mahkota.)",,He served food to others -> He distributed food to others,GC 19-Feb-2019,,,,,,,,,,,,,,,,,,,,,,,,
t,Minuman keras,,"Sari ubi kayu yang difermentasi; minuman apa saja yang menyebabkan seseorang menjadi mabuk (G);
air gila (U); ",Minuman keras adalah minuman yang mengandung alkohol.,"bir, anggur ",other language: crazy water (urt),GC 15-Feb-2019,,,,,,,,,,,,,,,,,,,,,,,,
t,belerang,,salfa (K),Belerang adalah zat berwarna kuning yang mengeluarkan nyala api yang terang saat terbakar. Belerang memiliki bau yang menyengat . ,,,,,,,,,,,,,,,,,,,,,,,,,,,
t,Pedang,Pedang-pedang,"pisau panjang/golok (G);
","Pedang adalah senjata seperti pisau yang lebih besar, lebih panjang dan kuat. Pedang digunakan tentara untuk bertarung dalam pertempuran. Pedang juga merupakan lambang kekuatan raja untuk berperang dan menghukum penjahat.",,,GC 08-Mar-2019,,,,,,,,,,,,,,,,,,,,,,,,
t,Pohon ara,,Pohon buah,Pohon ara memiliki cabang yang menyebar yang mudah dipanjat dan sering ditanam di pinggir jalan agar para pelancong bisa berteduh. Kayunya digunakan untuk bahan bakar dan perabotan.,,,,,,,,,,,,,,,,,,,,,,,,,,,
t,Rumah ibadah orang Yahudi,rumah doa orang Yahudi,"rumah untuk pemberitaan;
tempat orang Yahudi berkumpul / tempat berkumpul(G);
rumah ibadah (R); ","Rumah ibadah orang Yahudi adalah rumah pertemuan keagamaan tempat orang Yahudi berkumpul untuk membaca kitab suci, saling mengajar, berdoa dan menyembah Allah. (Tempat pertemuan Kristen disebut kapel atau gereja.)","Bait Allah, Kemah Suci",Christian synagogues -> Christian meeting places,,,,,,,,,,,,,,,,,,,,,,,,,
n,Siria,"orang Siria, orang-orang Siria",,Siria dulu dan sekarang merupakan negara di timur laut Israel. Siria dan Israel sering berperang satu sama lain sampai saat ini. Seorang perwira militer Siria bernama Naaman menyembah Tuhan setelah Nabi Elisa menyembuhkannya dari penyakit kusta.,,,GC 07-Feb-19,,,,,,,,,,,,,,,,,,,,,,,,
t,Kemah Suci,Kemah Pertemuan,"rumah Allah yang terbuat dari kulit;
bangunan seperti rumah (tidak terbuat dari bahan yang tahan lama) (G);
Kemah doa yang terbuat dari kulit; rumah terbuat dari kanvas (yaitu kemah) (R); ","Allah memerintahkan orang Israel zaman dahulu untuk membangun Kemah Suci yang besar dan indah, supaya kehadirannya dapat tinggal di antara mereka. Kemah Suci dibangun juga agar mereka dapat menyembah Allah dengan benar saat mereka melakukan perjalanan di padang gurun. (Setelah Salomo membangun Bait Suci di Yerusalem, Kemah Suci tidak diperlukan lagi; Bait Suci telah menggantikan Kemah Suci. Yesus menggantikan Kemah Suci dan Bait Suci.)","Bait Allah, 
Rumah ibadah orang Yahudi",,Explicitating the materials might make the word impossible to translate.,,,,,,,,,,,,,,,,,,,,,,,,
n,Tabor,gunung Tabor,,Tabor adalah gunung di Israel utara. Gunung itu menandai batas antara beberapa suku Israel.,,,GC 07-Feb-19,,,,,,,,,,,,,,,,,,,,,,,,
n,Tamar,,,Tamar adalah anak perempuan raja Daud dan saudara perempuan Absalom.,,,GC 08-Mar-2019,,,,,,,,,,,,,,,,,,,,,,,,
t,Pemungut cukai,Pemungut-pemungut cukai,Orang yang mendapat/membawa pajak (R); petugas pajak (W);,"Setelah orang Romawi merebut Israel, mereka menyebutnya Yudea dan memungut pajak yang tinggi untuk semua orang. Beberapa orang Yudea/Yahudi menjadi pemungut pajak untuk orang Romawi, dan menyimpan sebagian dari uang itu untuk diri mereka sendiri. Kebanyakan orang Israel membenci pemungut pajak, dan menyebut mereka orang berdosa.",,,,,,,,,,,,,,,,,,,,,,,,,,,
t,Mengajar,"guru, pengajaran, mengajarkan, ajarkan, ajarkanlah, diajarkan, ajar, ajarlah, ajaran, melatih, latih, latihlah",menunjukkan; menjelaskan; memperlihatkan,"Mengajar atau melatih berarti memberi tahu orang lain sesuatu yang bermanfaat atau benar sambil menunjukkan kepada mereka cara mematuhi atau menerapkan kebenaran itu. Yesus memerintahkan: ""Pergilah, jadikanlah semua bangsa murid-Ku dan ajarlah mereka untuk mematuhi perintah-perintah-Ku.""","preach, prophet",,GC 15-Feb-2019,,,,,,,,,,,,,,,,,,,,,,,,
t,Bait Allah,"rumah Tuhan, Bait Suci","rumah/gedung besar Allah (G);
rumah Allah;
tempat pertemuan untuk Allah dan manusia;
rumah/tempat ibadah besar/terutama (P); rumah pemberian (K); di dalam pagar rumah pemberian (K); tempat memuliakan (W);","Bait Allah adalah tempat orang Yahudi menyembah Allah di Yerusalem. Di sinilah penyembahan mereka kepada Allah terpusat. Di dalam sejarah orang Yahudi, hanya ada beberapa bangunan yang berfungsi sebagai Bait Allah: (1) Kemah Suci yang dibangun oleh Musa di padang gurun; (2) Bait Allah yang megah yang terbuat dari batu dan emas. Bait Allah ini dibangun oleh Raja Salomo di Yerusalem dan dihancurkan oleh Babel; (3) Bait Allah yang lebih kecil yang dibangun kembali bersamaan dengan tembok Yerusalem di bawah pimpinan Nehemia dan Zerubabel, dan kemudian diperluas oleh Raja Herodes tepat sebelum kelahiran Yesus. Bait Allah ini dihancurkan oleh orang Romawi pada tahun 70 M. (4) Tubuh Yesus disebut Bait Allah. (5) Perjanjian Baru mengajarkan bahwa orang Kristen sekarang adalah Bait Allah, karena Roh Allah berdiam di dalam mereka.
","rumah ibadah orang Yahudi, Kemah Suci",Hilkka: move this sentence to the end: Temples are houses for idols of pagan gods.... Start with: Temple is the place where…,"GC 11-Mar-2019
Shortened edit.","Temples are houses in which people pray to their gods and offer sacrifices. Pagans set up idols in their temples. God told the Israelites to set up a portable tent. Later God ordered Solomo to build a temple at Jerusalem. After the Israelites brought pagan idols into God's temple, he sent the Babylonians to destroy that first temple. Jesus body was a temple. After Israel crucified Jesus, God sent Roman armies to destroy their second temple. Since then, God says that Christians are his temple, because the Holy Spirit dwells in them.",,,,,,,,,,,,,,,,,,,,,,,
t,Berterima kasih ,"Mengucap syukur, bersyukur, syukur, syukurlah","memberi tahu seseorang bahwa sesuatu yang telah mereka lakukan itu baik (G);
Merasa senang dengan seseorang (karena mereka memberimu sesuatu) (U); ","Berterima kasih kepada seseorang berarti mengucap syukur atas perbuatan baik yang telah dilakukan seseorang. Dalam Perjanjian Lama, orang percaya berterima kasih kepada Allah dengan memberikan persembahan; dalam Perjanjian Baru kita berterima kasih kepada Allah dengan menceritakan perbuatan baiknya.","memuji, menghormati",be happy with someone (because they gave you something (urt)),"GC 23-Feb-2019 (In the NT, grace and thanks are the same Greek word.)",,,,,,,,,,,,,,,,,,,,,,,,
t,Takhta,tempat duduk raja,"tempat duduk pemimpin (G);
",Takhta adalah kursi tempat raja-raja duduk ketika memutuskan hal-hal penting. Takhta juga merupakan lambang yang berarti kerajaan atau kekuasaan yang dimiliki seorang raja. Takhta surga juga melambangkan pemerintahan Allah atas langit dan bumi.,kerajaan,,GC 07-Feb-19,,,,,,,,,,,,,,,,,,,,,,,,
n,Timotius,,,"Timotius berasal dari Asia Kecil. Ketika dia masih muda, dia bepergian dengan Paulus ke banyak kota di mana mereka memulai gereja baru (Kis. 16, 17, 18, 19, 20). Paulus kemudian menulis surat kepada Timotius untuk mengajarinya cara menggembalakan jemaat. (Nama Timotius berarti ""hormatilah Allah"".)",,,,GC 7/7/2019,,,,,,,,,,,,,,,,,,,,,,,
n,Titus,,,"Titus menemani Paulus ke Kreta di mana mereka memulai gereja. Setelah Paulus pergi, Titus tinggal di sana untuk melatih para pemimpin gereja yang baru. Setelah itu, Paulus menulis surat kepadanya.",,,,GC 7/7/2019,,,,,,,,,,,,,,,,,,,,,,,
t,Kubur,"kuburan, kuburan-kuburan",kubur yang digali di dalam bukit batu,Kubur adalah tempat mayat dimakamkan. Orang Yahudi menguburkan orang mati di kuburan.,,,,,,,,,,,,,,,,,,,,,,,,,,,
t,kota,kampung,,Kota terdiri dari beberapa kampung. Kampung adalah kelompok kecil rumah penduduk. ,,,GC 08-Feb-19,,,,,,,,,,,,,,,,,,,,,,,,
t,Harta,harta benda,,Harta benda adalah uang atau barang mahal yang disimpan di satu tempat.,,,,,,,,,,,,,,,,,,,,,,,,,,,
n,Uza,,,"Raja Daud mengatur sebuah gerobak sapi untuk membawa Tabut Perjanjian ke Yerusalem setelah direbut. (Ini bukanlah cara yang ditentukan Allah untuk membawa Tabut Perjanjian.) Ketika lembu tersandung, seseorang yang bernama Uza meletakkan tangannya di atas Tabut untuk menahannya. Seketika juga Tuhan membunuh Uza, karena Tuhan melarang siapa pun menyentuh kotak itu. (Nama Uza berarti Kekuatan.)",,,,,,,,,,,,,,,,,,,,,,,,,,,
n,Wasti,,,"Ratu Wasti adalah istri pertama Ahasyweros, raja Persia. Raja Ahasyweros menggantikan posisi ratu Wasti dengan menjadikan Ester ratu barunya. (Nama Persia Wasti artinya Cantik.)",,,GC 08-Mar-2019,,,,,,,,,,,,,,,,,,,,,,,,
t,Pohon anggur,"Pohon-pohon anggur, kebun anggur, pokok anggur, pokok-pokok anggur",,"Kebun anggur adalah taman tempat orang-orang menanam pohon anggur. Kebun anggur dilindungi dengan pagar batu dan dijaga. Dalam Alkitab, Allah menyebut Israel kebun anggurnya, dan Yesus menyebut dirinya pokok anggur dan para pengikutnya ranting-rantingnya.","buah anggur, anggur",,,,,,,,,,,,,,,,,,,,,,,,,,
t,Perawan,"Perawan-perawan, Gadis, gadis-gadis",gadis (W);,"Perawan adalah perempuan, tua atau muda, yang belum pernah berhubungan seks. Di istana raja, perawan adalah wanita muda yang menunggu untuk menjadi istri atau selir raja.","perempuan, istri",,GC 07-Feb-19,,,,,,,,,,,,,,,,,,,,,,,,
t,Penglihatan,Penglihatan-penglihatan,melihat sesuatu seperti dalam mimpi (G); apa yang muncul (W);,"Penglihatan adalah seperti mimpi yang dilihat seseorang saat tidak tidur. Di dalam sebuah penglihatan, seseorang mungkin melihat orang atau benda yang pada biasanya tidak terlihat. Kitab Daniel dan kitab Wahyu menggambarkan beberapa penglihatan tentang peristiwa masa depan. Rasul Paulus melihat Yesus dalam beberapa penglihatan.",mimpi,,GC 07-Feb-19,,,,,,,,,,,,,,,,,,,,,,,,
t,Menunggu,"Ditunggu, tunggu, tunggulah",,"Menunggu orang lain berarti tetap berada di tempat yang sama sampai orang yang ditunggu itu datang. Menunggu sesuatu berarti terus mengharapkannya sampai hal itu terjadi. Menunggu Yesus datang berarti kita mengharapkan bahwa Dia akan datang kembali sambil kita hidup dengan cara yang menyenangkan Dia, sehingga Dia akan membalas perbuatan kita.",beristirahat,,GC 23-Feb-2019,,,,,,,,,,,,,,,,,,,,,,,,
t,jahat,"kejahatan, fasik, kefasikan",bengkok (W);,Orang jahat adalah orang yang menyakiti orang lain karena mereka mengabaikan hukum Allah.,,,GC 15-Feb-2019,,,,,,,,,,,,,,,,,,,,,,,,
t,Istri,Istri-istri,"seseorang yang  dimiliki/bersama laki-laki (G);
wanita (W);","Seorang istri adalah seorang wanita yang menikah dengan seorang pria. Seorang pria yang kaya mungkin memiliki lebih dari satu istri. Istri pertama raja disebut ratu. Pada hari pernikahannya, seorang istri disebut mempelai wanita. Selain istri, ada raja yang juga memiliki selir yang anak laki-lakinya tidak bisa menjadi raja.","gundik, perempuan, perawan, gadis",,GC 08-Mar-2019,,,,,,,,,,,,,,,,,,,,,,,,
t,Padang gurun,gurun,,Padang gurun adalah tanah atau daerah yang biasanya tidak ditinggali manusia karena sangat kering dan sunyi.,,,,GC 7/7/2019,,,,,,,,,,,,,,,,,,,,,,,
t,Anggur,,Sari ubi kayu yang difermentasi; minuman apa saja yang menyebabkan seseorang menjadi mabuk (G);,"Anggur (mengandung alkohol), sering diencerkan dengan air. Orang Yahudi menyajikan anggur kepada para tamu di pesta pernikahan dan selama pesta Paskah tahunan mereka. Anggur yang disajikan dalam perjamuan Tuhan adalah pengingat akan kematian Yesus.","bir, alkohol, minuman keras","Juice from grapes , often diluted with water. When fermented, wine contains alcohol. -> Fermented juice from grapes (contains alcohol),  often diluted with water. ",GC 07-Feb-19,,,,,,,,,,,,,,,,,,,,,,,,
t,Wanita,"Perempuan-perempuan, perempuan,  wanita-wanita ",,"Allah menciptakan pria dan wanita untuk menjadi pasangan yang setara dalam pernikahan dan dalam merawat bumi. Wanita yang sudah menikah disebut istri. Seorang budak wanita yang melahirkan anak dengan tuannya disebut selir. Sebelum menikah, seorang wanita muda disebut perawan jika dia belum pernah berhubungan seks.","istri, gundik, perawan, gadis", a young woman is called a virgin if she is has not had sex and is not pregnant. ->  a young woman is called a virgin if she has not had sex. ,GC 08-Mar-2019,,,,,,,,,,,,,,,,,,,,,,,,
t,Dunia,,atmosfer / kosmos (R); addina (W dari Ar);,"Dunia bisa berarti (1) bumi tempat semua makhluk hidup, atau (2) bangsa dan pemerintahan yang memberontak melawan Allah.
","bumi, surga",,,,,,,,,,,,,,,,,,,,,,,,,,
t,Menyembah,"Disembah, penyembahan","memanggil / berdoa kepada Allah; ibadah (R);
memuji Allah;
memberikan kehormatan kepada Allah;
membungkuk di hadapan Allah;
melakukan pekerjaan/pelayanan untuk Allah;
selalu melakukan apa yang Allah inginkan (G);
Memuliakan (W)","Penyembahan adalah setiap tindakan atau kegiatan yang dilakukan manusia untuk memuliakan Allah (atau dewa/berhala). Jadi, ada banyak cara kita menyembah Allah: dengan saling melayani, dengan mengajar dan mempelajari Kitab Suci, dengan nyanyian, dengan berdoa dan dengan memberi kepada orang lain untuk memenuhi kebutuhan yang mendesak.","doa, memuji",always doing what God wants you to (G); ???,,,,,,,,,,,,,,,,,,,,,,,,,
n,Ahasyweros,,,"Gelar raja-raja Persia. Ahasyweros Agung adalah raja ke-5 Kekaisaran Persia, 486–465 SM. (Nama Ahasyweros berarti Kepala.)",raja,,GC 08-Mar-2019,,,,,,,,,,,,,,,,,,,,,,,,
t,Ragi,,is (transliterasi) (R); lewer (W dari Fr);,Ragi adalah bahan yang digunakan untuk membuat roti. Ini menyebabkan adonan mengembang sebelum dipanggang. Hanya sedikit ragi yang dibutuhkan untuk membuat roti dalam jumlah besar. (Ragi adalah tanaman kecil yang mengonsumsi tepung dan gula dan melepaskan gelembung udara ke dalam adonan roti.),roti,,,,,,,,,,,,,,,,,,,,,,,,,,
n,Zakheus,,,"Nama Zakheus artinya Bersih atau Murni. Zakheus adalah seorang pemungut pajak Yahudi yang bekerja untuk pemerintah Romawi, yang menjadi kaya dengan menipu orang lain. Setelah dia bertemu Yesus, dia bertobat dari perbuatannya yang tidak jujur.",,,,,,,,,,,,,,,,,,,,,,,,,,,
n,Zakharia,,,Ada beberapa orang bernama Zakharia. Salah satunya adalah raja atas Israel Utara. Yang lainnya adalah putra imam Yoyada yang bernubuat pada masa pemerintahan raja Yoas ketika Roh Tuhan turun atasnya. Yoas menghukum mati dia dengan dilempari batu. Yang lainnya adalah seorang nabi Tuhan yang menulis sebuah kitab yang berjudul dengan namanya. Yang lainnya adalah ayah dari Yohanes Pembaptis. (Nama Zakharia berarti TUHAN Mengingat.),,,GC 07-Feb-19,,,,,,,,,,,,,,,,,,,,,,,,
n,Zedekia,,,"Raja Zedekia, putra raja Yoas, memerintah Yehuda di Israel selatan. Tentara Babel membutakannya dan membawanya sebagai tawanan ke Babel 586 tahun sebelum Masehi. Seorang pria lain bernama Zedekia menentang pesan yang diucapkan nabi Mikha. (Nama Zedekia berarti TUHAN itu adil.)",,,GC 07-Feb-19,,,,,,,,,,,,,,,,,,,,,,,,
n,Zeus,,,"Zeus adalah nama dewa utama Yunani, identik dengan dewa Romawi Jupiter. Dewa / roh lain diyakini sebagai utusannya. Namanya Hermes. Ketika orang-orang kafir menjadi Kristen, mereka berhenti menyembah berhala Zeus, dan mulai berdoa kepada Allah dalam nama Yesus.",,"Zeus, who is also called Jupiter, is the name of the chief Greek and Roman god. -> Zeus is the name of the chief Greek god, identical to Roman god Jupiter. ","Both European and Semitic philosophers made out Zeus and El to be the same God that the Hebrews worshipped. Thus, some pagans turned from their idols, honouring God through his human incarnation, Jesus.",,,,,,,,,,,,,,,,,,,,,,,,
n,Sion,,,"Sion adalah nama kuno dari salah satu bukit tempat kota Yerusalem berada. Kata Sion terkadang merujuk pada (1) Yerusalem, (2) surga (tempat di mana Allah berada), dan (3) Yerusalem Baru.",Yerusalem,,"The consonants of Tsîwn can mean marker stone, along a road or at a grave site.",,,,,,,,,,,,,,,,,,,,,,,,
,,,,,,,,,,,,,,,,,,,,,,,,,,,,,,,
,,,,,,,,,,,,,,,,,,,,,,,,,,,,,,,
,,,,,,,,,,,,,,,,,,,,,,,,,,,,,,,
,,,,,,,,,,,,,,,,,,,,,,,,,,,,,,,
,,,,,,,,,,,,,,,,,,,,,,,,,,,,,,,
,,,,,,,,,,,,,,,,,,,,,,,,,,,,,,,
,,,,,,,,,,,,,,,,,,,,,,,,,,,,,,,
,,,,,,,,,,,,,,,,,,,,,,,,,,,,,,,
,,,,,,,,,,,,,,,,,,,,,,,,,,,,,,,
,,,,,,,,,,,,,,,,,,,,,,,,,,,,,,,
,,,,,,,,,,,,,,,,,,,,,,,,,,,,,,,
,,,,,,,,,,,,,,,,,,,,,,,,,,,,,,,
,,,,,,,,,,,,,,,,,,,,,,,,,,,,,,,
,,,,,,,,,,,,,,,,,,,,,,,,,,,,,,,
,,,,,,,,,,,,,,,,,,,,,,,,,,,,,,,
,,,,,,,,,,,,,,,,,,,,,,,,,,,,,,,
,,,,,,,,,,,,,,,,,,,,,,,,,,,,,,,
,,,,,,,,,,,,,,,,,,,,,,,,,,,,,,,
,,,,,,,,,,,,,,,,,,,,,,,,,,,,,,,
,,,,,,,,,,,,,,,,,,,,,,,,,,,,,,,
,,,,,,,,,,,,,,,,,,,,,,,,,,,,,,,
,,,,,,,,,,,,,,,,,,,,,,,,,,,,,,,
,,,,,,,,,,,,,,,,,,,,,,,,,,,,,,,
,,,,,,,,,,,,,,,,,,,,,,,,,,,,,,,
,,,,,,,,,,,,,,,,,,,,,,,,,,,,,,,
,,,,,,,,,,,,,,,,,,,,,,,,,,,,,,,
,,,,,,,,,,,,,,,,,,,,,,,,,,,,,,,
,,,,,,,,,,,,,,,,,,,,,,,,,,,,,,,
,,,,,,,,,,,,,,,,,,,,,,,,,,,,,,,
,,,,,,,,,,,,,,,,,,,,,,,,,,,,,,,
,,,,,,,,,,,,,,,,,,,,,,,,,,,,,,,
,,,,,,,,,,,,,,,,,,,,,,,,,,,,,,,
,,,,,,,,,,,,,,,,,,,,,,,,,,,,,,,
,,,,,,,,,,,,,,,,,,,,,,,,,,,,,,,
,,,,,,,,,,,,,,,,,,,,,,,,,,,,,,,
,,,,,,,,,,,,,,,,,,,,,,,,,,,,,,,
,,,,,,,,,,,,,,,,,,,,,,,,,,,,,,,
,,,,,,,,,,,,,,,,,,,,,,,,,,,,,,,
,,,,,,,,,,,,,,,,,,,,,,,,,,,,,,,
,,,,,,,,,,,,,,,,,,,,,,,,,,,,,,,
,,,,,,,,,,,,,,,,,,,,,,,,,,,,,,,
,,,,,,,,,,,,,,,,,,,,,,,,,,,,,,,
,,,,,,,,,,,,,,,,,,,,,,,,,,,,,,,
,,,,,,,,,,,,,,,,,,,,,,,,,,,,,,,
,,,,,,,,,,,,,,,,,,,,,,,,,,,,,,,
,,,,,,,,,,,,,,,,,,,,,,,,,,,,,,,
,,,,,,,,,,,,,,,,,,,,,,,,,,,,,,,
,,,,,,,,,,,,,,,,,,,,,,,,,,,,,,,
,,,,,,,,,,,,,,,,,,,,,,,,,,,,,,,
,,,,,,,,,,,,,,,,,,,,,,,,,,,,,,,
,,,,,,,,,,,,,,,,,,,,,,,,,,,,,,,
,,,,,,,,,,,,,,,,,,,,,,,,,,,,,,,
,,,,,,,,,,,,,,,,,,,,,,,,,,,,,,,
,,,,,,,,,,,,,,,,,,,,,,,,,,,,,,,
,,,,,,,,,,,,,,,,,,,,,,,,,,,,,,,
,,,,,,,,,,,,,,,,,,,,,,,,,,,,,,,
,,,,,,,,,,,,,,,,,,,,,,,,,,,,,,,
,,,,,,,,,,,,,,,,,,,,,,,,,,,,,,,
,,,,,,,,,,,,,,,,,,,,,,,,,,,,,,,
,,,,,,,,,,,,,,,,,,,,,,,,,,,,,,,
,,,,,,,,,,,,,,,,,,,,,,,,,,,,,,,
,,,,,,,,,,,,,,,,,,,,,,,,,,,,,,,
,,,,,,,,,,,,,,,,,,,,,,,,,,,,,,,
,,,,,,,,,,,,,,,,,,,,,,,,,,,,,,,
,,,,,,,,,,,,,,,,,,,,,,,,,,,,,,,
,,,,,,,,,,,,,,,,,,,,,,,,,,,,,,,
,,,,,,,,,,,,,,,,,,,,,,,,,,,,,,,
,,,,,,,,,,,,,,,,,,,,,,,,,,,,,,,
,,,,,,,,,,,,,,,,,,,,,,,,,,,,,,,
,,,,,,,,,,,,,,,,,,,,,,,,,,,,,,,
,,,,,,,,,,,,,,,,,,,,,,,,,,,,,,,
,,,,,,,,,,,,,,,,,,,,,,,,,,,,,,,
,,,,,,,,,,,,,,,,,,,,,,,,,,,,,,,
,,,,,,,,,,,,,,,,,,,,,,,,,,,,,,,
,,,,,,,,,,,,,,,,,,,,,,,,,,,,,,,
,,,,,,,,,,,,,,,,,,,,,,,,,,,,,,,
,,,,,,,,,,,,,,,,,,,,,,,,,,,,,,,
,,,,,,,,,,,,,,,,,,,,,,,,,,,,,,,
,,,,,,,,,,,,,,,,,,,,,,,,,,,,,,,
,,,,,,,,,,,,,,,,,,,,,,,,,,,,,,,
,,,,,,,,,,,,,,,,,,,,,,,,,,,,,,,
,,,,,,,,,,,,,,,,,,,,,,,,,,,,,,,
,,,,,,,,,,,,,,,,,,,,,,,,,,,,,,,
,,,,,,,,,,,,,,,,,,,,,,,,,,,,,,,
,,,,,,,,,,,,,,,,,,,,,,,,,,,,,,,
,,,,,,,,,,,,,,,,,,,,,,,,,,,,,,,
,,,,,,,,,,,,,,,,,,,,,,,,,,,,,,,
,,,,,,,,,,,,,,,,,,,,,,,,,,,,,,,
,,,,,,,,,,,,,,,,,,,,,,,,,,,,,,,
,,,,,,,,,,,,,,,,,,,,,,,,,,,,,,,
,,,,,,,,,,,,,,,,,,,,,,,,,,,,,,,
,,,,,,,,,,,,,,,,,,,,,,,,,,,,,,,
,,,,,,,,,,,,,,,,,,,,,,,,,,,,,,,
,,,,,,,,,,,,,,,,,,,,,,,,,,,,,,,
,,,,,,,,,,,,,,,,,,,,,,,,,,,,,,,
,,,,,,,,,,,,,,,,,,,,,,,,,,,,,,,
,,,,,,,,,,,,,,,,,,,,,,,,,,,,,,,
,,,,,,,,,,,,,,,,,,,,,,,,,,,,,,,
,,,,,,,,,,,,,,,,,,,,,,,,,,,,,,,
,,,,,,,,,,,,,,,,,,,,,,,,,,,,,,,
,,,,,,,,,,,,,,,,,,,,,,,,,,,,,,,
,,,,,,,,,,,,,,,,,,,,,,,,,,,,,,,
,,,,,,,,,,,,,,,,,,,,,,,,,,,,,,,
,,,,,,,,,,,,,,,,,,,,,,,,,,,,,,,
,,,,,,,,,,,,,,,,,,,,,,,,,,,,,,,
,,,,,,,,,,,,,,,,,,,,,,,,,,,,,,,
,,,,,,,,,,,,,,,,,,,,,,,,,,,,,,,
,,,,,,,,,,,,,,,,,,,,,,,,,,,,,,,
,,,,,,,,,,,,,,,,,,,,,,,,,,,,,,,
,,,,,,,,,,,,,,,,,,,,,,,,,,,,,,,
,,,,,,,,,,,,,,,,,,,,,,,,,,,,,,,
,,,,,,,,,,,,,,,,,,,,,,,,,,,,,,,
,,,,,,,,,,,,,,,,,,,,,,,,,,,,,,,
,,,,,,,,,,,,,,,,,,,,,,,,,,,,,,,
,,,,,,,,,,,,,,,,,,,,,,,,,,,,,,,
,,,,,,,,,,,,,,,,,,,,,,,,,,,,,,,
,,,,,,,,,,,,,,,,,,,,,,,,,,,,,,,
,,,,,,,,,,,,,,,,,,,,,,,,,,,,,,,
,,,,,,,,,,,,,,,,,,,,,,,,,,,,,,,
,,,,,,,,,,,,,,,,,,,,,,,,,,,,,,,
,,,,,,,,,,,,,,,,,,,,,,,,,,,,,,,
,,,,,,,,,,,,,,,,,,,,,,,,,,,,,,,
,,,,,,,,,,,,,,,,,,,,,,,,,,,,,,,
,,,,,,,,,,,,,,,,,,,,,,,,,,,,,,,
,,,,,,,,,,,,,,,,,,,,,,,,,,,,,,,
,,,,,,,,,,,,,,,,,,,,,,,,,,,,,,,
,,,,,,,,,,,,,,,,,,,,,,,,,,,,,,,
,,,,,,,,,,,,,,,,,,,,,,,,,,,,,,,
,,,,,,,,,,,,,,,,,,,,,,,,,,,,,,,
,,,,,,,,,,,,,,,,,,,,,,,,,,,,,,,
,,,,,,,,,,,,,,,,,,,,,,,,,,,,,,,
,,,,,,,,,,,,,,,,,,,,,,,,,,,,,,,
,,,,,,,,,,,,,,,,,,,,,,,,,,,,,,,
,,,,,,,,,,,,,,,,,,,,,,,,,,,,,,,
,,,,,,,,,,,,,,,,,,,,,,,,,,,,,,,
,,,,,,,,,,,,,,,,,,,,,,,,,,,,,,,
,,,,,,,,,,,,,,,,,,,,,,,,,,,,,,,
,,,,,,,,,,,,,,,,,,,,,,,,,,,,,,,
,,,,,,,,,,,,,,,,,,,,,,,,,,,,,,,
,,,,,,,,,,,,,,,,,,,,,,,,,,,,,,,
,,,,,,,,,,,,,,,,,,,,,,,,,,,,,,,
,,,,,,,,,,,,,,,,,,,,,,,,,,,,,,,
,,,,,,,,,,,,,,,,,,,,,,,,,,,,,,,
,,,,,,,,,,,,,,,,,,,,,,,,,,,,,,,
,,,,,,,,,,,,,,,,,,,,,,,,,,,,,,,
,,,,,,,,,,,,,,,,,,,,,,,,,,,,,,,
,,,,,,,,,,,,,,,,,,,,,,,,,,,,,,,
,,,,,,,,,,,,,,,,,,,,,,,,,,,,,,,
,,,,,,,,,,,,,,,,,,,,,,,,,,,,,,,
,,,,,,,,,,,,,,,,,,,,,,,,,,,,,,,
,,,,,,,,,,,,,,,,,,,,,,,,,,,,,,,
,,,,,,,,,,,,,,,,,,,,,,,,,,,,,,,
,,,,,,,,,,,,,,,,,,,,,,,,,,,,,,,
,,,,,,,,,,,,,,,,,,,,,,,,,,,,,,,
,,,,,,,,,,,,,,,,,,,,,,,,,,,,,,,
,,,,,,,,,,,,,,,,,,,,,,,,,,,,,,,
,,,,,,,,,,,,,,,,,,,,,,,,,,,,,,,
,,,,,,,,,,,,,,,,,,,,,,,,,,,,,,,
,,,,,,,,,,,,,,,,,,,,,,,,,,,,,,,
,,,,,,,,,,,,,,,,,,,,,,,,,,,,,,,
,,,,,,,,,,,,,,,,,,,,,,,,,,,,,,,
,,,,,,,,,,,,,,,,,,,,,,,,,,,,,,,
,,,,,,,,,,,,,,,,,,,,,,,,,,,,,,,
,,,,,,,,,,,,,,,,,,,,,,,,,,,,,,,
,,,,,,,,,,,,,,,,,,,,,,,,,,,,,,,
,,,,,,,,,,,,,,,,,,,,,,,,,,,,,,,
,,,,,,,,,,,,,,,,,,,,,,,,,,,,,,,
,,,,,,,,,,,,,,,,,,,,,,,,,,,,,,,
,,,,,,,,,,,,,,,,,,,,,,,,,,,,,,,
,,,,,,,,,,,,,,,,,,,,,,,,,,,,,,,
,,,,,,,,,,,,,,,,,,,,,,,,,,,,,,,
,,,,,,,,,,,,,,,,,,,,,,,,,,,,,,,
,,,,,,,,,,,,,,,,,,,,,,,,,,,,,,,
,,,,,,,,,,,,,,,,,,,,,,,,,,,,,,,
,,,,,,,,,,,,,,,,,,,,,,,,,,,,,,,
,,,,,,,,,,,,,,,,,,,,,,,,,,,,,,,
,,,,,,,,,,,,,,,,,,,,,,,,,,,,,,,
,,,,,,,,,,,,,,,,,,,,,,,,,,,,,,,
,,,,,,,,,,,,,,,,,,,,,,,,,,,,,,,
,,,,,,,,,,,,,,,,,,,,,,,,,,,,,,,
,,,,,,,,,,,,,,,,,,,,,,,,,,,,,,,
,,,,,,,,,,,,,,,,,,,,,,,,,,,,,,,
,,,,,,,,,,,,,,,,,,,,,,,,,,,,,,,
,,,,,,,,,,,,,,,,,,,,,,,,,,,,,,,
,,,,,,,,,,,,,,,,,,,,,,,,,,,,,,,
,,,,,,,,,,,,,,,,,,,,,,,,,,,,,,,
,,,,,,,,,,,,,,,,,,,,,,,,,,,,,,,
,,,,,,,,,,,,,,,,,,,,,,,,,,,,,,,
,,,,,,,,,,,,,,,,,,,,,,,,,,,,,,,
,,,,,,,,,,,,,,,,,,,,,,,,,,,,,,,
,,,,,,,,,,,,,,,,,,,,,,,,,,,,,,,
,,,,,,,,,,,,,,,,,,,,,,,,,,,,,,,
,,,,,,,,,,,,,,,,,,,,,,,,,,,,,,,
,,,,,,,,,,,,,,,,,,,,,,,,,,,,,,,
,,,,,,,,,,,,,,,,,,,,,,,,,,,,,,,
,,,,,,,,,,,,,,,,,,,,,,,,,,,,,,,
,,,,,,,,,,,,,,,,,,,,,,,,,,,,,,,
,,,,,,,,,,,,,,,,,,,,,,,,,,,,,,,
,,,,,,,,,,,,,,,,,,,,,,,,,,,,,,,
,,,,,,,,,,,,,,,,,,,,,,,,,,,,,,,
,,,,,,,,,,,,,,,,,,,,,,,,,,,,,,,
,,,,,,,,,,,,,,,,,,,,,,,,,,,,,,,
,,,,,,,,,,,,,,,,,,,,,,,,,,,,,,,
,,,,,,,,,,,,,,,,,,,,,,,,,,,,,,,
,,,,,,,,,,,,,,,,,,,,,,,,,,,,,,,
,,,,,,,,,,,,,,,,,,,,,,,,,,,,,,,
,,,,,,,,,,,,,,,,,,,,,,,,,,,,,,,
,,,,,,,,,,,,,,,,,,,,,,,,,,,,,,,
,,,,,,,,,,,,,,,,,,,,,,,,,,,,,,,
,,,,,,,,,,,,,,,,,,,,,,,,,,,,,,,
,,,,,,,,,,,,,,,,,,,,,,,,,,,,,,,
,,,,,,,,,,,,,,,,,,,,,,,,,,,,,,,
,,,,,,,,,,,,,,,,,,,,,,,,,,,,,,,
,,,,,,,,,,,,,,,,,,,,,,,,,,,,,,,
,,,,,,,,,,,,,,,,,,,,,,,,,,,,,,,
,,,,,,,,,,,,,,,,,,,,,,,,,,,,,,,
,,,,,,,,,,,,,,,,,,,,,,,,,,,,,,,
,,,,,,,,,,,,,,,,,,,,,,,,,,,,,,,
,,,,,,,,,,,,,,,,,,,,,,,,,,,,,,,
,,,,,,,,,,,,,,,,,,,,,,,,,,,,,,,
,,,,,,,,,,,,,,,,,,,,,,,,,,,,,,,
,,,,,,,,,,,,,,,,,,,,,,,,,,,,,,,
,,,,,,,,,,,,,,,,,,,,,,,,,,,,,,,
,,,,,,,,,,,,,,,,,,,,,,,,,,,,,,,
,,,,,,,,,,,,,,,,,,,,,,,,,,,,,,,
,,,,,,,,,,,,,,,,,,,,,,,,,,,,,,,
,,,,,,,,,,,,,,,,,,,,,,,,,,,,,,,
,,,,,,,,,,,,,,,,,,,,,,,,,,,,,,,
,,,,,,,,,,,,,,,,,,,,,,,,,,,,,,,
,,,,,,,,,,,,,,,,,,,,,,,,,,,,,,,
,,,,,,,,,,,,,,,,,,,,,,,,,,,,,,,
,,,,,,,,,,,,,,,,,,,,,,,,,,,,,,,
,,,,,,,,,,,,,,,,,,,,,,,,,,,,,,,
,,,,,,,,,,,,,,,,,,,,,,,,,,,,,,,
,,,,,,,,,,,,,,,,,,,,,,,,,,,,,,,
,,,,,,,,,,,,,,,,,,,,,,,,,,,,,,,
,,,,,,,,,,,,,,,,,,,,,,,,,,,,,,,
,,,,,,,,,,,,,,,,,,,,,,,,,,,,,,,
,,,,,,,,,,,,,,,,,,,,,,,,,,,,,,,
,,,,,,,,,,,,,,,,,,,,,,,,,,,,,,,
,,,,,,,,,,,,,,,,,,,,,,,,,,,,,,,
,,,,,,,,,,,,,,,,,,,,,,,,,,,,,,,
,,,,,,,,,,,,,,,,,,,,,,,,,,,,,,,
,,,,,,,,,,,,,,,,,,,,,,,,,,,,,,,
,,,,,,,,,,,,,,,,,,,,,,,,,,,,,,,
,,,,,,,,,,,,,,,,,,,,,,,,,,,,,,,
,,,,,,,,,,,,,,,,,,,,,,,,,,,,,,,
,,,,,,,,,,,,,,,,,,,,,,,,,,,,,,,
,,,,,,,,,,,,,,,,,,,,,,,,,,,,,,,
,,,,,,,,,,,,,,,,,,,,,,,,,,,,,,,
,,,,,,,,,,,,,,,,,,,,,,,,,,,,,,,
,,,,,,,,,,,,,,,,,,,,,,,,,,,,,,,
,,,,,,,,,,,,,,,,,,,,,,,,,,,,,,,
,,,,,,,,,,,,,,,,,,,,,,,,,,,,,,,
,,,,,,,,,,,,,,,,,,,,,,,,,,,,,,,
,,,,,,,,,,,,,,,,,,,,,,,,,,,,,,,
,,,,,,,,,,,,,,,,,,,,,,,,,,,,,,,
,,,,,,,,,,,,,,,,,,,,,,,,,,,,,,,
,,,,,,,,,,,,,,,,,,,,,,,,,,,,,,,
,,,,,,,,,,,,,,,,,,,,,,,,,,,,,,,
,,,,,,,,,,,,,,,,,,,,,,,,,,,,,,,
,,,,,,,,,,,,,,,,,,,,,,,,,,,,,,,
,,,,,,,,,,,,,,,,,,,,,,,,,,,,,,,
,,,,,,,,,,,,,,,,,,,,,,,,,,,,,,,
,,,,,,,,,,,,,,,,,,,,,,,,,,,,,,,
,,,,,,,,,,,,,,,,,,,,,,,,,,,,,,,
,,,,,,,,,,,,,,,,,,,,,,,,,,,,,,,
,,,,,,,,,,,,,,,,,,,,,,,,,,,,,,,
,,,,,,,,,,,,,,,,,,,,,,,,,,,,,,,
,,,,,,,,,,,,,,,,,,,,,,,,,,,,,,,
,,,,,,,,,,,,,,,,,,,,,,,,,,,,,,,
,,,,,,,,,,,,,,,,,,,,,,,,,,,,,,,
,,,,,,,,,,,,,,,,,,,,,,,,,,,,,,,
,,,,,,,,,,,,,,,,,,,,,,,,,,,,,,,
,,,,,,,,,,,,,,,,,,,,,,,,,,,,,,,
,,,,,,,,,,,,,,,,,,,,,,,,,,,,,,,
,,,,,,,,,,,,,,,,,,,,,,,,,,,,,,,
,,,,,,,,,,,,,,,,,,,,,,,,,,,,,,,
,,,,,,,,,,,,,,,,,,,,,,,,,,,,,,,
,,,,,,,,,,,,,,,,,,,,,,,,,,,,,,,
,,,,,,,,,,,,,,,,,,,,,,,,,,,,,,,
,,,,,,,,,,,,,,,,,,,,,,,,,,,,,,,
,,,,,,,,,,,,,,,,,,,,,,,,,,,,,,,
,,,,,,,,,,,,,,,,,,,,,,,,,,,,,,,
,,,,,,,,,,,,,,,,,,,,,,,,,,,,,,,
,,,,,,,,,,,,,,,,,,,,,,,,,,,,,,,
,,,,,,,,,,,,,,,,,,,,,,,,,,,,,,,
,,,,,,,,,,,,,,,,,,,,,,,,,,,,,,,
,,,,,,,,,,,,,,,,,,,,,,,,,,,,,,,
,,,,,,,,,,,,,,,,,,,,,,,,,,,,,,,
,,,,,,,,,,,,,,,,,,,,,,,,,,,,,,,
,,,,,,,,,,,,,,,,,,,,,,,,,,,,,,,
,,,,,,,,,,,,,,,,,,,,,,,,,,,,,,,
,,,,,,,,,,,,,,,,,,,,,,,,,,,,,,,
,,,,,,,,,,,,,,,,,,,,,,,,,,,,,,,
,,,,,,,,,,,,,,,,,,,,,,,,,,,,,,,
,,,,,,,,,,,,,,,,,,,,,,,,,,,,,,,
,,,,,,,,,,,,,,,,,,,,,,,,,,,,,,,
,,,,,,,,,,,,,,,,,,,,,,,,,,,,,,,
,,,,,,,,,,,,,,,,,,,,,,,,,,,,,,,
,,,,,,,,,,,,,,,,,,,,,,,,,,,,,,,
,,,,,,,,,,,,,,,,,,,,,,,,,,,,,,,
,,,,,,,,,,,,,,,,,,,,,,,,,,,,,,,
,,,,,,,,,,,,,,,,,,,,,,,,,,,,,,,
,,,,,,,,,,,,,,,,,,,,,,,,,,,,,,,
,,,,,,,,,,,,,,,,,,,,,,,,,,,,,,,
,,,,,,,,,,,,,,,,,,,,,,,,,,,,,,,
,,,,,,,,,,,,,,,,,,,,,,,,,,,,,,,
,,,,,,,,,,,,,,,,,,,,,,,,,,,,,,,
,,,,,,,,,,,,,,,,,,,,,,,,,,,,,,,
,,,,,,,,,,,,,,,,,,,,,,,,,,,,,,,
,,,,,,,,,,,,,,,,,,,,,,,,,,,,,,,
,,,,,,,,,,,,,,,,,,,,,,,,,,,,,,,
,,,,,,,,,,,,,,,,,,,,,,,,,,,,,,,
,,,,,,,,,,,,,,,,,,,,,,,,,,,,,,,
,,,,,,,,,,,,,,,,,,,,,,,,,,,,,,,
,,,,,,,,,,,,,,,,,,,,,,,,,,,,,,,
,,,,,,,,,,,,,,,,,,,,,,,,,,,,,,,
,,,,,,,,,,,,,,,,,,,,,,,,,,,,,,,
,,,,,,,,,,,,,,,,,,,,,,,,,,,,,,,
,,,,,,,,,,,,,,,,,,,,,,,,,,,,,,,
,,,,,,,,,,,,,,,,,,,,,,,,,,,,,,,
,,,,,,,,,,,,,,,,,,,,,,,,,,,,,,,
,,,,,,,,,,,,,,,,,,,,,,,,,,,,,,,
,,,,,,,,,,,,,,,,,,,,,,,,,,,,,,,
,,,,,,,,,,,,,,,,,,,,,,,,,,,,,,,
,,,,,,,,,,,,,,,,,,,,,,,,,,,,,,,
,,,,,,,,,,,,,,,,,,,,,,,,,,,,,,,
,,,,,,,,,,,,,,,,,,,,,,,,,,,,,,,
,,,,,,,,,,,,,,,,,,,,,,,,,,,,,,,
,,,,,,,,,,,,,,,,,,,,,,,,,,,,,,,
,,,,,,,,,,,,,,,,,,,,,,,,,,,,,,,
,,,,,,,,,,,,,,,,,,,,,,,,,,,,,,,
,,,,,,,,,,,,,,,,,,,,,,,,,,,,,,,
,,,,,,,,,,,,,,,,,,,,,,,,,,,,,,,
,,,,,,,,,,,,,,,,,,,,,,,,,,,,,,,
,,,,,,,,,,,,,,,,,,,,,,,,,,,,,,,
,,,,,,,,,,,,,,,,,,,,,,,,,,,,,,,
,,,,,,,,,,,,,,,,,,,,,,,,,,,,,,,
,,,,,,,,,,,,,,,,,,,,,,,,,,,,,,,
,,,,,,,,,,,,,,,,,,,,,,,,,,,,,,,
,,,,,,,,,,,,,,,,,,,,,,,,,,,,,,,
,,,,,,,,,,,,,,,,,,,,,,,,,,,,,,,
,,,,,,,,,,,,,,,,,,,,,,,,,,,,,,,
,,,,,,,,,,,,,,,,,,,,,,,,,,,,,,,
,,,,,,,,,,,,,,,,,,,,,,,,,,,,,,,
,,,,,,,,,,,,,,,,,,,,,,,,,,,,,,,
,,,,,,,,,,,,,,,,,,,,,,,,,,,,,,,
,,,,,,,,,,,,,,,,,,,,,,,,,,,,,,,
,,,,,,,,,,,,,,,,,,,,,,,,,,,,,,,
,,,,,,,,,,,,,,,,,,,,,,,,,,,,,,,
,,,,,,,,,,,,,,,,,,,,,,,,,,,,,,,
,,,,,,,,,,,,,,,,,,,,,,,,,,,,,,,
,,,,,,,,,,,,,,,,,,,,,,,,,,,,,,,
,,,,,,,,,,,,,,,,,,,,,,,,,,,,,,,
,,,,,,,,,,,,,,,,,,,,,,,,,,,,,,,
,,,,,,,,,,,,,,,,,,,,,,,,,,,,,,,
,,,,,,,,,,,,,,,,,,,,,,,,,,,,,,,
,,,,,,,,,,,,,,,,,,,,,,,,,,,,,,,
,,,,,,,,,,,,,,,,,,,,,,,,,,,,,,,
,,,,,,,,,,,,,,,,,,,,,,,,,,,,,,,
,,,,,,,,,,,,,,,,,,,,,,,,,,,,,,,
,,,,,,,,,,,,,,,,,,,,,,,,,,,,,,,
,,,,,,,,,,,,,,,,,,,,,,,,,,,,,,,
,,,,,,,,,,,,,,,,,,,,,,,,,,,,,,,
,,,,,,,,,,,,,,,,,,,,,,,,,,,,,,,
,,,,,,,,,,,,,,,,,,,,,,,,,,,,,,,
,,,,,,,,,,,,,,,,,,,,,,,,,,,,,,,
,,,,,,,,,,,,,,,,,,,,,,,,,,,,,,,
,,,,,,,,,,,,,,,,,,,,,,,,,,,,,,,
,,,,,,,,,,,,,,,,,,,,,,,,,,,,,,,
,,,,,,,,,,,,,,,,,,,,,,,,,,,,,,,
,,,,,,,,,,,,,,,,,,,,,,,,,,,,,,,
,,,,,,,,,,,,,,,,,,,,,,,,,,,,,,,
,,,,,,,,,,,,,,,,,,,,,,,,,,,,,,,
,,,,,,,,,,,,,,,,,,,,,,,,,,,,,,,
,,,,,,,,,,,,,,,,,,,,,,,,,,,,,,,
,,,,,,,,,,,,,,,,,,,,,,,,,,,,,,,
,,,,,,,,,,,,,,,,,,,,,,,,,,,,,,,
,,,,,,,,,,,,,,,,,,,,,,,,,,,,,,,
,,,,,,,,,,,,,,,,,,,,,,,,,,,,,,,
,,,,,,,,,,,,,,,,,,,,,,,,,,,,,,,
,,,,,,,,,,,,,,,,,,,,,,,,,,,,,,,
,,,,,,,,,,,,,,,,,,,,,,,,,,,,,,,
,,,,,,,,,,,,,,,,,,,,,,,,,,,,,,,
,,,,,,,,,,,,,,,,,,,,,,,,,,,,,,,
,,,,,,,,,,,,,,,,,,,,,,,,,,,,,,,
,,,,,,,,,,,,,,,,,,,,,,,,,,,,,,,
,,,,,,,,,,,,,,,,,,,,,,,,,,,,,,,
,,,,,,,,,,,,,,,,,,,,,,,,,,,,,,,
,,,,,,,,,,,,,,,,,,,,,,,,,,,,,,,
,,,,,,,,,,,,,,,,,,,,,,,,,,,,,,,
,,,,,,,,,,,,,,,,,,,,,,,,,,,,,,,
,,,,,,,,,,,,,,,,,,,,,,,,,,,,,,,
,,,,,,,,,,,,,,,,,,,,,,,,,,,,,,,
,,,,,,,,,,,,,,,,,,,,,,,,,,,,,,,
,,,,,,,,,,,,,,,,,,,,,,,,,,,,,,,
,,,,,,,,,,,,,,,,,,,,,,,,,,,,,,,
,,,,,,,,,,,,,,,,,,,,,,,,,,,,,,,
,,,,,,,,,,,,,,,,,,,,,,,,,,,,,,,
,,,,,,,,,,,,,,,,,,,,,,,,,,,,,,,
,,,,,,,,,,,,,,,,,,,,,,,,,,,,,,,
,,,,,,,,,,,,,,,,,,,,,,,,,,,,,,,
,,,,,,,,,,,,,,,,,,,,,,,,,,,,,,,
,,,,,,,,,,,,,,,,,,,,,,,,,,,,,,,
,,,,,,,,,,,,,,,,,,,,,,,,,,,,,,,
,,,,,,,,,,,,,,,,,,,,,,,,,,,,,,,
,,,,,,,,,,,,,,,,,,,,,,,,,,,,,,,
,,,,,,,,,,,,,,,,,,,,,,,,,,,,,,,
,,,,,,,,,,,,,,,,,,,,,,,,,,,,,,,
,,,,,,,,,,,,,,,,,,,,,,,,,,,,,,,
,,,,,,,,,,,,,,,,,,,,,,,,,,,,,,,
,,,,,,,,,,,,,,,,,,,,,,,,,,,,,,,
,,,,,,,,,,,,,,,,,,,,,,,,,,,,,,,
,,,,,,,,,,,,,,,,,,,,,,,,,,,,,,,
,,,,,,,,,,,,,,,,,,,,,,,,,,,,,,,
,,,,,,,,,,,,,,,,,,,,,,,,,,,,,,,
,,,,,,,,,,,,,,,,,,,,,,,,,,,,,,,
,,,,,,,,,,,,,,,,,,,,,,,,,,,,,,,
,,,,,,,,,,,,,,,,,,,,,,,,,,,,,,,
,,,,,,,,,,,,,,,,,,,,,,,,,,,,,,,
,,,,,,,,,,,,,,,,,,,,,,,,,,,,,,,
,,,,,,,,,,,,,,,,,,,,,,,,,,,,,,,
,,,,,,,,,,,,,,,,,,,,,,,,,,,,,,,
,,,,,,,,,,,,,,,,,,,,,,,,,,,,,,,
,,,,,,,,,,,,,,,,,,,,,,,,,,,,,,,
,,,,,,,,,,,,,,,,,,,,,,,,,,,,,,,
,,,,,,,,,,,,,,,,,,,,,,,,,,,,,,,
,,,,,,,,,,,,,,,,,,,,,,,,,,,,,,,
,,,,,,,,,,,,,,,,,,,,,,,,,,,,,,,
,,,,,,,,,,,,,,,,,,,,,,,,,,,,,,,
,,,,,,,,,,,,,,,,,,,,,,,,,,,,,,,
,,,,,,,,,,,,,,,,,,,,,,,,,,,,,,,
,,,,,,,,,,,,,,,,,,,,,,,,,,,,,,,
,,,,,,,,,,,,,,,,,,,,,,,,,,,,,,,
,,,,,,,,,,,,,,,,,,,,,,,,,,,,,,,
,,,,,,,,,,,,,,,,,,,,,,,,,,,,,,,
,,,,,,,,,,,,,,,,,,,,,,,,,,,,,,,
,,,,,,,,,,,,,,,,,,,,,,,,,,,,,,,
,,,,,,,,,,,,,,,,,,,,,,,,,,,,,,,
,,,,,,,,,,,,,,,,,,,,,,,,,,,,,,,
,,,,,,,,,,,,,,,,,,,,,,,,,,,,,,,
,,,,,,,,,,,,,,,,,,,,,,,,,,,,,,,
,,,,,,,,,,,,,,,,,,,,,,,,,,,,,,,
,,,,,,,,,,,,,,,,,,,,,,,,,,,,,,,
,,,,,,,,,,,,,,,,,,,,,,,,,,,,,,,
,,,,,,,,,,,,,,,,,,,,,,,,,,,,,,,
,,,,,,,,,,,,,,,,,,,,,,,,,,,,,,,
,,,,,,,,,,,,,,,,,,,,,,,,,,,,,,,
,,,,,,,,,,,,,,,,,,,,,,,,,,,,,,,
,,,,,,,,,,,,,,,,,,,,,,,,,,,,,,,
,,,,,,,,,,,,,,,,,,,,,,,,,,,,,,,
,,,,,,,,,,,,,,,,,,,,,,,,,,,,,,,
,,,,,,,,,,,,,,,,,,,,,,,,,,,,,,,
,,,,,,,,,,,,,,,,,,,,,,,,,,,,,,,
,,,,,,,,,,,,,,,,,,,,,,,,,,,,,,,
,,,,,,,,,,,,,,,,,,,,,,,,,,,,,,,
,,,,,,,,,,,,,,,,,,,,,,,,,,,,,,,
,,,,,,,,,,,,,,,,,,,,,,,,,,,,,,,
,,,,,,,,,,,,,,,,,,,,,,,,,,,,,,,
,,,,,,,,,,,,,,,,,,,,,,,,,,,,,,,
,,,,,,,,,,,,,,,,,,,,,,,,,,,,,,,
,,,,,,,,,,,,,,,,,,,,,,,,,,,,,,,
,,,,,,,,,,,,,,,,,,,,,,,,,,,,,,,
,,,,,,,,,,,,,,,,,,,,,,,,,,,,,,,
,,,,,,,,,,,,,,,,,,,,,,,,,,,,,,,
,,,,,,,,,,,,,,,,,,,,,,,,,,,,,,,
,,,,,,,,,,,,,,,,,,,,,,,,,,,,,,,
,,,,,,,,,,,,,,,,,,,,,,,,,,,,,,,
,,,,,,,,,,,,,,,,,,,,,,,,,,,,,,,
,,,,,,,,,,,,,,,,,,,,,,,,,,,,,,,
,,,,,,,,,,,,,,,,,,,,,,,,,,,,,,,
,,,,,,,,,,,,,,,,,,,,,,,,,,,,,,,
,,,,,,,,,,,,,,,,,,,,,,,,,,,,,,,
,,,,,,,,,,,,,,,,,,,,,,,,,,,,,,,
,,,,,,,,,,,,,,,,,,,,,,,,,,,,,,,
,,,,,,,,,,,,,,,,,,,,,,,,,,,,,,,
,,,,,,,,,,,,,,,,,,,,,,,,,,,,,,,
,,,,,,,,,,,,,,,,,,,,,,,,,,,,,,,
,,,,,,,,,,,,,,,,,,,,,,,,,,,,,,,
,,,,,,,,,,,,,,,,,,,,,,,,,,,,,,,
,,,,,,,,,,,,,,,,,,,,,,,,,,,,,,,
,,,,,,,,,,,,,,,,,,,,,,,,,,,,,,,
,,,,,,,,,,,,,,,,,,,,,,,,,,,,,,,
,,,,,,,,,,,,,,,,,,,,,,,,,,,,,,,
,,,,,,,,,,,,,,,,,,,,,,,,,,,,,,,
,,,,,,,,,,,,,,,,,,,,,,,,,,,,,,,
,,,,,,,,,,,,,,,,,,,,,,,,,,,,,,,
,,,,,,,,,,,,,,,,,,,,,,,,,,,,,,,
,,,,,,,,,,,,,,,,,,,,,,,,,,,,,,,
,,,,,,,,,,,,,,,,,,,,,,,,,,,,,,,
,,,,,,,,,,,,,,,,,,,,,,,,,,,,,,,
,,,,,,,,,,,,,,,,,,,,,,,,,,,,,,,
,,,,,,,,,,,,,,,,,,,,,,,,,,,,,,,
,,,,,,,,,,,,,,,,,,,,,,,,,,,,,,,
,,,,,,,,,,,,,,,,,,,,,,,,,,,,,,,
,,,,,,,,,,,,,,,,,,,,,,,,,,,,,,,
,,,,,,,,,,,,,,,,,,,,,,,,,,,,,,,
,,,,,,,,,,,,,,,,,,,,,,,,,,,,,,,
,,,,,,,,,,,,,,,,,,,,,,,,,,,,,,,
,,,,,,,,,,,,,,,,,,,,,,,,,,,,,,,
,,,,,,,,,,,,,,,,,,,,,,,,,,,,,,,
,,,,,,,,,,,,,,,,,,,,,,,,,,,,,,,
,,,,,,,,,,,,,,,,,,,,,,,,,,,,,,,
,,,,,,,,,,,,,,,,,,,,,,,,,,,,,,,
,,,,,,,,,,,,,,,,,,,,,,,,,,,,,,,
,,,,,,,,,,,,,,,,,,,,,,,,,,,,,,,
,,,,,,,,,,,,,,,,,,,,,,,,,,,,,,,
,,,,,,,,,,,,,,,,,,,,,,,,,,,,,,,
,,,,,,,,,,,,,,,,,,,,,,,,,,,,,,,
,,,,,,,,,,,,,,,,,,,,,,,,,,,,,,,
,,,,,,,,,,,,,,,,,,,,,,,,,,,,,,,
,,,,,,,,,,,,,,,,,,,,,,,,,,,,,,,
,,,,,,,,,,,,,,,,,,,,,,,,,,,,,,,
,,,,,,,,,,,,,,,,,,,,,,,,,,,,,,,
,,,,,,,,,,,,,,,,,,,,,,,,,,,,,,,
,,,,,,,,,,,,,,,,,,,,,,,,,,,,,,,
,,,,,,,,,,,,,,,,,,,,,,,,,,,,,,,
,,,,,,,,,,,,,,,,,,,,,,,,,,,,,,,
,,,,,,,,,,,,,,,,,,,,,,,,,,,,,,,
,,,,,,,,,,,,,,,,,,,,,,,,,,,,,,,
,,,,,,,,,,,,,,,,,,,,,,,,,,,,,,,
,,,,,,,,,,,,,,,,,,,,,,,,,,,,,,,
,,,,,,,,,,,,,,,,,,,,,,,,,,,,,,,
,,,,,,,,,,,,,,,,,,,,,,,,,,,,,,,
,,,,,,,,,,,,,,,,,,,,,,,,,,,,,,,
,,,,,,,,,,,,,,,,,,,,,,,,,,,,,,,
,,,,,,,,,,,,,,,,,,,,,,,,,,,,,,,
,,,,,,,,,,,,,,,,,,,,,,,,,,,,,,,
,,,,,,,,,,,,,,,,,,,,,,,,,,,,,,,
,,,,,,,,,,,,,,,,,,,,,,,,,,,,,,,
,,,,,,,,,,,,,,,,,,,,,,,,,,,,,,,
,,,,,,,,,,,,,,,,,,,,,,,,,,,,,,,
,,,,,,,,,,,,,,,,,,,,,,,,,,,,,,,
,,,,,,,,,,,,,,,,,,,,,,,,,,,,,,,
,,,,,,,,,,,,,,,,,,,,,,,,,,,,,,,
,,,,,,,,,,,,,,,,,,,,,,,,,,,,,,,
,,,,,,,,,,,,,,,,,,,,,,,,,,,,,,,
,,,,,,,,,,,,,,,,,,,,,,,,,,,,,,,
,,,,,,,,,,,,,,,,,,,,,,,,,,,,,,,
,,,,,,,,,,,,,,,,,,,,,,,,,,,,,,,
,,,,,,,,,,,,,,,,,,,,,,,,,,,,,,,
,,,,,,,,,,,,,,,,,,,,,,,,,,,,,,,
,,,,,,,,,,,,,,,,,,,,,,,,,,,,,,,
,,,,,,,,,,,,,,,,,,,,,,,,,,,,,,,
,,,,,,,,,,,,,,,,,,,,,,,,,,,,,,,
,,,,,,,,,,,,,,,,,,,,,,,,,,,,,,,
,,,,,,,,,,,,,,,,,,,,,,,,,,,,,,,
,,,,,,,,,,,,,,,,,,,,,,,,,,,,,,,
,,,,,,,,,,,,,,,,,,,,,,,,,,,,,,,
,,,,,,,,,,,,,,,,,,,,,,,,,,,,,,,
,,,,,,,,,,,,,,,,,,,,,,,,,,,,,,,
,,,,,,,,,,,,,,,,,,,,,,,,,,,,,,,
,,,,,,,,,,,,,,,,,,,,,,,,,,,,,,,
,,,,,,,,,,,,,,,,,,,,,,,,,,,,,,,
,,,,,,,,,,,,,,,,,,,,,,,,,,,,,,,
,,,,,,,,,,,,,,,,,,,,,,,,,,,,,,,
,,,,,,,,,,,,,,,,,,,,,,,,,,,,,,,
,,,,,,,,,,,,,,,,,,,,,,,,,,,,,,,
,,,,,,,,,,,,,,,,,,,,,,,,,,,,,,,
,,,,,,,,,,,,,,,,,,,,,,,,,,,,,,,
,,,,,,,,,,,,,,,,,,,,,,,,,,,,,,,
,,,,,,,,,,,,,,,,,,,,,,,,,,,,,,,
,,,,,,,,,,,,,,,,,,,,,,,,,,,,,,,
,,,,,,,,,,,,,,,,,,,,,,,,,,,,,,,
,,,,,,,,,,,,,,,,,,,,,,,,,,,,,,,
,,,,,,,,,,,,,,,,,,,,,,,,,,,,,,,
,,,,,,,,,,,,,,,,,,,,,,,,,,,,,,,
,,,,,,,,,,,,,,,,,,,,,,,,,,,,,,,
,,,,,,,,,,,,,,,,,,,,,,,,,,,,,,,
,,,,,,,,,,,,,,,,,,,,,,,,,,,,,,,
,,,,,,,,,,,,,,,,,,,,,,,,,,,,,,,
,,,,,,,,,,,,,,,,,,,,,,,,,,,,,,,
,,,,,,,,,,,,,,,,,,,,,,,,,,,,,,,
,,,,,,,,,,,,,,,,,,,,,,,,,,,,,,,
,,,,,,,,,,,,,,,,,,,,,,,,,,,,,,,
,,,,,,,,,,,,,,,,,,,,,,,,,,,,,,,
,,,,,,,,,,,,,,,,,,,,,,,,,,,,,,,
,,,,,,,,,,,,,,,,,,,,,,,,,,,,,,,
,,,,,,,,,,,,,,,,,,,,,,,,,,,,,,,
,,,,,,,,,,,,,,,,,,,,,,,,,,,,,,,
,,,,,,,,,,,,,,,,,,,,,,,,,,,,,,,
,,,,,,,,,,,,,,,,,,,,,,,,,,,,,,,
,,,,,,,,,,,,,,,,,,,,,,,,,,,,,,,
,,,,,,,,,,,,,,,,,,,,,,,,,,,,,,,
,,,,,,,,,,,,,,,,,,,,,,,,,,,,,,,
,,,,,,,,,,,,,,,,,,,,,,,,,,,,,,,
,,,,,,,,,,,,,,,,,,,,,,,,,,,,,,,
,,,,,,,,,,,,,,,,,,,,,,,,,,,,,,,
,,,,,,,,,,,,,,,,,,,,,,,,,,,,,,,
,,,,,,,,,,,,,,,,,,,,,,,,,,,,,,,
,,,,,,,,,,,,,,,,,,,,,,,,,,,,,,,
,,,,,,,,,,,,,,,,,,,,,,,,,,,,,,,
,,,,,,,,,,,,,,,,,,,,,,,,,,,,,,,
,,,,,,,,,,,,,,,,,,,,,,,,,,,,,,,
,,,,,,,,,,,,,,,,,,,,,,,,,,,,,,,
,,,,,,,,,,,,,,,,,,,,,,,,,,,,,,,
,,,,,,,,,,,,,,,,,,,,,,,,,,,,,,,
,,,,,,,,,,,,,,,,,,,,,,,,,,,,,,,
,,,,,,,,,,,,,,,,,,,,,,,,,,,,,,,
,,,,,,,,,,,,,,,,,,,,,,,,,,,,,,,
,,,,,,,,,,,,,,,,,,,,,,,,,,,,,,,
,,,,,,,,,,,,,,,,,,,,,,,,,,,,,,,
,,,,,,,,,,,,,,,,,,,,,,,,,,,,,,,
,,,,,,,,,,,,,,,,,,,,,,,,,,,,,,,
,,,,,,,,,,,,,,,,,,,,,,,,,,,,,,,
,,,,,,,,,,,,,,,,,,,,,,,,,,,,,,,
,,,,,,,,,,,,,,,,,,,,,,,,,,,,,,,
,,,,,,,,,,,,,,,,,,,,,,,,,,,,,,,
,,,,,,,,,,,,,,,,,,,,,,,,,,,,,,,
,,,,,,,,,,,,,,,,,,,,,,,,,,,,,,,
,,,,,,,,,,,,,,,,,,,,,,,,,,,,,,,
,,,,,,,,,,,,,,,,,,,,,,,,,,,,,,,
,,,,,,,,,,,,,,,,,,,,,,,,,,,,,,,
,,,,,,,,,,,,,,,,,,,,,,,,,,,,,,,
,,,,,,,,,,,,,,,,,,,,,,,,,,,,,,,
,,,,,,,,,,,,,,,,,,,,,,,,,,,,,,,
,,,,,,,,,,,,,,,,,,,,,,,,,,,,,,,
,,,,,,,,,,,,,,,,,,,,,,,,,,,,,,,
,,,,,,,,,,,,,,,,,,,,,,,,,,,,,,,
,,,,,,,,,,,,,,,,,,,,,,,,,,,,,,,
,,,,,,,,,,,,,,,,,,,,,,,,,,,,,,,
,,,,,,,,,,,,,,,,,,,,,,,,,,,,,,,
,,,,,,,,,,,,,,,,,,,,,,,,,,,,,,,
,,,,,,,,,,,,,,,,,,,,,,,,,,,,,,,
,,,,,,,,,,,,,,,,,,,,,,,,,,,,,,,
,,,,,,,,,,,,,,,,,,,,,,,,,,,,,,,
,,,,,,,,,,,,,,,,,,,,,,,,,,,,,,,
,,,,,,,,,,,,,,,,,,,,,,,,,,,,,,,
,,,,,,,,,,,,,,,,,,,,,,,,,,,,,,,
,,,,,,,,,,,,,,,,,,,,,,,,,,,,,,,
,,,,,,,,,,,,,,,,,,,,,,,,,,,,,,,
,,,,,,,,,,,,,,,,,,,,,,,,,,,,,,,
,,,,,,,,,,,,,,,,,,,,,,,,,,,,,,,
,,,,,,,,,,,,,,,,,,,,,,,,,,,,,,,
,,,,,,,,,,,,,,,,,,,,,,,,,,,,,,,
,,,,,,,,,,,,,,,,,,,,,,,,,,,,,,,
,,,,,,,,,,,,,,,,,,,,,,,,,,,,,,,
,,,,,,,,,,,,,,,,,,,,,,,,,,,,,,,
,,,,,,,,,,,,,,,,,,,,,,,,,,,,,,,
,,,,,,,,,,,,,,,,,,,,,,,,,,,,,,,
,,,,,,,,,,,,,,,,,,,,,,,,,,,,,,,
,,,,,,,,,,,,,,,,,,,,,,,,,,,,,,,
,,,,,,,,,,,,,,,,,,,,,,,,,,,,,,,
,,,,,,,,,,,,,,,,,,,,,,,,,,,,,,,
,,,,,,,,,,,,,,,,,,,,,,,,,,,,,,,
,,,,,,,,,,,,,,,,,,,,,,,,,,,,,,,
,,,,,,,,,,,,,,,,,,,,,,,,,,,,,,,
,,,,,,,,,,,,,,,,,,,,,,,,,,,,,,,
,,,,,,,,,,,,,,,,,,,,,,,,,,,,,,,
,,,,,,,,,,,,,,,,,,,,,,,,,,,,,,,
,,,,,,,,,,,,,,,,,,,,,,,,,,,,,,,
,,,,,,,,,,,,,,,,,,,,,,,,,,,,,,,
,,,,,,,,,,,,,,,,,,,,,,,,,,,,,,,
,,,,,,,,,,,,,,,,,,,,,,,,,,,,,,,
,,,,,,,,,,,,,,,,,,,,,,,,,,,,,,,
,,,,,,,,,,,,,,,,,,,,,,,,,,,,,,,
,,,,,,,,,,,,,,,,,,,,,,,,,,,,,,,
,,,,,,,,,,,,,,,,,,,,,,,,,,,,,,,
,,,,,,,,,,,,,,,,,,,,,,,,,,,,,,,
,,,,,,,,,,,,,,,,,,,,,,,,,,,,,,,
,,,,,,,,,,,,,,,,,,,,,,,,,,,,,,,
,,,,,,,,,,,,,,,,,,,,,,,,,,,,,,,
,,,,,,,,,,,,,,,,,,,,,,,,,,,,,,,
,,,,,,,,,,,,,,,,,,,,,,,,,,,,,,,
,,,,,,,,,,,,,,,,,,,,,,,,,,,,,,,
,,,,,,,,,,,,,,,,,,,,,,,,,,,,,,,
,,,,,,,,,,,,,,,,,,,,,,,,,,,,,,,
,,,,,,,,,,,,,,,,,,,,,,,,,,,,,,,
,,,,,,,,,,,,,,,,,,,,,,,,,,,,,,,
,,,,,,,,,,,,,,,,,,,,,,,,,,,,,,,
,,,,,,,,,,,,,,,,,,,,,,,,,,,,,,,
,,,,,,,,,,,,,,,,,,,,,,,,,,,,,,,
,,,,,,,,,,,,,,,,,,,,,,,,,,,,,,,
,,,,,,,,,,,,,,,,,,,,,,,,,,,,,,,
,,,,,,,,,,,,,,,,,,,,,,,,,,,,,,,
,,,,,,,,,,,,,,,,,,,,,,,,,,,,,,,
,,,,,,,,,,,,,,,,,,,,,,,,,,,,,,,
,,,,,,,,,,,,,,,,,,,,,,,,,,,,,,,
,,,,,,,,,,,,,,,,,,,,,,,,,,,,,,,
,,,,,,,,,,,,,,,,,,,,,,,,,,,,,,,
,,,,,,,,,,,,,,,,,,,,,,,,,,,,,,,
,,,,,,,,,,,,,,,,,,,,,,,,,,,,,,,
,,,,,,,,,,,,,,,,,,,,,,,,,,,,,,,
,,,,,,,,,,,,,,,,,,,,,,,,,,,,,,,
,,,,,,,,,,,,,,,,,,,,,,,,,,,,,,,
,,,,,,,,,,,,,,,,,,,,,,,,,,,,,,,
,,,,,,,,,,,,,,,,,,,,,,,,,,,,,,,
,,,,,,,,,,,,,,,,,,,,,,,,,,,,,,,
,,,,,,,,,,,,,,,,,,,,,,,,,,,,,,,
,,,,,,,,,,,,,,,,,,,,,,,,,,,,,,,
,,,,,,,,,,,,,,,,,,,,,,,,,,,,,,,
,,,,,,,,,,,,,,,,,,,,,,,,,,,,,,,
,,,,,,,,,,,,,,,,,,,,,,,,,,,,,,,
