,term,Alternate forms and synonyms.,Other language examples (back translations),Meaning notes. Definitions.,Related (but different) terms,other consultant suggestions / comments / entries,Galen's rationale,Galen's notes/drafts,,,,,,,,,,,,,,,,,,,,,,,
n 117,Arão,,,"1.500 anos antes de Jesus, o irmão mais velho de Moisés, Arão, o ajudou a liderar os israelitas para fora do Egito. Mais tarde, Deus designou Arão para ser o primeiro sumo ou sumo sacerdote em Israel.",,,"Since these are brief definitions of key terms to help with translation, they do not have to be enclopedic in scope, nor to provide bible verses. (My sentences in parentheses remain optional.)",,,,,,,,,,,,,,,,,,,,,,,,
n 102,Abel,,Abel (W),"Cerca de 4000 anos antes de Jesus, os dois primeiros filhos de Adão e Eva chamavam-se Caim e Abel. Caim não honrou a Deus, mas Abel sim. Depois que Deus reprovou Caim, Caim ficou com raiva e matou seu irmão Abel.",,,In violation of my previous rationale.,,,,,,,,,,,,,,,,,,,,,,,,
t,Abimeleque,rei,,Os filisteus chamavam seus reis pelo título Abimeleque,"César, Faraó, rei",,,,,,,,,,,,,,,,,,,,,,,,,,
n 117,Abraão,,Ibraayma (W),"Abrão viveu cerca de 2.000 anos antes de Jesus. Porque Abrão acreditou nas promessas de Deus, Deus o declarou justo e mudou seu nome para Abraão, que significa ""Pai de muitas nações"". (Embora a esposa de Abrão, Sarai, não tivesse filhos, Deus prometeu a Abrão que ele se tornaria um ancestral de muitas tribos e nações.) Abraão tornou-se o ancestral de todos os israelitas e de outras nações. (O nome Abrão significa Pai de Muitos.)",Abrão,,GC 07-Feb-19,,,,,,,,,,,,,,,,,,,,,,,,
n,Abrão,,Ibraam (W),"Abrão foi o homem a quem Deus mais tarde chamou de Abraão quando fez uma aliança com ele. A esposa de Abrão chamava-se Sarai, a quem Deus mais tarde renomeou como Sara. (O nome Abrão significa Grande Pai ou Pai Exaltado.)",Abraão,,GC 07-Feb-19,,,,,,,,,,,,,,,,,,,,,,,,
n,Absalão,,,Absalão era o filho favorito do rei Davi. Ele matou um de seus irmãos e tentou se tornar rei enquanto Davi ainda estava vivo. Absalão morreu quando ele e alguns homens lutaram contra os soldados de Davi. (O nome Absalão significa Pai da Paz.),,,GC 07-Feb-19,,,,,,,,,,,,,,,,,,,,,,,,
n,Absalão,Absalão,,"Absalão era o terceiro filho do rei Davi. Sua mãe era Maacá. Absalão matou o primeiro filho de Davi, Amnom, e depois se rebelou contra Davi. (O nome Absalão significa Pai da paz.)",,,GC 08-Mar-2019,,,,,,,,,,,,,,,,,,,,,,,,
n,Acaia,,,Acaia era o nome de uma província localizada na região ocidental da Grécia,,,,GC 7/7/2019,,,,,,,,,,,,,,,,,,,,,,,
n,Acã,,,"Acã era um homem israelita que roubou ouro, prata e roupas que pertenciam ao Senhor. Quando o Senhor o identificou como o pecador, o Senhor disse a Josué e aos israelitas para que matassem Acã e toda a sua família atirando pedras neles. Isso tinha o propósito de fazer com que as outras pessoas temessem fazer coisas ruins, para que também não sofressem consequências semelhantes.",,,GC 07-Feb-19,,,,,,,,,,,,,,,,,,,,,,,,
n,Adão,,Aadama (W),"Adão viveu cerca de 4.000 anos antes de Jesus. Adão foi o primeiro ser humano criado por Deus. Porque Adão e sua esposa Eva desobedeceram a Deus, todos os seres humanos devem morrer. A Bíblia chama Jesus de Segundo Adão, porque Jesus dá a vida eterna aos seres humanos.",Eva,,"The concept of transmitted sin remains pure theology, whereas Scripture relates Adam to human death, even for those who have not sinned in the same way as did Adam.",,,,,,,,,,,,,,,,,,,,,,,,
n,Adonias,,,"Adonias era um dos filhos mais novos do rei Davi. Quando Davi estava velho, Adonias tentou se tornar rei, mas Davi declarou que Salomão deveria se tornar rei. (O nome Adonias significa Meu Senhor é o SENHOR.)",,,GC 07-Feb-19,,,,,,,,,,,,,,,,,,,,,,,,
n,Adoni-Zedeque,,,Adoni-Zedeque era um rei cananeu de Jerusalém que Josué e os israelitas capturaram e mataram após uma longa batalha.,,,,GC 7/7/2019,,,,,,,,,,,,,,,,,,,,,,,
t,acordo,acordos,conversa de ligação; promessa de como agir; suas palavras não eram diferentes (eram as mesmas que) das palavras dos outros (G);,"Quando duas pessoas ou países prometem ajudar um ao outro, eles falam ou escrevem um acordo que diz o que farão.","aliança, promessa",binding talk; promise how to act,GC 08-Feb-2019,,,,,,,,,,,,,,,,,,,,,,,,
n,Agripa,,,"Agripa, neto do rei Herodes, foi o último homem a ser chamado de ""Rei da Judéia"". Ele governou entre os anos 41 e 44 sob a autoridade romana. Certa vez, ele foi ouvir Paulo na cidade de Cesaréia.",,,,GC 7/7/2019,,,,,,,,,,,,,,,,,,,,,,,
n,Aías,,,"Vários homens foram nomeados Aías. Um era profeta no norte de Israel, um outro, rei, e ainda outro sacerdote em Jerusalém. (O nome Aías significa Irmão do Senhor.)",,,GC 19-Feb-2019,,,,,,,,,,,,,,,,,,,,,,,,
n,Ai,,,Ai era uma cidade cananéia cheia de pessoas que adoravam deuses pagãos. Deus revelou um plano a Josué que ajudou o exército israelita a capturar Ai e destruí-la como sacrifício a Deus.,,,GC 07-Feb-19,,,,,,,,,,,,,,,,,,,,,,,,
t,alabastro,,que era feito de pedra (R);,Alabastro é um tipo macio de rocha da qual as pessoas podem esculpir frascos e jarros.,,,"Some call this 'soap stone.' In careful English, rock = material, and stone = clump of rock.",,,,,,,,,,,,,,,,,,,,,,,,
t,aliança,"alianças, aliado, aliados, aliado","se tornar o amigo de (G); lutar do mesmo lado
","Quando dois países ou exércitos concordam em entrar em guerra contra um inimigo, eles estão em uma aliança.",,fight on the same side,GC 08-Feb-2019,,,,,,,,,,,,,,,,,,,,,,,,
t,aloés,aloé,"perfume (W);
algo que contém um bom cheiro e se chama aloé (R) ","As plantas de aloés têm seiva, que é usada para fazer creme para a pele ou remédio.
Aloés é uma seiva de cheiro doce da madeira, usada para fazer perfume.",,"Aloe plants have sap, which is used to make skin cream or medicine.",Usage will be evident in each context.,,,,,,,,,,,,,,,,,,,,,,,,
t,Alfa,,"primeiro; começo (P);
Alpa (K)","Alfa é a primeira letra do alfabeto grego. Isto se parece com um"". O livro do Apocalipse chama Jesus de Alfa, porque ele é o Deus que criou (quem começou) tudo de bom.",Ômega,,,,,,,,,,,,,,,,,,,,,,,,,,
t,altar,altares,"mesa/plataforma de sacrifício; lugar de corte; lugar para oferta (de algo); lugar de cozinhar uma oferta (R); onde os sacrifícios são feitos (P, W);","Um altar é uma mesa ou plataforma bruta feita de pedras (empilhadas) ou de metal, sobre a qual as pessoas oferecem sacrifícios a Deus. Deus ordenou a Israel que fizesse um altar em sua tenda de adoração e, posteriormente, em seu templo em Jerusalém.","sacrifício, adoração",,"Refer to encyclopedias for the history of altars, to anthropology for the pagan use of altars, and to church tradition for ecclesial use of altars. Believers have an altar in heaven: Jesus.",,,,,,,,,,,,,,,,,,,,,,,,
t,amém,,"amin; que assim seja (P, W);
é verdadeiro;
aamen (R)","Amém é uma palavra hebraica que significa sim, é verdade, eu creio, ou que assim seja",,,Good as is.,,,,,,,,,,,,,,,,,,,,,,,,
n,Amom,"Amonitas, Amonita",,"Amon era filho de Ló, sobrinho de Abraão. Amon nasceu quando a filha de Ló o embebedou e dormiu com ele. Os descendentes de Amon se tornaram os amonitas que às vezes eram inimigos de Israel. Eles adoravam ídolos.",,,GC 07-Feb-19,,,,,,,,,,,,,,,,,,,,,,,,
n,Amnon,,,"Amnon foi o primeiro filho do rei Davi. Depois que Amnon estuprou a filha de Davi, Tamar, o irmão dela, Absalão, matou Amnon. (O nome Amnon significa Fiel.)",,,GC 08-Mar-2019,,,,,,,,,,,,,,,,,,,,,,,,
n,Ananias,,,Três homens foram chamados de Ananias no Novo Testamento: (1) um cristão em Jerusalém que morreu quando mentiu para Deus; (2) um cristão em Damasco que batizou Saulo; (3) e um sumo sacerdote em Jerusalém que se opôs aos apóstolos de Jesus. (O nome Ananaias significa o Senhor Responde.),,,GC 19-Feb-2019,,,,,,,,,,,,,,,,,,,,,,,,
n,André,,,André era irmão de Pedro. Ambos se tornaram parte dos 12 apóstolos de Jesus. (O nome André significa viril.),,,GC 08-Feb-2019,,,,,,,,,,,,,,,,,,,,,,,,
t,anjo,anjos,espírito mensageiro obediente a Deus (a quem Deus envia); pessoa menssageira de Deus/de cima/dos céus; alguém que vem do lugar onde Deus mora (G); ensel (K); ajudante de Deus (P); malaka (W do árabe),"Anjo é uma palavra grega que significa mensageiro. Quando Deus envia um espírito com uma mensagem para os humanos, pode aparecer como um ser humano e falar uma linguagem humana. Os espíritos malignos às vezes aparecem como anjos. A palavra anjo em grego descreve um trabalho ou função, não um tipo de criatura.","demônio, profeta",arabic ref.,"Angels remain not a kind of creature, but a job description.",,,,,,,,,,,,,,,,,,,,,,,,
t,ungir,"unge, ungido","derramar azeite de oliva em alguém para o tornar rei, chefe, verdadeiro chefe (G);
","Ungir significa nomear, escolher ou designar alguém publicamente derramando óleo sobre ele.",,,,,,,,,,,,,,,,,,,,,,,,,,,
n,Apolo,,,"Apolo era um judeu de Alexandria, Egito. Como um homem que falava com eloquência, ele era competente em entender o significado das Escrituras Hebraicas, por isso era capaz de ensinar cristãos em cidades de língua grega.",,,,GC 7/7/2019,,,,,,,,,,,,,,,,,,,,,,,
t,apóstolo,apóstolos,pessoa enviada; alguém a quem Cristo envia (G); corredor (W); pessoa para se enviar para um lugar (pessoa enviada em uma missão) (D); líder cristão escolido por Deus; primeiros líderes cristãos; aapostolo (R),"Apóstolo é uma palavra grega que significa 'enviado com autoridade''. Deus enviou Jesus ao mundo como seu Apóstolo. Jesus escolheu 12 apóstolos que enviou para falar a outros sobre ele. As igrejas também enviaram homens e mulheres, chamados apóstolos, para iniciar novas igrejas.","anjo, discípulo, profeta",,"Here is not the place to argue for or against Mattias, nor whether Paul be the real 12th apostle. Interestingly, in Acts 13, it was elders who sent apostles, and in 14 apostles who appointed elders. So it would seem problematic to argue for either kind of worker to have more authority than another. ",,,,,,,,,,,,,,,,,,,,,,,,
n,Áquila,,,"Áquila era marido de Priscila. Ambos eram judeus de Roma que ajudaram Paulo a plantar igrejas na Grécia e na Síria. (O nome Aquila significa ""águia"".)",Priscila,,,GC 7/7/2019,,,,,,,,,,,,,,,,,,,,,,,
t,Areópago,,"lugar de reunião que é chamado Areópago (K);
ponto de encontro chamado Areópago (P);","Areópago é o nome de uma colina em Atenas, na Grécia. Professores e líderes da cidade costumavam se encontrar naquela colina. A reunião deles também foi chamada de Areópago.",,,,,,,,,,,,,,,,,,,,,,,,,,,
t,Arca da Aliança,arca do testemunho,"caixa de acordo (W);
caixa de acordo (empate) (R);
caixa para aliança/promessa;
caixa de convênio;
baú sagrado; a caixa em que foi guardada a primeira escrita de poder (P);","A Arca da Aliança era uma caixa ou baú de madeira coberto com ouro. Dentro dela estavam as tábuas de pedra, sobre as quais Deus escreveu seus Dez Mandamentos quando fez uma aliança ou acordo com Israel.",,"I would rather not use present tense, as then people would assume that the box is to be seen somewhere. If the article proves to be true, maybe then ok. But as Jesus made a new covenant with us, arc of the Covenant should not be emphasized.  (Hilkka)","Just today, a news article appeared, reporting that the Ark of the Covenant may actually reside in the Church of Saint Mary at Axum, Ethiopia. Since the ark was never reported to have been destroyed, we can speak of it in the present tense.",,,,,,,,,,,,,,,,,,,,,,,,
n,Artaxerxes,,,"Artaxerxes foi o sexto rei do Império Persa 465-424 AC. Ele era neto de Dario e filho de Xerxes. (O nome Artaxerxes significa que ""Ele governa com a verdade."")",,,GC 08-Mar-2019,,,,,,,,,,,,,,,,,,,,,,,,
n,Ártemis,,,"Ártemis, também chamada de Diana, é o nome de uma deusa grega e romana cujo ídolo muitas pessoas adoravam em uma província chamada Ásia.",Diana,,,,,,,,,,,,,,,,,,,,,,,,,,
n,Asenate,,,"Duas mulheres foram nomeadas Asenate. Uma era a esposa egípcia de José, e a outra era filha de Dina, filha de Jacó.",,,GC 23-Feb-2019,,,,,,,,,,,,,,,,,,,,,,,,
n,Astarote,,,"Astarote era um ídolo esculpido usado para adorar uma deusa (deusa/divindade feminina) chamada Astarte em países pagãos. Alguns israelitas pecaram contra o Senhor fazendo ídolos de Astarote, que eles frequentemente colocam ao lado de ídolos de um deus (divindade masculina) chamado Baal.",,,GC 19-Feb-2019,,,,,,,,,,,,,,,,,,,,,,,,
t,assembléia,"reunião, assembléias, encontro",reunião de (G);,"Onde quer que os cristãos se reúnam para honrar a Jesus e mostrar amor uns aos outros, eles formam uma reunião temporária ou uma assembléia permanente.","santos, igreja",,GC 15-Feb-2019,,,,,,,,,,,,,,,,,,,,,,,,
n,Assíria,"Assírio, Assírios",,A Assíria era uma nação poderosa que invadiu o norte de Israel no ano 738 antes de Cristo. Os soldados assírios tratavam seus inimigos com crueldade.,,,GC 07-Feb-19,,,,,,,,,,,,,,,,,,,,,,,,
n,Atalia,,,"Atalia era uma rainha má que tentou matar Joás e impedi-lo de ser rei. Ela era filha ou neta do rei Onri. Ela se casou com o rei Jeorão de Judá. Depois que ele morreu, ela tentou matar todos os filhos dele.",,,GC 07-Feb-19,,,,,,,,,,,,,,,,,,,,,,,,
t,version,,,1.0-Eng-2022-03   ,,,,,,,,,,,,,,,,,,,,,,,,,,,
t,copyright ,license,,"WordLinks database designed and compiled by Robin Rempel.  Copyright 2022, Robin Rempel. Made available under a Creative Commons BY-NC-SA 4.0 International license.  
With acknowledgement and thanks to the following contributors of unpublished back translation (V-E) sample examples.  All used with permission or Fair Use for nonprofit, educational purposes.   
Sue Ness (Kenya) for Daasanach (D) back translations copyright 2019, SIL International.
Carl Harrison (Brazil) for Guajajara (G) back translations copyright 2019 SIL International.  Carl Harrison for Portuguese (P) back translations copyright 2019 Carl Harrison.
Robyn Davies (Papua New Guinea) for Ramoaaina (R) and Kandas (K) back translations copyright 2019, SIL International.  
Galen Currah (Senegal) for Wolof (W) back translations copyright 2019 WEC International and Galen Currah.  
Meaning notes and definitions copyright 2019 Galen Currah, ThD.  Used with permission.  
Special thanks to Hilkka Arminen, SIL translation consultant, for her expert review of the database and helpful editorial suggestions.     
Licensed under the terms of a Creative Commons Creative Commons BY-NC-SA 4.0 International license.        
",,"The © symbol was not utilized in this doc because it does not present properly when the xlsx doc is converted to a csv file and read in the SP software.  Instead, we are simply using the word ""copyright"" in the place of the © symbol.",,,,,,,,,,,,,,,,,,,,,,,,,
n,Atenas,Atenienses,,,,,,GC 7/7/2019,,,,,,,,,,,,,,,,,,,,,,,
n,Baal ,"baalins, Ba'al",,Baal é o nome de um deus maligno cujo ídolo muitas nações costumavam adorar. Deus às vezes teve que punir os israelitas porque eles o abandonavam para adorar Baal.,"Ba'al, Belzebul",,"Ba'al is very well known in cuneiform texts, a kind of international deity with many local idols.",,,,,,,,,,,,,,,,,,,,,,,,
n,Babilônia,"Babilônio, Babiblônios, da Babilônia",,"Babilônia é o nome de uma cidade antiga, iniciada cerca de 3000 anos antes de Jesus. Os reis da Babilônia conquistaram muitos outros países. Quando o rei da Babilônia capturou Israel, ele levou muitos israelitas a morar na Babilônia por cerca de setenta anos. (Pedro chamou Roma de Babilônia, e o Livro do Apocalipse descreve um lugar muito maligno chamado Babilônia.) Babilônia era uma cidade cheia de pessoas que agiam muito mal e que desobedeciam e se rebelavam contra Deus. Portanto, às vezes é usado simbolicamente para se referir a um lugar maligno que Deus destruirá como destruiu a cidade histórica.",,,"Actually, 70 years serving the kings of Babylon, part of which was spent in captivity.",,,,,,,,,,,,,,,,,,,,,,,,
n,Balaão,,,"Balaão viveu cerca de 1500 anos antes de Jesus. Balaão era um profeta pagão que, para conseguir dinheiro, fingia falar em nome de Deus. Deus ordenou aos israelitas que matassem Balaão. Certa vez, Deus falou com Balaão por meio de sua jumenta.",,,"In that era, pagan prophets not only spoke for the gods, but were believed to have persuasive power over gods. Thus, Balaam sold his services as one who could manipulate Yahweh.",,,,,,,,,,,,,,,,,,,,,,,,
t,batizar ,"batismo, batizado, batiza, batista","passar (uma pessoa) sob/através da água (D);
imersão em água (W);
(para simbolizar a morte de uma vida antiga e o início de uma nova vida);
iniciar / iniciação;
fazer alguém banhar-se (tornando-se seguidor de Jesus, o Verdadeiro Chefe) (G);
batizados (K);","Batizar é uma palavra grega que significa lavar na água ou mergulhar na água. Judeus e alguns pagãos batizam como parte de sua adoração. João batizou os judeus que esperavam a vinda do Messias. Jesus ordenou aos seus apóstolos que fossem fazer discípulos, batizando-os e ensinando-os. Os cristãos batizam aqueles que colocam sua confiança em Jesus.",,,"A symbolic initiation in/with water that Jesus commanded for those who repent of their sins to become Christians. There are many ways in which to baptize. To dip under/ bury in water and bring back up/out to signify death to old life and resurrected to new life, a new identity. There are a series of baptisms in the Bible: God brought Noah through the water to start a new life after the judgment flood. God (via Moses) rescused Israel from their slavery in Egypt and brought them through the water of the big sea to start a new life trusting him in the wilderness. God (via Joshua) led the new generation of Israel through the Jordan River to begin a new life obeying God in a new land. John dipped people in the waters of the Jordan River who were repenting from their sins and getting prepared for Kingdom life. Jesus went down into the waters of the Jordan River to be baptized by John and came out the other side to go into the wilderness for 40 days to show that he was re-playing Israel as the new Israel but doing it rightly, faithfully, in full obedience to God. Jesus commanded people who believe in him to be put under water to show that they have died and been buried to their old life of rebelling against God and have been raised up to a new life with a new identity as God's children.",,,,,,,,,,,,,,,,,,,,,,,,
n,Barnabé,,,"Barnabé foi um dos primeiros cristãos em Jerusalém. Ele levou Paulo para conhecer os primeiros apóstolos e, mais tarde, levou Paulo a Antioquia (Síria) para fazer discípulos. Ele e Paulo também foram juntos em missão para iniciar novas igrejas de novos crentes. (O nome Barnabé significa Filho do Encorajamento).",,,GC 19-Feb-2019,,,,,,,,,,,,,,,,,,,,,,,,
n,Baraque,,,"Baraque foi o quarto juiz em Israel, antes que eles tivessem reis. Baraque liderou os israelitas na guerra, derrotando seus inimigos.",,,,,,,,,,,,,,,,,,,,,,,,,,,
t,cevada,,"grão;
baali (R)","A cevada é um tipo de grão como o trigo. Os pobres costumavam fazer pão com cevada, porque a cevada custava menos que o trigo.",,,,,,,,,,,,,,,,,,,,,,,,,,,
n,Bateseba,"Bate-Seba, Betsabé",,"Bate-Seba era a bela esposa de Urias, um soldado do exército do rei Davi. Certa vez, ela tomou banho do lado de fora e o rei Davi a viu tomando banho. Depois de um tempo, eles dormiram juntos. Davi causou a morte de Urias em batalha e casou-se com Bate-Seba. Deus puniu Davi por seus pecados e causou a morte de seu primeiro filho com Bate-Seba. O filho de Bate-Seba, Salomão, tornou-se rei depois de Davi. (O nome Bate-Seba significa Filha da Promessa ou Juramento.)",,,GC 07-Feb-19,,,,,,,,,,,,,,,,,,,,,,,,
t,urso,,animais selvagens … urso (R),"Um urso é um animal muito grande, forte e peludo que habita as florestas. Os ursos são perigosos, têm dentes afiados e garras longas, podem subir em árvores e podem matar pessoas. Os ursos comem quase tudo. Quando um urso adulto fica de pé sobre duas pernas, é mais alto que um homem.",leão,,,,,,,,,,,,,,,,,,,,,,,,,,
n,Belzebu,,,Belzebu é outro nome para o deus maligno Baal. Algumas pessoas acreditam que ele é o chefe dos espíritos malignos.,Baal,,,,,,,,,,,,,,,,,,,,,,,,,,
t,cerveja,,"suco fermentado, qualquer bebida que cause embriaguez (G);",Uma bebida feita de grãos cozidos contendo uma pequena quantidade de álcool.,"vinho, bebida forte",,,,,,,,,,,,,,,,,,,,,,,,,,
t,sabedoria,sábio,"inteligência de Deus;
pensar o mesmo sobre as coisas que Deus faz (G);
conhecimento/sabedoria (R);
o saber bem das coisas (G);",Sabedoria é saber e fazer o que é verdadeiro e correto. Deus é todo sábio e dá sabedoria a todos que a pedem com fé. (Sabedoria também é um título cristão para Jesus.),"tolo, conhecimento",,,,,,,,,,,,,,,,,,,,,,,,,,
n,Belsazar,,,"Belsazar foi o último rei da Babilônia. Ele morreu em 539 a.C., quando os persas conquistaram a Babilônia. (O nome Belsazar significa Bel preserva o rei.)",,,GC 08-Mar-2019,,,,,,,,,,,,,,,,,,,,,,,,
n,Benjamim,,,"Benjamin viveu cerca de 2000 anos antes de Jesus. Benjamim era o caçula dos doze filhos de Jacó. Assim, Benjamin foi o ancestral de uma das doze tribos de Israel.",,,The term Jew (Judean) does not appear in the Hebrew Scripture until the time of the Babylonian captivity.,,,,,,,,,,,,,,,,,,,,,,,,
n,Betel,,,"Jacó encontrou Deus perto de uma cidade chamada Luz, então ele mudou o nome da cidade para Betel, que significa Casa ou Templo de Deus.",,,GC 07-Feb-19,,,,,,,,,,,,,,,,,,,,,,,,
n,Belém,,,"Várias cidades receberam o nome de Belém. A que ficava perto de Jerusalém também era chamada de Cidade de Davi. Miquéias 5:2 previu que um grande líder viria de Belém, e Jesus nasceu em Belém. (O nome Belém significa Casa do Pão.)",,,GC 07-Feb-19,,,,,,,,,,,,,,,,,,,,,,,,
t,Bíblia,,"a Palavra de Deus (G); Papel de Deus (W)
","Bíblia significa uma biblioteca de livros, ou muitos livros (reunidos). A Bíblia Sagrada contém livros do Antigo e do Novo Testamento, escritos por muitas pessoas diferentes ao longo de milhares de anos, mas todos coerentemente inspirados pelo Espírito de Deus.","rolo, livro",,GC 08-Feb-19,,,,,,,,,,,,,,,,,,,,,,,,
t,abençoar,"benção, abençoado, abençoa, abençoado","(1) invocar o bem de Deus para (alguém);
(2) vindo/caindo (vindo em auxílio/ajuda/apoio de alguém ou mostrando graça a alguém);
falar bem / falar bem de (G); abençoado/afortunado (R); barke (W do árabe)","Abençoar significa (1) falar palavras gentis para os outros, (2) desejar que o bem lhes aconteça, (3) fazer o bem a eles ou (4) dar coisas boas a eles. Deus nos abençoa, e nós abençoamos os outros.",amaldiçoar,arabic ref.,,,,,,,,,,,,,,,,,,,,,,,,,
t,sangue,,"sangue (G);
","O sangue pode ter um significado literal, mas muitas vezes tem um significado figurativo ou estendido. Sangue pode significar (a) o líquido avermelhado em corpos vivos, (b) morte violenta ou assassinato, ou (c) a morte de Jesus na cruz. 'Sangue nas mãos' significa culpado de assassinato.","morte, sacrifício",,Blood remains a powerful symbol of Jesus' sacrificial death. Translators must decide if the symbol should be retained or replaced with its meaning.,,,,,,,,,,,,,,,,,,,,,,,,
t,barco,"bote, canoa","kanu (transliterado de canoa) (G);
",Um barco é um termo genérico para um veículo aquático flutuante usado para transportar pessoas e cargas. A maioria dos barcos são feitos de madeira. Um navio é um barco muito grande. Um bote é um pequeno barco carregado em um grande barco ou puxado atrás de um grande navio.,navio,,GC 07-Feb-19,,,,,,,,,,,,,,,,,,,,,,,,
n,Boaz,,,"Boaz era um rico fazendeiro israelita que permitia que os pobres colhessem os grãos que seus colhedores deixavam para trás. Ele era parente do falecido marido de Noemi, então casou-se com Rute, a nora viúva de Noemi. Assim, ele se tornou ancestral do rei Davi e de Jesus.",,,,,,,,,,,,,,,,,,,,,,,,,,,
t,livro,livros,"papel (G, W);
","Livros são folhas ou folhas de papel/pergaminho presas juntas em uma borda. Os pergaminhos são rolos de uma longa folha de papel/pele de animal/papiro que os leitores devem desenrolar. Livro pode significar uma parte da Bíblia que tem um nome ou título, como o Livro de Isaías. O livro também é um símbolo da memória de Deus.","rolo, Bíblia",,GC 08-Mar-2019,,,,,,,,,,,,,,,,,,,,,,,,
t,pão,,"aquilo que a gente come / nossa comida (tapioca, panqueca) (G);
sago (PNG);","O pão é um tipo de alimento feito de grãos moídos, cozidos até secar, que podem conter fermento para torná-lo macio. Se o pão não contiver fermento, tem uma textura dura ou crocante. O pão é um alimento diário em alguns países. Assim como as pessoas em muitos países não podem viver sem comer pão (o pão é o alimento básico), então Jesus [é] chamado de "" o Pão da Vida "",
O maná era um tipo especial de pão do céu.",maná,,"GC 15-Feb-2019
RR added some content.  OK?

GC 23-Feb-2019
A little wordy? Maybe drop the part about Bethlehem and include:

... Jesus was called the ""Bread of Life,"" because he gives eternal life to those who trust in him.

Manna has its own entry.",,,,,,,,,,,,,,,,,,,,,,,,
t,enxofre,,salfa (K),O enxofre é um material ardente como a lava de um vulcão. Deus faz com que o enxofre caia do céu no chão.,enxofre,like lava from volcano,GC 29-Mar-2019,,,,,,,,,,,,,,,,,,,,,,,,
t,bronze,latão,"metal avermelhado rocha dura) (G);
","Bronze e latão são metais duros e brilhantes feitos da mistura de cobre, zinco e estanho. Nos tempos bíblicos, algumas ferramentas, armas e joias eram feitas de bronze ou latão.",,,GC 07-Feb-19,,,,,,,,,,,,,,,,,,,,,,,,
t,construir,"construtor, construiu",fazer (G);,"Construir algo significa torná-lo maior ou melhor. Construir uma casa significa fazer uma nova, peça por peça. Construir ou edificar pessoas significa torná-las mais fortes.","criar, formar, esculpir",,GC 23-Feb-2019,,,,,,,,,,,,,,,,,,,,,,,,
n,César,,,César era o título que os romanos davam aos seus reis. Cada César também era imperador ou rei supremo de todos os países conquistados por Roma. Todo rei sobre o povo de Roma era chamado de César.,"rei, Faraó, Imperador",,,,,,,,,,,,,,,,,,,,,,,,,,
n,Cesaréia,,,"Haviam duas cidades chamadas Cesaréia. Uma delas foi construída pelos romanos, na costa marítima ao norte de Jerusalém, em homenagem ao nome do imperador romano César. (O nome Cesaréia significa Cidade do Rei.)",,,GC 08-Feb-2019,,,,,,,,,,,,,,,,,,,,,,,,
n,Caim,,,"Cerca de 4000 anos antes de Jesus, os dois primeiros filhos de Adão e Eva chamavam-se Caim e Abel. Caim não honrou a Deus, mas Abel sim. Depois que Deus reprovou Caim, Caim ficou com raiva e matou seu irmão Abel.","Abel, Adão, Eva",,Same note as for Abel.,,,,,,,,,,,,,,,,,,,,,,,,
n,Calebe,,,Caleb foi um dos doze espias que Moisés enviou para observar Canaã. Ele e Josué foram os únicos dois espiões que acreditavam que os israelitas poderiam conquistar os cananeus. Deus recompensou esses dois homens por sua fé e bravura na batalha.,,,"Caleb means dog, that is, faithful companion.",,,,,,,,,,,,,,,,,,,,,,,,
t,camelo,camelos,"kamel-animal; kamel (K); gimel (W from Arabic)
",Camelos são mais altos que cavalos e burros. As pessoas podem andar de camelo. Camelos também carregam cargas. Pêlo de camelo é usado para fazer tecidos ásperos.,"jumento, cavalo",arabic ref.,,,,,,,,,,,,,,,,,,,,,,,,,
n,Canaã,"Cananita, Cananeus",,"Canaã era o nome da terra que Deus prometeu que daria ao povo de Israel para ser sua pátria. Grande parte de Canaã tornou-se a terra de Israel. Hoje, parte de Canaã é chamada de Palestina.",,,,,,,,,,,,,,,,,,,,,,,,,,,
t,sárdio,,jóia; konilian (K)' pedra preciosa (W),Sárdio é uma espécie de pedra rara de cor avermelhada.,,,,,,,,,,,,,,,,,,,,,,,,,,,
t,esculpir,"escultor, esculpe, esculpiu","cortar - cortar madeira cuidadosamente para fazer algo (G);
",Esculpir significa cortar algo com ferramentas na forma de outra coisa. Os homens esculpem ídolos de pedra ou madeira.,"criar, construir",,GC 23-Feb-2019,,,,,,,,,,,,,,,,,,,,,,,,
n,César,"Rei, Faraó, Imperador",,César era um nome ou título que os romanos davam aos seus mais altos líderes ou reis/imperadores. Os egípcios nomearam seus altos líderes Faraó.,,,GC 15-Feb-2019,,,,,,,,,,,,,,,,,,,,,,,,
n,Cesareia,,,"Cesaréia era uma vila ou cidade. Romanos e outros batizaram algumas cidades de Cesaréia como forma de homenagear César, o imperador romano//rei",,,GC 15-Feb-2019,,,,,,,,,,,,,,,,,,,,,,,,
t,Centurião,Centuriões,"chefe de soldados (G); líder de batalha (W)
","Um centurião era um oficial militar romano que comandava até 100 soldados. Cento ou século significa ""100"" em alguns idiomas.",,,,,,,,,,,,,,,,,,,,,,,,,,,
t,correntes,corrente,amarrado (G);,"As correntes são como uma corda feita de fortes anéis de metal ligados entre si. (Às vezes, correntes eram usadas para prender ou conter pessoas perigosas como criminosos e endemoniados)","prisão, corda","Do you need this as chains are used for other purposes, too?: Men used chains to bind criminals and demoniacs.",GC 07-Feb-19,,,,,,,,,,,,,,,,,,,,,,,,
t,carroça,"carruagem, carro","charrete (transliterated) (G);
","Carruagens são carroças velozes com apenas duas rodas, puxadas por cavalos. Reis e oficiais importantes viajavam em carruagens.",cavalos,,GC 07-Feb-19,,,,,,,,,,,,,,,,,,,,,,,,
t,querubim,querubins,,"Existem dois tipos de querubins: (1) Estátuas com asas, como aquelas no topo da Arca da Aliança. (2) Espíritos que guardam o trono de Deus no céu.",anjo,,GC 07-Feb-19 A babylonian word employed by exhilic prophets.,,,,,,,,,,,,,,,,,,,,,,,,
t,Cristo,"ungido, Messias",al-Masih (W),"Cristo não é um nome, Cristo é um título que significa ungido. No Antigo Testamento, os israelitas ungiam um novo rei ou profeta com óleo vegetal. No Novo Testamento, Deus ungiu Jesus com seu Espírito Santo. No entanto, os cristãos costumam empregar a palavra Cristo como um nome sem traduzi-lo. Em alguns versículos, 'o Cristo' pode ser traduzido como 'o Rei que Deus prometeu que viria um dia'.",,arabic ref.,,,,,,,,,,,,,,,,,,,,,,,,,
t,Cristão,"Cristãos, crente, crentes","grupo dos que crêem (Jesus);
seguidores de Cristo; os de Cristo (R)
aqueles que seguem al-Masih (W)""","Cristão significa literalmente ""pequeno Cristo"" ou ""seguidor de Cristo"", aqueles que seguem o exemplo e os ensinamentos de Cristo.
A Bíblia descreve os cristãos de muitas maneiras. Eles são 'santos' = santos, aqueles que pertencem a Deus; 'crentes' = aqueles que têm fé em Jesus; 'discípulos' = aqueles que obedecem aos mandamentos de Jesus; 'irmãos e irmãs' = aqueles que se amam; 'igreja' = aqueles que adoram juntos.","santos, discípulos, crente, apóstolo",arabic ref.,,,,,,,,,,,,,,,,,,,,,,,,,
t,igreja,Igreja,Reunião de crentes (W); pessoas de fé (R); pessoas de adoração (K),"Cada comunidade de seguidores de Jesus é uma igreja, e todas as igrejas cristãs juntas constituem a igreja de Cristo, tanto na terra quanto no céu. A Bíblia também chama a igreja de Corpo de Cristo.","santos, assembléia",,"No ! Never a building. And capital letters mean nothing in many of the world's scripts. Whilst some of Israel become members of the church, the church has never become Israel. ",,,,,,,,,,,,,,,,,,,,,,,,
t,cinamomo,Cinamomo,sinamon (R); kinamon (K);,O Cinamomo é uma especiaria perfumada feita da casca de um certo tipo de árvore. Era misturado com óleo usado para ungir reis ou para preparar corpos para sepultamento.,,,,,,,,,,,,,,,,,,,,,,,,,,,
t,circuncisão,"circuncidar, circunciso",corte circular; cortar entorno(R);,"Um corte ritual feito no pênis de um menino ou de um homem. Deus ordenou a circuncisão para todos os homens israelitas ou meninos como um sinal de que eles eram leais à Antiga Aliança de Deus. No Novo Testamento, a circuncisão física não é mais necessária para mostrar relacionamento ou lealdade a Deus. Em vez disso, é usado de maneira figurativa para explicar como Cristo cortou a natureza carnal (pecaminosa) do crente para dar uma nova natureza justa (Cl 2:11-13; Rm 4:11; 1Co 7:18). ). Além disso, o batismo é agora o sinal de nossa lealdade à Nova Aliança de Deus.",,,,,,,,,,,,,,,,,,,,,,,,,,,
t,cidade,cidades,"grande cidade (G, W);
","As cidades são vilas bem organizadas; as cidades são aldeias que têm um governo; as aldeias são grupos de casas familiares. Nos tempos bíblicos, as cidades eram geralmente o maior aglomerado de casas e edifícios, geralmente com um forte muro de pedra protetor ao seu redor.","cidade, vila",,GC 08-Feb-19,,,,,,,,,,,,,,,,,,,,,,,,
t,limpo,limpar,claro (K); limpo (R);,"Sob a Lei de Moisés, os judeus tinham que tomar um banho ritual, ou fazer um sacrifício, antes de servir a Deus.
 Sob o Novo Testamento, o sangue de Jesus purifica os crentes de todo pecado e impureza, por meio de nossa fé nele. (Os rapazes e as moças devem permanecer sexualmente puros enquanto aguardam o casamento.)","puro, perdoar",People can defile themselves by serving idols. Contact with dead or blood can make ritually unclean. (Hilkka),,,,,,,,,,,,,,,,,,,,,,,,,
t,mandamentos,"comandar, comanda, mandamento, comando, ordem",,"Um comando é uma ordem que um líder dá aos outros para obedecer. Um mandamento é uma ordem que se torna permanente, como os Dez Mandamentos e os mandamentos de Jesus.",lei,,,GC 7/7/2019,,,,,,,,,,,,,,,,,,,,,,,
t,concubina,concubinas,"uma-que-é-como-uma-esposa (G);
",Alguns homens ricos eram casados com dois tipos de mulheres: esposas cujos filhos podiam receber uma herança e concubinas cujos filhos não podiam receber uma herança.,,,GC 07-Feb-19,,,,,,,,,,,,,,,,,,,,,,,,
t,condenar,condenado,,"Condenar significa pronunciar julgamento contra alguém, às vezes ordenando que os funcionários o punam. Juízes condenam criminosos, Deus condena anjos e humanos que pecam e não se arrependem.","abençoar, amaldiçoar",,,GC 8 July 2019,,,,,,,,,,,,,,,,,,,,,,,
t,confessar,"confessado, confessa, confessando","contar (G); aceitar (W)
",Confessar é dizer o que Deus disse sobre algo. Confessar pecados é admitir que fizemos algo que Deus proíbe. Confessar a Cristo é dizer que cremos no que Deus disse sobre ele.,,,GC 15-Feb-2019,,,,,,,,,,,,,,,,,,,,,,,,
n,Corinto,Coríntios,,Corinto era uma grande cidade mercantil no país chamado Grécia. Era uma cidade muito pagã cheia de pessoas que adoravam muitos ídolos. Paulo iniciou novas igrejas cristãs em Corinto e escreveu cartas aos coríntios (Atos 18).,,,,GC 7/7/2019,,,,,,,,,,,,,,,,,,,,,,,
n,Cornélio,,,"Cornélio era um oficial militar romano que orava ao Senhor. O Senhor enviou um anjo a ele dizendo-lhe para chamar Pedro. Quando a família e os amigos de Cornélio ouviram Pedro falar sobre Jesus, eles se tornaram os primeiros cristãos não-judeus ou gentios. (O nome Cornélio significa Chifre.)",,,GC 08-Feb-2019,,,,,,,,,,,,,,,,,,,,,,,,
t,país,"países, nação, nações","terra (G); 
",Um país é uma terra muito ampla onde as pessoas fazem casas e também podem ter um governo. Um condado também pode ser chamado de nação.,"reino, império, província, terra",,GC 15-Feb-2019,,,,,,,,,,,,,,,,,,,,,,,,
t 107,aliança,testamento,"prometer uma coisa com as bocas juntas (prometer algo um ao outro) (D);
forte promessa;
concordância (W); acordo (vinculação) (R);
minhas novas palavras sobre o que vou fazer (G) (Hb 8:8);
conversa de ligação (PNG);","Alianças são acordos solenes entre duas pessoas ou grupos que prometem ajudar um ao outro. Deus fez alianças com vários homens e com Israel. Deus prometeu abençoar os israelitas, se eles obedecessem às suas leis. Jesus fez uma “nova” aliança para dar vida a todos os que obedecem aos seus mandamentos.","promessa, juramento, acordo, pacto",binding tok (other language),Jesus' commandments include saving faith.,,,,,,,,,,,,,,,,,,,,,,,,
t 100,criar,"criado, cria","fazer (G);
",Criar significa fazer algo novo. Deus criou o mundo e todas as coisas vivas. Deus nos cria novos quando confiamos em Jesus. Deus um dia criará um novo céu e uma nova terra.,"esculpir, construir",,,,,,,,,,,,,,,,,,,,,,,,,,
t,cruz,cruzes,a madeira;  cruz de árvore (K); tábuas que são cruzadas (W);,"As cruzes de madeira eram uma ferramenta para torturar e matar criminosos violentos. Os romanos pregavam ou amarravam as mãos e os pés de um homem a um poste de madeira vertical com uma viga transversal de madeira e depois o deixavam morrer. Depois que Jesus morreu na cruz por causa dos nossos pecados, Deus perdoa a nós que cremos. (A cruz de Jesus também nos lembra que podemos ter que sofrer por causa de nossa fé nele.)",,,,,,,,,,,,,,,,,,,,,,,,,,,
t,amaldiçoar,"amaldiçoa, amaldiçoado",dizer coisas realmente ruins para/sobre (G); falar mal sobre (R); (forte) raiva de Deus (R); causar dano; punir;,"Amaldiçoar é pronunciar/falar mal a outra pessoa. Deus amaldiçoou todos os que escolhem fazer o mal. Deus também amaldiçoou o inocente Jesus, para que ele possa nos perdoar e cancelar a maldição de Deus.","abençoa, condena","maybe rather than condemn, it would be 'punish, cause harm'",,,,,,,,,,,,,,,,,,,,,,,,,
t,cortina,,,"As cortinas são panos grandes, suspensos em sua borda superior, que cobrem janelas, fecham portas ou dividem os cômodos de uma casa.",,,material' can be anything. Cloth seems more specific. Opening also seems a bit general.,,,,,,,,,,,,,,,,,,,,,,,,
n,Damasco,,,"Damasco, a nordeste de Israel, é uma das cidades mais antigas do mundo. Continua a ser a capital da nação da Síria. Jesus apareceu a um homem chamado Saulo perto de Damasco. Saulo tornou-se o apóstolo chamado Paulo.",,,GC 19-Feb-2019,,,,,,,,,,,,,,,,,,,,,,,,
n,Daniel,,,"Daniel era jovem quando os babilônios destruíram Jerusalém, levando muitos judeus cativos para a Babilônia. Daniel, um cativo, obedeceu a Deus durante toda a sua vida, permanecendo um funcionário honesto, apesar de viver e trabalhar no palácio de um rei pagão. Deus mostrou a Daniel o significado dos sonhos e revelou a ele o futuro das nações. (O nome Daniel significa ""Deus é meu juiz"".)",,,Jesus called Daniel a prophet (Mt 24:15) but the book of Daniel is not classed with the prophets but as a writing.,GC 8 July 2019,,,,,,,,,,,,,,,,,,,,,,,
n,Dario,,,"Dario foi o quarto rei do Império Persa, 550-486 a.C. Ele conquistou a Babilônia em 539 a.C. durante a vida de Daniel. (O nome Dario significa que Ele detém a bondade.)",,,GC 08-Mar-2019,,,,,,,,,,,,,,,,,,,,,,,,
n,Davi,Rei Davi,Dawuda (W do árabe),"Davi, o segundo rei de Israel, viveu cerca de 800 anos antes de Jesus. Ele era um menino pastor que ganhou a reputação de guerreiro valente. Ele também fez música e canções, algumas das quais se tornaram salmos na Bíblia. Davi permaneceu fiel a Deus por toda a sua vida, e Deus prometeu a ele que seus filhos governariam Israel para sempre. Jesus é um descendente ](um filho) do rei Davi. (O nome Davi significa Amado.)",Rei,,GC 07-Feb-19,,,,,,,,,,,,,,,,,,,,,,,,
t,morte,"morrer, morto, morrendo, morreu",,"Existem vários tipos de morte: (1) morte física, quando nosso espírito deixa nosso corpo, (2) morte eterna, chamada de 'segunda morte', indo para o inferno em vez de ir para o céu para sempre, (3) morte espiritual, não tendo a graça de Deus vida e Espírito Santo, (porque Adão pecou, todos nós nascemos espiritualmente mortos e precisamos 'nascer de novo.') e (4) recusar fazer o mal, chamado 'morrer para si mesmo', com a ajuda do Espírito Santo de Deus.","sangue, sacrifício",,,,,,,,,,,,,,,,,,,,,,,,,,
n,Débora,,,"Débora foi uma profetisa israelita (profeta mulher) durante os anos dos juízes. Por meio dela, o Senhor ordenou que Barak fosse para a batalha contra o exército do rei cananeu Jabin. (O nome Deborah significa ""abelha"".)",,,,GC 7/7/2019,,,,,,,,,,,,,,,,,,,,,,,
n,Débora,,,Havia duas mulheres chamadas Débora: (1) a babá de Rebeca que morreu perto de Betel e (2) uma líder dos israelitas que os levou à vitória sobre seus inimigos. (O nome Débora significa Promessa.),,,-4,,,,,,,,,,,,,,,,,,,,,,,,
t,decreto,decretos,,Um decreto é uma lei formal que um rei pronuncia. Todos devem obedecer aos decretos de seu rei.,"lei, ordem",,,GC 8 July 2019,,,,,,,,,,,,,,,,,,,,,,,
n,Dalila,,,Dalila era a mulher filisteia com quem Sansão se casou. (O nome Dalila significa delicioso.),,,GC 07-Feb-19,,,,,,,,,,,,,,,,,,,,,,,,
n,Demétrio,,,Havia dois homens chamados Demétrio. (1) Um deles era um ferreiro da cidade de Éfeso que adorava uma deusa chamada Ártemis. Ele apresentou acusações contra Paulo em um tribunal da cidade. (2) O outro era um cristão de boa reputação (3 João 1).,,,,GC 7/7/2019,,,,,,,,,,,,,,,,,,,,,,,
t,demônio,"espírito mau, demônios, espíritos maus, diabo, endemoniado","espírito rebelde contra Deus; 
criatura má (W);
espírito mau (G);demônio (R);","Demônios são espíritos que se rebelaram contra Deus, seu Criador. Eles podem habitar e exercer poder sobre os seres humanos que desobedecem a Deus, que servem a outros deuses ou que escolhem fazer o mal. Satanás é o principal dos demônio. Jesus deu poder aos seus seguidores para expulsar demônios/espíritos malignos.","anjo, Satanás",,Demons are never said to be fallen angels (messengers). The Rabbis taught that demons are the disembodied souls of the biblical Nephelim. Local cultures have their own beliefs about evil spirits.,,,,,,,,,,,,,,,,,,,,,,,,
n,Diana,,,"Diana é o nome de uma deusa grega (ídolo) adorada por pessoas da cidade de Éfeso, entre outras.",ídolo,,,,,,,,,,,,,,,,,,,,,,,,,,
t,discípulos,discípulos,"aprendiz; aluno (lit. filho da aprendizagem) (R);
os que estão em formação (aprendiz);
aqueles que eu (Jesus) ensino (G);
aluno (mas não como em uma sala de aula);
Cristão;
os que seguem/obedecem a Jesus;","Discípulos são aqueles que seguem as instruções de um professor. Jesus tinha muitos discípulos. Ele ordenou a seus discípulos que fizessem outros discípulos de Jesus em todos os países, batizando-os e ensinando-os a obedecer aos seus mandamentos.","apóstolo, Cristão",,"GC: Longer notes contain a lot of fascinating information, yet do not necessarily help translators find an appropriate term to employ. ",,,,,,,,,,,,,,,,,,,,,,,,
t,jumento,jumentos,"cavalo-porco/animal; donki (R)
Pequeno cavalo; animal de carga (COM); animal (chamado) donki","Os burros são animais como pequenos cavalos, sobre os quais as pessoas podem montar. Os burros também carregam cargas e puxam um arado.",,other language: animal (called) donki (Hilkka),,,,,,,,,,,,,,,,,,,,,,,,,
t,dúvida,descrença,acreditar fracamente (G); vacilar (W);,"Dúvida significa não ter certeza de algo, ou não acreditar em algo que não parece ser verdade. Duvidar das promessas de Deus significa não acreditar no que ele disse ou revelou. Duvidar significa ser suspeito ou cético sobre a verdade ou confiabilidade de algo.","fé, crença",,GC 23-Feb-2019,,,,,,,,,,,,,,,,,,,,,,,,
t,dragão,dragões,lagarto grande; grande cobra (K); dragão(R);,"Os dragões são serpentes ou lagartos gigantes. O inimigo de Deus, Satanás, é chamado de dragão, porque ele é forte, assustador, destrutivo e maligno. Satanás assumiu a forma de um dragão (serpente) quando enganou os primeiros humanos a desobedecer a Deus. No livro do Apocalipse, um dragão é usado como um símbolo ou imagem de Satanás.",serpente,,Dragons of various sizes certainly do live on earth.,,,,,,,,,,,,,,,,,,,,,,,,
t,sonho,sonhos,"sonho (G);
",Sonhos são o que se vê e ouve durante o sono. Deus ou anjos às vezes falavam com pessoas em sonhos. Deus permitiu que José e Daniel contassem o significado de alguns sonhos que eram misteriosos para quem os tinha.,visão,,GC 07-Feb-19,,,,,,,,,,,,,,,,,,,,,,,,
t,terra,,"terra;
esse chão;
terra (G);","Terra significa (1) a terra ou solo sobre o qual nós humanos habitamos, (2) tudo abaixo do céu, (3) sujeira ou solo, e (4) a morada subterrânea dos mortos.","mundo, céus",,,,,,,,,,,,,,,,,,,,,,,,,,
n,Éden ,,,"Éden era o nome de um lugar encantador, um jardim muito grande e bonito, onde Deus costumava se encontrar com outros espíritos e com os primeiros seres humanos, antes de Adão e Eva pecarem contra Deus.",,,GC 15-Feb-2019,,,,,,,,,,,,,,,,,,,,,,,,
n,Edom,,,"Edom era um país onde os descendentes de Esaú se estabeleceram, a leste de Israel. Os edomitas adoravam falsos deuses e se tornaram inimigos de Israel. Edom significa ""vermelho"".",,,GC 15-Feb-2019,,,,,,,,,,,,,,,,,,,,,,,,
n,Egito,"Egípcios, egípcio",Misra (W do árabe),"O Egito é um país a oeste de Israel. Os israelitas viveram quatrocentos anos no Egito, onde se tornaram escravos. O Egito governou a terra de Israel por centenas de anos.",,Arabic ref.,,,,,,,,,,,,,,,,,,,,,,,,,
t,ancião,anciãos,"homens mais velhos(G); líderes (W)
","Os anciãos são pessoas mais velhas a quem os outros respeitam e obedecem. Os anciãos geralmente se reúnem como um conselho que decide assuntos importantes. As igrejas têm presbíteros que são chamados de superintendentes e servos, ou pastores e diáconos.",líder,,GC 23-Feb-2019,,,,,,,,,,,,,,,,,,,,,,,,
n,Elimeleque,Elimeleque,,"Elemileque era marido de Noemi. Ele era um israelita que migrou para o país de Moabe, onde morreu. (O nome Elimeleque significa Meu Deus é Rei.)",,,GC 19-Feb-2019,,,,,,,,,,,,,,,,,,,,,,,,
n,Eli,,,"Eli era um sacerdote na tenda de adoração israelita em Siló. Foi ele quem criou o menino Samuel que se tornou um profeta. (O nome Eli significa ""Meu Deus"".)",,,,GC 7/7/2019,,,,,,,,,,,,,,,,,,,,,,,
n,Eli,,,"Eli era sacerdote do Senhor em Siló, antes que Israel tivesse um templo. Ele criou o profeta Samuel desde menino até a idade adulta, embora seus próprios filhos fossem desonestos. (O nome Eli significa Meu Deus.)",,,GC 07-Feb-19,,,,,,,,,,,,,,,,,,,,,,,,
n,Elias,,Ilyass (W),"Elias viveu cerca de 800 anos antes de Jesus. Ele foi um profeta de Deus, que corajosamente repreendeu um rei mau e todos os que adoravam ídolos em Israel. (O Livro de Malaquias diz que Elias deve retornar para preparar Israel para receber o aparecimento do Messias vindouro.) (João Batista era como Elias em muitos aspectos.) (O nome Elias significa que o Senhor é Deus.)",Eliseu,Arabic ref.,GC 07-Feb-19,,,,,,,,,,,,,,,,,,,,,,,,
n,Eliseu,,Alyaasa (W),Eliseu viveu cerca de 800 anos antes de Jesus. Ele foi um profeta de Deus designado pelo profeta Elias. Eliseu realizou mais milagres do que Elias.,Elias,Arabic ref.,,,,,,,,,,,,,,,,,,,,,,,,,
n,Elcana,,,"Haviam vários homens chamados Elcana. Um certo Elcana era marido de Ana e pai do profeta Samuel. (O nome Elcana significa ""Deus criou"".)",,,GC 07-Feb-19,,,,,,,,,,,,,,,,,,,,,,,,
t,imperador,imperadores,,"Um imperador era o rei ou governante mais alto de um império, governando reis menores. Alguns condados consideravam seu imperador divino ou um deus.","rei, faraó, césar",,,,,,,,,,,,,,,,,,,,,,,,,,
t,império,"reino,","todas as divisões da sua terra(G); 
","Um império é um extenso grupo de múltiplas cidades, estados e/ou nações sobre as quais um governante supremo (um imperador) tem autoridade. Babilônia, Assíria e Roma eram exemplos de impérios nos tempos bíblicos.","nação, país, região, imperador",,"GC 08-Feb-19
RR updated",,,,,,,,,,,,,,,,,,,,,,,,
n,Éfeso,Efésios,,"Éfeso era uma grande cidade perto do mar na Ásia Menor onde Paulo iniciou novas igrejas. Mais tarde, ele escreveu uma carta aos efésios. Jesus também escreveu uma carta aos Efésios através de João no Apocalipse.",,,,GC 7/7/2019,,,,,,,,,,,,,,,,,,,,,,,
n,Efraim,,,Efraim era o mais novo dos dois filhos de José. Efraim tornou-se ancestral de uma tribo de Israel. (O nome Efraim significa Frutífero.),,,GC 23-Feb-2019,,,,,,,,,,,,,,,,,,,,,,,,
n,Epicureus,epicurista,,"Os epicuristas seguiam os ensinamentos do filósofo Epicuro, que viveu cerca de 300 anos antes de Jesus. Ele ensinou que as pessoas devem buscar a felicidade na vida, evitando a dor e o medo.",,,,,,,,,,,,,,,,,,,,,,,,,,,
n,Esaú,,Esawu (W),"Esaú viveu por volta de 1900 anos antes de Jesus. O filho de Abraão, Isaque, teve filhos gêmeos chamados Esaú e Jacó. Esaú, que era o primogênito, vendeu tolamente seu direito de primogenitura a seu irmão Jacó. (Os filhos de Jacó tornaram-se os israelitas, e os filhos de Esaú, os edomitas.)",Edom,arabic ref.,,,,,,,,,,,,,,,,,,,,,,,,,
n,Ester,,,"Ester era uma órfã judia criada por seu primo Mordecai. Depois que o rei persa Xerses fez de Ester sua nova rainha, ela salvou muitos judeus da morte. (O nome Esther significa Estrela. Seu nome judaico Hadassah significa Mirto/Murta.)",,,GC 08-Mar-2019,,,,,,,,,,,,,,,,,,,,,,,,
t,eunuco,eunucos,"castrado; homem (R);
homem solteiro, levado a ser assim (G);
camareiro (W);","Um eunuco era um homem que havia sido castrado / emasculado. As nações pagãs praticavam esse tipo de mutilação às vezes em escravos ou naqueles a serem treinados para certos tipos de trabalho, como o serviço oficial do governo. Não era um costume judaico, já que a lei de Deus proíbe que os homens sejam eunucos.",servo,"take this out:  (Christian ministers who do not get married may be called eunuchs.) Other language examples to euphemistic, better to say: castrated. Chamberlain unknown in PNG. (Hilkka)",,,,,,,,,,,,,,,,,,,,,,,,,
n,Eva,,Awa (W do árabe),"Eva viveu cerca de 4.000 anos antes de Jesus. Eva foi a esposa de Adão, a primeira mãe de todos os seres humanos. Quando Satanás tentou Adão e Eva, eles desobedeceram a Deus. Desde então, todos os seres humanos também pecaram e devem morrer.",Adão,Arabic ref.,"The Bible clearly teaches universal death as a result of our first parents' sin, but not some kind of transmitted sin.",,,,,,,,,,,,,,,,,,,,,,,,
t,mau,"perverso, malvado, pecador, maldade",,As coisas más são tudo o que Deus proíbe; pessoas más são aquelas que desobedecem às leis de Deus; espíritos malignos são seres invisíveis que fazem as pessoas pensarem no mal e praticarem ações malignas.,,,GC 15-Feb-2019,,,,,,,,,,,,,,,,,,,,,,,,
t,fé,"acreditar, crendo, crê, acreditou, crença, confiar","dizer sim (a alguém ou algo; concordar; aceitar; confiar como verdadeiro);
confiar; crença (R); crença (W); coração/fígado (ser interior) depende de algo (PNG)","Fé significa (1) acreditar na verdade, (2) confiar em Deus ou em Cristo e (3) permanecer leal a Jesus. Tanto na Antiga quanto na Nova Aliança (testamentos), Deus considera justos aqueles que depositam sua fé nele e em suas promessas.","confiar, duvidar, descrença",other language: heart/liver (inner being) hangs on smg,"Both the Hebrew 'amn and the Greek pistis include both belief and loyalty, according to their context.",,,,,,,,,,,,,,,,,,,,,,,,
t,jejum,,jejum (R); ,"Jejuar significa não comer por um tempo. Os judeus costumavam jejuar como sinal de arrependimento, tristeza ou humildade diante de Deus. Os cristãos às vezes jejuam como uma forma de oração a Deus.",,,,,,,,,,,,,,,,,,,,,,,,,,,
t,festa,"festival, festas, festivais, festejaram","uma ampliação (W); lembre-se (W);
grande refeição/comida; grande dia de adoração (K); festa (R);
grande dança (festival) / grande refeição (festa) (G);
","As festas são refeições especiais com muita boa comida e bebida. Normalmente, um banquete é servido para uma ocasião especial. Os israelitas tinham festas para as celebrações anuais, quando as famílias se reuniam para lembrar a bondade de Deus. Os israelitas tinham que manter certas festas em Jerusalém.",festival,,,,,,,,,,,,,,,,,,,,,,,,,,
t,Festa da Dedicação,"Hanucá, Festa das Luzes","purificação (W); festa quando eles se lembraram do dia em que abriram a casa de doações (R);
um grande dia de adoração para que eles se lembrassem do dia em que abriram a casa de doações (K)
","No ano 165 antes de Jesus, os israelitas (judeus) recuperaram seu templo de seus inimigos, dedicando-o novamente a Deus. Os judeus celebram esta festa anual, chamando-a de Hannukah e o ""Festival das Luzes"".",,other language: why house of giving? (Hilkka),,,,,,,,,,,,,,,,,,,,,,,,,
t,festa do Pentecostes,Pentecoste,dia de Pentecostes (R); ,"Pentecostes significa cinquenta. Este festival da colheita ocorre no mês de maio, 50 dias após a festa anual da Páscoa. Foi no Pentecostes, no ano 33, que o Espírito Santo desceu pela primeira vez sobre todos os que creram em Jesus.",,,"Astronomy-based calendars, along with better documentary studies, now situate the birth of Jesus around 2 BCE, and his ministry beteen 29 and 33 CE. If this causes indigestion, then remove the date reference.",,,,,,,,,,,,,,,,,,,,,,,,
t,festa das Cabanas,"festa dos tabernáculos, festa das tendas",dia de adoração dos judeus que eles chamam de festa dos abrigos (R); dias de grande culto em abrigos (K); grande dia de adoração chamado festa das tendas,"Na festa anual dos abrigos em outubro ou novembro, os judeus se regozijam porque a colheita foi concluída. Eles ficam em abrigos temporários por uma semana, para homenagear seus ancestrais que viveram quarenta anos em abrigos enquanto vagavam pelo deserto.",,"tabernacle is too techincal, better to say tent  or garden shelter, in Pidgin haus win Hilkka)",,,,,,,,,,,,,,,,,,,,,,,,,
t,festa da Páscoa,Páscoa,festa de passagem (R); grande dia de culto de Passagem (K);,"Durante a festa anual da Páscoa em março ou abril, os judeus relembram como seus ancestrais escaparam da escravidão no país do Egito. Naquela época, Deus avisou que enviaria seu anjo para matar o filho mais velho de todas as casas do Egito, exceto aquelas onde matassem um cordeiro e espalhassem seu sangue na ombreira da porta da frente. Ali o anjo passaria sem ferir ninguém.",Festa do Pão sem fermento,,,,,,,,,,,,,,,,,,,,,,,,,,
t,Festa do Pão sem Fermento,Pão sem fermento,banquete do pão sem fermento (R); grande dia de adoração de pão sem fermento (K);,"A festa anual dos Pães Asmos dura sete dias após a Festa da Páscoa. Durante esses sete dias, os judeus comem pão sem fermento, para lembrar como seus ancestrais escaparam do Egito (tão rápido que não tiveram tempo de esperar para assar o pão com fermento).",Páscoa,,,,,,,,,,,,,,,,,,,,,,,,,,
n,Félix,,,"Félix foi governador romano da Judéia entre os anos 52 e 60. Homem desonesto, manteve Paulo preso em Cesária por dois anos. Certa vez, ele ficou alarmado quando ouviu Paulo explicar sobre o julgamento de Deus.",,,,GC 7/7/2019,,,,,,,,,,,,,,,,,,,,,,,
t,festival,"festa, festivais, festas",,"Os festivais são dias especiais em que as pessoas se lembram de seu passado ou honram a Deus. As pessoas podem fazer uma refeição juntas como parte de um banquete. Israel tem sete festas anuais, incluindo a festa da Páscoa.",,,GC 08-Mar-2019,,,,,,,,,,,,,,,,,,,,,,,,
n,Festo,,,"Festo substituiu Félix como governador romano da Judéia no ano 62. Ele deixou Paulo na prisão em Cesária, até enviar Paulo a Roma para ser julgado por César, o imperador romano.",,,,GC 7/7/2019,,,,,,,,,,,,,,,,,,,,,,,
t,figueira,figos,figo (R); ,A figueira é uma espécie de árvore frutífera. Seu fruto é muito doce.,,,,,,,,,,,,,,,,,,,,,,,,,,,
t,tolo,"tolice, tolos, enganado","aquele que realmente não conhece as coisas (G); 
","Tolo é aquele que faz escolhas ruins/estúpidas/más, mesmo quando os outros o alertam. Deus quer que os tolos se arrependam, aprendam a sabedoria e o obedeçam. O livro de Provérbios muitas vezes contrasta pessoas tolas e pessoas sábias.",sábio,,GC 19-Feb-2019,,,,,,,,,,,,,,,,,,,,,,,,
t,perdoar,"perdoado, perdoa, perdão",apagar (R); colocar o braço em volta dos ombros (S-I);,"Perdoar é escolher não punir aqueles que pecaram ou desobedeceram. Quando perdoados, aqueles que erraram não têm mais culpa ou vergonha pelo que fizeram.","culpa, vergonha, purificação, santificação",,,,,,,,,,,,,,,,,,,,,,,,,,
t,formar,"formado, forma",,"Formar algo significa (1) mudar sua forma para se parecer com outra coisa (por exemplo, argila pode ser moldada para se parecer com a imagem de algo) ou (2) reunir pessoas em um novo grupo.","esculpir, construir",,GC 23-Feb-2019,,,,,,,,,,,,,,,,,,,,,,,,
t,raposa,raposas,raposa (G); ,"A raposa é um animal selvagem semelhante a um cachorro pequeno, com pelo bonito, cauda espessa, dentes afiados e garras não retráteis. As raposas caçam furtivamente como um gato e comem animais menores como ratos, camundongos, cobras e coelhos. Algumas culturas usam a raposa de forma metafórica para descrever atributos como beleza, astúcia, sabedoria ou esperteza. Por exemplo, se uma mulher é bonita, ela pode ser chamada de raposa. O rei Herodes foi chamado de raposa, o que significa que Herodes era astuto ou perigosamente esperto.",,,,,,,,,,,,,,,,,,,,,,,,,,,
t,incenso,,"substância pegajosa cuja fumaça cheira bem (R);
  pó cozido/queimado e sua fumaça cheira bem e chama-se incenso (K)","Incenso é um pó de cheiro bom feito da seiva de uma árvore. Quando é queimado, exala um cheiro doce. Como os judeus tinham que trazê-lo de longe, era caro.",incenso,good smelling powder made of sap of a tree (Hilkka),,,,,,,,,,,,,,,,,,,,,,,,,
t,fornalha,forno,fogo (W);,"Uma fornalha é um lugar ou grande caixa na qual se queima madeira ou outro combustível para produzir alto calor, como um forno para curar tijolos ou cerâmica. (Os babilônios eliminavam os cadáveres por cremação, queimando-os em uma fornalha.) (Os artesãos usavam fornalhas para purificar metais como prata ou ouro.)",,,,,,,,,,,,,,,,,,,,,,,,,,,
n,Gadareno,Gadarenos,,Gadara era uma região perto do lago da Galileia onde havia muitos gentios que comiam carne de porco.,,,GC 08-Mar-2019,,,,,,,,,,,,,,,,,,,,,,,,
n,Galiléia,,,A Galiléia era uma região ou província na parte norte de Israel em torno de um lago muito grande chamado Mar da Galiléia. Tem muitos peixes.,,,,,,,,,,,,,,,,,,,,,,,,,,,
n,Geazi,,,"Geazi era servo do profeta Eliseu. Certa vez, ele pecou ao pedir um presente a um oficial sírio que Eliseu havia curado de lepra.",,,GC 07-Feb-19,,,,,,,,,,,,,,,,,,,,,,,,
t,gentio,gentios,"quem não é um judeu(W); 
pessoas que não são judeus (R); ","Gentios são todos os grupos e indivíduos que não são nem israelitas nem judeus. No tempo de Jesus, a maioria dos gentios adorava falsos deuses e ídolos. (Antes de Jesus retornar ao céu, ele ordenou a seus apóstolos que fossem fazer discípulos para ele entre todas as nações gentias. )
Às vezes, o termo gentio é usado de forma genérica no Novo Testamento para se referir a uma categoria de pessoas que não acreditam ou não pertencem a Deus","Judeu, Hebreus","can be translated also with their nationality, e.g. Kenan/Greek… (Hilkka)","I am not aware of a figurative use of the term Gentile in the NT.         RR:  Perhaps generic sense is better than figurative.  Gentile is used for the category of ""sinner"" or unbeliever (even though all ethnic Gentiles are not unbelievers), as Jew is sometimes used in a generic sense for the category of ""belonging to God"" or ""believer"" (even though all ethnic Jews do not believe) e.g. Rev 2:9; 3:9
GC: Good!",,,,,,,,,,,,,,,,,,,,,,,,
n,Gibeá,"Gibeão, Gibeonitas",,Gibea era uma cidade pagã em Canaã quando Josué e os israelitas estavam conquistando a terra. (Os gibeonitas enganaram Josué para fazer um pacto de paz com eles.),,,Let the Bible tell the story.,07 July 2019,,,,,,,,,,,,,,,,,,,,,,,
n,Gibeá,"Gibeão, Gibeonitas",,"Os gibeonitas eram cananeus da cidade de Gibeá que fingiram ser de fora de Canaã, a fim de fazer as pazes com Josué e seu exército. Como os israelitas se esqueceram de perguntar a Deus, foram enganados pelos gibeonitas e fizeram as pazes com eles, embora fossem realmente cananeus.",,,GC 07-Feb-19,,,,,,,,,,,,,,,,,,,,,,,,
n,Gideão,,,"Gideão viveu cerca de 1200 anos antes de Jesus. Ele era um fazendeiro que se tornou um líder ou juiz sobre os israelitas, depois de liderar um pequeno exército contra um grande exército inimigo. (Deus assustou o grande exército para que ele fugisse.)",,,,,,,,,,,,,,,,,,,,,,,,,,,
t,glória,"gloficado, glorificar","luz;
grandeza;
louvor (dar glória a Deus);
força e/ou beleza (G);
alá (W); decoração/beleza (R);","Glória significa (1) grande poder, (2) luz brilhante, (3) beleza e (4) a presença de Deus.",,References to Allah/islam not helpful in PNG ,,,,,,,,,,,,,,,,,,,,,,,,,
t,bode,bodes,animal parecido com um veado de pelos longos (G);,"As cabras (ou bodes) são animais gentis cuja carne e leite as pessoas comem. As cabras geralmente habitam os mesmos rebanhos com ovelhas. As caudas das ovelhas pendem para baixo, enquanto as caudas das cabras se enrolam para cima. Os bodes adultos, chamados carneiros, lutam usando seus chifres e são um símbolo para as nações que vão à guerra.","ovelha, pastor",,GC 08-Mar-2019,,,,,,,,,,,,,,,,,,,,,,,,
t,Deus,Deus Eterno,"eterno;
O Criador;
o Deus que vive/viveu desde sempre (G); Deus (R); Allah (W);","Deus é o Grande Espírito Eterno que criou tudo e todas as criaturas vivas. Deus governa o céu e a terra. Ele ordenou a todos que abandonassem seus deuses e adorassem somente a ele. (Não há outro deus tão grande quanto ele.) (Este Grande Deus veio ao mundo como um ser humano, Jesus, o Messias.)","Senhor, ídolo, deuses",Arabic ref.,,,,,,,,,,,,,,,,,,,,,,,,,
t,ouro,dourado,,Ouro e prata são metais brilhantes que muitos países usam como dinheiro e usam para fazer joias. A Arca da Aliança israelita era coberta com ouro brilhante. O ouro é extraído da terra. Para purificá-lo é necessário aquecê-lo com fogo bem quente até que derreta e a sujeira possa ser separada dele.,"prata,",,GC 07-Feb-19,,,,,,,,,,,,,,,,,,,,,,,,
n,Gomorra,,,"Gomorra era uma cidade perto de Sodoma onde Ló, sobrinho de Abraão, escolheu morar. A população era tão má, que Deus a destruiu com fogo que caiu do céu (cerca de 2000 anos antes de Jesus viver).",,,,,,,,,,,,,,,,,,,,,,,,,,,
t,bom,,"bom (G);
","As pessoas chamam de ""bom"" tudo e qualquer pessoa que elas avaliam como certa, verdadeira, honesta, gentil ou útil. Ser ""justo"" ou ""correto"" significa ter uma boa posição perante Deus ou seguir suas leis.","certo, justo",,GC 08-Mar-2019,,,,,,,,,,,,,,,,,,,,,,,,
t,evangelho,boas novas,"boa notícia (W);
bela fala (G); boa fala (R);
  boa conversa (K);","Evangelho significa Boas Novas. É a mensagem (dos apóstolos de Jesus) que Deus perdoa os pecados e dá vida eterna a todos que se arrependem e colocam sua fé em Jesus, que morreu na cruz, foi sepultado, ressuscitou três dias depois e apareceu a muitas testemunhas oculares",,,,,,,,,,,,,,,,,,,,,,,,,,,
t,governador,,"pessoa governante (de uma região);
chefe (do povo de um país) (G); grande líder do governo (R); kilifa (W do árabe)",Governadores são funcionários que governam uma região ou parte de uma nação. Apenas um rei tem mais poder.,"rei, líder",arabic ref.,,,,,,,,,,,,,,,,,,,,,,,,,
t,graça,gracioso,"perdoar; fazer o bem;
vir/cair sobre (ajudar/ajudar/mostrar misericórdia a alguém);
e ninguém paga por isso (W);
pena e paciência (pelas pessoas) (G); amor/pena (K); gostar (K)
","Graça é o amor que Deus tem por nós, humanos, pelo qual ele nos perdoa, nos resgata do mal, nos ajuda a levar uma vida melhor, nos dá poder para servi-lo e nos leva ao seu reino eterno.","perdoar, misericórdia, amor","also, make good (Hilkka)",,,,,,,,,,,,,,,,,,,,,,,,,
t,uvas,uva,sementes de vinho (R); ,"As uvas são um tipo de fruta que cresce em uma videira, não em uma árvore. Seu suco é usado para fazer vinho. (Os judeus costumavam plantar muitas videiras em suas fazendas e cultivá-las para que produzissem muitos frutos.)","videira, vinho",reseng not helpful in PNG,,,,,,,,,,,,,,,,,,,,,,,,,
n,Grécia,Grego,,"A Grécia é um país da Europa. As cidades de Atenas e Corinto estão na Grécia. Cerca de 350 anos antes de Jesus, a Grécia conquistou Israel e muitos outros países. A maioria desses países começou a falar e ler a língua grega. Os livros do Novo Testamento são escritos em grego. O grego era a língua dos estudiosos, não a língua materna das pessoas comuns",,"Greek was language of scholars, not ordinary people's mother tongue (Hilkka)",,,,,,,,,,,,,,,,,,,,,,,,,
t,culpa,culpado,"a condição de ter feito algo ruim (G);
aquela morte merecedora (W);","Culpa significa que alguém violou ou infringiu uma lei. Uma pessoa culpada é alguém que quebrou uma lei. Todos os humanos se tornam culpados perante Deus quando começam a violar suas leis. Todos os culpados devem ser punidos. A consequência da culpa é a punição. Normalmente, uma pessoa que é culpada sentirá vergonha.","perdoar, vergonha, santificar","this is an exception, very strong: that deserving death (W); (Hilkka)",GC 15-Feb-2019,,,,,,,,,,,,,,,,,,,,,,,,
n,Agar,Hagar,,"Hagar viveu há cerca de 2.000 anos. Ela era escrava na casa de Sara, mulher de Abraão. Na época em que Sara ainda não tinha um filho, ela pediu a Abraão que se deitasse com Hagar, e Hagar deu à luz um filho chamado Ismael. (Mas Ismael não era o filho que Deus havia prometido dar a Abraão com Sara. Doze anos depois, Sara deu à luz um filho com Abraão que o chamou de Isaque. Isaque é o filho que Deus havia prometido.)",,,,,,,,,,,,,,,,,,,,,,,,,,,
t,granizo,,pedras de gelo; chuva de pedras de gelo;,O granizo consiste em pedaços congelados de água (gelo) que caem do céu como chuva; chuva forte e congelada.,,,,,,,,,,,,,,,,,,,,,,,,,,,
n,Hamã,,,"Hamã era descendente do rei pagão Agague, que odiava Israel. Quando o rei persa Xerxes o nomeou oficial, Hamã planejou matar Mordecai e todos os judeus do Império Persa.",,,GC 08-Mar-2019,,,,,,,,,,,,,,,,,,,,,,,,
n,Ana,,,"Ana era uma das esposas de Elcana. Ela não teve filhos até que orou ao Senhor em Siló. Ela deu à luz um filho chamado Samuel, que se tornou um profeta sobre Israel. (O nome Ana significa ""graça"".)",,,,GC 7/7/2019,,,,,,,,,,,,,,,,,,,,,,,
n,Hanum,,,Um rei amonita que envergonhou os embaixadores de Davi.,,,,,,,,,,,,,,,,,,,,,,,,,,,
n,Harã,,,Haviam vários homens e uma cidade chamada Harã. Um certo Harã era irmão de Abraão e pai de Ló. A cidade chamada Harã foi onde morreu o pai de Abrão.,,,GC 07-Feb-19,,,,,,,,,,,,,,,,,,,,,,,,
t,céu,céus,"o além;
céu;
bem acima (G); paraíso (R); ","Céu significa tudo o que está acima do solo ou da terra, incluindo o ar, as nuvens, o céu, a cidade invisível de Deus e todas as criaturas que ali habitam.",terra,try to separate heaven and sky; asaman not helpful in PNG,,,,,,,,,,,,,,,,,,,,,,,,,
n,Hebreus,"Judeu, judeus, israelitas","pessoa judia; língua judaica;
","Hebreus são os descendentes de Abraão (as doze tribos) e sua língua (hebraico), a quem Deus escolheu para ser sua nação especial. Os hebreus mais tarde foram chamados de israelitas (depois que Deus mudou o nome de Jacó para Israel) e ainda mais tarde de judeus (porque muitos israelitas viviam em Judá/Jewdah).","gentio, israelita, judeu",,,,,,,,,,,,,,,,,,,,,,,,,,
n,Hebrom,,,"Haviam duas cidades (cidades) chamadas Hebrom. Abraão e Jacó adoraram a Deus perto de Hebrom, em Canaã. O rei Davi costumava ir a Hebrom, em Judá.",,,GC 19-Feb-2019,,,,,,,,,,,,,,,,,,,,,,,,
t,rebanho,rebanhos,,"Um rebanho é um grupo de animais, especialmente animais domesticados (não selvagens) com cascos que as pessoas (pastores) mantêm juntos e cuidam como gado para se sustentar.","pastor, gado",,,,,,,,,,,,,,,,,,,,,,,,,,
n,Hermes,,,"Hermes, também chamado de Mercúrio, era um deus grego e romano que, acreditavam os pagãos, servia como mensageiro de outros deuses.",,,,,,,,,,,,,,,,,,,,,,,,,,,
n,Herodes,,,"Herodes é o nome de família dos reis que os romanos colocaram no poder sobre partes de Israel. Quatro desses reis foram (1) Herodes, o Grande, na Judéia (rei durante o tempo em que Jesus era um bebê), (2) Herodes Antipas, na Galiléia (que governou durante o tempo em que Jesus estava pregando), 3) Herodes Agripa, o Primeiro, na Judéia (que governou após a ressurreição de Jesus e perseguiu os primeiros cristãos) e (4) Herodes Agripa II na Judéia (que governou durante o tempo em que Paulo estava sendo julgado).",,,,,,,,,,,,,,,,,,,,,,,,,,,
t,Sumo Sacerdote,,líder dos que dão a Deus (R); chefe dos sacerdotes (U),"O Sumo (Chefe) Sacerdote era o líder de todos os sacerdotes. O Sumo Sacerdote era a única pessoa autorizada a entrar no Lugar Santíssimo no Tabernáculo ou Templo, onde ele sacrificaria a Deus por seus próprios pecados e pelos pecados que o povo havia cometido.",sacerdote,other language: head man of priests (Urt),,,,,,,,,,,,,,,,,,,,,,,,,
t,santo,"santidade, santos, santíssimo","único;
separado / especial / sagrado;
puro ou sem pecado/culpa/falha moral;
pertencer a Deus (associado a Deus);
ficar longe de coisas/ações ruins (G);
Puro (W); pertencente a Deus (R); limpo (R); reta (k);","Santo significa (1) puro, limpo, (2) perdoado; (3) único, diferente dos outros; separado; dedicado ou pertencente a Deus, e (4) fiel a Deus. Jesus foi chamado de Santo, e o próprio Deus é chamado de Espírito Santo. (A Bíblia chama os cristãos de santos, o que significa pessoas santas.)","Espírito Santo, pecado, pecador, santo",,,,,,,,,,,,,,,,,,,,,,,,,,
t,Espírito Santo,"Espírito de Deus, Espírito de Jesus, Espírito Santo de Deus","Espírito de Deus;
o sopro de Deus;
o Atrativo/Bom Espírito (G);
Espírito de Jesus;
A Respiração Pura (W); Espírito Reto (R); brilhante/respiração perfeita/vento (U)","Porque Deus é santo e Deus é um Espírito, a Bíblia chama Deus de Espírito Santo. Assim como Jesus era Deus conosco em forma visível, o Espírito Santo é Deus conosco em forma invisível. (Jesus prometeu que o Espírito Santo viria ficar com aqueles que têm fé em Jesus.)",espírito,other language: bright/perfect breath/wind (urt),,,,,,,,,,,,,,,,,,,,,,,,,
t,honra,"honorável, honrado","honrar/falar bem de (G);
ficar sob autoridade / ter o primeiro lugar / exaltar / elogiar o nome de / fazer feliz (U)t","Honrar alguém é dizer quão grande ou boa é uma pessoa, ou mostrar respeito pela idade, sabedoria ou autoridade de uma pessoa.","adorar, louvar, agradecer","other language: stay under authority (urt), have first place (urt), lift up/praise name of (urt), make happy (urt)",GC 23-Feb-2019,,,,,,,,,,,,,,,,,,,,,,,,
t,cavalo,cavalos,,"Os cavalos são animais grandes, fortes e rápidos que os humanos podem montar. Eles podem ser feitos para puxar carroças e carruagens, ou para transportar cargas. Os cavalos podem ser de vários tamanhos, mas geralmente são mais baixos que os camelos e maiores que os burros.",,,GC 15-Feb-2019,,,,,,,,,,,,,,,,,,,,,,,,
t,Hosana,,osaana (R); louvado / se alegre com (U);,"Hosana é uma saudação que os judeus costumavam gritar para dar honra ao seu rei. Significa ""Que Deus o salve!"".",,"praise (urt), be happy with (urt)",,,,,,,,,,,,,,,,,,,,,,,,,
t,hissopo,,(pequena) árvore chamada hissopo(K); ,O hissopo é uma espécie de planta. Os sacerdotes de Israel costumavam mergulhar uma folha de hissopo no sangue de um sacrifício e depois borrifar em pessoas ou coisas para torná-las sagradas aos olhos de Deus.,,"Hyssop is a shrub, not a tree.",,,,,,,,,,,,,,,,,,,,,,,,,
t,ídolo,"ídolos, deuses,","imagem (esculpida/feita pelo homem) adorada pelas pessoas;
imagem;
falso deus (G, K);
escultura (W, R)","Ídolos são objetos que as pessoas desejam mais do que desejam Deus. Um ídolo é uma imagem visível criada para representar algo que normalmente não é visível. Algumas pessoas esculpem ídolos em madeira ou pedra. As pessoas acreditam que um deus ou um espírito vem e habita no ídolo, então eles oram ao ídolo, supondo que o deus os ouvirá.","Deus,",,"False only in the sense that they are not Yahweh, the incomparable Creator. The spirits of gods do exist and pagans do pray to them.",,,,,,,,,,,,,,,,,,,,,,,,
t,incenso,,"substância pegajosa cuja fumaça cheira bem (R);
  pó cozido/queimado e sua fumaça cheira bem e chama-se insens (K);",O incenso é a seiva ou partes de uma árvore que tem um cheiro doce quando queimada. Muitas religiões queimam incenso enquanto adoram seus deuses.,incenso,,,,,,,,,,,,,,,,,,,,,,,,,,
t,ferro,,,"O ferro é um metal forte útil para fazer ferramentas, armas, carroças de guerra ou carruagens (para serem puxadas por cavalos) e correntes.",,,,GC 7/7/2019,,,,,,,,,,,,,,,,,,,,,,,
n,Isaque,,,"Isaque viveu cerca de 1900 anos antes de Jesus. Isaque era o filho que Deus prometeu a Abraão que sua esposa Sara daria à luz. Isaque também é o filho que Abraão ofereceria em sacrifício ao Senhor Deus. (Quando Sara ouviu a promessa de Deus de que ela daria à luz um filho, embora já fosse velha, ela riu. Isaque significa riso.)",,,The spirit of Antichrist has promulgathed a false docrine that Abraham offered his bastard son Ishmael.,,,,,,,,,,,,,,,,,,,,,,,,
n,Isaías,,,"Isaías viveu cerca de 800 anos antes de Jesus. Ele frequentemente falava com os reis de Judá e escreveu o Livro de Isaías, fazendo muitas previsões sobre o Messias. Jesus disse que Isaías escreveu sobre ele.",,,,,,,,,,,,,,,,,,,,,,,,,,,
t,Israel,"Israelita, Israelitas",,"Os israelitas são descendentes de Jacó, cujo nome se tornou Israel. Os israelitas eram membros do país chamado Israel. (Depois que as tribos invadiram Canaã, eles chamaram sua nação de Israel.) Depois que o país se dividiu em dois, os que habitavam no norte foram chamados de israelitas e os do sul, de judeus.","Hebreu, Judeu",,GC 23-Feb-2019,,,,,,,,,,,,,,,,,,,,,,,,
n,Jabim,,,"Jabim era um rei cananeu cujo exército oprimia os israelitas. Depois de orarem ao Senhor, os israelitas derrotaram o exército de Jabim e o mataram.",,,GC 07-Feb-19,,,,,,,,,,,,,,,,,,,,,,,,
n,Jacó,,,"Jacó viveu cerca de 1850 anos antes de Jesus. Ele era filho de Isaque e neto de Abraão. Depois que Jacó lutou com um anjo de Deus, o anjo deu a ele um novo nome, Israel. Os doze filhos de Israel se tornaram os ancestrais das doze tribos de Israel. (Assim, os israelitas às vezes são chamados de Casa de Jacó.)",Israel,,,,,,,,,,,,,,,,,,,,,,,,,,
n,Jael,,,"Jael era uma mulher queneia cujo clã vivia em Israel, mas estava em paz com os cananeus. Quando Sísera fugiu do exército israelita, ele se refugiou na tenda de Jael, onde ela o matou enquanto ele dormia. (O nome Jael significa ""O Senhor é Deus"".)",,,"Yah is often assumed to be a short form of Yahweh, even though other nations myths mention a deity called Yah or Yeh.",GC 7/7/2019,,,,,,,,,,,,,,,,,,,,,,,
t,cadeia,"cadeias, prisão, prisões, aprisionado","lugar em que alguém é aprisionado (G);
","Uma cadeia ou prisão é uma pequena casa ou quarto em que os governos prendem criminosos ou acusados de um crime. José foi preso em uma prisão no Egito, Pedro em uma prisão em Jerusalém e Paulo em uma prisão em Roma. Uma pessoa que está trancada em uma prisão é chamada de prisioneiro. Uma pessoa que está em autoridade sobre uma prisão ou prisão é chamada de carcereiro.",corrente,,GC 19-Feb-2019,,,,,,,,,,,,,,,,,,,,,,,,
n,Tiago,,,"Haviam vários homens chamados pelo nome Tiago. Dois eram apóstolos. Outro era o irmão de Jesus, Tiago, que mais tarde se tornou cristão e líder nas igrejas de Jerusalém. (A forma hebraica de Tiago é Jacó, que significa Calcanhar.)",,,GC 08-Mar-2019,,,,,,,,,,,,,,,,,,,,,,,,
t ,ciúme,enciumado,,"Ciúme pode significar (1) sentir-se mal ou com raiva quando outra pessoa é bem-sucedida ou consegue o que você deseja, (2) invejar os outros ou (3) desejar o que eles têm. O ciúme pode levar você a pecar. Deus sente ciúmes quando seu povo adora outros deuses.",,,The slant (/) has no meaning.,,"Key Term Database including back translation contributions from the following languages: Daasanach (D), Wolof (W), Guajajara (G), Kandas (K) and Ramoaaina (R). © 2019 Wycliffe Bible Translators, Inc.",,,,,,,,,,,,,,,,,,,,,,
n,Jeoaquim,"Joaquim, Eliaquim",,"Jeoaquim, também chamado de Conias e Joaquim, era rei de Judá (sul de Israel) quando um exército babilônico invadiu e capturou a cidade de Jerusalém 598 anos antes de Cristo.",,,,GC 7/7/2019,,,,,,,,,,,,,,,,,,,,,,,
n,Joiada,,,Joiada era sumo sacerdote no templo de Jerusalém antes e durante o reinado do rei Joás. Sua esposa resgatou o bebê Joás de ser morto pela malvada rainha Atalia.,,,,GC 7/7/2019,,,,,,,,,,,,,,,,,,,,,,,
n,Jefté,,,"Jefté viveu cerca de 1700 anos antes de Jesus durante o tempo dos juízes. Ele se tornou o líder do exército israelita, levando-o à vitória.",,,,,,,,,,,,,,,,,,,,,,,,,,,
n,Jeremias,,,"Jeremias viveu cerca de 600 anos antes de Jesus, antes e durante o tempo em que Israel foi destruído pela Babilônia. Ele foi um profeta de Deus que chamou os israelitas ao arrependimento de sua desobediência, avisando-os de que os babônios viriam capturar Jerusalém e levá-los em cativeiro por 70 anos.",,,,,,,,,,,,,,,,,,,,,,,,,,,
n,Jericó,,,Jericó era o nome de uma cidade forte e murada em Canaã. Era onde Raabe morava. Jericó foi a primeira cidade que Josué e os israelitas conquistaram com a ajuda milagrosa de Deus. Deus fez com que os muros de Jericó caíssem.,,,Good as is.,,,,,,,,,,,,,,,,,,,,,,,,
n,Jeroboão,,,"Depois que o rei Salomão morreu, seu reino foi dividido em dois. Jeroboão tornou-se rei da parte norte, que eles chamavam de Israel. Jeroboão disse aos israelitas que parassem de ir a Jerusalém e adorassem o Senhor curvando-se a ídolos que pareciam um touro, e ele se fez sacerdote. Essas ações desagradaram ao Senhor. Jeroboão foi um rei perverso.",,,GC 19-Feb-2019,,,,,,,,,,,,,,,,,,,,,,,,
n,Jerusalém,,,"Depois que o rei Davi capturou Jerusalém, ela se tornou a capital de Israel. (O nome Jerusalém significa Cidade da Paz.) O rei Salomão construiu um templo para Deus em Jerusalém. Por 1000 anos, a cidade de Jerusalém permaneceu o local central de adoração para os judeus. Outro nome para Jerusalém é Monte Sião, porque está localizado em uma colina. Jerusalém foi destruída e reconstruída várias vezes.",Sião,, ,,,,,,,,,,,,,,,,,,,,,,,,
n,Jessé,,,"Jessé era o pai do rei Davi, que era um ancestral de Jesus Cristo. No Antigo Testamento, o profeta Isaías havia escrito que o Messias ou Cristo seria descendente de Jessé e de Davi.",,,,,,,,,,,,,,,,,,,,,,,,,,,
n,Jesus,,"Yeesu em escritos romanos, Isaa em escrita árabe (W);","(Um anjo disse a Maria e José para nomear seu filho) Jesus, que significa ""Deus Salva"" porque ele salvaria as pessoas de seus pecados. Jesus é o Messias ou Cristo prometido. Ele é Deus vindo em carne humana, o único Salvador. (Ele fez milagres na terra, morreu por causa dos nossos pecados, ressuscitou três dias depois e ascendeu ao céu, de onde voltará um dia para julgar os vivos e os mortos e continuar governando o reino que ele está agora em processo de construção). Alguns outros títulos dados a Jesus são: Jesus Cristo, Messias, Filho de Deus, Filho do Homem, Filho de Davi.",,Arabic ref.,,,,,,,,,,,,,,,,,,,,,,,,,
n,Jetro,Reuel,,"Jetro era o título de um sacerdote de Midiã. Seu nome pessoal era Reuel (Ex. 4.18). Moisés casou-se com uma das filhas de Jetro por volta de 1400 aC. (O nome Reuel significa ""amigo de Deus"".)",,,,GC 7/7/2019,,,,,,,,,,,,,,,,,,,,,,,
n,Judeu,"Judeu, Judaico, Hebreus",pessoas (uma tribo) chamada judeus; filhos de Israel (W);,"Os judeus eram descendentes de Abraão e Jacó, também chamado de Israel. Eles viviam na terra chamada Judá, daí o título de judeus. Os judeus eram conhecidos como ""povo de Deus"" porque Deus os escolheu para serem a nação por meio da qual ele se tornaria conhecido e por meio da qual nasceria o Messias. Deus escolheu Israel, os judeus, para ser uma luz para todas as nações, para mostrar Deus a todo o mundo. Os judeus étnicos não fizeram isso. Então Deus enviou Jesus, nascido como judeu, para cumprir seu propósito de trazer luz e vida a todas as nações do mundo. Jesus ensinou que um ""verdadeiro"" judeu não era um descendente étnico de Abraão, mas sim qualquer pessoa (não importa sua etnia biológica) que confiasse e obedecesse a Deus como Abraão o fez.","Gentio, Israelita","I would leave this out from notes: Sometimes the term ""Jew"" is used figuratively/generically in the New Testament to refer to believers, Christians, people who truly belong to God. (Hilkka)",,,,,,,,,,,,,,,,,,,,,,,,,
t,Jóia,"jóias, gema, gemas, pedra preciosa, pedras preciosas",pedra (R); miçangas (R); pedras que custam muito caro (U);,Joias são lindas pedras de várias cores que custam muito dinheiro. O sumo sacerdote de Israel usava joias em seu peitoral (para simbolizar as 12 tribos de Israel). A Nova Jerusalém é descrita no Livro do Apocalipse como tendo paredes feitas de joias.,,other language: stones you pay big money,,,,,,,,,,,,,,,,,,,,,,,,,
t,Líderes Religiosos Judeus,"Líder Religioso, Líderes Religiosos, Líder religioso judeu",líderes judeus que acreditavam em Deus (G);,"Os líderes religiosos judeus incluíam sacerdotes, rabinos, escribas e professores que deveriam ajudar os outros a entender e obedecer às leis de Deus. Muitos desses líderes não acreditaram em Jesus e tentaram prejudicar os judeus que se tornaram cristãos.","fariseu, saduceu",,GC 15-Feb-2019,,,,,,,,,,,,,,,,,,,,,,,,
n,Joabe,,,Joabe foi um comandante leal do exército de Davi por muitos anos.,,,GC 07-Feb-19,,,,,,,,,,,,,,,,,,,,,,,,
n,Joás,Jeoás,,"Joás foi rei de Judá (sul de Israel) cerca de 800 anos antes de Cristo. Enquanto jovem, ele serviu ao Senhor, mas quando velho, ele fez o mal e foi morto.",,,GC 07-Feb-19,,,,,,,,,,,,,,,,,,,,,,,,
n,Jó,,,"Jó era um homem famoso, rico, piedoso e bom que viveu muito, muito tempo atrás. Depois que os inimigos roubaram toda a sua riqueza e Satanás matou seus filhos, ele ficou muito doente. Seus amigos o acusaram de pecados secretos, mas Jó sabia que ele era um homem bom, então ele queria perguntar a Deus por que ele estava sofrendo. Depois que ele se tornou humilde, Deus restaurou sua saúde e sua riqueza, e ele teve mais filhos.",,,GC 19-Feb-2019,,,,,,,,,,,,,,,,,,,,,,,,
n,João,,Yowanna (W),"O nome João significa ""Graça de Deus"". Os homens da Bíblia chamados João incluem (1) o batista que advertiu as pessoas a voltarem para Deus, (2) um apóstolo de Jesus que foi um dos três mais próximos de Jesus e que escreveu o Evangelho, várias cartas e quase certamente o Apocalipse, (3) O primo de Barnabé chamado João Marcos, que escreveu um Evangelho, (4) o pai de Pedro, (5) um parente de um sumo sacerdote.",,Arabic ref.,Some believe that (2) and (6) be the same man.," Several people named John are mentioned in the New Testament. The two most important are John the Baptizer and John the Apostle: (1) John the Baptizer was the prophet who prepared the way for Jesus. He was a prophet in the tradition of Elijah, and like Elijah he warned the people to repent and come back to God. See Matthew 3:1–15; 11:2–19; 14:1–12; 17:13; 21:24–32; Mark 1:4–11; 6:14–29; 11:29–33; Luke 1:13–17, 57–63, 76–80; 3:2–20; 7:18–33; 11:1; John 1:6–8, 15, 19–36; 3:22–30. (2) John the Apostle was the son of Zebedee and brother of James. He was one of the twelve apostles of Jesus. He wrote the Gospel of John and the Letters of John, and almost certainly the Book of Revelation. See Matthew 4:21–22; 10:2; 17:1–13; Mark 1:29; 3:17; 5:37; 9:1–13, 38; 10:35–41; 13:3; Luke 8:51; 9:28–36, 49, 54; 22:8; Acts 3:1–11; 4:13, 19–20; 8:14–17; Galatians 2:9; Revelation 1:1, 4, 9; 22:2, 8. (3) John Mark, the cousin of Barnabas and co-worker of Paul, wrote the Gospel of Mark (Acts 12:12; 13:4–13; 15:37–39; Colossians 4:10; 2 Timothy 4:11; Philemon 24; 1 Peter 5:13). (4) John was the name of the father of Simon Peter (Matthew 16:17; John 1:42; 21:15–17). (5) Also there was a member of the family of the High Priest Annas named John (Acts 4:6).",,,,,,,,,,,,,,,,,,,,,,,
n,Jonas,,,"Jonas viveu cerca de 800 anos antes de Jesus. Seu nome significa Pomba, uma espécie de pássaro. Ele era um profeta de Deus que (com relutância) chamou a cidade perversa de Ninivah para se arrepender. (Jesus disse certa vez que ele mesmo voltaria à vida três dias após sua morte, pois Jonas passou três dias em um peixe grande que o engoliu.) Deus usou a vida de Jonas como uma mensagem tanto quanto as palavras de Jonas.",,,,,,,,,,,,,,,,,,,,,,,,,,,
n,Jônatas,,,"Jônatas era filho do rei Saul. Ele e David se tornaram bons amigos. Quando Saul e Jônatas morreram em batalha, Davi tornou-se rei em seu lugar. (O nome Jônatas significa Presente do Senhor.)",,,,,,,,,,,,,,,,,,,,,,,,,,,
n,Jope,,,"Jope era uma cidade na costa do mar a oeste de Jerusalém, onde navios e barcos iam e vinham.",,,GC 19-Feb-2019,,,,,,,,,,,,,,,,,,,,,,,,
n,Jordão,Rio Jordão,,"Jordão é o nome do longo rio que corre de norte a sul na terra de Israel. No lado oeste do Jordão há boas terras agrícolas, enquanto o lado leste do Jordão permanece deserto.",,,,,,,,,,,,,,,,,,,,,,,,,,,
n,José,,,"Os homens chamados José incluem (1) o décimo primeiro filho de Jacó, (2) o marido de Maria, (3) um dos irmãos de Jesus, (4) o rico líder judeu (José de Arimateia) que enterrou o corpo de Jesus e outros.
O filho de Jacó, José, foi vendido como escravo no Egito cerca de 1800 anos antes de Jesus, (e se tornou um importante oficial no Egito, onde trouxe a família de Jacó para ficar 400 anos). (O nome José significa que ""ele adicionará."")",,,,,,,,,,,,,,,,,,,,,,,,,,,
n,Josué,,,"Josué viveu cerca de 1400 anos antes de Jesus. Seu nome significa """"Deus Salva"""". Ele foi um dos 12 espias que Moisés enviou a Canaã. , """"Quanto a mim e minha família, seguiremos a Deus."""")
(O nome Josué significa ""o SENHOR salva"". O nome Jesus é uma forma do nome Josué.)",,,GC 07-Feb-19,,,,,,,,,,,,,,,,,,,,,,,,
n,Judá,,,"Judá era um dos doze filhos de Jacó. Sua mãe era Lia. Ele se tornou o ancestral da tribo israelita de Judá.
Depois que o rei Salomão morreu, as tribos do norte ainda eram chamadas de Israel, enquanto as duas tribos do sul eram chamadas de Judá em hebraico e Judéia em latim. (O nome Judá significa Louvor.)",Judéia,,"GC 08-Mar-2019

RR: should a note be made here about Judah also being a country split off from Israel?",,,,,,,,,,,,,,,,,,,,,,,,
n,Judéia,,,Judéia é o nome da província ou área onde vivia a tribo de Judá.,Judá,Judea is name of province/area where tribe of Judah lived. (Hilkka),,,,,,,,,,,,,,,,,,,,,,,,,
t,juíz,juízes,"líder dos judeus na terra de Canaã (G); 
homem (quem) descide (soluciona) disputas/discussões (U);","Nos tempos antigos, antes que houvesse um rei em Israel, os juízes governavam as tribos. Esses juízes ou líderes tinham autoridade para resolver disputas e discussões e até mesmo para liderar soldados em batalha.
Julgar é tomar uma decisão.
Um juiz nos tempos modernos geralmente é aquele que toma ou anuncia uma decisão final em um tribunal.","rei, profeta",other language: man (who) decides (solution for) disputes/talk (urt),GC 07-Feb-19,,,,,,,,,,,,,,,,,,,,,,,,
t,justo,"justiça, justamente, justificar","aquele que é considerado bom na presença de Deus (G);
considerar alguém justo (W); chamá-los de retos (R); chamá-los de retos em seus olhos (R);
contar corretamente as obras das pessoas (G);
","Justiça significa obedecer a leis ou padrões. Uma pessoa justa obedece às leis. Um juiz justo decide casos de acordo com o que a lei diz. Deus é justo quando recompensa ou pune os outros pelo que suas próprias leis dizem. Deus aceita como justos ou justificados, aqueles que acreditam em suas promessas, como fez Abraão. Embora nossas boas obras mostrem que temos fé, é nossa fé que nos justifica ou nos salva. (Deus não justifica aqueles que tentam ganhar sua salvação.)","justo, bom, mau",,,,,,,,,,,,,,,,,,,,,,,,,,
n,Quetura,,,"Depois que a esposa de Abraão, Sara, morreu, ele se casou com uma mulher chamada Quetura, que teve vários filhos. (O nome Keturah pode significar Incenso ou Cheiro Doce.)",,,GC 19-Feb-2019,,,,,,,,,,,,,,,,,,,,,,,,
t,gentil,"gentileza, bondade","fazer o bem às pessoas (G); 
",Bondade é fazer o bem para outras pessoas de maneira gentil.,misericórdia,"take out: showing pity to people (because it is mercy, not kindness) (hilkka)",GC 15-Feb-2019,,,,,,,,,,,,,,,,,,,,,,,,
t,rei,"reis, Rei","pessoa que governa/autoridade;
Chefe (G); rei (R);
","Um rei continua sendo o governante mais alto de um reino ou nação até que ele morra. Algumas nações adoravam seu rei como um deus. (Algumas nações, reinos ou impérios chamavam seus reis por diferentes títulos ou nomes, por exemplo, Roma chamava seu rei César; o Egito chamava seu rei Faraó; os filisteus chamavam seu rei Abimeleque).","César, Faraó, Abimeleque",,,,,,,,,,,,,,,,,,,,,,,,,,
t,reino,"reino, império, impérios",,"Um reino é onde quer que um rei governe a terra e o povo. Um império é onde quer que um rei governe muitas terras e povos. Às vezes, a palavra ""trono"" simboliza reino.","nação, país",,GC 08-Feb-19,,,,,,,,,,,,,,,,,,,,,,,,
t,Reino de Deus,Reino dos Céus,"reino de Deus;
Como Deus governa [reina] sobre tudo;
o governo de Deus sobre as pessoas (G); governo de Deus (R);","O Reino de Deus existe onde quer que os humanos obedeçam a Deus como seu rei: Jesus, porque ele é o Rei, trouxe o Reino de Deus à terra quando veio ao mundo. O Reino de Deus inclui todos aqueles que recebem Jesus para governá-los como seu Rei, tanto no céu quanto na terra.
Às vezes, a palavra ""trono"" (cadeira do rei) é usada para simbolizar o reino.",,,"RR: #3 definition seems to contradict #1.  If Jesus (and God) are truly all-powerful and have all authority, then it seems to me that Jesus has been and is currently the king over earth and heaven.  He is the High King.  Currently there are many ""under kings"" reigning on earth, but they are under Jesus' sovereignty.  Perhaps #3 should say something more like One day Jesus will do away with all other earthly kings and he himself will reign soley, visibly as King of earth when earth and heaven are once again rejoined/renewed.
GC: God's eternal sovereign rule over his creation and its creatures, to my knowledge, is not called 'Kingdom of God' in Scripture, only in abstract theology. Theology can inform translators, but should not introduce extraneious infomation into translation of specific verses.
RR: I feel more comfortable in having information that is general here, rather than trying to define past, present, future and eternal kingdoms (which is more a theological extraction than clearly deliniated in Scripture).
GC 08-Feb-19","The Kingdom of God exists wherever humans obey God as their king. Because Jesus is the divine King, he brought God's Kingdom to earth when he came into the world.",,,,,,,,,,,,,,,,,,,,,,,
t,conhecimento,"saber, conhecer, conhecido",o verdadeiro conhecimento das coisas (G);,"Conhecimento ou 'saber' pode significar (1) tudo o que as pessoas podem lembrar e falar; (2) idéias ou pensamentos que as pessoas acreditam ser verdadeiros; (3) gostar de estar com alguém ou pertencer a Deus; ou (4 ) para conceber filhos juntos.
A sabedoria é a habilidade em como usar o conhecimento para fazer boas ações.",sabedoria,,GC 08-Mar-2019,,,,,,,,,,,,,,,,,,,,,,,,
n,Corá,,,"Corá liderou uma rebelião contra Moisés e Arão. Então, Deus fez o chão se abrir, e Corá e todos os que o seguiram caíram na fenda e morreram.",,,,,,,,,,,,,,,,,,,,,,,,,,,
n,Labão,,,"Labão era tio de Jacó, irmão de Rebeca, que morava em Harã. Labão foi o pai de Lia e Raquel, que se tornaram as esposas de Jacó.",,,,,,,,,,,,,,,,,,,,,,,,,,,
n,Mar da Galileia ,,,"O lago da Galiléia é um grande corpo de água doce profunda no norte de Israel, do qual o rio Jordão flui para o sul.",,,GC 08-Mar-2019,,,,,,,,,,,,,,,,,,,,,,,,
t,Cordeiro de Deus,cordeiro de Deus,"jovem cordeiro de Deus (K); joven/pequena cordeiro de Deus (R, W)","João Batista chamou Jesus de Cordeiro de Deus, porque sabia que Jesus morreria como sacrifício, para que Deus perdoasse a nós, humanos, de nossos pecados. (O Livro do Apocalipse chama Jesus de o Cordeiro que foi sacrificado ou morto, mas voltou à vida.)",,,"As essential element of the Good News is that Jesus was crucified because of our sins. Romans explains that Jesus' death exonorates God who forgives guilty sinners. However, the idea of substitution seems a modern, evangelical metaphone that displaces attention away from the holiness of God onto a kind of punishment theme, perhaps a useful idea though hard to prove scripturally.",,,,,,,,,,,,,,,,,,,,,,,,
t,candelabro,"lâmpada, luzeiro",,"Um candelabro é uma lâmpada, feita de metal, que suporta uma ou mais chamas de fogo e mantém seu combustível.",,GC: ,Distinguished from clay lamps and from fire pots.,,,,,,,,,,,,,,,,,,,,,,,,
t,terra,"terra, país",terra (G);,"Terra pode significar (1) o solo sobre o qual caminhamos, (2) o solo no qual plantamos sementes, (3) o país em que habitamos ou (4) a terra (a parte de nossa planeta) que não é coberto pela água do mar.",,,,,,,,,,,,,,,,,,,,,,,,,,,
t,Lei (de Moisés),Lei,as palavras de Moisés de muito tempo atrás(G); instruções de Deus através de Moisés; Caminho de Moisés (W);,"A Lei contém as regras e instruções que Deus revelou a Moisés para os israelitas. A lei (1) diz ações que agradam a Deus e (2) mostra a nós, humanos, como somos pecadores. A Lei continua boa, mas somente a fé em Deus pode nos salvar do inferno. (Os cristãos vivem obedecendo aos mandamentos de Jesus, não obedecendo à Lei. O principal dos mandamentos de Jesus é crer Nele.)",,,,,,,,,,,,,,,,,,,,,,,,,,,
t,líder,líderes,aquele que te guia (G); o cabeça (U);,"Um líder é alguém que aponta o caminho que os outros devem seguir. Líderes muito poderosos eram chamados de reis ou imperadores. Os menos poderosos eram chamados de chefes, governadores ou anciãos. Os menos poderosos eram chefes de família e chefes de trabalho.","rei, governador, ancião",other language: head man (urt),,,,,,,,,,,,,,,,,,,,,,,,,
t,lepra,"leproso, leprosos",lepra (R),"A lepra é uma doença de pele grave. As pessoas que tinham a doença da lepra eram chamadas de leprosos. Aqueles que sofriam desta doença nos tempos bíblicos eram obrigados a viver separados de outras pessoas. (Embora pessoas saudáveis nunca tocassem em um leproso, Jesus tocava leprosos quando os curava.)",,,,,,,,,,,,,,,,,,,,,,,,,,,
n,Levi,"Levitas, Levita",do clã de Lewi (R); do clã de Liwai (K),"Levi foi um dos doze filhos de Jacó, o ancestral da tribo israelita chamada Levi. Em Israel, apenas os levitas podiam servir como sacerdotes e trabalhadores no templo de Jerusalém. Arão era um levita. Mateus, que escreveu o Evangelho, também se chamava Levi. (O sumo sacerdote dos cristãos é Jesus, que veio da tribo de Judá.)",,,,,,,,,,,,,,,,,,,,,,,,,,,
t,Leão,leões,laion (K); grande gato / jaguar (G); simba (W);,"Os leões são gatos muito grandes, fortes e corajosos que matam e comem outros animais grandes... (Eles têm dentes afiados e garras longas que se retraem.) (Os leões são perigosos e podem matar pessoas.) (Os reis eram frequentemente comparados aos leões.) (Jesus é chamado de Leão da Tribo de Judá.)",,jaguar and simba not helpful in PNG,,,,,,,,,,,,,,,,,,,,,,,,,
t,gado,rebanho,,"Gado é o conjunto de animais domesticados (não selvagens) como cabras, vacas, camelos, burros, ovelhas, etc.) que as pessoas mantêm juntas e cuidam perto de suas casas para se sustentarem","rebanho, pastor",,,,,,,,,,,,,,,,,,,,,,,,,,
t,gafanhotos,gafanhoto,,Gafanhotos são insetos voadores que podem vir em enxames e destruir colheitas e outras plantas. Algumas pessoas comem gafanhotos como alimento.,,,,GC 7/7/2019,,,,,,,,,,,,,,,,,,,,,,,
t,Senhor,,Deus Altíssimo; Grande/ótima pessoa; o dono/patrão de todas as pessoas (G); homem rico e importante (R); grande (K); Proprietário (W);,Senhor significa (1) O Único Deus Criador; (2) proprietário de terras ou de escravos; (3) marido; (4) um espírito que governa outros espíritos; e (5) um título de respeito como o de senhor,Deus,,"Of course, in English LORD translates the Hebrew YHWH, which the LXX translated as kurios, lord, without a definite article. Hence the practice of substituting LORD for Yahweh, and of referring to Jesus as Lord. Lord also translates the Hebrew Adonai (My Lords) used only of God.",,,,,,,,,,,,,,,,,,,,,,,,
t,Senhor,,Deus Altíssimo; Grande/ótima pessoa; o dono/patrão de todas as pessoas (G); homem rico e importante (R); grande (K); Proprietário (W);,Senhor significa (1) O Único Deus Criador; (2) proprietário de terras ou de escravos; (3) marido; (4) um espírito que governa outros espíritos; e (5) um título de respeito como o de senhor,Deus,,"Of course, in English LORD translates the Hebrew YHWH, which the LXX translated as kurios, lord, without a definite article. Hence the practice of substituting LORD for Yahweh, and of referring to Jesus as Lord. Lord also translates the Hebrew Adonai (My Lords) used only of God.",,,,,,,,,,,,,,,,,,,,,,,,
n,Ló,,,"Ló era sobrinho de Abraão (filho do irmão). Ló morava perto de Abraão. Mas quando os dois homens tinham grandes rebanhos de gado, eles se separaram. Abraão escolheu morar em tendas, enquanto Ló foi morar na cidade maligna de Sodoma. (Ló se tornou o ancestral dos moabitas e dos amonitas, inimigos dos israelitas.)",,,,,,,,,,,,,,,,,,,,,,,,,,,
n,Ló,,,"Ló era sobrinho de Abraão (filho do irmão). Ló morava perto de Abraão. Mas quando os dois homens tinham grandes rebanhos de gado, eles se separaram. Abraão escolheu morar em tendas, enquanto Ló foi morar na cidade maligna de Sodoma. (Ló se tornou o ancestral dos moabitas e dos amonitas, inimigos dos israelitas.)",,,,,,,,,,,,,,,,,,,,,,,,,,,
t,amor,"amando, ama, amado",querer (W);,"Amor significa que procuramos tratar os outros da maneira que queremos que eles nos tratem. Deus nos amou enviando Jesus para nos salvar, e nós amamos uns aos outros atendendo às necessidades reais, enquanto tentamos não ofender aos outros. A Bíblia diz que o melhor tipo de amor é morrer alegremente para si mesmo (ou negar a si mesmo) para ajudar um amigo.","gentil, misericordioso, graça",,other lg example weard: want (W)???. E.g. better to say like a lot.,GC 15-Feb-2019,,,,,,,,,,,,,,,,,,,,,,,
t,mago,,observadores do céu (W); homens das estrelas; conhecedores de estrelas (G); homens que estudaram as estrelas; senhores do conhecimento (W);,Homens sábios no Oriente que estudaram o céu e as estrelas para discernir sinais ou mensagens de Deus,,,,,,,,,,,,,,,,,,,,,,,,,,,
n,Manassés,,,Manassés era o mais velho dos dois filhos de José. Manassés tornou-se ancestral de uma tribo de Israel. (O nome Manassés significa Esquecer.),,,GC 23-Feb-2019,,,,,,,,,,,,,,,,,,,,,,,,
t,maná,,"maanaa (R);
comida que cai do céu (G); 
","O maná foi o alimento que Deus deu aos israelitas durante seus 40 anos de peregrinação entre o Egito e Canaã. Na língua hebraica, maná significa ""o que é isso?"". Era algo como pão doce sem fermento. Todas as manhãs, exceto no sábado, os israelitas colhiam o maná do solo ao redor do acampamento. (O maná tem um sabor agradável, mas estraga-se rapidamente.)",pão,,,,,,,,,,,,,,,,,,,,,,,,,,
n,Marcos,,,"Marcos era um nome romano comum. Um jovem judeu chamado João Marcos, que havia conhecido Jesus, escreveu o Evangelho de Marcos e ajudou Lucas a escrever o Evangelho de Lucas.",,"This is not essential:  failed as a Christian missionary -  rather he quarreled with Paul, but is that necessary to mention here? (Hilkka)",GC 08-Mar-2019,,,,,,,,,,,,,,,,,,,,,,,,
n,Maria,,,"O nome Mary pode significar Desejada ou Amarga. No Novo Testamento da Bíblia, várias mulheres são chamadas de Maria, incluindo a mãe de Jesus e uma discípula de Magdala. A irmã de Lázaro e Marta também se chamava Maria, de Betânia.",,," Several different women named Mary are mentioned in the New Testament: (1) Mary the mother of Jesus. (2) Mary of Magdala. Jesus drove seven evil spirits from her, and she became one of his followers (Matthew 27:55–56; Mark 16:9; Luke 8:2; John 20:1–2; 11–18, and other passages). (3) Mary of Bethany, the sister of Martha and Lazarus. She sat at the feet of Jesus and listened to his teaching (Luke 10:38–42; John 11:1–5; 12:1–7). (4) Mary the mother of James and Joseph. This Mary may be the same person as Mary the wife of Cleopas, but this is not certain (Matthew 27:56; Mark 15:40; 16:1; Luke 24:10). (5)Mary the mother of John Mark. This Mary had a house in Jerusalem where the disciples of Jesus used to meet (Acts 12:12).",,,,,,,,,,,,,,,,,,,,,,,,
n,Mateus,,,"Mateus, também conhecido como Levi, era um homem culto, cobrador de impostos quando Jesus o chamou para ser seu discípulo. Mateus escreveu um evangelho sobre a vida de Jesus.",,,GC 08-Mar-2019,,,,,,,,,,,,,,,,,,,,,,,,
n,Média,,,"Os medos são uma tribo iraniana. No século 7 aC, eles fundaram um reino chamado Mídia que se aliou aos persas para atacar a Babilônia. O rei Dario era um Medo.",,,GC 08-Mar-2019,,,,,,,,,,,,,,,,,,,,,,,,
n,Melquisedeque,,,"Melquisedeque significa Meu Rei é Justo. Ele era rei de Salem e um sacerdote que servia ao Deus Altíssimo. Certa vez, ele abençoou Abraão, que então o pagou com um presente (um décimo ou dízimo). Porque Melquisedeque veio de uma família sacerdotal, ele era sacerdote como Jesus, que não veio da tribo sacerdotal de Levi (ainda assim, ambos se tornaram sacerdotes legítimos em virtude de sua obediência ao Deus Altíssimo).",,,"""Without geneology."" Geneology was a requirement for Levitical priests. Netither Melchizedek nor Jesus had preiestly credentials, yet both became legitimate priests by virtue of their obedience to the Most High God.",,,,,,,,,,,,,,,,,,,,,,,,
n,Mefibosete,,,"Mefibosete era filho de Jônatas. Seus pés foram quebrados quando ele era criança. Depois que Davi se tornou rei, ele mostrou muita bondade para com Mefibosete.",,,GC 07-Feb-19,,,,,,,,,,,,,,,,,,,,,,,,
t,misericórdia,misericordioso,amor/compaixão (R),Misericórdia é a compaixão mostrada aos ofensores ou inimigos. Deus mostra misericórdia quando provê para suas criaturas. Jesus mostrou misericórdia quando curou os enfermos e ressuscitou os mortos.,"amor, graça, gentileza, bondade",Mercy is compassion shown to enemies or offenders. (I don't think it needs to meet material needs/HiA). (Hilkka),"GC: Do you want to contrast with grace?
RR: users can look up grace and get the contrast.",,,,,,,,,,,,,,,,,,,,,,,,
t,Messias,Cristo,"O Rei (a quem) Deus prometeu enviar;
Nosso Chefe Verdadeiramente Importante (G); o homem designado (U);
Al-Masih (W); Kaarisito (R); Mesaia (K);
","A palavra hebraica Messias e a palavra grega Cristo traduzem Ungido. Na parte da Bíblia do AT, eles chamavam os reis de “ungidos”, depois que um profeta derramou óleo sobre suas cabeças. Na parte do NT da Bíblia, Jesus é chamado de Cristo, o Messias e o Ungido de Deus.","Rei, Filho de Deus",other language: the appointed man (urt).; These are not helful in PNG: Al-Masih (W); Kaarisito (R,,,,,,,,,,,,,,,,,,,,,,,,,
n,Mical,,,"Mical era filha do rei Saul. Ela amava Davi, que se casou com ela enquanto ainda servia ao rei Saul. Anos depois, ela repreendeu Davi depois que ele dançou nas ruas de Jerusalém. Ela não teve filhos.",,,GC 25-Apr-2019,,,,,,,,,,,,,,,,,,,,,,,,
n,Midiã,Midianitas,,"Midiã era o quarto filho da segunda esposa de Abraão, Quetura. A Terra de Midiã ficava no noroeste da Arábia, para onde Moisés fugiu do Egito. As pessoas da Terra de Midiã eram chamadas de midianitas. Eles invadiam e roubavam Israel durante o tempo dos juízes. Deus fortaleceu Gideão para derrotar os midianitas invasores.",,,"GC 08-Feb-19

Gideon did not go conquer Midia.","


",,,,,,,,,,,,,,,,,,,,,,,
t,milagre,"milagres, maravilhas","algo surpreende as pessoas (G); 
","Um milagre é qualquer coisa que só Deus pode fazer. Jesus fez milagres para mostrar que era Deus, e seus apóstolos podiam fazer milagres para mostrar que eram mensageiros de Deus. Os milagres também são chamados de sinais e maravilhas. Milagres não são mágicas, truques ou enganos.",,,GC 19-Feb-2019,,,,,,,,,,,,,,,,,,,,,,,,
n,Miriã,,,Miriã era irmã de Moisés e de Arão. Ela era uma profetisa que ensinava canções aos israelitas.,,,,GC 7/7/2019,,,,,,,,,,,,,,,,,,,,,,,
n,Moabe,"Moabita, moabitas",,"Moabe era filho de Ló, sobrinho de Abraão. Os descendentes de Moabe eram os moabitas, que habitavam em Moabe, a sudeste de Israel, do outro lado do rio Jordão. Os moabitas adoravam o deus Moloque sacrificando seus filhos. Rute era uma moabita que se tornou ancestral do rei Davi e de Jesus.",,,,,,,,,,,,,,,,,,,,,,,,,,,
n,Moloque,,,"Moloque é um espírito maligno e um deus ou ídolo adorado por alguns povos pagãos. Em alguns países, os adoradores sacrificavam seus próprios filhos aos ídolos de Moloque. Alguns israelitas em Jerusalém deixaram o Senhor muito irado quando sacrificaram seus filhos. (O nome Moloque significa Rei da morte.)",,,GC 19-Feb-2019,,,,,,,,,,,,,,,,,,,,,,,,
n,Mordecai,,,"Mordecai era um exilado judeu que trabalhava no palácio do rei persa Xerxes. Ele criou sua prima órfã Ester, que se tornou a rainha de Xerxes. Xerxes recompensou Mordecai por seu serviço fiel.",,,GC 08-Mar-2019,,,,,,,,,,,,,,,,,,,,,,,,
n,Moisés,,Musa (W do Ar),"Moisés viveu por volta de 1450 anos antes de Jesus. Ele nasceu em uma família de escravos hebreus no Egito, mas foi adotado por uma princesa egípcia. Moisés deixou o Egito aos 40 anos, mas Deus o enviou de volta ao Egito aos 80 anos, para liderar os hebreus a Canaã. Deus revelou sua Lei a Moisés (que escreveu os primeiros livros do Antigo Testamento).",,arabic ref.,,,,,,,,,,,,,,,,,,,,,,,,,
t,mostarda,,mastad (K),"Mostarda é uma espécie de planta de especiarias que tem sementes minúsculas que se transformam em uma planta grande. Jesus disse: ""Se você tiver fé como um grão de mostarda, você pode mover montanhas.",,,,,,,,,,,,,,,,,,,,,,,,,,,
t,mirra,,substância pegajosa do perfume chamada mira (R); seiva cheirosa de uma árvore chamada mira (K); seiva que cheira (W);,A mirra é uma seiva ou resina de alto valor e de cheiro doce vinda de uma certa árvore. Os judeus usavam mirra como remédio porque causa sonolência em uma pessoa para que ela não sinta muita dor (efeito anestésico). Eles também aplicavam mirra em cadáveres para sepultamento.,incenso,,GC 07-Feb-19,,,,,,,,,,,,,,,,,,,,,,,,
n,Naamã,,,"Naamã viveu cerca de 800 anos antes de Jesus no país da Síria, onde era comandante de soldados. Ele era pagão (gentio), não judeu, e sofria de uma doença de pele. O profeta Eliseu disse-lhe para ir banhar-se no rio Jordão. Naamã obedeceu e foi curado, tornando-se crente no Deus de Israel. (Jesus disse aos judeus que Deus aceitou Namaan que não obedeceu à Lei de Moisés.) (O nome Naamã significa Agradável.)",,,GC 07-Feb-19,,,,,,,,,,,,,,,,,,,,,,,,
n,Noemi,,,"Noemi era uma mulher de Israel que migrou com seu marido para Moabe, retornando a Israel após a morte de seu marido e filhos.",,,,,,,,,,,,,,,,,,,,,,,,,,,
t,nardo,,perfume chamado naad (R); líquido de cheiro bom chamado nad (K);,"Nardo é um perfume oleoso feito da seiva de uma planta chamada nardo (ou espicanardo). Certa vez, uma mulher comprou nardo e ungiu os pés de Jesus com ele.",,,,,,,,,,,,,,,,,,,,,,,,,,,
n ,Natã,,,Haviam vários homens chamados Natã. Muitas vezes o profeta Natã trazia mensagens do SENHOR ao rei Davi. Davi chamou um filho de Natã. (O nome Natã significa que ele dá.),,,GC 07-Feb-19,,,,,,,,,,,,,,,,,,,,,,,,
n,Natanael,,,Vários homens se chamavam Natanael. Um Natanael foi um dos primeiros discípulos de Jesus. (O nome Natanael significa que Deus dá.),,,GC 07-Feb-19,,,,,,,,,,,,,,,,,,,,,,,,
t,nação,nações,"pessoas (G); reino (W);
",Uma nação é formada por muitas pessoas que concordam em ser governadas juntas. Reinos são nações governadas por um rei. Impérios são várias nações governadas por um governante supremo.,"país, império, reino",,,,,,,,,,,,,,,,,,,,,,,,,,
n,Nazaré,,,Nazaré era uma vila na província da Galiléia ao norte de Judá. José trouxe Maria e Jesus para morar em Nazaré depois que eles voltaram do Egito.,,,GC 07-Feb-19,,,,,,,,,,,,,,,,,,,,,,,,
n,Nabucodonosor,,,"Nabucodonosor foi um rei pagão da Babilônia de 605 a.C. a 562 a.C. Ele deportou israelitas para o exílio na Babilônia e, mais tarde, acreditou no Deus de Israel. (O nome Nabucodonosor significa Que Nabu preserve meu filho.)",,,GC 08-Mar-2019,,,,,,,,,,,,,,,,,,,,,,,,
n,Neemias,,,Neemias era um alto oficial judeu no Império Persa. O rei Artaxerxes enviou Neemias a Judá por volta de 445 aC para reconstruir Jerusalém. (O nome Neemias significa o Senhor conforta.),,,GC 08-Mar-2019,,,,,,,,,,,,,,,,,,,,,,,,
n,Rio Nilo,Nilo,,"O rio Nilo flui para o norte através de toda a terra do Egito, fornecendo a maior parte da água do país. Os egípcios consideravam o Nilo uma fonte sagrada de vida. Deus deu a Moisés o poder de transformar a água do Nilo em sangue. (A nascente do rio Nilo está localizada no Lago Vitória, em Uganda.)",,,GC 23-Feb-2019,,,,,,,,,,,,,,,,,,,,,,,,
n,Nínive,Ninivitas,,"Nínive era uma grande cidade pagã na terra da Assíria. (Soldados assírios costumavam torturar seus cativos até a morte.) Cerca de 800 anos antes de Cristo, Deus enviou o profeta Jonas para avisar os ninivitas que ele iria destruí-los. ouviram a mensagem de Jonas, choraram e se arrependeram. Por causa disso, Deus os perdoou e não os destruiu naquele momento. (Quando eles se arrependeram, Jonas se sentiu mal, porque queria que o Senhor destruísse Nínive.)
O pequeno livro de Naum fala sobre quando Deus mais tarde destruiu Nínive.",,,GC 07-Feb-19,,,,,,,,,,,,,,,,,,,,,,,,
n,Noé,,,"Noé viveu cerca de 2000 anos antes de Jesus. Seu nome significa descanso ou conforto. Naqueles dias, os humanos faziam tanto mal, que Deus ordenou a Noé que construísse um barco muito grande. 120 anos depois, Deus conduziu pares de animais e a família de Noé naquele barco. Deus então causou inundações para cobrir a terra, matando todos os humanos e animais, exceto aqueles que foram salvos pelas águas da enchente no barco. (Assim, todos os vivos hoje são descendentes de Noé e de seus filhos.)",,,,,,,,,,,,,,,,,,,,,,,,,,,
t,juramento,"juramentos, voto, votos","promessa (R);
declarar verdadeiramente o que se vai fazer (G);
conversa de ligação (U);",Um juramento ou voto é uma promessa solene feita diante de Deus e testemunhas.,"aliança, promessa, maldição",other lg: bind talk (urt),,,,,,,,,,,,,,,,,,,,,,,,,
n,Obede-Edom,,,"Certa vez, o rei Davi guardou a Caixa da Aliança na casa de Obede-Edom, e o Senhor fez Obede-Edom prosperar. Depois que Davi trouxe a Caixa da Aliança para Jerusalém, ele fez de Obede-Edom um porteiro lá. (O nome Obede-Edom significa Servo de Edom.)",,,,,,,,,,,,,,,,,,,,,,,,,,,
t,oliva,"olivas, óleo de oliva",árvore da oliva (R),"A oliveira é uma espécie de árvore frutífera. Os humanos comem a azeitona. Eles também o pressionam para fazer óleo de cozinha e remédios. O azeite vem do esmagamento da fruta da oliveira. O azeite de oliva era usado para fazer comida e era aplicado em feridas como remédio. Os profetas ungiam sacerdotes e novos reis derramando azeite sobre suas cabeças. Monte das Oliveiras também é o nome de uma colina perto de Jerusalém, onde Jesus costumava ficar. Tinha um jardim/pomar de oliveiras.",,,"The Mt of Olives is also called Har-Mokhed, which transliterates into Greek as Armageddon, and has nothing to do with the Mageddo Plains.",,,,,,,,,,,,,,,,,,,,,,,,
t,Ômega,,Omegaa (R); finalizador; ,"Omega é o nome da última letra do alfabeto grego. Omega significa Grande O. O Livro do Apocalipse chama Jesus de Alfa e Ômega, o Princípio e o Fim (isto é, o Criador e o Redentor).",,,,,,,,,,,,,,,,,,,,,,,,,,,
n,Orfa,,,Orfa era uma mulher de Moabe. Ela era uma viúva casada com um dos dois filhos de Noemi.,Rute,,,,,,,,,,,,,,,,,,,,,,,,,,
t,palácio,palácios,"a grande casa de um verdadeiro chefe(G); 
",A casa muito grande de um rei,,,,,,,,,,,,,,,,,,,,,,,,,,,
t,Paraíso,,local de encontro de Deus (W); Paradais (k); lugar de vida de Deus (G);,"Paraíso é uma palavra grega que significa ""belo jardim"". (Os pagãos usavam esse nome para a morada de seus deuses.) No Novo Testamento, Paraíso refere-se a (1) o lugar no céu para onde vão os crentes que partiram (mortos), e (2) o futuro ""novos céus e nova terra"" onde os crentes irão habitar para sempre.",Éden,"refers to Allah/islam, Aajana not helpful in PNG (Hilkka)","Paradise is not used in the Bible to refer to Eden, does it?",,,,,,,,,,,,,,,,,,,,,,,,
n,Paulo,,,"Saulo era um judeu que feriu violentamente os cristãos. Depois que Jesus apareceu a Saulo, ele se tornou um apóstolo chamando a si mesmo de Paulo. Paulo sofreu muito enquanto servia a Jesus, contando as Boas Novas e iniciando muitas novas igrejas. Paulo escreveu dez cartas que agora fazem parte do Novo Testamento da Bíblia Sagrada. (O nome Paulo significa Pequeno.)",,,GC 19-Feb-2019,,,,,,,,,,,,,,,,,,,,,,,,
t,pérola,,"pedra valiosa dentro de uma concha (R), ovo de casca de kina (R); (valiosa) pedra dentro de uma concha (K); uma pedra muito boa chamada per (G);","Pérola é um tipo caro de joia que vem do mar. (São feitos por amêijoas que, quando um pedaço de areia que pode causar irritação entra em sua concha, eles secretam uma substância branca leitosa para cobrir a areia muitas vezes para impedir esse efeito de irritação.) As pérolas, por serem redondas e brilhantes, são usadas para fazer colares e joias.",,,,,,,,,,,,,,,,,,,,,,,,,,,
n,Pérsia,Persas,,"Os persas são uma tribo iraniana. No século 7 a.C, eles se aliaram aos medos e conquistaram a Babilônia. O Império Persa governou grande parte do mundo por centenas de anos.",,,GC 08-Mar-2019,,,,,,,,,,,,,,,,,,,,,,,,
n,Pedro,Cefas,,"Simão era um pescador que também se chamava Cefas. Quando Jesus chamou Simão para se tornar um discípulo, Jesus mudou o nome de Simão para Pedro. Pedro foi um dos doze apóstolos de Jesus. Jesus escolheu Pedro para ser o primeiro a anunciar as Boas Novas aos judeus depois que Jesus morreu e ressuscitou, e para ser o primeiro a anunciar as Boas Novas aos não-judeus ou gentios. Pedro escreveu duas cartas do Novo Testamento da Bíblia. (O nome Pedro significa Rocha.)",,,GC 19-Feb-2019,,,,,,,,,,,,,,,,,,,,,,,,
t,Faraó,faraós,Pero (no Egito) (K); rei sobre o Egito; o cabeça do Egito (U),Faraó é o nome que os antigos egípcios davam aos seus reis. Cada faraó também tinha um nome pessoal. Faraós ricos construíram enormes túmulos para si mesmos.,rei,head man of Egypt (urt),,,,,,,,,,,,,,,,,,,,,,,,,
n,Fariseus,Fariseu,"Líder religioso judeu;
Farasi;
","Os fariseus eram líderes religiosos e mestres judeus que procuravam obedecer à Lei de Moisés guardando muitas regras. Eles desprezavam outros judeus que não fossem tão rígidos quanto ao cumprimento dessas regras. Jesus os chamou de hipócritas, porque muitas vezes pecavam, mas não admitiam. (Muitos fariseus se opuseram a Jesus e seus apóstolos, às vezes prendendo ou matando cristãos.)","Saduceu, Líder Religioso Judeu",,,,,,,,,,,,,,,,,,,,,,,,,,
n,Filipe,,,"Haviam vários homens chamados Filipe. Um deles era um líder político. Outro foi um dos primeiros discípulos de Jesus, que também se tornou um dos doze apóstolos de Jesus. Filipe levou muitos samaritanos a Jesus, bem como um oficial etíope.",,,GC 19-Feb-2019,,,,,,,,,,,,,,,,,,,,,,,,
n,Filisteu,"Filisteus, Filístia",,"Os filisteus eram tribos pagãs que habitavam no sul de Israel. Às vezes, eles lutavam contra os israelitas. Sansão amava uma mulher filisteia chamada Dalila.",,,GC 07-Feb-19,,,,,,,,,,,,,,,,,,,,,,,,
t,porco,"porcos, suínos",,"Os porcos, também chamados de suínos, são animais baixos e robustos que comem quase tudo e gostam de rolar na lama para manter a pele úmida. A lei de Deus proibia Israel de comer carne de porco.",,,GC 08-Mar-2019,,,,,,,,,,,,,,,,,,,,,,,,
n,Pilatos,,,"Pilatos era o governador romano encarregado da Judéia nos dias em que Jesus estava ensinando. Quando os líderes judeus prenderam Jesus, Pilatos concordou em crucificá-lo, mesmo sabendo que Jesus era inocente e isso estava errado.",,,At least two inscriptions have been uncovered that contain Pilat's name.,,,,,,,,,,,,,,,,,,,,,,,,
t,praga,pragas,,Pragas são qualquer doença ou infestação que tem um efeito destrutivo em muitas pessoas ao mesmo tempo.,,,,GC 7/7/2019,,,,,,,,,,,,,,,,,,,,,,,
t,tanque,,água (G); ,Um tanque era um buraco feito pelo homem cheio de água para banho.,,not helpful in PNG: ; pisin (W from Fr),,,,,,,,,,,,,,,,,,,,,,,,,
t,pórtico,,lugar perto da porta(G); ,"uma plataforma fora de uma casa, mas perto da porta.",,,,,,,,,,,,,,,,,,,,,,,,,,,
n,Potifar,,,Potifar era o nome de um oficial no Egito. Ele comprou José como escravo e depois o colocou na prisão. (O nome Potifar pode significar Touro Africano.),,,GC 23-Feb-2019,,,,,,,,,,,,,,,,,,,,,,,,
t,louvar,"louva, louvando, louvado, elogiar","falar bem de (G); 
magnificar (W);","Louvor é quando contamos aos outros como alguém fez boas ações. Louvamos a Deus contando como ele respondeu às nossas orações. Os cristãos costumam louvar a Deus com canções e músicas, contando como ele é grande.","agradecer, honrar",,GC 15-Feb-2019,,,,,,,,,,,,,,,,,,,,,,,,
t,orar,"oração, ora, orando, orou","falar com Deus (G); 
pleitear (W);","Orar significa falar ou fazer pedidos a um humano poderoso ou a um deus. Jesus ordenou aos cristãos que orassem frequentemente a Deus, usando o seu nome.","louvar, adorar",,GC 15-Feb-2019,,,,,,,,,,,,,,,,,,,,,,,,
t,pregar,"pregador, pregando, pregado",contar a bela palavra de Deus (G);,Pregar é falar uma mensagem ou contar uma história para os outros que eles nunca ouviram antes.,"ensinar, profeta",,GC 15-Feb-2019,,,,,,,,,,,,,,,,,,,,,,,,
t,sacerdote,sacerdotes,"dando a Deus um (R); sacerdote (transliterado) (G);
sacrificador (W);","Sacerdotes são líderes religiosos que (1) oferecem sacrifícios, (2) ensinam a Lei, (3) mediam disputas, (4) verificam curas e (5) administram o templo e suas riquezas.",Levita,,,,,,,,,,,,,,,,,,,,,,,,,,
n,Priscila,,,"Priscila, também chamada Prisca, era esposa de Áquila. Eram judeus de Roma que ajudaram Paulo a plantar igrejas na Grécia e na Síria. (O nome Prisca significa ""venerável"" em latim.)",Áquila,,,GC 7/7/2019,,,,,,,,,,,,,,,,,,,,,,,
t,promessa,"promessas, prometeu","colocar uma coisa por palavras / boca;
contar o que vai fazer no futuro (G); promessa (R);","Uma promessa é uma boa ação que alguém diz que fará mais tarde. Deus sempre fará o que prometeu fazer. Algumas das promessas de Deus são condicionais, ou seja, exigem que os humanos façam algo primeiro. ""Se (condição) você confessar que Jesus é o Senhor, então (promessa) você será salvo.""","aliança, juramento",,,,,,,,,,,,,,,,,,,,,,,,,,
t,profecia,profecias,fala de um profeta (R); falado pela palavra de Deus (W);,"Profecias são mensagens que Deus revelou a alguém para contar a outros. Algumas profecias advertem os pecadores a se arrependerem, outras fornecem orientação ou ensino e outras predizem eventos futuros. (A Bíblia contém centenas de profecias.)","anjo, pregador, professor, apóstolo, profecia",Allah (not good in PNG),,,,,,,,,,,,,,,,,,,,,,,,,
t,profetizar,"profetizando, profetizou, profetiza",fala de um profeta (R); falado pela palavra de Deus (W);,"Profetizar é falar com a ajuda de Deus, fortalecer os outros, confortá-los, ajudá-los a crescer. (Já que aqueles que profetizam podem cometer erros, outros devem discernir a verdade do erro.)","profeta, profetizar","I would remove this: All believers can prophesy (through songs, citing Scripture, teaching, testimonies, teaching and drama.) Allah not  good in PNG. (Hilkka)","1 Corinthians 14:3, 24-26",,,,,,,,,,,,,,,,,,,,,,,,
t,profeta,"profetas, profetiza","aquele que conta a palavra de Deus (G);
pessoa a quem Deus dá palavras (D);
boca de Deus (porta-voz);
um mensageiro humano para Deus ou deuses/ídolos;
viajante (W); poropet (K)","Profetas são homens ou mulheres a quem Deus deu tantos dons que falam mensagens de Deus. Alguns profetas hebreus escreveram os livros do Antigo Testamento. Os profetas cristãos transmitem mensagens que ajudam os outros quando precisam. (Os profetas cristãos podem cometer erros, portanto devem permanecer dispostos a aprender.)","anjo, pregador, professor, apóstolo, profecia, protizar",,,,,,,,,,,,,,,,,,,,,,,,,,
t,Salmos,"salmo, canção, poema",Canções de Dewid (R); canção (G); ,"Salmos são poemas ou canções escritas em hebraico. Freqüentemente, uma linha de um salmo é repetida em outra linha usando palavras diferentes. Os salmos podem expressar louvor, oração, lamento, maldições, ensinamentos e previsões. (Judeus e cristãos costumam cantar salmos em sua adoração.)",,,,,,,,,,,,,,,,,,,,,,,,,,,
t,puro,pureza,"limpo (R); nenhum comportamento sujo (R);
comportamento reto aos olhos de Deus (K), sem sujeira nele (K);",,limpo,,,,,,,,,,,,,,,,,,,,,,,,,,
t,Rabi,"Raboni, mestre","meu Professor; Professor(R, W);",Rabi significa Meu Mestre. Os professores judeus oficiais são chamados de Rabino ou Rebbi. Uma maneira mais respeitosa de dizer Meu professor costumava ser Raboni. Os professores (aqueles que ensinam) cristãos geralmente são chamados de pastor.,,,,,,,,,,,,,,,,,,,,,,,,,,,
n,Raquel,,,"Raquel significa ovelha. Uma das duas esposas de Jacó chamava-se Raquel. Ela era a mãe de José e Benjamim. Em Jeremias Em Mateus 2:18 o nome dela é usado para representar todas as mães do povo judeu. Em Jeremias 31:15, as mães em Israel são chamadas Raquel, e em Mateus 2:18, as mães em Belém são chamadas Raquel, quando choram por seus filhos cativos ou mortos.",,,GC: Does this capture the point? RRyes,,,,,,,,,,,,,,,,,,,,,,,,
n,Raabe,,,"Raabe era uma mulher cananéia, dona de uma estalagem e prostituta (talvez uma prostituta pagã do templo) que viveu na cidade de Jericó por volta de 1400 anos antes de Jesus. Ela acreditou no Deus de Israel quando ouviu como ele salvou os israelitas do Egito, então ela ajudou os espiões israelitas a escapar de Jericó. Raabe tornou-se ancestral de Jesus. (Raabe também era o nome de uma antiga deusa cananéia.)",,,,,,,,,,,,,,,,,,,,,,,,,,,
n,Rebeca,,,"Rebeca viveu por volta de 1800 anos antes de Jesus. Ela era a esposa do filho de Abraão, Isaque, e mãe de filhos gêmeos chamados Esaú e Jacó.",,,,,,,,,,,,,,,,,,,,,,,,,,,
t,Mar Vermelho,Mar de Junco,Mar Vermelho (R);,"O Mar Vermelho / Mar dos Juncos fica entre o Egito e a estrada que leva a Canaã. Deus abriu um caminho através deste mar para os israelitas enquanto fugiam do exército do faraó.
Vermelho pode ser um erro ortográfico da palavra Junco, já que em hebraico é chamado de Mar dos Juncos.",,,"Red may be a misspelling of the word Reed, since in Hebrew it is called the Sea of Reeds.",,,,,,,,,,,,,,,,,,,,,,,,
t,região,"área, província","terra (G);
","Uma região ou área é qualquer extenso pedaço de terra dentro de um país. Uma província em uma área que tem limites definidos, um nome e um governo.","país, nação, império, reino",,GC 08-Feb-19,,,,,,,,,,,,,,,,,,,,,,,,
n,Roboão,,,"Roboão era um filho tolo do rei Salomão. Após a morte de Salomão, Roboão tornou-se rei, mas quando ele aumentou os impostos e tratou as pessoas com severidade elas se rebelaram dividindo o reino em dois. Roboão reinou sobre Judá em Jerusalém, enquanto Jeroboão se tornou rei sobre o restante de Israel. (O nome Roboão significa Alargar o Povo.)",,,GC 19-Feb-2019,,,,,,,,,,,,,,,,,,,,,,,,
t,arrepender,"arrependido, arrependendo, arrepende","afastar-se das coisas/ações erradas e voltar-se para Deus;
fique triste com as coisas ruins que você fez. Pare de fazê-los. (G);
mudar o pensamento (R);","Arrepender-se significa dar meia-volta e seguir na direção oposta; para mudar a maneira como você age. Quando os humanos se arrependem, eles escolhem mudar suas crenças e ações, a fim de obedecer a Deus. Quando Deus se arrepende, ele escolhe não punir os ímpios que se arrependeram, ou ele escolhe não ajudar os crentes que o desobedecem.","perdoar, confessar",,"Not a difficult concept. In the NT, choosing to be baptized was an act of repentance. ",,,,,,,,,,,,,,,,,,,,,,,,
t,descansar,"descansou, descansando, descansado",,"Descansar significa cessar o trabalho árduo. A Lei de Deus exigia que todos descansassem no sábado ou no sétimo dia de cada semana. O descanso também é (1) um símbolo da chegada de Israel a Canaã e (2) um símbolo da vida futura dos crentes, quando Deus recompensará sua fé e obediência.","sábado, esperar",,GC 08-Mar-2019,,,,,,,,,,,,,,,,,,,,,,,,
n,Rubem,,,Rubem foi o primeiro / filho mais velho de Jacob e Leah. Rubem tornou-se um ancestral de uma das doze tribos de Israel. (O nome Rubem significa Eis um Filho.),,,GC 23-Feb-2019,,,,,,,,,,,,,,,,,,,,,,,,
t,justo,"justiça, certo","ser verdadeiro/certo/digno aos olhos de Deus;
muito bom (G);reto (R,W);
bons (G);
","Deus é justo, porque sempre faz o que é certo, bom e justo. Jesus era justo, porque obedeceu a Deus completamente e nunca pecou. Deus  considera nós, crentes, como justos, porque ele perdoa todos os nossos pecados e nos aceita pertencendo ao justo Jesus. (Deus tem justiça absoluta, enquanto recebemos justiça imputada/substituta.)","justo, santo, bom",,,,,,,,,,,,,,,,,,,,,,,,,,
t,tumulto,"tumultos, tumultuando",,"Um tumulto acontece quando uma multidão ou turba se torna violenta, tentando prejudicar outras pessoas ou suas propriedades.",,,,GC 7/7/2019,,,,,,,,,,,,,,,,,,,,,,,
n,Roma,"Romanos, romano",,"Roma foi e é a capital de um país chamado Itália. Na época de Jesus, Roma havia conquistado grande parte do mundo. O império de Roma governou muitos países desde cerca de 100 anos antes de Jesus até 700 anos depois de Jesus. Embora os romanos trouxessem boas leis para todos os lugares, eles cobravam impostos pesados e exigiam que todos honrassem seus deuses. Os romanos acreditavam que seus reis/cesares eram deuses divinos. Os judeus odiavam especialmente os romanos, e os romanos acabaram destruindo Israel. Roma construiu muitas estradas e impediu que os países guerreassem uns contra os outros. Isso permitiu que as Boas Novas sobre Jesus se espalhassem rapidamente por 300 anos.",,,,,,,,,,,,,,,,,,,,,,,,,,,
n,Rute,,,"Rute era uma mulher (gentia) de Moabe. Ela era viúva de um dos filhos de Noemi. Rute veio com Noemi para Israel, onde um bom homem chamado Boaz se casou com ela. O filho deles tornou-se ancestral do rei Davi e de Jesus.",,,GC 19-Feb-2019,,,,,,,,,,,,,,,,,,,,,,,,
t,Sábado,,descansar; cessar o trabalho; Dia de Sabat (K);,"Sabá é uma palavra hebraica que significa descanso ou cessar o trabalho. Depois de criar o mundo, Deus (e mais tarde a Lei de Moisés) decretou o sétimo dia de cada semana como um sábado exclusivamente para descanso, não para o trabalho árduo normal. Festas e festivais também eram dias de sábado. (Na época de Jesus, os judeus haviam acrescentado muitas outras regras contra a atividade nos sábados. Jesus frequentemente quebrava essas regras.)",descanso,,,,,,,,,,,,,,,,,,,,,,,,,,
t,sacrifício,"sacrifícios, sacrificado","oferta de animal abatido;
dar a vida ou bens a outrem (G); dádiva que se cozinha habitualmente (R);","Um sacrifício é qualquer coisa de grande valor que alguém iria matar ou queimar ou oferecer (colocar / dar), para honrar a Deus. Embora a Lei de Moisés exigisse que os israelitas oferecessem sacrifícios para pagar pelos pecados, qualquer um poderia oferecer um sacrifício para agradecer a Deus. (Desde que Jesus morreu como o sacrifício final pelo pecado, os cristãos oferecem a Deus adoração, louvor, agradecimento e seus próprios corpos como um sacrifício vivo.)",,,,,,,,,,,,,,,,,,,,,,,,,,,
n,Saduceus,Saduceu,,"Os saduceus eram judeus ricos e de alta classe encarregados do templo de Jerusalém. Eles faziam parte dos líderes religiosos judeus. Eles discordaram dos fariseus sobre guardar regras que não foram encontradas na Lei de Moisés. (Os saduceus acreditavam que os mortos ressuscitariam no fim dos tempos, mas negavam que alguém pudesse ressurgir da morte antes disso.)","Fariseu, Escribas",This could be removed:  (They also believed that angels exist but denied that angels appeared to humans.) (Hilkka),,,,,,,,,,,,,,,,,,,,,,,,,
t,santo,santos,"aquele a quem Deus governa, aquele a quem Jesus governa (G);",Santo é um termo que identifica uma pessoa como santa (separada) que pertence a Deus pela fé em Jesus. Os apóstolos frequentemente se dirigiam aos cristãos para os quais escreviam cartas como santos.,"Cristão, crente, discípulo",,GC 08-Feb-19,,,,,,,,,,,,,,,,,,,,,,,,
n,Samria,"Samaritanos, Samaritano",,"Samaria tinha sido uma região do norte do antigo Israel e mais tarde se tornou uma província de Roma. Depois que a Assíria deportou os judeus de Samaria cerca de 600 anos antes de Jesus, eles trouxeram pagãos para viver em Samaria. Esses samaritanos se converteram à religião judaica, mas os judeus nunca aceitaram os samaritanos como verdadeiros judeus porque eles se casaram com gentios e alguns adoravam seus deuses enquanto outros adoravam o Deus de Israel. Os judeus da Judéia desprezavam os samaritanos.",,"Samaritan, member of a community of Jews, now nearly extinct, that claims to be related by blood to those Jews of ancient Samaria who were not deported by the Assyrian conquerors of the kingdom of Israel in 722 bce. (Hilkka)",,,,,,,,,,,,,,,,,,,,,,,,,
n,Sansão,,,"Sansão viveu cerca de 1100 anos antes de Jesus. Seu nome significa Sol. Ele deveria ser dedicado a Deus, mas foi um líder desobediente durante o tempo dos juízes. Deus deu grande força física a Sansão, que matou muitos inimigos dos israelitas. No entanto, ele se casou com uma mulher pagã que o enganou, levando-o a desobedecer ainda mais a Deus e a perder o dom de sua força.",,,,,,,,,,,,,,,,,,,,,,,,,,,
n,Samuel,,,"Samuel viveu cerca de 1150 anos antes de Jesus. Seu nome significa o ""Nome de Deus"", ou ""Deus ouve"". Samuel se tornou um grande profeta em Israel, e foi ele quem ungiu Saul e Davi como reis de Israel.",,,,,,,,,,,,,,,,,,,,,,,,,,,
t,santificar,"santificado, santifica","fazer de alguém uma pessoa que realmente obedece a Deus (G);
limpa (W);","Santificar significa tornar algo ou alguém mais santo, ou dedicar a nós mesmos, algo ou alguém a Deus. O Espírito Santo de Deus santifica os cristãos habitando neles.","justificar, limpo, santo",,GC 15-Feb-2019,,,,,,,,,,,,,,,,,,,,,,,,
t,Sinédrio,,reunião (R); pessoas de reunião (R); reunião de líderes (W);,"No tempo de Jesus, o Sinédrio era um conselho governante de 71 homens sobre a religião e assuntos judaicos. Eles eram liderados pelo sumo sacerdote judeu. (O Sinédrio decidiu que Jesus deveria morrer e, mais tarde, que Paulo deveria morrer.) (O Sinédrio enviou Jesus aos romanos para que o crucificassem.)",,,"In 2018, the Sanhedrin in again active in Israel. ",,,,,,,,,,,,,,,,,,,,,,,,
n,Safira,,,"Safira e seu marido Ananias estavam entre os primeiros cristãos. Eles venderam algumas terras e trouxeram parte do dinheiro para ajudar os cristãos pobres; Mas quando eles mentiram sobre quanto dinheiro haviam vendido a terra, eles caíram mortos. (Safira é o nome de uma pedra preciosa.)",,,GC 19-Feb-19,,,,,,,,,,,,,,,,,,,,,,,,
n,Sara,,,"Sara foi a primeira esposa de Abraão. Embora ela fosse estéril por muitos anos, Deus prometeu que ela daria à luz um filho em sua velhice. Deus mudou o nome dela de Sarai, para Sara, que significa princesa, antes que o filho prometido, Isaque, nascesse.",Sarai,,,,,,,,,,,,,,,,,,,,,,,,,,
n,Sarai,,,"Sarai foi a primeira esposa de Abraão que se tornou a mãe de Isaque. Deus mudou o nome de Sarai para Sara. (Sarai significa briguenta, enquanto Sara significa princesa.)",Sara,,GC 15-Feb-2019,,,,,,,,,,,,,,,,,,,,,,,,
n,Satanás,diabo,"boca torta (G);
inimigo de Deus;
líder principal dos espíritos malignos (G);
espírito que acusa os outros;
Seytaane (W)","Satanás significa Acusador ou Adversário. Satanás é um poderoso espírito maligno ou demônio que tenta os humanos a fazerem coisas erradas e depois os acusa diante de Deus. No entanto, Jesus defende os crentes diante de Deus. (Por fim, Jesus lançará Satanás no lago de fogo para sempre.)","demônio, Belzebul",Seytaane not helpful in PNG.,"In Hebrew, he is ha-satan = the accuser. The Book of Revelation alone makes Satan = Serpent = Dragon = Devil.",,,,,,,,,,,,,,,,,,,,,,,,
,Saul,,,"No Hebraico os nomes Saul e Saulo são o mesmo. Haviam dois homens chamados Saul/Saulo: (1) Um homem alto e bonito que Israel escolheu para ser seu primeiro rei 1.100 anos antes de Jesus. (2) Um fariseu judeu que procurava matar cristãos. Mais tarde, ele se tornou cristão e apóstolo, levando as Boas Novas aos gentios usando o nome de Paulo. (O nome hebraico Saul significa Pediu.)",,,,,,,,,,,,,,,,,,,,,,,,,,,
n,Saulo,,,"No Hebraico os nomes Saul e Saulo são o mesmo. Haviam dois homens chamados Saul/Saulo: (1) Um homem alto e bonito que Israel escolheu para ser seu primeiro rei 1.100 anos antes de Jesus. (2) Um fariseu judeu que procurava matar cristãos. Mais tarde, ele se tornou cristão e apóstolo, levando as Boas Novas aos gentios usando o nome de Paulo. (O nome hebraico Saul significa Pediu.)",,,GC 08-Mar-2019,,,,,,,,,,,,,,,,,,,,,,,,
t,Salvador,,Causa-viva (R); aquele que nos salva/livra (G);,"Deus era o Salvador de Israel, que muitas vezes os resgatou de seus inimigos. Jesus é o Salvador de todos os humanos, que resgata do poder de Satanás, da ira e do julgamento de Deus, da morte eterna e do inferno, todos os que o invocam com fé. (É assim que o Novo Testamento diz que os cristãos são salvos.)",,,,,,,,,,,,,,,,,,,,,,,,,,,
t,cetro,,"bastão de governar (G);
",Cetro são um bastão ou bola [no bastão] que os reis seguram em suas mãos enquanto fazem leis ou tomam decisões. Um cetro é um símbolo da autoridade real.,,,GC 08-Mar-2019,,,,,,,,,,,,,,,,,,,,,,,,
t,escriba,escribas,"professor de gente (G);
especialista em direito cultural;
pessoa que ensina direito cultural às pessoas; professor das leis (R);
uma pessoa instruída que pode escrever documentos/livros (para outros);
repetidor (W);","Os escribas eram aqueles que faziam cópias da Bíblia, estudavam a Bíblia e ensinavam a Bíblia a outros. Durante o tempo de Jesus e da igreja terrena, muitos escribas judeus juntaram-se aos fariseus para se opor a Jesus e seus apóstolos.","Líder Religioso Judeu, Fariseu, Saduceu",,,,,,,,,,,,,,,,,,,,,,,,,,
t,rolo,rolos,"um livro enrolado;
papel enrolado (G);",Um pergaminho é um longo pedaço de couro (ou papiro) sobre o qual os homens escreviam palavras. Eles enrolavam o pergaminho para guardá-lo e o desenrolavam para ler. Os livros são vários pedaços de papel unidos em uma borda. Um pergaminho é uma forma antiga de fazer um livro. Um pergaminho é um livro enrolado. Um livro é um pergaminho plano de páginas empilhadas.,"Bíblia, livro",,GC 23-Feb-2019,,,,,,,,,,,,,,,,,,,,,,,,
t,mar,oceano,grande água/rio (G); ,Mais da metade da terra é coberta por águas salgadas profundas. Grandes partes de águas profundas são chamadas de mares ou oceanos. Os homens podem viajar pelos mares em grandes barcos chamados navios que flutuam na água.,"rio, água",,GC 19-Feb-19,,,,,,,,,,,,,,,,,,,,,,,,
t,Septuaginta,,,"Septuaginta, que significa 70, é o Antigo Testamento traduzido para o grego. Cerca de 330 anos antes de Jesus, os gregos conquistaram Israel e o Egito, onde moravam muitos judeus. Quando os judeus começaram a falar grego, 70 deles traduziram o Antigo Testamento do hebraico para o grego. (O Novo Testamento freqüentemente cita versículos da Septuaginta em vez do hebraico.)",,,"That is more or less the tradition. Reality may be a little different, for there were also other Greek translations of the Tanakh.",,,,,,,,,,,,,,,,,,,,,,,,
t,servo,servos,aquele que trabalha para alguém (G); ,"Um servo ajuda ou trabalha para outra pessoa. Os servos podem (1) ser pessoas que trabalham por remuneração, (2) ser um escravo capturado ou devedor que é forçado a trabalhar sem remuneração, (3) ser pessoas que trabalham livremente para seus mestres porque os amam. Os servos que trabalhavam para um homem poderoso eram mais importantes do que os pobres que não eram servos. Profetas e cristãos são chamados servos do Senhor porque servem livremente ao Senhor que é seu Mestre.",escravo,,GC 07-Feb-19,,,,,,,,,,,,,,,,,,,,,,,,
t,vergonha,"envergonhado, vergonhas, vergonhoso","estar envergonhado (G); 
","A vergonha é um sentimento ou emoção que vem da culpa. Envergonhar os outros é contar más ações que eles cometeram. Os seres humanos sentem vergonha, ou envergonhados, quando desejam fortemente que não tivessem feito algo errado ou quando se prova que estão errados. Jesus morreu por nós para remover nossa vergonha para que possamos nos sentir perdoados e amados.","culpa, perdoar",This is true in guilt culture:Humans feel shame or ashamed when they strongly wish they had not done something wrong.  BUT in shame culture people feel shame when they lose face/are proved wrong/bad.,GC 23-Feb-2019,,,,,,,,,,,,,,,,,,,,,,,,
n,Siquém,,,"""Depois que um homem perverso chamado Siquém estuprou a filha de Jacó, Dina, seus irmãos o mataram.
Um clã de cananeus chamava-se Siquém.
Havia uma cidade chamada Siquém que se tornou uma das sete ""cidades de refúgio"" em Israel, onde os acusados de assassinato podiam fugir para proteção.
(O nome Siquém pode significar Vida.)""",,,GC 19-Feb-19,,,,,,,,,,,,,,,,,,,,,,,,
t,ovelha,,"sipsip (K); sip (R); animal semelhante a um  cervo(G); 
","As ovelhas são animais quietos e tímidos maiores que os cachorros. Elas são semelhantes às cabras, mas têm caudas gordas. Elas ficam em bandos ou rebanhos e crescem cabelos / pêlos / lã longos. Os humanos criam ovelhas, cortam sua lã para fazer tecidos e às vezes comem sua carne. Os israelitas frequentemente sacrificavam ovelhas para adorar a Deus. O macho dessa espécie de animal é chamado de carneiro. Um filhote é chamado de cordeiro. João Batista e João, o discípulo que escreve o livro do Apocalipse, chamaram Jesus de o Cordeiro de Deus. (Jesus chamou a si mesmo de pastor e nos chamou de suas ovelhas.)","pastor, bode",,Sheep herding folk will chuckle at this.,,,,,,,,,,,,,,,,,,,,,,,,
t,pastor,pastores,"aquele que toma conta de ovelhas (G); 
","Aqueles que conduzem e protegem ovelhas ou cabras são chamados de pastores. Jesus chamou a si mesmo de nosso Bom Pastor, porque ele nos conduz a Deus e cuida de nós.","ovelha, bode",,GC 23-Feb-2019,,,,,,,,,,,,,,,,,,,,,,,,
n,Siló,,,"Siló era uma antiga cidade murada na província de Samaria, onde os israelitas mantinham sua antiga tenda de adoração. Muitos israelitas faziam peregrinação anual a Siló para adorar ao Senhor.",,,,GC 7/7/2019,,,,,,,,,,,,,,,,,,,,,,,
n,Siló,,,"Shiloh era uma cidade na província de Judá onde a antiga tenda de adoração foi mantida, com a Arca da Aliança, depois que os israelitas se estabeleceram em Canaã. O profeta Samuel veio de Siló.",,,GC 07-Feb-19,,,,,,,,,,,,,,,,,,,,,,,,
t,navio,navio,"grande canoa (G);
",Os navios são barcos muito grandes que transportam passageiros e cargas por longas distâncias e navegam no oceano ou em grandes lagos.,barco,,GC 19-Feb-19,,,,,,,,,,,,,,,,,,,,,,,,
n,Sidom,,,"Sidom era uma cidade inimiga, rica, pagã, próxima ao mar, ao norte de Israel, onde se adoravam outros deuses. A perversa Rainha Jezabel veio de Sidon. Certa vez, Jesus foi até lá para ajudar uma viúva e sua filhinha. (O nome Sidon significa Cidade dos Peixes.)",,,GC 19-Feb-2019,,,,,,,,,,,,,,,,,,,,,,,,
n,Zim,deserto de Zim,,"Zim era o nome de um deserto onde os israelitas habitaram por vários meses, depois que escaparam do Egito.",,,What they ate there can be learned from the story.,,,,,,,,,,,,,,,,,,,,,,,,
n,Silas,,,"Silas era de Jerusalém. Ele viajou com Paulo para muitas cidades onde eles plantaram novas igrejas (Atos 15, 16, 17, 18). (O nome Silas significa ""habitante da floresta"".)",,,,GC 7/7/2019,,,,,,,,,,,,,,,,,,,,,,,
t,prata,,"dinheiro rígido (G); 
","A prata é um metal brilhante e caro usado para fazer xícaras, potes, tigelas e moedas.",ouro,,GC 19-Feb-2019,,,,,,,,,,,,,,,,,,,,,,,,
n,Simão,Simeão,,"Haviam muitos homens chamados Simão, outra maneira de dizer o nome é Simeão. O Apóstolo Pedro chamava-se Simão e Cefas.",,,GC 08-Mar-2019,,,,,,,,,,,,,,,,,,,,,,,,
t,pecado,"pecando, peca, pecou, maldade, mau ","maus atos/pensamentos; mau comportamento (R);
(resultando em) culpa;
fazer coisas que Deus não gosta/quer;
seguir caminhos ruins/errados;
fazer algo que Deus acha ruim (G);
coisa não boa (G);
","Toda ação humana que desagrada a Deus é pecado. Os pecados que violam a Lei de Deus são transgressões. Os pecados que violam a lei humana são crimes. Todos os humanos que sobrevivem à infância cometem pecados. Sempre que uma pessoa quebra qualquer mandamento de Deus, é pecado. Quer seja algo pequeno ou grande aos olhos dos seres humanos, ainda assim é pecado aos olhos de Deus. (Pela morte de Jesus em sua cruz por causa de nossos pecados, Deus pode nos perdoar todos os nossos pecados.)",correto,,,,,,,,,,,,,,,,,,,,,,,,,,
n,Sinai,Monte Sinai,,"Deus se encontrou com Moisés em uma montanha chamada Sinai na Arábia, onde Deus escreveu os Dez Mandamentos em pedras e fez uma aliança com os israelitas.",,,Some researchers now believe that Sinai is Jebel-Musaa (Mt. Moses) in Saudi Arabia.,,,,,,,,,,,,,,,,,,,,,,,,
n,Sísera,,,"Sísera era um comandante do exército cananeu que lutou contra os israelitas quando Débora era juíza. Quando Sísera fugiu e se escondeu na tenda de uma mulher, ela o matou. O nome dela era Jael.",,,,GC 7/7/2019,,,,,,,,,,,,,,,,,,,,,,,
t,escravo,escravos,"aquele que não trabalha por pagamento (G); 
","Nos tempos antigos, a maioria dos países tinha dois tipos de cidadãos: homens livres que não pertenciam a outro homem e escravos, ou servos, que pertenciam a alguém a quem serviam sem remuneração. Alguns escravos foram cativos de guerra, outros foram feitos escravos porque não podiam pagar suas dívidas. Se um escravo pudesse ganhar e economizar dinheiro, então ele poderia comprar sua liberdade.",servo,increase cell size to show the definition.,GC 07-Feb-19,,,,,,,,,,,,,,,,,,,,,,,,
t,cobra,"serpente, cobras, serpentes",,As cobras são animais cumpridos e magros que não têm pernas ou pés. Algumas cobras matam outros animais mordendo-os com veneno. Outras matam envolvendo-se em torno de outro animal e apertando-o.,dragão,,GC 15-Feb-2019,,,,,,,,,,,,,,,,,,,,,,,,
n,Sodoma,Sodomitas,,"Sodoma era o nome da cidade onde Ló e sua família moravam, perto de uma cidade chamada Gomorra. Os homens de Sodoma e Gomorra cometeram terríveis pecados sexuais. Por causa disso, Deus destruiu essas cidades com fogo.",,,,,,,,,,,,,,,,,,,,,,,,,,,
n,Salomão,,,"Salomão, cujo nome significa paz, foi um dos filhos do rei Davi. Bate-Seba era a mãe de Salomão. Salomão tornou-se rei depois de Davi, e foi ele quem construiu o primeiro templo para Deus em Jerusalém. Por Salomão ter se humilhado diante de Deus, o Senhor o tornou sábio e extremamente rico. (No entanto, Salomão mais tarde pecou ao se casar com muitas esposas e permitir que elas adorassem deuses pagãos.)",,,,,,,,,,,,,,,,,,,,,,,,,,,
t,Filho de Deus,Filho de Deus,"Deus em forma humana; Filho de Deus (R, W);
um homem que é Deus; Deus!;
Filho de Deus (G) (Marcos 15:39);
","Em Israel, Deus chamou os reis de seus filhos e a si mesmo de seu Pai. Assim, 'Filho de Deus' tornou-se um título para reis, e 'O Filho de Deus' um título para o grande Rei chamado de Messias ou Cristo. (O Novo Testamento revela que Jesus é o Filho de Deus, e que Jesus é Deus nascido em carne humana.)","Filho do Homem, Messias",,"GC: Theologians go through all kinds of contortions to make biblical titles fit their metaphysical speculations. Whilst Jesus is truly human and well as truly God, that is not the main purpose of the title.",,,,,,,,,,,,,,,,,,,,,,,,
t,Filho do Homem,Filho do Homem,"filho de um humano; Filho do Homem (R);
Filho do Homem (G);
o Humano;
o Homem Celestial;","Certa vez, o profeta Daniel teve uma visão de alguém no céu que parecia 'um filho do homem', tendo grande autoridade de Deus sobre todas as nações do mundo. Seu futuro reino e reinado nunca terminarão ou serão destruídos. Jesus muitas vezes chamou a si mesmo de Filho do Homem, a fim de ensinar que ele mesmo é a pessoa na visão de Daniel que veio do céu em carne humana. (O Livro do Apocalipse descreve Jesus várias vezes como o Filho do Homem no meio dos crentes e como um ceifeiro.)","Filho de Deus, Messias",,"GC: Theologians go through all kinds of contortions to make biblical titles fit their metaphysical speculations. Whilst Jesus is truly human and well as truly God, that is not the main purpose of the title.
GC: Smoothed out the syntax a bit.",,,,,,,,,,,,,,,,,,,,,,,,
t,lança,,"flecha longa (G);
",As lanças são armas que têm uma longa haste de madeira e uma ponta afiada. Os soldados costumavam empurrar ou atirar lanças nos inimigos em batalha.,,,GC 08-Mar-2019,,,,,,,,,,,,,,,,,,,,,,,,
t,espírito,"espíritos, fantasma, fantasmas",criatura (W);,"Os espíritos são seres vivos invisíveis para nós humanos. Deus é o Espírito eterno. Outros espíritos são espíritos menores criados por Deus. Anjos e demônios são espíritos. Todo ser humano é um espírito e um corpo visível juntos. Quando os humanos morrem, seu espírito se torna um fantasma, até ganhar um novo corpo.","demônio, anjo",Other gods -> Other spirits,GC 23-Feb-2019,,,,,,,,,,,,,,,,,,,,,,,,
t,bordão,bordões,,"Um cajado é uma vara forte de madeira para segurar enquanto caminha, que pode servir como uma arma defensiva.",,,,GC 7/7/2019,,,,,,,,,,,,,,,,,,,,,,,
n,Estevão,,,"Estevão foi um dos primeiros cristãos conhecido por ser um líder sábio, cheio (bem controlado pelo) Espírito Santo. Ele distribuiu comida para os outros e falou com ousadia sobre Jesus. Quando ele lembrou alguns líderes judeus sobre seus próprios pecados, eles o mataram batendo nele com grandes pedras. (O nome Estêvão significa Coroa.)",,He served food to others -> He distributed food to others,GC 19-Feb-2019,,,,,,,,,,,,,,,,,,,,,,,,
t,bebida forte,álcool,"caldo de mandioca fermentado, qualquer bebida que cause embriaguez (G);
água louca (U);",Bebida forte é qualquer bebida líquida que contenha álcool.,"cerveja, vinho",other language: crazy water (urt),GC 15-Feb-2019,,,,,,,,,,,,,,,,,,,,,,,,
t,enxofre,enxofre,salfa (K),O enxofre é uma substância de cor amarela que queima com uma chama brilhante e um cheiro forte. Às vezes é chamado de súlfur.,,,,,,,,,,,,,,,,,,,,,,,,,,,
t,espada,espadas,"faca longa/terçado(G);
",As espadas são facas longas e fortes com as quais os soldados costumavam lutar em batalha. A espada também é um símbolo do poder de um rei para guerrear e punir criminosos.,,,GC 08-Mar-2019,,,,,,,,,,,,,,,,,,,,,,,,
t,sicômoro,,"figueira; árvore (R);
árvore frutífera",O sicômoro é uma espécie de figueira (fruta). Possui galhos frondosos fáceis de escalar e muitas vezes plantados nas margens das estradas para fornecer sombra aos viajantes. Sua madeira era usada para combustível e para fazer móveis.,,,,,,,,,,,,,,,,,,,,,,,,,,,
t,sinagoga,,"casa para proclamar;
local onde os judeus se reuniam / local de reunião (G);
casa de culto (R);","Sinagoga significa Ajuntar-se. As sinagogas são casas de reunião religiosa onde os judeus se reúnem para ler a Bíblia, ensinar uns aos outros, orar e adorar a Deus. (Os locais de reunião cristã são chamados de capelas ou igrejas.)","templo, tabernáculo",Christian synagogues -> Christian meeting places,,,,,,,,,,,,,,,,,,,,,,,,,
n,Sírio,"Síria, sírios",,"A Síria era e ainda é um país a nordeste de Israel. A Síria e Israel muitas vezes entraram em guerra um contra o outro, e ainda o fazem. Um oficial militar sírio chamado Naamã começou a adorar ao Senhor depois que o profeta Eliseu o curou de lepra.",,,GC 07-Feb-19,,,,,,,,,,,,,,,,,,,,,,,,
t,tabernáculo,"tenda da congregação, tenda do testemunho","casa de pele/couro de Deus;
construção tipo casa (não feita de material durável) (G);
tenda de oração de pele; casa de lona (ou seja, tenda) (R); ","Tabernáculo significa grande tenda. Deus ordenou aos antigos israelitas que construíssem um belo tabernáculo portátil, para que sua presença pudesse viver e acampar com eles. Também para que pudessem adorá-lo adequadamente enquanto viajavam pelo deserto. (Depois que Salomão construiu um templo em Jerusalém, o tabernáculo não era mais necessário; o templo substituiu o tabernáculo. Jesus substituiu o tabernáculo e o templo.)","templo, sinagoga",,Explicitating the materials might make the word impossible to translate.,,,,,,,,,,,,,,,,,,,,,,,,
n,Tabor,Monte Tabor,,Tabor é uma montanha no norte de Israel. Marcava os limites entre algumas tribos israelitas.,,,GC 07-Feb-19,,,,,,,,,,,,,,,,,,,,,,,,
n,Tamar,,,"Tamar era filha do rei Davi e irmã de Absalão, filho de Davi.",,,GC 08-Mar-2019,,,,,,,,,,,,,,,,,,,,,,,,
t,cobradores de impostos,coletor de impostos,aquele que coleta/carrega tarifas/impostos (R); taxador (W);,"Depois que os romanos capturaram Israel, eles o chamaram de Judéia e cobraram pesados impostos de todos. Alguns judeus coletavam impostos para os Romanos, guardando parte do dinheiro para eles. A maioria das pessoas odiava os cobradores de impostos, chamando-os de pecadores.",,,,,,,,,,,,,,,,,,,,,,,,,,,
t,ensinar,"professor, ensinando, ensinou, ensina",fazer ler (W);,"Ensinar ou treinar é dizer aos outros algo útil ou verdadeiro, mostrando-lhes como obedecer ou aplicar essa verdade. Jesus ordenou: ""Ide, fazei discípulos, ensinando outros a obedecerem aos Meus mandamentos.""","pregar, profeta",,GC 15-Feb-2019,,,,,,,,,,,,,,,,,,,,,,,,
t,templo,"templos, Casa de Deus","grande casa/edifício de Deus (G);
casa de Deus;
ponto de encontro de Deus e das pessoas;
local/casa de culto grande/principal (P); casa de doação (K); dentro da cerca da casa de doação (K); lugar de magnificar (W);","Templo é o lugar onde Deus (deuses) e as pessoas se encontram. Para os judeus, sempre houve apenas um Templo, localizado em Jerusalém. Era onde sua adoração a Deus era centralizada. Historicamente, houve apenas alguns Templos [judaicos]: (1) o Tabernáculo de tenda de pele construído por Moisés no deserto; (2) o majestoso Templo de pedra e ouro construído pelo rei Salomão em Jerusalém e destruído pela Babilônia; (3) o templo menor reconstruído junto com a cidade de Jerusalém sob Neemias e Zorobabel e depois ampliado pelo rei Herodes pouco antes do nascimento de Jesus. Este templo foi destruído pelos romanos em 70 d.C. (4) O corpo de Jesus era um """"templo"""" (um lugar onde Deus e a humanidade se encontravam). (5) O O Novo Testamento ensina que os cristãos agora são o templo de Deus, porque seu Espírito habita neles.
Os templos também podem ser casas para ídolos de deuses pagãos.","sinagoga, tabernáculo",Hilkka: move this sentence to the end: Temples are houses for idols of pagan gods.... Start with: Temple is the place where…,"GC 11-Mar-2019
Shortened edit.","Temples are houses in which people pray to their gods and offer sacrifices. Pagans set up idols in their temples. God told the Israelites to set up a portable tent. Later God ordered Solomo to build a temple at Jerusalem. After the Israelites brought pagan idols into God's temple, he sent the Babylonians to destroy that first temple. Jesus body was a temple. After Israel crucified Jesus, God sent Roman armies to destroy their second temple. Since then, God says that Christians are his temple, because the Holy Spirit dwells in them.",,,,,,,,,,,,,,,,,,,,,,,
t,agradecer,"grato, agradecido, gratidão","dizer para alguém quando essa pessoa faz algo que é bom (G);
ficar feliz com alguém (porque te deram algo) (U);","Agradecer a alguém significa dizer que boa ação essa pessoa fez por você. No AT, os crentes agradecem a Deus com uma oferta; no NT agradecemos a Deus anunciando suas boas ações.","louvar, honrar",be happy with someone (because they gave you something (urt)),"GC 23-Feb-2019 (In the NT, grace and thanks are the same Greek word.)",,,,,,,,,,,,,,,,,,,,,,,,
t,trono,assento do rei,"assento de um líder/chefe (G); 
",Um trono era uma cadeira na qual os reis se sentavam para decidir assuntos importantes. O trono também é um símbolo que significa realeza ou a autoridade que um rei possui. Trono do Céu significa Deus que governa o céu e a terra.,reino,,GC 07-Feb-19,,,,,,,,,,,,,,,,,,,,,,,,
n,Timóteo,,,"Timóteo era da Ásia Menor. Quando jovem, viajou com Paulo para muitas cidades onde começaram novas igrejas (Atos 16, 17, 18, 19, 20). Mais tarde, Paulo escreveu cartas a Timóteo, instruindo-o sobre como pastorear igrejas. (O nome Timóteo significa ""honra a Deus"".)",,,,GC 7/7/2019,,,,,,,,,,,,,,,,,,,,,,,
n,Tito,,,"Tito acompanhou Paulo a Creta, onde começaram igrejas. Quando Paulo partiu, Tito ficou lá para treinar novos líderes da igreja. Mais tarde, Paulo escreveu uma carta para ele.",,,,GC 7/7/2019,,,,,,,,,,,,,,,,,,,,,,,
t,túmulo,"túmulos, cova",buraco em rocha (G),"Um túmulo é uma caverna onde os cadáveres foram colocados para sepultamento. Os judeus enterravam seus mortos em túmulos, então um túmulo é sua sepultura.",,,,,,,,,,,,,,,,,,,,,,,,,,,
t,cidade,vila,"cidade (G); 
",Uma vila ou cidade é um pequeno grupo de casas de família separadas de outros grupos semelhantes. Uma vila é menor do que uma cidade.,"cidade, vila",,GC 08-Feb-19,,,,,,,,,,,,,,,,,,,,,,,,
t,tesouro,tesouros,,Tesouro é dinheiro ou coisas caras mantidas em um só lugar.,,,,,,,,,,,,,,,,,,,,,,,,,,,
n,Uzá,,,"O rei Davi providenciou um carro de bois para levar a Arca da Aliança para Jerusalém depois que ela foi capturada. (Esta não foi a maneira que Deus havia especificado para a Arca da Aliança ser carregada.) Quando os bois tropeçaram, Uzá colocou sua mão na Arca para firmá-la. Instantaneamente, o fogo do Senhor matou Uzá, porque o Senhor havia proibido que alguém tocasse na caixa. (O nome Uzá significa Força.)",,,,,,,,,,,,,,,,,,,,,,,,,,,
n,Vasti,,,A rainha Vashti foi a primeira esposa do rei persa Xerxes. Ele a depôs e fez de Ester sua nova rainha. (O nome persa Vashti significa Bela.),,,GC 08-Mar-2019,,,,,,,,,,,,,,,,,,,,,,,,
t,videira,"videiras, vinha, parreira  ",,"Uma videira é uma planta que produz frutas chamadas uvas. Uma vinha é um jardim onde crescem videiras. Os homens protegiam as vinhas com cercas de pedra e as guardavam. Na Bíblia, Deus chamou Israel de sua vinha, e Jesus chama a si mesmo de videira e seus seguidores de ramos de videira.","uva, vinho",,,,,,,,,,,,,,,,,,,,,,,,,,
t,virgem,virgens,garota (W);,"Virgens são homens ou mulheres, jovens ou velhos, que nunca tiveram relações sexuais com ninguém. No palácio de um rei, as virgens eram jovens mulheres esperando para se tornar a esposas ou concubinas de um rei.","mulher, esposa",,GC 07-Feb-19,,,,,,,,,,,,,,,,,,,,,,,,
t,visão,visões,"ver como em um sonho (G); o que apareceu(W);
","Uma visão é um sonho que alguém vê enquanto está acordado. Em uma visão, pode-se ver pessoas ou coisas que geralmente são invisíveis. Os livros de Daniel e Apocalipse descrevem várias visões sobre eventos futuros. O apóstolo Paulo viu Jesus em várias visões.",sonho,,GC 07-Feb-19,,,,,,,,,,,,,,,,,,,,,,,,
t,esperar,"esperou, espera, esperando",,"Esperar pelos outros significa ficar onde você está até que eles cheguem. Esperar por algo significa continuar observando até que aconteça. Esperar a volta de Jesus significa viver de maneira que o agrade para que ele nos recompense, esperando que ele venha.",descansar,,GC 23-Feb-2019,,,,,,,,,,,,,,,,,,,,,,,,
t,mal,maldade,tortuoso (W);,A maldade é o dano causado pelo mal. Pessoas perversas são aquelas que prejudicam os outros porque desrespeitam as leis de Deus.,,,GC 15-Feb-2019,,,,,,,,,,,,,,,,,,,,,,,,
t,esposa,esposas,"aquela com quem ele está(G);
senhora (W);","Uma esposa é uma mulher que é casada com um homem. Homens ricos podiam ter mais de uma esposa. A primeira esposa de um rei é chamada de rainha. No dia de seu casamento, uma esposa é chamada de noiva. Além das esposas, os reis também podem ter concubinas cujos filhos não podem se tornar reis.","comcubina, mulher, virgem",,GC 08-Mar-2019,,,,,,,,,,,,,,,,,,,,,,,,
t,deserto,região selvagem,,"Deserto descreve a terra ou as regiões onde os humanos geralmente não habitam porque são muito secos e desolados, uma área selvagem.",,,,GC 7/7/2019,,,,,,,,,,,,,,,,,,,,,,,
t,vinho,,"suco fermentado de mandioca, qualquer bebida que cause embriaguez (G);
","Suco fermentado de uvas (contém álcool), muitas vezes diluído em água. Os judeus serviam vinho aos convidados em casamentos e durante a festa anual da Páscoa. O vinho servido na ceia do Senhor é uma lembrança da morte de Jesus.","cerveja, álcool, bebida forte","Juice from grapes , often diluted with water. When fermented, wine contains alcohol. -> Fermented juice from grapes (contains alcohol),  often diluted with water. ",GC 07-Feb-19,,,,,,,,,,,,,,,,,,,,,,,,
t,mulher,mulheres,,"Mulheres são pessoas femininas. Deus criou homens e mulheres para serem parceiros iguais no casamento e no cuidado da terra. Uma mulher casada é chamada de esposa. Uma escrava que gera filhos para seu mestre é chamada de concubina. Antes do casamento, uma jovem é chamada de virgem se não tiver feito sexo.","mulher, comcubina, virgem", a young woman is called a virgin if she is has not had sex and is not pregnant. ->  a young woman is called a virgin if she has not had sex. ,GC 08-Mar-2019,,,,,,,,,,,,,,,,,,,,,,,,
t,mundo,,atmosfera / cosmos; mundo (R); addina (W from Ar);,"Mundo às vezes significa (1) a terra física sobre a qual habitam todas as criaturas.
Outras vezes, mundo significa (2) as nações e governos que se rebelam contra Deus.
","terra, céus",,,,,,,,,,,,,,,,,,,,,,,,,,
t,adoração,,"invocar/orar a Deus; adoração (R);
louvando a Deus;
dando honra a Deus;
curvar-se (bater os joelhos no chão ou quebrar as articulações das pernas) diante de Deus;
fazendo trabalho/serviço para Deus;
sempre fazendo o que Deus quer (G);
magnificar (W)","Adoração inclui toda ação ou atividade que os humanos realizam para dar honra a Deus (ou a deuses/ídolos). Assim, existem muitas maneiras pelas quais adoramos a Deus, pela posição do nosso corpo, servindo uns aos outros, ensinando e aprendendo as Escrituras, por meio de cânticos e louvores, orando e dando para suprir necessidades urgentes.","oração, louvor",always doing what God wants you to (G); ???,,,,,,,,,,,,,,,,,,,,,,,,,
n,Xerxes,Assuero,,"O título dos reis persas. Xerxes, o Grande, foi o quinto rei do Império Persa, 486–465 aC. Ele também era chamado de Assuero. (O nome Assuero significa Chefe.)",Rei,,GC 08-Mar-2019,,,,,,,,,,,,,,,,,,,,,,,,
n,Javé,"Senhor, Jeová",o (Chefe) Deus; o Deus Altíssimo; Yawe; EU SOU,"O nome Yahweh significa ELE É ou AQUELE QUE EXISTE. Ao falar sobre si mesmo, Yahwah disse que seu nome era EU SOU. Êxodo 3:14.
Deus não é um nome. Hebraico e algumas línguas dizem O Deus (Chefe) ou O Deus Altíssimo.",Senhor,,,,,,,,,,,,,,,,,,,,,,,,,,
t,fermento,,é (transliteração) (R); lewer (W de Fr);,"O fermento é a substância que é usada para fazer pão. Faz com que a massa inche antes de assar. Apenas um pouco de fermento é necessário para fazer uma grande quantidade de pão. (O fermento é uma pequena planta que consome farinha e açúcar, liberando bolhas de ar na massa do pão.)",pão,,,,,,,,,,,,,,,,,,,,,,,,,,
n,Zaqueu,Zaqueu,,"O nome Zaqueu significa Limpo, Puro. Zaqueu era um cobrador de impostos judeu que trabalhava para o governo romano, que enriquecera enganando os outros. Depois de conhecer Jesus, ele se arrependeu de suas atividades desonestas.",,,,,,,,,,,,,,,,,,,,,,,,,,,
n,Zacarias,,,"Havia vários homens chamados Zacarias. Um era rei sobre o norte de Israel. Outro era o filho do sacerdote Joiada, que profetizou durante o reinado do rei Joás, quando o Espírito do Senhor desceu sobre ele. Joás mandou apedrejá-lo até a morte. Outro foi um profeta do Senhor que escreveu um livro intitulado com seu nome. Outro era o pai de João Batista. (O nome Zacarias significa o Senhor se lembra.)",,,GC 07-Feb-19,,,,,,,,,,,,,,,,,,,,,,,,
n,Zedequias,,,"O rei Zedequias, filho do rei Joás, governou Judá no sul de Israel. O exército babilônico o levou cativo e o cegou 586 anos antes de Cristo. Outro homem chamado Zedequias se opôs à mensagem que o profeta Micaías transmitiu (o nome Zedequias significa que o Senhor é justo).",,,GC 07-Feb-19,,,,,,,,,,,,,,,,,,,,,,,,
n,Zeus,,,"Zeus é o nome do principal deus grego, idêntico ao deus romano Júpiter. Acreditava-se que outro deus/espírito era seu mensageiro. Seu nome era Hermes. Quando os pagãos se tornaram cristãos, eles pararam de adorar os ídolos de Zeus e começaram a invocar a Deus através do nome de Jesus.",,"Zeus, who is also called Jupiter, is the name of the chief Greek and Roman god. -> Zeus is the name of the chief Greek god, identical to Roman god Jupiter. ","Both European and Semitic philosophers made out Zeus and El to be the same God that the Hebrews worshipped. Thus, some pagans turned from their idols, honouring God through his human incarnation, Jesus.",,,,,,,,,,,,,,,,,,,,,,,,
n,Sião,,,"Sião era um nome antigo de uma das colinas em que a cidade de Jerusalém está localizada. A palavra Sião (1) às vezes refere-se a Jerusalém, (2) outras vezes refere-se ao céu (o lugar onde Deus está) e (3) às vezes refere-se à Nova Jerusalém.",Jerusalém,,"The consonants of Tsîwn can mean marker stone, along a road or at a grave site.",,,,,,,,,,,,,,,,,,,,,,,,
,,,,,,,,,,,,,,,,,,,,,,,,,,,,,,,
,,,,,,,,,,,,,,,,,,,,,,,,,,,,,,,
,,,,,,,,,,,,,,,,,,,,,,,,,,,,,,,
,,,,,,,,,,,,,,,,,,,,,,,,,,,,,,,
,,,,,,,,,,,,,,,,,,,,,,,,,,,,,,,
,,,,,,,,,,,,,,,,,,,,,,,,,,,,,,,
,,,,,,,,,,,,,,,,,,,,,,,,,,,,,,,
,,,,,,,,,,,,,,,,,,,,,,,,,,,,,,,
,,,,,,,,,,,,,,,,,,,,,,,,,,,,,,,
,,,,,,,,,,,,,,,,,,,,,,,,,,,,,,,
,,,,,,,,,,,,,,,,,,,,,,,,,,,,,,,
,,,,,,,,,,,,,,,,,,,,,,,,,,,,,,,
,,,,,,,,,,,,,,,,,,,,,,,,,,,,,,,
,,,,,,,,,,,,,,,,,,,,,,,,,,,,,,,
,,,,,,,,,,,,,,,,,,,,,,,,,,,,,,,
,,,,,,,,,,,,,,,,,,,,,,,,,,,,,,,
,,,,,,,,,,,,,,,,,,,,,,,,,,,,,,,
,,,,,,,,,,,,,,,,,,,,,,,,,,,,,,,
,,,,,,,,,,,,,,,,,,,,,,,,,,,,,,,
,,,,,,,,,,,,,,,,,,,,,,,,,,,,,,,
,,,,,,,,,,,,,,,,,,,,,,,,,,,,,,,
,,,,,,,,,,,,,,,,,,,,,,,,,,,,,,,
,,,,,,,,,,,,,,,,,,,,,,,,,,,,,,,
,,,,,,,,,,,,,,,,,,,,,,,,,,,,,,,
,,,,,,,,,,,,,,,,,,,,,,,,,,,,,,,
,,,,,,,,,,,,,,,,,,,,,,,,,,,,,,,
,,,,,,,,,,,,,,,,,,,,,,,,,,,,,,,
,,,,,,,,,,,,,,,,,,,,,,,,,,,,,,,
,,,,,,,,,,,,,,,,,,,,,,,,,,,,,,,
,,,,,,,,,,,,,,,,,,,,,,,,,,,,,,,
,,,,,,,,,,,,,,,,,,,,,,,,,,,,,,,
,,,,,,,,,,,,,,,,,,,,,,,,,,,,,,,
,,,,,,,,,,,,,,,,,,,,,,,,,,,,,,,
,,,,,,,,,,,,,,,,,,,,,,,,,,,,,,,
,,,,,,,,,,,,,,,,,,,,,,,,,,,,,,,
,,,,,,,,,,,,,,,,,,,,,,,,,,,,,,,
,,,,,,,,,,,,,,,,,,,,,,,,,,,,,,,
,,,,,,,,,,,,,,,,,,,,,,,,,,,,,,,
,,,,,,,,,,,,,,,,,,,,,,,,,,,,,,,
,,,,,,,,,,,,,,,,,,,,,,,,,,,,,,,
,,,,,,,,,,,,,,,,,,,,,,,,,,,,,,,
,,,,,,,,,,,,,,,,,,,,,,,,,,,,,,,
,,,,,,,,,,,,,,,,,,,,,,,,,,,,,,,
,,,,,,,,,,,,,,,,,,,,,,,,,,,,,,,
,,,,,,,,,,,,,,,,,,,,,,,,,,,,,,,
,,,,,,,,,,,,,,,,,,,,,,,,,,,,,,,
,,,,,,,,,,,,,,,,,,,,,,,,,,,,,,,
,,,,,,,,,,,,,,,,,,,,,,,,,,,,,,,
,,,,,,,,,,,,,,,,,,,,,,,,,,,,,,,
,,,,,,,,,,,,,,,,,,,,,,,,,,,,,,,
,,,,,,,,,,,,,,,,,,,,,,,,,,,,,,,
,,,,,,,,,,,,,,,,,,,,,,,,,,,,,,,
,,,,,,,,,,,,,,,,,,,,,,,,,,,,,,,
,,,,,,,,,,,,,,,,,,,,,,,,,,,,,,,
,,,,,,,,,,,,,,,,,,,,,,,,,,,,,,,
,,,,,,,,,,,,,,,,,,,,,,,,,,,,,,,
,,,,,,,,,,,,,,,,,,,,,,,,,,,,,,,
,,,,,,,,,,,,,,,,,,,,,,,,,,,,,,,
,,,,,,,,,,,,,,,,,,,,,,,,,,,,,,,
,,,,,,,,,,,,,,,,,,,,,,,,,,,,,,,
,,,,,,,,,,,,,,,,,,,,,,,,,,,,,,,
,,,,,,,,,,,,,,,,,,,,,,,,,,,,,,,
,,,,,,,,,,,,,,,,,,,,,,,,,,,,,,,
,,,,,,,,,,,,,,,,,,,,,,,,,,,,,,,
,,,,,,,,,,,,,,,,,,,,,,,,,,,,,,,
,,,,,,,,,,,,,,,,,,,,,,,,,,,,,,,
,,,,,,,,,,,,,,,,,,,,,,,,,,,,,,,
,,,,,,,,,,,,,,,,,,,,,,,,,,,,,,,
,,,,,,,,,,,,,,,,,,,,,,,,,,,,,,,
,,,,,,,,,,,,,,,,,,,,,,,,,,,,,,,
,,,,,,,,,,,,,,,,,,,,,,,,,,,,,,,
,,,,,,,,,,,,,,,,,,,,,,,,,,,,,,,
,,,,,,,,,,,,,,,,,,,,,,,,,,,,,,,
,,,,,,,,,,,,,,,,,,,,,,,,,,,,,,,
,,,,,,,,,,,,,,,,,,,,,,,,,,,,,,,
,,,,,,,,,,,,,,,,,,,,,,,,,,,,,,,
,,,,,,,,,,,,,,,,,,,,,,,,,,,,,,,
,,,,,,,,,,,,,,,,,,,,,,,,,,,,,,,
,,,,,,,,,,,,,,,,,,,,,,,,,,,,,,,
,,,,,,,,,,,,,,,,,,,,,,,,,,,,,,,
,,,,,,,,,,,,,,,,,,,,,,,,,,,,,,,
,,,,,,,,,,,,,,,,,,,,,,,,,,,,,,,
,,,,,,,,,,,,,,,,,,,,,,,,,,,,,,,
,,,,,,,,,,,,,,,,,,,,,,,,,,,,,,,
,,,,,,,,,,,,,,,,,,,,,,,,,,,,,,,
,,,,,,,,,,,,,,,,,,,,,,,,,,,,,,,
,,,,,,,,,,,,,,,,,,,,,,,,,,,,,,,
,,,,,,,,,,,,,,,,,,,,,,,,,,,,,,,
,,,,,,,,,,,,,,,,,,,,,,,,,,,,,,,
,,,,,,,,,,,,,,,,,,,,,,,,,,,,,,,
,,,,,,,,,,,,,,,,,,,,,,,,,,,,,,,
,,,,,,,,,,,,,,,,,,,,,,,,,,,,,,,
,,,,,,,,,,,,,,,,,,,,,,,,,,,,,,,
,,,,,,,,,,,,,,,,,,,,,,,,,,,,,,,
,,,,,,,,,,,,,,,,,,,,,,,,,,,,,,,
,,,,,,,,,,,,,,,,,,,,,,,,,,,,,,,
,,,,,,,,,,,,,,,,,,,,,,,,,,,,,,,
,,,,,,,,,,,,,,,,,,,,,,,,,,,,,,,
,,,,,,,,,,,,,,,,,,,,,,,,,,,,,,,
,,,,,,,,,,,,,,,,,,,,,,,,,,,,,,,
,,,,,,,,,,,,,,,,,,,,,,,,,,,,,,,
,,,,,,,,,,,,,,,,,,,,,,,,,,,,,,,
,,,,,,,,,,,,,,,,,,,,,,,,,,,,,,,
,,,,,,,,,,,,,,,,,,,,,,,,,,,,,,,
,,,,,,,,,,,,,,,,,,,,,,,,,,,,,,,
,,,,,,,,,,,,,,,,,,,,,,,,,,,,,,,
,,,,,,,,,,,,,,,,,,,,,,,,,,,,,,,
,,,,,,,,,,,,,,,,,,,,,,,,,,,,,,,
,,,,,,,,,,,,,,,,,,,,,,,,,,,,,,,
,,,,,,,,,,,,,,,,,,,,,,,,,,,,,,,
,,,,,,,,,,,,,,,,,,,,,,,,,,,,,,,
,,,,,,,,,,,,,,,,,,,,,,,,,,,,,,,
,,,,,,,,,,,,,,,,,,,,,,,,,,,,,,,
,,,,,,,,,,,,,,,,,,,,,,,,,,,,,,,
,,,,,,,,,,,,,,,,,,,,,,,,,,,,,,,
,,,,,,,,,,,,,,,,,,,,,,,,,,,,,,,
,,,,,,,,,,,,,,,,,,,,,,,,,,,,,,,
,,,,,,,,,,,,,,,,,,,,,,,,,,,,,,,
,,,,,,,,,,,,,,,,,,,,,,,,,,,,,,,
,,,,,,,,,,,,,,,,,,,,,,,,,,,,,,,
,,,,,,,,,,,,,,,,,,,,,,,,,,,,,,,
,,,,,,,,,,,,,,,,,,,,,,,,,,,,,,,
,,,,,,,,,,,,,,,,,,,,,,,,,,,,,,,
,,,,,,,,,,,,,,,,,,,,,,,,,,,,,,,
,,,,,,,,,,,,,,,,,,,,,,,,,,,,,,,
,,,,,,,,,,,,,,,,,,,,,,,,,,,,,,,
,,,,,,,,,,,,,,,,,,,,,,,,,,,,,,,
,,,,,,,,,,,,,,,,,,,,,,,,,,,,,,,
,,,,,,,,,,,,,,,,,,,,,,,,,,,,,,,
,,,,,,,,,,,,,,,,,,,,,,,,,,,,,,,
,,,,,,,,,,,,,,,,,,,,,,,,,,,,,,,
,,,,,,,,,,,,,,,,,,,,,,,,,,,,,,,
,,,,,,,,,,,,,,,,,,,,,,,,,,,,,,,
,,,,,,,,,,,,,,,,,,,,,,,,,,,,,,,
,,,,,,,,,,,,,,,,,,,,,,,,,,,,,,,
,,,,,,,,,,,,,,,,,,,,,,,,,,,,,,,
,,,,,,,,,,,,,,,,,,,,,,,,,,,,,,,
,,,,,,,,,,,,,,,,,,,,,,,,,,,,,,,
,,,,,,,,,,,,,,,,,,,,,,,,,,,,,,,
,,,,,,,,,,,,,,,,,,,,,,,,,,,,,,,
,,,,,,,,,,,,,,,,,,,,,,,,,,,,,,,
,,,,,,,,,,,,,,,,,,,,,,,,,,,,,,,
,,,,,,,,,,,,,,,,,,,,,,,,,,,,,,,
,,,,,,,,,,,,,,,,,,,,,,,,,,,,,,,
,,,,,,,,,,,,,,,,,,,,,,,,,,,,,,,
,,,,,,,,,,,,,,,,,,,,,,,,,,,,,,,
,,,,,,,,,,,,,,,,,,,,,,,,,,,,,,,
,,,,,,,,,,,,,,,,,,,,,,,,,,,,,,,
,,,,,,,,,,,,,,,,,,,,,,,,,,,,,,,
,,,,,,,,,,,,,,,,,,,,,,,,,,,,,,,
,,,,,,,,,,,,,,,,,,,,,,,,,,,,,,,
,,,,,,,,,,,,,,,,,,,,,,,,,,,,,,,
,,,,,,,,,,,,,,,,,,,,,,,,,,,,,,,
,,,,,,,,,,,,,,,,,,,,,,,,,,,,,,,
,,,,,,,,,,,,,,,,,,,,,,,,,,,,,,,
,,,,,,,,,,,,,,,,,,,,,,,,,,,,,,,
,,,,,,,,,,,,,,,,,,,,,,,,,,,,,,,
,,,,,,,,,,,,,,,,,,,,,,,,,,,,,,,
,,,,,,,,,,,,,,,,,,,,,,,,,,,,,,,
,,,,,,,,,,,,,,,,,,,,,,,,,,,,,,,
,,,,,,,,,,,,,,,,,,,,,,,,,,,,,,,
,,,,,,,,,,,,,,,,,,,,,,,,,,,,,,,
,,,,,,,,,,,,,,,,,,,,,,,,,,,,,,,
,,,,,,,,,,,,,,,,,,,,,,,,,,,,,,,
,,,,,,,,,,,,,,,,,,,,,,,,,,,,,,,
,,,,,,,,,,,,,,,,,,,,,,,,,,,,,,,
,,,,,,,,,,,,,,,,,,,,,,,,,,,,,,,
,,,,,,,,,,,,,,,,,,,,,,,,,,,,,,,
,,,,,,,,,,,,,,,,,,,,,,,,,,,,,,,
,,,,,,,,,,,,,,,,,,,,,,,,,,,,,,,
,,,,,,,,,,,,,,,,,,,,,,,,,,,,,,,
,,,,,,,,,,,,,,,,,,,,,,,,,,,,,,,
,,,,,,,,,,,,,,,,,,,,,,,,,,,,,,,
,,,,,,,,,,,,,,,,,,,,,,,,,,,,,,,
,,,,,,,,,,,,,,,,,,,,,,,,,,,,,,,
,,,,,,,,,,,,,,,,,,,,,,,,,,,,,,,
,,,,,,,,,,,,,,,,,,,,,,,,,,,,,,,
,,,,,,,,,,,,,,,,,,,,,,,,,,,,,,,
,,,,,,,,,,,,,,,,,,,,,,,,,,,,,,,
,,,,,,,,,,,,,,,,,,,,,,,,,,,,,,,
,,,,,,,,,,,,,,,,,,,,,,,,,,,,,,,
,,,,,,,,,,,,,,,,,,,,,,,,,,,,,,,
,,,,,,,,,,,,,,,,,,,,,,,,,,,,,,,
,,,,,,,,,,,,,,,,,,,,,,,,,,,,,,,
,,,,,,,,,,,,,,,,,,,,,,,,,,,,,,,
,,,,,,,,,,,,,,,,,,,,,,,,,,,,,,,
,,,,,,,,,,,,,,,,,,,,,,,,,,,,,,,
,,,,,,,,,,,,,,,,,,,,,,,,,,,,,,,
,,,,,,,,,,,,,,,,,,,,,,,,,,,,,,,
,,,,,,,,,,,,,,,,,,,,,,,,,,,,,,,
,,,,,,,,,,,,,,,,,,,,,,,,,,,,,,,
,,,,,,,,,,,,,,,,,,,,,,,,,,,,,,,
,,,,,,,,,,,,,,,,,,,,,,,,,,,,,,,
,,,,,,,,,,,,,,,,,,,,,,,,,,,,,,,
,,,,,,,,,,,,,,,,,,,,,,,,,,,,,,,
,,,,,,,,,,,,,,,,,,,,,,,,,,,,,,,
,,,,,,,,,,,,,,,,,,,,,,,,,,,,,,,
,,,,,,,,,,,,,,,,,,,,,,,,,,,,,,,
,,,,,,,,,,,,,,,,,,,,,,,,,,,,,,,
,,,,,,,,,,,,,,,,,,,,,,,,,,,,,,,
,,,,,,,,,,,,,,,,,,,,,,,,,,,,,,,
,,,,,,,,,,,,,,,,,,,,,,,,,,,,,,,
,,,,,,,,,,,,,,,,,,,,,,,,,,,,,,,
,,,,,,,,,,,,,,,,,,,,,,,,,,,,,,,
,,,,,,,,,,,,,,,,,,,,,,,,,,,,,,,
,,,,,,,,,,,,,,,,,,,,,,,,,,,,,,,
,,,,,,,,,,,,,,,,,,,,,,,,,,,,,,,
,,,,,,,,,,,,,,,,,,,,,,,,,,,,,,,
,,,,,,,,,,,,,,,,,,,,,,,,,,,,,,,
,,,,,,,,,,,,,,,,,,,,,,,,,,,,,,,
,,,,,,,,,,,,,,,,,,,,,,,,,,,,,,,
,,,,,,,,,,,,,,,,,,,,,,,,,,,,,,,
,,,,,,,,,,,,,,,,,,,,,,,,,,,,,,,
,,,,,,,,,,,,,,,,,,,,,,,,,,,,,,,
,,,,,,,,,,,,,,,,,,,,,,,,,,,,,,,
,,,,,,,,,,,,,,,,,,,,,,,,,,,,,,,
,,,,,,,,,,,,,,,,,,,,,,,,,,,,,,,
,,,,,,,,,,,,,,,,,,,,,,,,,,,,,,,
,,,,,,,,,,,,,,,,,,,,,,,,,,,,,,,
,,,,,,,,,,,,,,,,,,,,,,,,,,,,,,,
,,,,,,,,,,,,,,,,,,,,,,,,,,,,,,,
,,,,,,,,,,,,,,,,,,,,,,,,,,,,,,,
,,,,,,,,,,,,,,,,,,,,,,,,,,,,,,,
,,,,,,,,,,,,,,,,,,,,,,,,,,,,,,,
,,,,,,,,,,,,,,,,,,,,,,,,,,,,,,,
,,,,,,,,,,,,,,,,,,,,,,,,,,,,,,,
,,,,,,,,,,,,,,,,,,,,,,,,,,,,,,,
,,,,,,,,,,,,,,,,,,,,,,,,,,,,,,,
,,,,,,,,,,,,,,,,,,,,,,,,,,,,,,,
,,,,,,,,,,,,,,,,,,,,,,,,,,,,,,,
,,,,,,,,,,,,,,,,,,,,,,,,,,,,,,,
,,,,,,,,,,,,,,,,,,,,,,,,,,,,,,,
,,,,,,,,,,,,,,,,,,,,,,,,,,,,,,,
,,,,,,,,,,,,,,,,,,,,,,,,,,,,,,,
,,,,,,,,,,,,,,,,,,,,,,,,,,,,,,,
,,,,,,,,,,,,,,,,,,,,,,,,,,,,,,,
,,,,,,,,,,,,,,,,,,,,,,,,,,,,,,,
,,,,,,,,,,,,,,,,,,,,,,,,,,,,,,,
,,,,,,,,,,,,,,,,,,,,,,,,,,,,,,,
,,,,,,,,,,,,,,,,,,,,,,,,,,,,,,,
,,,,,,,,,,,,,,,,,,,,,,,,,,,,,,,
,,,,,,,,,,,,,,,,,,,,,,,,,,,,,,,
,,,,,,,,,,,,,,,,,,,,,,,,,,,,,,,
,,,,,,,,,,,,,,,,,,,,,,,,,,,,,,,
,,,,,,,,,,,,,,,,,,,,,,,,,,,,,,,
,,,,,,,,,,,,,,,,,,,,,,,,,,,,,,,
,,,,,,,,,,,,,,,,,,,,,,,,,,,,,,,
,,,,,,,,,,,,,,,,,,,,,,,,,,,,,,,
,,,,,,,,,,,,,,,,,,,,,,,,,,,,,,,
,,,,,,,,,,,,,,,,,,,,,,,,,,,,,,,
,,,,,,,,,,,,,,,,,,,,,,,,,,,,,,,
,,,,,,,,,,,,,,,,,,,,,,,,,,,,,,,
,,,,,,,,,,,,,,,,,,,,,,,,,,,,,,,
,,,,,,,,,,,,,,,,,,,,,,,,,,,,,,,
,,,,,,,,,,,,,,,,,,,,,,,,,,,,,,,
,,,,,,,,,,,,,,,,,,,,,,,,,,,,,,,
,,,,,,,,,,,,,,,,,,,,,,,,,,,,,,,
,,,,,,,,,,,,,,,,,,,,,,,,,,,,,,,
,,,,,,,,,,,,,,,,,,,,,,,,,,,,,,,
,,,,,,,,,,,,,,,,,,,,,,,,,,,,,,,
,,,,,,,,,,,,,,,,,,,,,,,,,,,,,,,
,,,,,,,,,,,,,,,,,,,,,,,,,,,,,,,
,,,,,,,,,,,,,,,,,,,,,,,,,,,,,,,
,,,,,,,,,,,,,,,,,,,,,,,,,,,,,,,
,,,,,,,,,,,,,,,,,,,,,,,,,,,,,,,
,,,,,,,,,,,,,,,,,,,,,,,,,,,,,,,
,,,,,,,,,,,,,,,,,,,,,,,,,,,,,,,
,,,,,,,,,,,,,,,,,,,,,,,,,,,,,,,
,,,,,,,,,,,,,,,,,,,,,,,,,,,,,,,
,,,,,,,,,,,,,,,,,,,,,,,,,,,,,,,
,,,,,,,,,,,,,,,,,,,,,,,,,,,,,,,
,,,,,,,,,,,,,,,,,,,,,,,,,,,,,,,
,,,,,,,,,,,,,,,,,,,,,,,,,,,,,,,
,,,,,,,,,,,,,,,,,,,,,,,,,,,,,,,
,,,,,,,,,,,,,,,,,,,,,,,,,,,,,,,
,,,,,,,,,,,,,,,,,,,,,,,,,,,,,,,
,,,,,,,,,,,,,,,,,,,,,,,,,,,,,,,
,,,,,,,,,,,,,,,,,,,,,,,,,,,,,,,
,,,,,,,,,,,,,,,,,,,,,,,,,,,,,,,
,,,,,,,,,,,,,,,,,,,,,,,,,,,,,,,
,,,,,,,,,,,,,,,,,,,,,,,,,,,,,,,
,,,,,,,,,,,,,,,,,,,,,,,,,,,,,,,
,,,,,,,,,,,,,,,,,,,,,,,,,,,,,,,
,,,,,,,,,,,,,,,,,,,,,,,,,,,,,,,
,,,,,,,,,,,,,,,,,,,,,,,,,,,,,,,
,,,,,,,,,,,,,,,,,,,,,,,,,,,,,,,
,,,,,,,,,,,,,,,,,,,,,,,,,,,,,,,
,,,,,,,,,,,,,,,,,,,,,,,,,,,,,,,
,,,,,,,,,,,,,,,,,,,,,,,,,,,,,,,
,,,,,,,,,,,,,,,,,,,,,,,,,,,,,,,
,,,,,,,,,,,,,,,,,,,,,,,,,,,,,,,
,,,,,,,,,,,,,,,,,,,,,,,,,,,,,,,
,,,,,,,,,,,,,,,,,,,,,,,,,,,,,,,
,,,,,,,,,,,,,,,,,,,,,,,,,,,,,,,
,,,,,,,,,,,,,,,,,,,,,,,,,,,,,,,
,,,,,,,,,,,,,,,,,,,,,,,,,,,,,,,
,,,,,,,,,,,,,,,,,,,,,,,,,,,,,,,
,,,,,,,,,,,,,,,,,,,,,,,,,,,,,,,
,,,,,,,,,,,,,,,,,,,,,,,,,,,,,,,
,,,,,,,,,,,,,,,,,,,,,,,,,,,,,,,
,,,,,,,,,,,,,,,,,,,,,,,,,,,,,,,
,,,,,,,,,,,,,,,,,,,,,,,,,,,,,,,
,,,,,,,,,,,,,,,,,,,,,,,,,,,,,,,
,,,,,,,,,,,,,,,,,,,,,,,,,,,,,,,
,,,,,,,,,,,,,,,,,,,,,,,,,,,,,,,
,,,,,,,,,,,,,,,,,,,,,,,,,,,,,,,
,,,,,,,,,,,,,,,,,,,,,,,,,,,,,,,
,,,,,,,,,,,,,,,,,,,,,,,,,,,,,,,
,,,,,,,,,,,,,,,,,,,,,,,,,,,,,,,
,,,,,,,,,,,,,,,,,,,,,,,,,,,,,,,
,,,,,,,,,,,,,,,,,,,,,,,,,,,,,,,
,,,,,,,,,,,,,,,,,,,,,,,,,,,,,,,
,,,,,,,,,,,,,,,,,,,,,,,,,,,,,,,
,,,,,,,,,,,,,,,,,,,,,,,,,,,,,,,
,,,,,,,,,,,,,,,,,,,,,,,,,,,,,,,
,,,,,,,,,,,,,,,,,,,,,,,,,,,,,,,
,,,,,,,,,,,,,,,,,,,,,,,,,,,,,,,
,,,,,,,,,,,,,,,,,,,,,,,,,,,,,,,
,,,,,,,,,,,,,,,,,,,,,,,,,,,,,,,
,,,,,,,,,,,,,,,,,,,,,,,,,,,,,,,
,,,,,,,,,,,,,,,,,,,,,,,,,,,,,,,
,,,,,,,,,,,,,,,,,,,,,,,,,,,,,,,
,,,,,,,,,,,,,,,,,,,,,,,,,,,,,,,
,,,,,,,,,,,,,,,,,,,,,,,,,,,,,,,
,,,,,,,,,,,,,,,,,,,,,,,,,,,,,,,
,,,,,,,,,,,,,,,,,,,,,,,,,,,,,,,
,,,,,,,,,,,,,,,,,,,,,,,,,,,,,,,
,,,,,,,,,,,,,,,,,,,,,,,,,,,,,,,
,,,,,,,,,,,,,,,,,,,,,,,,,,,,,,,
,,,,,,,,,,,,,,,,,,,,,,,,,,,,,,,
,,,,,,,,,,,,,,,,,,,,,,,,,,,,,,,
,,,,,,,,,,,,,,,,,,,,,,,,,,,,,,,
,,,,,,,,,,,,,,,,,,,,,,,,,,,,,,,
,,,,,,,,,,,,,,,,,,,,,,,,,,,,,,,
,,,,,,,,,,,,,,,,,,,,,,,,,,,,,,,
,,,,,,,,,,,,,,,,,,,,,,,,,,,,,,,
,,,,,,,,,,,,,,,,,,,,,,,,,,,,,,,
,,,,,,,,,,,,,,,,,,,,,,,,,,,,,,,
,,,,,,,,,,,,,,,,,,,,,,,,,,,,,,,
,,,,,,,,,,,,,,,,,,,,,,,,,,,,,,,
,,,,,,,,,,,,,,,,,,,,,,,,,,,,,,,
,,,,,,,,,,,,,,,,,,,,,,,,,,,,,,,
,,,,,,,,,,,,,,,,,,,,,,,,,,,,,,,
,,,,,,,,,,,,,,,,,,,,,,,,,,,,,,,
,,,,,,,,,,,,,,,,,,,,,,,,,,,,,,,
,,,,,,,,,,,,,,,,,,,,,,,,,,,,,,,
,,,,,,,,,,,,,,,,,,,,,,,,,,,,,,,
,,,,,,,,,,,,,,,,,,,,,,,,,,,,,,,
,,,,,,,,,,,,,,,,,,,,,,,,,,,,,,,
,,,,,,,,,,,,,,,,,,,,,,,,,,,,,,,
,,,,,,,,,,,,,,,,,,,,,,,,,,,,,,,
,,,,,,,,,,,,,,,,,,,,,,,,,,,,,,,
,,,,,,,,,,,,,,,,,,,,,,,,,,,,,,,
,,,,,,,,,,,,,,,,,,,,,,,,,,,,,,,
,,,,,,,,,,,,,,,,,,,,,,,,,,,,,,,
,,,,,,,,,,,,,,,,,,,,,,,,,,,,,,,
,,,,,,,,,,,,,,,,,,,,,,,,,,,,,,,
,,,,,,,,,,,,,,,,,,,,,,,,,,,,,,,
,,,,,,,,,,,,,,,,,,,,,,,,,,,,,,,
,,,,,,,,,,,,,,,,,,,,,,,,,,,,,,,
,,,,,,,,,,,,,,,,,,,,,,,,,,,,,,,
,,,,,,,,,,,,,,,,,,,,,,,,,,,,,,,
,,,,,,,,,,,,,,,,,,,,,,,,,,,,,,,
,,,,,,,,,,,,,,,,,,,,,,,,,,,,,,,
,,,,,,,,,,,,,,,,,,,,,,,,,,,,,,,
,,,,,,,,,,,,,,,,,,,,,,,,,,,,,,,
,,,,,,,,,,,,,,,,,,,,,,,,,,,,,,,
,,,,,,,,,,,,,,,,,,,,,,,,,,,,,,,
,,,,,,,,,,,,,,,,,,,,,,,,,,,,,,,
,,,,,,,,,,,,,,,,,,,,,,,,,,,,,,,
,,,,,,,,,,,,,,,,,,,,,,,,,,,,,,,
,,,,,,,,,,,,,,,,,,,,,,,,,,,,,,,
,,,,,,,,,,,,,,,,,,,,,,,,,,,,,,,
,,,,,,,,,,,,,,,,,,,,,,,,,,,,,,,
,,,,,,,,,,,,,,,,,,,,,,,,,,,,,,,
,,,,,,,,,,,,,,,,,,,,,,,,,,,,,,,
,,,,,,,,,,,,,,,,,,,,,,,,,,,,,,,
,,,,,,,,,,,,,,,,,,,,,,,,,,,,,,,
,,,,,,,,,,,,,,,,,,,,,,,,,,,,,,,
,,,,,,,,,,,,,,,,,,,,,,,,,,,,,,,
,,,,,,,,,,,,,,,,,,,,,,,,,,,,,,,
,,,,,,,,,,,,,,,,,,,,,,,,,,,,,,,
,,,,,,,,,,,,,,,,,,,,,,,,,,,,,,,
,,,,,,,,,,,,,,,,,,,,,,,,,,,,,,,
,,,,,,,,,,,,,,,,,,,,,,,,,,,,,,,
,,,,,,,,,,,,,,,,,,,,,,,,,,,,,,,
,,,,,,,,,,,,,,,,,,,,,,,,,,,,,,,
,,,,,,,,,,,,,,,,,,,,,,,,,,,,,,,
,,,,,,,,,,,,,,,,,,,,,,,,,,,,,,,
,,,,,,,,,,,,,,,,,,,,,,,,,,,,,,,
,,,,,,,,,,,,,,,,,,,,,,,,,,,,,,,
,,,,,,,,,,,,,,,,,,,,,,,,,,,,,,,
,,,,,,,,,,,,,,,,,,,,,,,,,,,,,,,
,,,,,,,,,,,,,,,,,,,,,,,,,,,,,,,
,,,,,,,,,,,,,,,,,,,,,,,,,,,,,,,
,,,,,,,,,,,,,,,,,,,,,,,,,,,,,,,
,,,,,,,,,,,,,,,,,,,,,,,,,,,,,,,
,,,,,,,,,,,,,,,,,,,,,,,,,,,,,,,
,,,,,,,,,,,,,,,,,,,,,,,,,,,,,,,
,,,,,,,,,,,,,,,,,,,,,,,,,,,,,,,
,,,,,,,,,,,,,,,,,,,,,,,,,,,,,,,
,,,,,,,,,,,,,,,,,,,,,,,,,,,,,,,
,,,,,,,,,,,,,,,,,,,,,,,,,,,,,,,
,,,,,,,,,,,,,,,,,,,,,,,,,,,,,,,
,,,,,,,,,,,,,,,,,,,,,,,,,,,,,,,
,,,,,,,,,,,,,,,,,,,,,,,,,,,,,,,
,,,,,,,,,,,,,,,,,,,,,,,,,,,,,,,
,,,,,,,,,,,,,,,,,,,,,,,,,,,,,,,
,,,,,,,,,,,,,,,,,,,,,,,,,,,,,,,
,,,,,,,,,,,,,,,,,,,,,,,,,,,,,,,
,,,,,,,,,,,,,,,,,,,,,,,,,,,,,,,
,,,,,,,,,,,,,,,,,,,,,,,,,,,,,,,
,,,,,,,,,,,,,,,,,,,,,,,,,,,,,,,
,,,,,,,,,,,,,,,,,,,,,,,,,,,,,,,
,,,,,,,,,,,,,,,,,,,,,,,,,,,,,,,
,,,,,,,,,,,,,,,,,,,,,,,,,,,,,,,
,,,,,,,,,,,,,,,,,,,,,,,,,,,,,,,
,,,,,,,,,,,,,,,,,,,,,,,,,,,,,,,
,,,,,,,,,,,,,,,,,,,,,,,,,,,,,,,
,,,,,,,,,,,,,,,,,,,,,,,,,,,,,,,
,,,,,,,,,,,,,,,,,,,,,,,,,,,,,,,
,,,,,,,,,,,,,,,,,,,,,,,,,,,,,,,
,,,,,,,,,,,,,,,,,,,,,,,,,,,,,,,
,,,,,,,,,,,,,,,,,,,,,,,,,,,,,,,
,,,,,,,,,,,,,,,,,,,,,,,,,,,,,,,
,,,,,,,,,,,,,,,,,,,,,,,,,,,,,,,
,,,,,,,,,,,,,,,,,,,,,,,,,,,,,,,
,,,,,,,,,,,,,,,,,,,,,,,,,,,,,,,
,,,,,,,,,,,,,,,,,,,,,,,,,,,,,,,
,,,,,,,,,,,,,,,,,,,,,,,,,,,,,,,
,,,,,,,,,,,,,,,,,,,,,,,,,,,,,,,
,,,,,,,,,,,,,,,,,,,,,,,,,,,,,,,
,,,,,,,,,,,,,,,,,,,,,,,,,,,,,,,
,,,,,,,,,,,,,,,,,,,,,,,,,,,,,,,
,,,,,,,,,,,,,,,,,,,,,,,,,,,,,,,
,,,,,,,,,,,,,,,,,,,,,,,,,,,,,,,
,,,,,,,,,,,,,,,,,,,,,,,,,,,,,,,
,,,,,,,,,,,,,,,,,,,,,,,,,,,,,,,
,,,,,,,,,,,,,,,,,,,,,,,,,,,,,,,
,,,,,,,,,,,,,,,,,,,,,,,,,,,,,,,
,,,,,,,,,,,,,,,,,,,,,,,,,,,,,,,
,,,,,,,,,,,,,,,,,,,,,,,,,,,,,,,
,,,,,,,,,,,,,,,,,,,,,,,,,,,,,,,
,,,,,,,,,,,,,,,,,,,,,,,,,,,,,,,
,,,,,,,,,,,,,,,,,,,,,,,,,,,,,,,
,,,,,,,,,,,,,,,,,,,,,,,,,,,,,,,
,,,,,,,,,,,,,,,,,,,,,,,,,,,,,,,
,,,,,,,,,,,,,,,,,,,,,,,,,,,,,,,
,,,,,,,,,,,,,,,,,,,,,,,,,,,,,,,
,,,,,,,,,,,,,,,,,,,,,,,,,,,,,,,
,,,,,,,,,,,,,,,,,,,,,,,,,,,,,,,
,,,,,,,,,,,,,,,,,,,,,,,,,,,,,,,
,,,,,,,,,,,,,,,,,,,,,,,,,,,,,,,
,,,,,,,,,,,,,,,,,,,,,,,,,,,,,,,
,,,,,,,,,,,,,,,,,,,,,,,,,,,,,,,
,,,,,,,,,,,,,,,,,,,,,,,,,,,,,,,
,,,,,,,,,,,,,,,,,,,,,,,,,,,,,,,
,,,,,,,,,,,,,,,,,,,,,,,,,,,,,,,
,,,,,,,,,,,,,,,,,,,,,,,,,,,,,,,
,,,,,,,,,,,,,,,,,,,,,,,,,,,,,,,
,,,,,,,,,,,,,,,,,,,,,,,,,,,,,,,
,,,,,,,,,,,,,,,,,,,,,,,,,,,,,,,
,,,,,,,,,,,,,,,,,,,,,,,,,,,,,,,
,,,,,,,,,,,,,,,,,,,,,,,,,,,,,,,
,,,,,,,,,,,,,,,,,,,,,,,,,,,,,,,
,,,,,,,,,,,,,,,,,,,,,,,,,,,,,,,
,,,,,,,,,,,,,,,,,,,,,,,,,,,,,,,
,,,,,,,,,,,,,,,,,,,,,,,,,,,,,,,
,,,,,,,,,,,,,,,,,,,,,,,,,,,,,,,
,,,,,,,,,,,,,,,,,,,,,,,,,,,,,,,
,,,,,,,,,,,,,,,,,,,,,,,,,,,,,,,
,,,,,,,,,,,,,,,,,,,,,,,,,,,,,,,
,,,,,,,,,,,,,,,,,,,,,,,,,,,,,,,
,,,,,,,,,,,,,,,,,,,,,,,,,,,,,,,
,,,,,,,,,,,,,,,,,,,,,,,,,,,,,,,
,,,,,,,,,,,,,,,,,,,,,,,,,,,,,,,
,,,,,,,,,,,,,,,,,,,,,,,,,,,,,,,
,,,,,,,,,,,,,,,,,,,,,,,,,,,,,,,
,,,,,,,,,,,,,,,,,,,,,,,,,,,,,,,
,,,,,,,,,,,,,,,,,,,,,,,,,,,,,,,
,,,,,,,,,,,,,,,,,,,,,,,,,,,,,,,
,,,,,,,,,,,,,,,,,,,,,,,,,,,,,,,
,,,,,,,,,,,,,,,,,,,,,,,,,,,,,,,
,,,,,,,,,,,,,,,,,,,,,,,,,,,,,,,
,,,,,,,,,,,,,,,,,,,,,,,,,,,,,,,
,,,,,,,,,,,,,,,,,,,,,,,,,,,,,,,
,,,,,,,,,,,,,,,,,,,,,,,,,,,,,,,
,,,,,,,,,,,,,,,,,,,,,,,,,,,,,,,
,,,,,,,,,,,,,,,,,,,,,,,,,,,,,,,
,,,,,,,,,,,,,,,,,,,,,,,,,,,,,,,
,,,,,,,,,,,,,,,,,,,,,,,,,,,,,,,
,,,,,,,,,,,,,,,,,,,,,,,,,,,,,,,
,,,,,,,,,,,,,,,,,,,,,,,,,,,,,,,
,,,,,,,,,,,,,,,,,,,,,,,,,,,,,,,
,,,,,,,,,,,,,,,,,,,,,,,,,,,,,,,
,,,,,,,,,,,,,,,,,,,,,,,,,,,,,,,
,,,,,,,,,,,,,,,,,,,,,,,,,,,,,,,
,,,,,,,,,,,,,,,,,,,,,,,,,,,,,,,
,,,,,,,,,,,,,,,,,,,,,,,,,,,,,,,
,,,,,,,,,,,,,,,,,,,,,,,,,,,,,,,
,,,,,,,,,,,,,,,,,,,,,,,,,,,,,,,
,,,,,,,,,,,,,,,,,,,,,,,,,,,,,,,
,,,,,,,,,,,,,,,,,,,,,,,,,,,,,,,
,,,,,,,,,,,,,,,,,,,,,,,,,,,,,,,
,,,,,,,,,,,,,,,,,,,,,,,,,,,,,,,
,,,,,,,,,,,,,,,,,,,,,,,,,,,,,,,
,,,,,,,,,,,,,,,,,,,,,,,,,,,,,,,
,,,,,,,,,,,,,,,,,,,,,,,,,,,,,,,
,,,,,,,,,,,,,,,,,,,,,,,,,,,,,,,
,,,,,,,,,,,,,,,,,,,,,,,,,,,,,,,
,,,,,,,,,,,,,,,,,,,,,,,,,,,,,,,
,,,,,,,,,,,,,,,,,,,,,,,,,,,,,,,
,,,,,,,,,,,,,,,,,,,,,,,,,,,,,,,
,,,,,,,,,,,,,,,,,,,,,,,,,,,,,,,
,,,,,,,,,,,,,,,,,,,,,,,,,,,,,,,
,,,,,,,,,,,,,,,,,,,,,,,,,,,,,,,
,,,,,,,,,,,,,,,,,,,,,,,,,,,,,,,
,,,,,,,,,,,,,,,,,,,,,,,,,,,,,,,
,,,,,,,,,,,,,,,,,,,,,,,,,,,,,,,
,,,,,,,,,,,,,,,,,,,,,,,,,,,,,,,
,,,,,,,,,,,,,,,,,,,,,,,,,,,,,,,
,,,,,,,,,,,,,,,,,,,,,,,,,,,,,,,
,,,,,,,,,,,,,,,,,,,,,,,,,,,,,,,
,,,,,,,,,,,,,,,,,,,,,,,,,,,,,,,
,,,,,,,,,,,,,,,,,,,,,,,,,,,,,,,
,,,,,,,,,,,,,,,,,,,,,,,,,,,,,,,
,,,,,,,,,,,,,,,,,,,,,,,,,,,,,,,
,,,,,,,,,,,,,,,,,,,,,,,,,,,,,,,
,,,,,,,,,,,,,,,,,,,,,,,,,,,,,,,
,,,,,,,,,,,,,,,,,,,,,,,,,,,,,,,
,,,,,,,,,,,,,,,,,,,,,,,,,,,,,,,
,,,,,,,,,,,,,,,,,,,,,,,,,,,,,,,
,,,,,,,,,,,,,,,,,,,,,,,,,,,,,,,
,,,,,,,,,,,,,,,,,,,,,,,,,,,,,,,
,,,,,,,,,,,,,,,,,,,,,,,,,,,,,,,
,,,,,,,,,,,,,,,,,,,,,,,,,,,,,,,
,,,,,,,,,,,,,,,,,,,,,,,,,,,,,,,
,,,,,,,,,,,,,,,,,,,,,,,,,,,,,,,
,,,,,,,,,,,,,,,,,,,,,,,,,,,,,,,
,,,,,,,,,,,,,,,,,,,,,,,,,,,,,,,
,,,,,,,,,,,,,,,,,,,,,,,,,,,,,,,
,,,,,,,,,,,,,,,,,,,,,,,,,,,,,,,
,,,,,,,,,,,,,,,,,,,,,,,,,,,,,,,
,,,,,,,,,,,,,,,,,,,,,,,,,,,,,,,
,,,,,,,,,,,,,,,,,,,,,,,,,,,,,,,
,,,,,,,,,,,,,,,,,,,,,,,,,,,,,,,
,,,,,,,,,,,,,,,,,,,,,,,,,,,,,,,
,,,,,,,,,,,,,,,,,,,,,,,,,,,,,,,
,,,,,,,,,,,,,,,,,,,,,,,,,,,,,,,
,,,,,,,,,,,,,,,,,,,,,,,,,,,,,,,
,,,,,,,,,,,,,,,,,,,,,,,,,,,,,,,
,,,,,,,,,,,,,,,,,,,,,,,,,,,,,,,
,,,,,,,,,,,,,,,,,,,,,,,,,,,,,,,
,,,,,,,,,,,,,,,,,,,,,,,,,,,,,,,
,,,,,,,,,,,,,,,,,,,,,,,,,,,,,,,
,,,,,,,,,,,,,,,,,,,,,,,,,,,,,,,
,,,,,,,,,,,,,,,,,,,,,,,,,,,,,,,
,,,,,,,,,,,,,,,,,,,,,,,,,,,,,,,
,,,,,,,,,,,,,,,,,,,,,,,,,,,,,,,
,,,,,,,,,,,,,,,,,,,,,,,,,,,,,,,
,,,,,,,,,,,,,,,,,,,,,,,,,,,,,,,
,,,,,,,,,,,,,,,,,,,,,,,,,,,,,,,
,,,,,,,,,,,,,,,,,,,,,,,,,,,,,,,
,,,,,,,,,,,,,,,,,,,,,,,,,,,,,,,
,,,,,,,,,,,,,,,,,,,,,,,,,,,,,,,
,,,,,,,,,,,,,,,,,,,,,,,,,,,,,,,
,,,,,,,,,,,,,,,,,,,,,,,,,,,,,,,
,,,,,,,,,,,,,,,,,,,,,,,,,,,,,,,
,,,,,,,,,,,,,,,,,,,,,,,,,,,,,,,
,,,,,,,,,,,,,,,,,,,,,,,,,,,,,,,
,,,,,,,,,,,,,,,,,,,,,,,,,,,,,,,
,,,,,,,,,,,,,,,,,,,,,,,,,,,,,,,
,,,,,,,,,,,,,,,,,,,,,,,,,,,,,,,
,,,,,,,,,,,,,,,,,,,,,,,,,,,,,,,
,,,,,,,,,,,,,,,,,,,,,,,,,,,,,,,
,,,,,,,,,,,,,,,,,,,,,,,,,,,,,,,
,,,,,,,,,,,,,,,,,,,,,,,,,,,,,,,
,,,,,,,,,,,,,,,,,,,,,,,,,,,,,,,
,,,,,,,,,,,,,,,,,,,,,,,,,,,,,,,
,,,,,,,,,,,,,,,,,,,,,,,,,,,,,,,
,,,,,,,,,,,,,,,,,,,,,,,,,,,,,,,
,,,,,,,,,,,,,,,,,,,,,,,,,,,,,,,
,,,,,,,,,,,,,,,,,,,,,,,,,,,,,,,
,,,,,,,,,,,,,,,,,,,,,,,,,,,,,,,
,,,,,,,,,,,,,,,,,,,,,,,,,,,,,,,
,,,,,,,,,,,,,,,,,,,,,,,,,,,,,,,
,,,,,,,,,,,,,,,,,,,,,,,,,,,,,,,
,,,,,,,,,,,,,,,,,,,,,,,,,,,,,,,
,,,,,,,,,,,,,,,,,,,,,,,,,,,,,,,
,,,,,,,,,,,,,,,,,,,,,,,,,,,,,,,
,,,,,,,,,,,,,,,,,,,,,,,,,,,,,,,
,,,,,,,,,,,,,,,,,,,,,,,,,,,,,,,
,,,,,,,,,,,,,,,,,,,,,,,,,,,,,,,
,,,,,,,,,,,,,,,,,,,,,,,,,,,,,,,
,,,,,,,,,,,,,,,,,,,,,,,,,,,,,,,
,,,,,,,,,,,,,,,,,,,,,,,,,,,,,,,
,,,,,,,,,,,,,,,,,,,,,,,,,,,,,,,
,,,,,,,,,,,,,,,,,,,,,,,,,,,,,,,
,,,,,,,,,,,,,,,,,,,,,,,,,,,,,,,
,,,,,,,,,,,,,,,,,,,,,,,,,,,,,,,
,,,,,,,,,,,,,,,,,,,,,,,,,,,,,,,
,,,,,,,,,,,,,,,,,,,,,,,,,,,,,,,
,,,,,,,,,,,,,,,,,,,,,,,,,,,,,,,
,,,,,,,,,,,,,,,,,,,,,,,,,,,,,,,
,,,,,,,,,,,,,,,,,,,,,,,,,,,,,,,
,,,,,,,,,,,,,,,,,,,,,,,,,,,,,,,
,,,,,,,,,,,,,,,,,,,,,,,,,,,,,,,
,,,,,,,,,,,,,,,,,,,,,,,,,,,,,,,
,,,,,,,,,,,,,,,,,,,,,,,,,,,,,,,
,,,,,,,,,,,,,,,,,,,,,,,,,,,,,,,
,,,,,,,,,,,,,,,,,,,,,,,,,,,,,,,
,,,,,,,,,,,,,,,,,,,,,,,,,,,,,,,
,,,,,,,,,,,,,,,,,,,,,,,,,,,,,,,
,,,,,,,,,,,,,,,,,,,,,,,,,,,,,,,
,,,,,,,,,,,,,,,,,,,,,,,,,,,,,,,
,,,,,,,,,,,,,,,,,,,,,,,,,,,,,,,
,,,,,,,,,,,,,,,,,,,,,,,,,,,,,,,
,,,,,,,,,,,,,,,,,,,,,,,,,,,,,,,
,,,,,,,,,,,,,,,,,,,,,,,,,,,,,,,
,,,,,,,,,,,,,,,,,,,,,,,,,,,,,,,
,,,,,,,,,,,,,,,,,,,,,,,,,,,,,,,
,,,,,,,,,,,,,,,,,,,,,,,,,,,,,,,
,,,,,,,,,,,,,,,,,,,,,,,,,,,,,,,
,,,,,,,,,,,,,,,,,,,,,,,,,,,,,,,
,,,,,,,,,,,,,,,,,,,,,,,,,,,,,,,
,,,,,,,,,,,,,,,,,,,,,,,,,,,,,,,
,,,,,,,,,,,,,,,,,,,,,,,,,,,,,,,
,,,,,,,,,,,,,,,,,,,,,,,,,,,,,,,
,,,,,,,,,,,,,,,,,,,,,,,,,,,,,,,
,,,,,,,,,,,,,,,,,,,,,,,,,,,,,,,
,,,,,,,,,,,,,,,,,,,,,,,,,,,,,,,
,,,,,,,,,,,,,,,,,,,,,,,,,,,,,,,
,,,,,,,,,,,,,,,,,,,,,,,,,,,,,,,
,,,,,,,,,,,,,,,,,,,,,,,,,,,,,,,
,,,,,,,,,,,,,,,,,,,,,,,,,,,,,,,
,,,,,,,,,,,,,,,,,,,,,,,,,,,,,,,
,,,,,,,,,,,,,,,,,,,,,,,,,,,,,,,
,,,,,,,,,,,,,,,,,,,,,,,,,,,,,,,
,,,,,,,,,,,,,,,,,,,,,,,,,,,,,,,
,,,,,,,,,,,,,,,,,,,,,,,,,,,,,,,
,,,,,,,,,,,,,,,,,,,,,,,,,,,,,,,
,,,,,,,,,,,,,,,,,,,,,,,,,,,,,,,
,,,,,,,,,,,,,,,,,,,,,,,,,,,,,,,
,,,,,,,,,,,,,,,,,,,,,,,,,,,,,,,
,,,,,,,,,,,,,,,,,,,,,,,,,,,,,,,
,,,,,,,,,,,,,,,,,,,,,,,,,,,,,,,
,,,,,,,,,,,,,,,,,,,,,,,,,,,,,,,
,,,,,,,,,,,,,,,,,,,,,,,,,,,,,,,
,,,,,,,,,,,,,,,,,,,,,,,,,,,,,,,
,,,,,,,,,,,,,,,,,,,,,,,,,,,,,,,
,,,,,,,,,,,,,,,,,,,,,,,,,,,,,,,
,,,,,,,,,,,,,,,,,,,,,,,,,,,,,,,
,,,,,,,,,,,,,,,,,,,,,,,,,,,,,,,
,,,,,,,,,,,,,,,,,,,,,,,,,,,,,,,
,,,,,,,,,,,,,,,,,,,,,,,,,,,,,,,
,,,,,,,,,,,,,,,,,,,,,,,,,,,,,,,
,,,,,,,,,,,,,,,,,,,,,,,,,,,,,,,
,,,,,,,,,,,,,,,,,,,,,,,,,,,,,,,
,,,,,,,,,,,,,,,,,,,,,,,,,,,,,,,
,,,,,,,,,,,,,,,,,,,,,,,,,,,,,,,
,,,,,,,,,,,,,,,,,,,,,,,,,,,,,,,
,,,,,,,,,,,,,,,,,,,,,,,,,,,,,,,
,,,,,,,,,,,,,,,,,,,,,,,,,,,,,,,
,,,,,,,,,,,,,,,,,,,,,,,,,,,,,,,
,,,,,,,,,,,,,,,,,,,,,,,,,,,,,,,
,,,,,,,,,,,,,,,,,,,,,,,,,,,,,,,
,,,,,,,,,,,,,,,,,,,,,,,,,,,,,,,
,,,,,,,,,,,,,,,,,,,,,,,,,,,,,,,
,,,,,,,,,,,,,,,,,,,,,,,,,,,,,,,
,,,,,,,,,,,,,,,,,,,,,,,,,,,,,,,
,,,,,,,,,,,,,,,,,,,,,,,,,,,,,,,
,,,,,,,,,,,,,,,,,,,,,,,,,,,,,,,
,,,,,,,,,,,,,,,,,,,,,,,,,,,,,,,
,,,,,,,,,,,,,,,,,,,,,,,,,,,,,,,
,,,,,,,,,,,,,,,,,,,,,,,,,,,,,,,
,,,,,,,,,,,,,,,,,,,,,,,,,,,,,,,
,,,,,,,,,,,,,,,,,,,,,,,,,,,,,,,
,,,,,,,,,,,,,,,,,,,,,,,,,,,,,,,
,,,,,,,,,,,,,,,,,,,,,,,,,,,,,,,
,,,,,,,,,,,,,,,,,,,,,,,,,,,,,,,
,,,,,,,,,,,,,,,,,,,,,,,,,,,,,,,
,,,,,,,,,,,,,,,,,,,,,,,,,,,,,,,
,,,,,,,,,,,,,,,,,,,,,,,,,,,,,,,
,,,,,,,,,,,,,,,,,,,,,,,,,,,,,,,
,,,,,,,,,,,,,,,,,,,,,,,,,,,,,,,
,,,,,,,,,,,,,,,,,,,,,,,,,,,,,,,
,,,,,,,,,,,,,,,,,,,,,,,,,,,,,,,
,,,,,,,,,,,,,,,,,,,,,,,,,,,,,,,
,,,,,,,,,,,,,,,,,,,,,,,,,,,,,,,
,,,,,,,,,,,,,,,,,,,,,,,,,,,,,,,
,,,,,,,,,,,,,,,,,,,,,,,,,,,,,,,
,,,,,,,,,,,,,,,,,,,,,,,,,,,,,,,
,,,,,,,,,,,,,,,,,,,,,,,,,,,,,,,
,,,,,,,,,,,,,,,,,,,,,,,,,,,,,,,
