,term,Alternate forms and synonyms.,Other language examples (back translations),Meaning notes. Definitions.,Related (but different) terms,other consultant suggestions / comments / entries,Galen's rationale,Galen's notes/drafts
n 117,हारुन,,,"येशूभन्दा १५०० वर्ष पहिले, मोशाका जेठा दाई हारूनले उनलाई इस्राएलीहरूलाई मिश्रबाट बाहिर निकाल्न मद्दत गरे। पछि परमेश्वरले हारूनलाई इस्राएलको पहिलो उच्च वा मुख्य पुजारी नियुक्त गर्नुभयो।",,,"Since these are brief definitions of key terms to help with translation, they do not have to be enclopedic in scope, nor to provide bible verses. (My sentences in parentheses remain optional.)",
n 102,हाबिल,, हाबिल(W),"वर्ष पहिले, आदम र हव्वाका पहिलो दुई छोराहरूको नाम कयिन र हाबिल राखिएको थियो। कयिनले परमेश्वरको सम्मान गरेनन्, तर हाबिलले गरे। परमेश्वरले कयिनलाई बिन्ती गरेपछि कयिन रिसाए र आफ्नो भाइ हाबिललाई मारे।",,,In violation of my previous rationale.,
t,अबीमेलेक, राजा,,"पलिश्तीहरूले आफ्ना राजाहरूलाई अबीमेलेक भनेर बोलाउथे।




","कैसर, फारो,राजा ",,,
n 117,अब्राहाम,, ईब्राय्मा(W)," अब्राम येशूभन्दा लगभग २००० वर्ष पहिले बाँचेका थिए। किनभने अब्रामले परमेश्वरका प्रतिज्ञाहरूमा विश्वास गरे, परमेश्वरले उनलाई धर्मी घोषणा गर्नुभयो र उनको नाम अब्राहाममा परिवर्तन गरिदिनु भएको थियो जसको अर्थ ""धेरै राष्ट्रहरूका पिता"" हो। (यद्यपि अब्राहामकी पत्नी साराईका कुनै सन्तान थिएनन्, परमेश्वरले अब्राहामलाई धेरै कुल र राष्ट्रहरूका पूर्वज बन्ने प्रतिज्ञा गर्नुभयो।) अब्राहाम सबै इस्राएलीहरू र अन्य राष्ट्रहरूका पूर्वज बने। (अब्राम नामको अर्थ धेरैका पिता हो।)",अब्राम,,GC 07-Feb-19,
n,अब्राम,,ईब्राम (W),अब्राम त्यो मानिस थिए जसलाई परमेश्वरले पछि अब्राहाम भनेर बोलाउनु भयो जब उहाँले उनीसँग एउटा करार गर्नुभयो। अब्रामकी पत्नीलाई साराई भनिन्थ्यो जसलाई परमेश्वरले पछि सारा नाम दिनुभयो। (अब्राम नामको अर्थ उच्च वा उच्च पिता हो।),अब्राहाम,,GC 07-Feb-19,
n,अब्शालोम,,,")अब्शालोम राजा दाऊदका प्रिय छोरा थिए। उनले आफ्ना एक भाइलाई मारे, र दाऊद जीवित हुँदा उनले राजा बन्ने प्रयास गरे। जब अब्शालोम र केही मानिसहरूले दाऊदका सिपाहीहरू विरुद्ध युद्ध गरे तब उनको मृत्यु भयो। (अब्शालोम नामको अर्थ शान्तिका पिता हो।",,,GC 07-Feb-19,
n,अब्शालोम,अब्शोलोम,,"अबशालोम राजा दाऊदका तेस्रो छोरा थिए। उनकी आमा माकाह थिइन्। अब्शालोमले दाऊदको पहिलो छोरा अम्नोनलाई मारे र पछि दाऊदको विरुद्धमा विद्रोह गरे। (अब्शालोम नामको अर्थ शान्तिका पिता हो।




",,,GC 08-Mar-2019,
n,अखैँया,,,अखैया पश्चिमी ग्रीसको एउटा प्रान्त थियो।,,,,GC 7/7/2019
n,आकान,,," आकान एक इस्राएली मानिस थिए जसले सुन, चाँदी र प्रभुको लुगा चोरेका थिए। जब परमप्रभुले उनलाई पापीको रूपमा चिन्नुभयो, परमप्रभुले यहोशू र इस्राएलीहरूलाई आकान र उनको सम्पूर्ण परिवारलाई ढुङ्गाले हानेर मार्न भन्नुभयो। यो अरू मानिसहरूलाई नराम्रो काम गर्न डराउने उद्देश्यका लागि थियो ताकि उनीहरूले पनि यस्तै परिणाम भोग्न नपरोस्।",,,GC 07-Feb-19,
n,आदम,, आदामा (W)," आदम येशूभन्दा लगभग ४००० वर्ष पहिले बाँचेका थिए। आदम पहिलो मानिस थिए जसलाई परमेश्वरले सृष्टि गर्नुभयो। किनकि आदम र उनकी पत्नी हव्वाले परमेश्वरको अवज्ञा गरे, सबै मानिसहरूले मर्नु पर्छ। बाइबलले येशूलाई दोस्रो आदम भन्छ, किनकि येशूले मानिसहरूलाई अनन्त जीवन दिनुहुन्छ।", हव्वा,,"The concept of transmitted sin remains pure theology, whereas Scripture relates Adam to human death, even for those who have not sinned in the same way as did Adam.",
n,अदोनिया,,,"अदोनियाह राजा दाऊदका कान्छा छोराहरू मध्ये एक थिए। जब दाऊद वृद्ध भए, अदोनियाहले राजा बन्ने प्रयास गरे, तर दाऊदले सोलोमनलाई राजा बनाउनुपर्ने घोषणा गरे। अदोनियाह नामको अर्थ हो, मेरा प्रभु परमप्रभु हुनुहुन्छ।",,,GC 07-Feb-19,
n,अदोनि-सेदेक,,,.अदोनी-सिदेक यरूशलेमका कनानी राजा थिए जसलाई यहोशू र इस्राएलीहरूले लामो युद्धपछि कब्जा गरेर मारे।,,,,GC 7/7/2019
t,सहमत्ती,सहमती,"binding talk;
promise how to act;
his words were not different from (were the same as) the other’s words (G); ",".जब दुई व्यक्ति वा देशहरूले एकअर्कालाई सहयोग गर्ने वाचा गर्छन्, उनीहरूले के गर्ने भनेर बताउने सम्झौता बोल्छन् वा लेख्छन्।","करार, प्रतिज्ञा",binding talk; promise how to act,GC 08-Feb-2019,
n,अग्रिप्पा,,,".राजा हेरोदका नाति अग्रिप्पा ""यहूदियाका राजा"" भनिने अन्तिम व्यक्ति थिए। उनले रोमन अधिकारअन्तर्गत ४१ देखि ४४ वर्षको बीचमा शासन गरे। एक पटक उनी सिजेरियामा पावलको कुरा सुन्न आएका थिए।",,,,GC 7/7/2019
n,अहिया,,," धेरै पुरुषहरूको नाम अहियाह राखिएको थियो। एकजना उत्तरी इस्राएलका अगमवक्ता, अर्का राजा र अर्का यरूशलेमका पुजारी थिए। (अहियाह नामको अर्थ प्रभुको भाइ हो।",,,GC 19-Feb-2019,
n,ऐ,,,ऐ मूर्तिपूजक देवताहरूको पूजा गर्ने मानिसहरूले भरिएको कनानी सहर थियो। परमेश्वरले यहोशूलाई एउटा योजना प्रकट गर्नुभयो जसले इस्राएली सेनालाई ऐ कब्जा गर्न र यसलाई परमेश्वरको बलिदानको रूपमा नष्ट गर्न मद्दत गऱ्यो।,,,GC 07-Feb-19,
t,अलाबास्टर,,which was made of stone (R), अलाबास्टर एक नरम प्रकारको वा चट्टान हो जसबाट मानिसहरूले बोतल र जारहरू बनाउन सक्छन्।,,,"Some call this 'soap stone.' In careful English, rock = material, and stone = clump of rock.",
t,सन्धि,"सन्धिहरु, मित्र, गठबन्धन, गठबन्धन गरिएको","to become the friend of (G);
fight on the same side
","जब दुई देश वा सेना शत्रु विरुद्ध युद्धमा जान सहमत हुन्छन्, तिनीहरू गठबन्धनमा हुन्छन्।",,fight on the same side,GC 08-Feb-2019,
t,सुघन्धित काठ,सुघन्धित काठ,"perfume (W);
one thing which smells good which is called aalo (R)","सुघन्धित काठको बोटबिरुवामा रस हुन्छ, जुन छालाको क्रीम वा औषधि बनाउन प्रयोग गरिन्छ।
एलो काठबाट निस्कने मीठो गन्धयुक्त रस हो, जसलाई अत्तर बनाउन प्रयोग गरिन्छ।",,"Aloe plants have sap, which is used to make skin cream or medicine.",Usage will be evident in each context.,
t,अल्फा,,"first; beginning (P);
Alpa (K)","अल्फा ग्रीक वर्णमालाको पहिलो अक्षर हो। यो ""ए"" जस्तो देखिन्छ। प्रकाशको पुस्तकले येशूलाई अल्फा भन्छ, किनकि उहाँ परमेश्वर हुनुहुन्छ जसले सबै असल चीजहरू सृष्टि गर्नुभयो (जसले पहिले सुरु गर्नुभयो)।",ओमेगा,,,
t,वेदी,वेदीहरु,"sacrifice table/platform;
slicing place;
place for offering (something);
platform of cooking gift/offering (R); 
where sacrifices are made (P, W);","वेदी भनेको ढुङ्गा वा धातुको (स्ट्याक्ड) बनेको टेबल वा खरानी प्लेटफर्म हो, जसमा मानिसहरूले परमेश्वरलाई बलिदान चढाउँछन्। परमेश्वरले इस्राएललाई उनीहरूको उपासनाको तम्बुमा र पछि यरूशलेमको मन्दिरमा वेदी बनाउन आदेश दिनुभयो।",",वलिदान
 आराधना
",,"Refer to encyclopedias for the history of altars, to anthropology for the pagan use of altars, and to church tradition for ecclesial use of altars. Believers have an altar in heaven: Jesus.",
t,आमेन   ,,"amin; may it be (P, W);
it is true!;
aamen (R)","आमेन एउटा हिब्रू शब्द हो जसको अर्थ हो, यो सत्य हो, म यसलाई विश्वास गर्छु, वा त्यसो होस्।",,,Good as is.,
n,अम्मोन,"अम्मोनहरु, अम्मोनी",,अम्मोन अब्राहामका भतिजा लोतका छोरा थिए। लोतकी छोरीले अम्मोनलाई रक्सी पिउन लगाएपछि उनीसँग सुतिरहेकी थिइन्। अम्मोनका सन्तानहरू अम्मोनीहरू भए जो कहिलेकाहीँ इस्राएलका शत्रु थिए। तिनीहरूले मूर्तिको पूजा गर्थे।,,,GC 07-Feb-19,
n,अमोन,,, अम्नोन राजा दाऊदको पहिलो छोरा थिए। अम्नोनले दाऊदकी छोरी तामारलाई बलात्कार गरेपछि उनका भाइ अब्शालोमले अम्नोनलाई मारे। (नाम अम्नोन मीन्ड फेथफुल।),,,GC 08-Mar-2019,
n,हननिया,,,नयाँ नियममा तिनजना मानिसहरूको नाम हननियास राखिएको थियोः (१) यरूशलेममा एक इसाई जसले परमेश्वरलाई झूट बोल्दा मरे; (२) दमास्कसमा एक इसाई जसले शाऊललाई बप्तिस्मा दिए; (३) र यरूशलेममा एक प्रधान पुजारी जसले येशूका प्रेरितहरूको विरोध गरे। (हननयास नामको अर्थ परमप्रभुले जवाफ दिनुहुन्छ।,,,GC 19-Feb-2019,
n,अन्द्रियास,,,अन्द्रियास पत्रुसका भाइ थिए। तिनीहरू दुवै येशूका १२ प्रेरितहरूको अंश बने। (अन्द्रियास नामको अर्थ बहादुरी हो।),,,GC 08-Feb-2019,
t,स्वर्गदूत,स्वर्गदूतहरु,"spirit messenger obedient to God (whom God sent);
leg/messenger person from God/above/heaven;
one from God's living place (G);
ensel (K); God's helper (P); malaka (W from arabic)","एन्जेल एउटा ग्रिक शब्द हो जसको अर्थ सन्देशवाहक हो। जब परमेश्वरले मानिसहरूका लागि सन्देशको साथ आत्मा पठाउँनुहुन्छ, यी मानव जस्तो देखिन्छ र मानव भाषा बोल्न सक्छ। दुष्ट आत्माहरू कहिलेकाहीँ स्वर्गदूतका रूपमा देखा पर्छन्। ग्रीकमा एन्जेल शब्दले काम वा काम वा भूमिकालाई वर्णन गर्दछ, कुनै प्रकारको प्राणी होइन।","demon,दुष्ट आत्मा
prophet",arabic ref.,"Angels remain not a kind of creature, but a job description.",
t,अभिशेक,"अभिशेकगर्नु, अभिशेक गरिएको, अभिशेक गरिदै","to pour olive oil on one to make him king, chief, true chief (G);
",अभिषेकको अर्थ कसैलाई नियुक्त गर्नु वा छनौट गर्नु वा तिनीहरूमा तेल खन्याएर सार्वजनिक रूपमा नियुक्त गर्नु हो।,,,,
n,अप्पोलस,,,"अपोलोस अलेक्जान्ड्रिया, मिश्रका एक यहूदी थिए। वक्तृत्वपूर्वक बोल्ने व्यक्तिको रूपमा, उनी हिब्रू धर्मशास्त्रको अर्थ बुझ्न सक्षम थिए, त्यसैले ग्रीक-भाषी शहरहरूमा चिर्स्टियनहरूलाई सिकाउन सक्षम थिए।",,,,GC 7/7/2019
t,प्रेरित,प्रेरितहरु,"sent one/person;
one that Christ sends (G);
runner (W);
person for sending from a place (person sent on a mission) (D);
Christian leader chosen by God;
first Christian leaders; 
aapostolo (R)",एपोस्टल एउटा ग्रिक शब्द हो जसको अर्थ 'अधिकारका साथ पठाइएको' हो। परमेश्वरले येशूलाई आफ्नो प्रेषितका रूपमा संसारमा पठाउनुभयो। येशूले १२जना प्रेरितहरू चुन्नुभयो जसलाई उनले अरूलाई आफ्नो बारेमा बताउन पठाए। मण्डलीहरूले नयाँ मण्डलीहरू सुरु गर्न प्रेरितहरू भनिने पुरुष र महिलाहरूलाई पनि पठाए।,"angel,स्वर्ग
disciple,चेला
prophet अगमवत्ता",,"Here is not the place to argue for or against Mattias, nor whether Paul be the real 12th apostle. Interestingly, in Acts 13, it was elders who sent apostles, and in 14 apostles who appointed elders. So it would seem problematic to argue for either kind of worker to have more authority than another. ",
n,अक्किला,,," अक्विला प्रिस्किल्लाका पति थिए। तिनीहरू रोमका यहूदीहरू थिए जसले ग्रीस र सिरियामा चर्चहरू रोप्न पावललाई सहयोग गरे। (अक्विला नामको अर्थ ""ईगल"" हो।)",Priscilla प्रिस्किला,,,GC 7/7/2019
t,अरियोपागोस,,"place of meeting which is called Areoopagus (K);
meeting place called Areopugas (P);",एरियोपागस ग्रीसको एथेन्समा रहेको पाहाडको नाम हो। शिक्षक र सहरका नेताहरू त्यस पाहाडमा भेट्ने गर्थे। तिनीहरूको भेटलाई एरियोपागस पनि भनिन्थ्यो।,,,,
t,साक्षीको सन्दुक,करार बाकस,"box of agreement (W);
box of agreement (tying) (R);
box for covenant/promise;
covenant box; 
sacred chest; the box in which the first writing of the power was kept (P);","करारको चाप सुनले ढाकिएको काठको बाकस वा छाती थियो। यसको भित्र ढुङ्गाका पाटीहरू थिए, जसमा परमेश्वरले इस्राएलसँग करार वा सम्झौता गर्दा आफ्ना दस आज्ञाहरू लेखेका थिए।",,"I would rather not use present tense, as then people would assume that the box is to be seen somewhere. If the article proves to be true, maybe then ok. But as Jesus made a new covenant with us, arc of the Covenant should not be emphasized.  (Hilkka)","Just today, a news article appeared, reporting that the Ark of the Covenant may actually reside in the Church of Saint Mary at Axum, Ethiopia. Since the ark was never reported to have been destroyed, we can speak of it in the present tense.",
n,अर्तक्षत्र,,,ईसा पूर्व ४६५-४२४ फारसी साम्राज्य को छठौँ राजा थिए। उनी डेरियसका नाति र जेर्क्ससका छोरा थिए। (आर्टाजर्क्सिस नामको अर्थ उसले सत्यसँग शासन गर्छ।),,,GC 08-Mar-2019,
n,आर्तेमिस,,,"आर्तिमस, जसलाई डायना पनि भनिन्छ, एक ग्रिक र रोमन देवीको नाम हो जसको मूर्तिमा धेरै मानिसहरूले एसिया भनिने प्रान्तमा पूजा गर्थे।",Diana,,,
n,असनत,,,दुई जना महिलाको नाम आसेनाथ थियो। एउटा योसेफकी मिस्री पत्नी र अर्को याकूबकी छोरी दिनाकी छोरी थिइन्।,,,GC 23-Feb-2019,
n,अश्तोरेत,,," अष्तोरेत मूर्तिपूजक देशहरूमा अस्टार्ट नामक देवी (महिला देवता/देवता) को पूजा गर्न प्रयोग गरिने कुँदिएको मूर्ति थियो। केही इस्राएलीहरूले अष्तोरेतका मूर्तिहरू बनाएर प्रभुको विरुद्धमा पाप गरे, जसलाई उनीहरूले प्रायः बाल नामक देवता (पुरुष देवता) का मूर्तिहरू छेउमा राख्थे।",,,GC 19-Feb-2019,
t,सभा,"भेलाहुनु, सभा, सभाहुदै","gathering together of (G);
","जहाँ पनि इसाईहरू येशूको सम्मान गर्न र एकअर्कालाई प्रेम देखाउन भेला हुन्छन्, तिनीहरू अस्थायी भेला वा स्थायी सभा बनाउँछन्।","saintsसन्तहरु, church मण्डली",,GC 15-Feb-2019,
n,अश्शूर,"अश्शूरी,अश्शूरहरु",,अश्शूरी एक शक्तिशाली राष्ट्र थियो जसले ख्रीष्टको अघि सन् ७३८ मा उत्तरी इस्राएलमाथि आक्रमण गऱ्यो। अश्शूरी सिपाहीहरूले आफ्ना शत्रुहरूलाई क्रूरतापूर्वक व्यवहार गरे।,,,GC 07-Feb-19,
n,अतल्याह,,,अथलिया एक दुष्ट रानी थिइन् जसले योआशलाई मार्न र उनलाई राजा हुनबाट रोक्न खोजेकी थिइन्। उनी राजा ओमरीकी छोरी वा नातिनी थिइन्। उनले यहूदाका राजा योरामसँग विवाह गरिन्। उनको मृत्युपछि उनले उनका सबै छोराहरूलाई मार्ने प्रयास गरिन्।,,,GC 07-Feb-19,
t,संस्करण,,,1.0-Eng-2022-03   ,,,,
t,प्रतिलिपि अधिकार,अधीकारपत्र,," डाटाबेस रोबिन रेम्पेल द्वारा डिजाइन र संकलित। प्रतिलिपि अधिकार 2022, रोबिन रेम्पेल। यो क्रिएटिभ कमन्स BY-NC-SA 4.0 अन्तर्राष्ट्रिय इजाजतपत्र अन्तर्गत उपलब्ध छ।
अप्रकाशित फिर्ता अनुवाद (V-E) नमूना उदाहरणहरूको निम्न योगदानकर्ताहरूलाई स्वीकृति र धन्यवादको साथ। सबै गैर नाफामूलक, शैक्षिक उद्देश्यका लागि अनुमति वा उचित प्रयोगको साथ प्रयोग गरियो।
डासनच (डी) ब्याक अनुवाद प्रतिलिपि अधिकार 2019, सिल इन्टरनेसनलका लागि सु नेस (केन्या)।
कार्ल ह्यारिसन (ब्राजिल) for Guajajara (G) back translations copyright 2019 SIL International. पोर्तुगालीका लागि कार्ल ह्यारिसन (पी) ब्याक अनुवाद प्रतिलिपि अधिकार 2019 कार्ल ह्यारिसन।
रामोएना (आर) र कान्डास (के) का लागि रोबिन डेभिस (पपुवा न्यू गिनी) ब्याक अनुवाद प्रतिलिपि अधिकार 2019, एसआइएल इन्टरनेसनल।
गालेन कुराह (सेनेगल) for Wolof (W) back translations copyright 2019 WEC International and Galen Currah.
अर्थ टिप्पणीहरू र परिभाषाहरू प्रतिलिपि अधिकार 2019 Galen Currah, ThD। अनुमति लिएर प्रयोग गरिएको।
डेटाबेसको विशेषज्ञ समीक्षा र सहयोगी सम्पादकीय सुझावहरूका लागि सिल अनुवाद सल्लाहकार हिल्का आर्मिनेनलाई विशेष धन्यवाद।
यो Creative Commons Creative Commons BY-NC-SA 4.0 अन्तर्राष्ट्रिय इजाजतपत्र अन्तर्गत इजाजतपत्र प्राप्त छ।    
",,"The © symbol was not utilized in this doc because it does not present properly when the xlsx doc is converted to a csv file and read in the SP software.  Instead, we are simply using the word ""copyright"" in the place of the © symbol.",,
n,एथेन्स,एथेन्सवासीहरु,,,,,,GC 7/7/2019
n,बाल,"बालहरु, बा'ल",,"बाल एक दुष्ट देवताको नाम हो जसको मूर्तिमा धेरै राष्ट्रहरूले पूजा गर्थे। परमेश्वरले कहिलेकाहीँ इस्राएलीहरूलाई दण्ड दिनुपर्थ्यो, उनीहरूले उनलाई बालको उपासना गर्न त्यागेपछि।","बाल,बालजुबुल",,"Ba'al is very well known in cuneiform texts, a kind of international deity with many local idols.",
n,बेबिलोन,"बेबिलोनी, बेबिलोनीहरु, बेबिलोनका",,"बेबिलोन एउटा प्राचीन सहरको नाम हो, जुन येशूभन्दा लगभग ३००० वर्ष पहिले सुरु भएको थियो। बेबिलोनका राजाहरूले अन्य धेरै देशहरू जिते। जब बेबिलोनका राजाले इस्राएललाई कब्जा गरे, उनले धेरै इस्राएलीहरूलाई लगभग सत्तरी वर्षसम्म बेबिलोनमा बस्न नेतृत्व गरे। (पत्रुसलाई रोम बेबिलोन भनिन्छ, र प्रकाशको पुस्तकले बेबिलोन भनिने धेरै दुष्ट ठाउँको वर्णन गर्दछ।) बेबिलोन धेरै नराम्रो व्यवहार गर्ने र परमेश्वरको अवज्ञा गर्ने र विद्रोह गर्ने मानिसहरूले भरिएको सहर थियो। तसर्थ, यसलाई कहिलेकाहीँ एउटा दुष्ट ठाउँलाई सङ्केत गर्न प्रतीकात्मक रूपमा प्रयोग गरिन्छ जसलाई परमेश्वरले ऐतिहासिक सहरलाई नष्ट गरेजस्तै नष्ट गरिदिनेछन्।",,,"Actually, 70 years serving the kings of Babylon, part of which was spent in captivity.",
n,बालाम,,,".बालाम येशूभन्दा लगभग १५०० वर्ष पहिले बाँचेका थिए। बालाम एक मूर्तिपूजक अगमवक्ता थिए जसले पैसा प्राप्त गर्न, परमेश्वरका लागि बोल्ने नाटक गरे। परमेश्वरले इस्राएलका मानिसहरूलाई बालामलाई मार्न आदेश दिए। एक पटक परमेश्वरले बालामसँग उनको गधाद्वारा कुरा गर्नुभयो।",,,"In that era, pagan prophets not only spoke for the gods, but were believed to have persuasive power over gods. Thus, Balaam sold his services as one who could manipulate Yahweh.",
t,बप्तिस्मा,"बप्तिस्मा,बप्तिस्मा गरिएको, बप्तिस्मा लिनु,बप्तिस्मा दिने मानिस","to pass (a person) under/through water (D);
dip in water (W);
(to symbolize death to an old life and the start of a new life);
initiate / initiation;
cause to have oneself bathed (becoming followers of Jesus the True Chief)(G);
baptais (K);",बप्तिस्मा एउटा ग्रिक शब्द हो जसको अर्थ पानीमा धुनु वा पानीमा डुबाउनु हो। यहुदीहरू र केही मूर्तिपूजकहरूले उनीहरूको पूजाको भागको रूपमा बप्तिस्मा दिन्छन्। मसीहा आउने पर्खाइमा रहेका यहुदीहरूलाई यूहन्नाले बप्तिस्मा दिए। येशूले आफ्ना प्रेरितहरूलाई बप्तिस्मा दिएर र सिकाएर चेला बनाउन आदेश दिनुभयो। इसाईहरूले येशूमा भरोसा राख्नेहरूलाई बप्तिस्मा दिन्छन्।,,,"A symbolic initiation in/with water that Jesus commanded for those who repent of their sins to become Christians. There are many ways in which to baptize. To dip under/ bury in water and bring back up/out to signify death to old life and resurrected to new life, a new identity. There are a series of baptisms in the Bible: God brought Noah through the water to start a new life after the judgment flood. God (via Moses) rescused Israel from their slavery in Egypt and brought them through the water of the big sea to start a new life trusting him in the wilderness. God (via Joshua) led the new generation of Israel through the Jordan River to begin a new life obeying God in a new land. John dipped people in the waters of the Jordan River who were repenting from their sins and getting prepared for Kingdom life. Jesus went down into the waters of the Jordan River to be baptized by John and came out the other side to go into the wilderness for 40 days to show that he was re-playing Israel as the new Israel but doing it rightly, faithfully, in full obedience to God. Jesus commanded people who believe in him to be put under water to show that they have died and been buried to their old life of rebelling against God and have been raised up to a new life with a new identity as God's children.",
n,बार्णाबास,,,"बर्णाबास यरूशलेममा पहिलो इसाईहरू मध्ये एक थिए। उनले पावललाई पहिलो प्रेरितहरूलाई भेट्न ल्याए, र पछि पावललाई शिष्य बनाउन एन्टिओक (सिरिया) ल्याए। उनी र पावल पनि नयाँ विश्वासीहरूको नयाँ चर्चहरू सुरु गर्ने मिसनमा सँगै गए। (बर्णाबास नामको अर्थ प्रोत्साहनको पुत्र हो)",,,GC 19-Feb-2019,
n,बाराक,,,"राजा हुनुअघि बाराक इस्राएलका चौथो न्यायकर्ता थिए। बाराकले इस्राएलीहरूलाई युद्धमा नेतृत्व गरे, उनीहरूका शत्रुहरूलाई पराजित गरे।",,,,
t,जैँ,,"दाना;
बाली (R)","जौ गहुँ जस्तै एक प्रकारको अन्न हो। गरिब मानिसहरू जौबाट रोटी बनाउँथे, किनभने जौको मूल्य गहुँभन्दा कम हुन्थ्यो।",,,,
n,बेथशेबा,,,"बेत्शेबा राजा दाऊदको सेनाका सिपाही ऊरियाकी सुन्दरी पत्नी थिइन्। उनले एकपटक बाहिर नुहाएकी थिइन् जहाँ राजा दाऊदले उनलाई नुहाएको देखेका थिए। पछि उनीहरू सँगै सुतिरहेका थिए। दाऊदले ऊरियालाई युद्धमा मार्न लगाए, त्यसपछि बत्शेबासँग विवाह गरे। परमेश्वरले दाऊदलाई उनका पापहरूका निम्ति दण्ड दिनुभयो र बत्शेबासँग उनको पहिलो सन्तानको मृत्यु गराउनुभयो। बत्शेबाका छोरा सोलोमन दाऊदपछि राजा भए। (बत्शेबा नामको अर्थ प्रतिज्ञा वा शपथकी छोरी हो।)",,,GC 07-Feb-19,
t,बियर,,जंगली जनावर … भालु (R),"भालु एउटा धेरै ठुलो, बलियो, कपाल भएको जनावर हो जुन जङ्गलमा बस्छ। भालुहरू खतरनाक हुन्छन्, तीखो दाँत र लामो पन्जा हुन्छन्, रुखहरू चढ्न सक्छन् र मानिसहरूलाई मार्न सक्छन्। भालुहरूले लगभग सबै खान्छन्। जब वयस्क भालु दुई खुट्टामा खडा हुन्छ, यो मानिसभन्दा अग्लो हुन्छ।",सिंह,,,
n,बालजिबुल,,,बाल्जोबुल दुष्ट देवता बालको अर्को नाम हो। केही मानिसहरू उनलाई दुष्ट आत्माहरूमाथि प्रमुख मान्छन्।,बाल,,,
t,वियर,,"fermented maioc juice, any drink that causes drunkenness (G);
",पकाएको अन्नबाट बनेको पेय जसमा थोरै मात्रामा मध्य हुन्छ। ," दाख, कडा पिय",,,
t,बुध्दि,बुध्दिमान,"intelligence from God;
thinking the same about things that God does (G);
knowledge/wisdom (R); 
the knowing well of things (G);
",ज्ञान भनेको सत्य र सही कुरा जान्नु र गर्नु हो। परमेश्वर सबै बुद्धिमान हुनुहुन्छ र उनले विश्वासका साथ उहाँलाई माग्ने सबैलाई बुद्धि दिन्छन्। (बुद्धि येशूको लागि एक इसाई उपाधि पनि हो।),"मुर्ख,  ज्ञान",,,
n,बेल्तसजर,,,बेल्शस्सर बेबिलोनलका अन्तिम राजा थिए। पर्सियालीहरूले बेबिलोन जितेपछि ईसापूर्व ५३९ मा उनको मृत्यु भयो। (बेल्शस्सर नामको अर्थ बेलले राजाको रक्षा गर्छ।),,,GC 08-Mar-2019,
n,बेन्जामिन,,,"बेन्यामिन येशूभन्दा लगभग २००० वर्ष पहिले बाँचेका थिए। बेन्यामिन याकूबका बाह्र छोराहरूमध्ये सबैभन्दा कान्छा थिए। यसरी, बेन्यामिन इस्राएलका बाह्र जातिहरू मध्ये एकका पुर्खाहरू थिए।",,,The term Jew (Judean) does not appear in the Hebrew Scripture until the time of the Babylonian captivity.,
n,बेथेल,,,"याकूबले लुज नामक सहर नजिकै परमेश्वरलाई भेटे, त्यसैले उनले सहरको नाम बेथेल राखे, जसको अर्थ परमेश्वरको घर वा मन्दिर हो।",,,GC 07-Feb-19,
n,बेथलेहेम,,,"धेरै सहरहरूको नाम बेथलेहेम राखिएको थियो। यरूशलेम नजिकैको सहरलाई दाऊदको सहर पनि भनिन्थ्यो। मिका ५:२ एक ठूलो नेता बेथलेहेम देखि आउन भनेर भविष्यवाणी, र येशूले बेथलेहेममा जन्मिएको थियो. (बेथलेहेमको अर्थ रोटीको घर हो।)",,,GC 07-Feb-19,
t,बाईबल,,"the Word of God (G); Paper of God (W)
","बाइबलको अर्थ पुस्तकहरूको पुस्तकालय, वा धेरै पुस्तकहरू (सँगै राखिएका) हो। पवित्र बाइबलमा पुराना र नयाँ नियमहरूका पुस्तकहरू छन्, जुन धेरै हजार वर्षको अवधिमा धेरै फरक व्यक्तिहरूद्वारा लेखिएका छन्, तर सबै परमेश्वरको आत्माबाट प्रेरित छन्।","चर्मपत्र, पुस्तक ",,GC 08-Feb-19,
t,आशिष,"आशिष,आशिषदिएको, आशिषहरु, आशिष गरिएको","(1) calling God's good onto (someone);
(2) coming/falling on (coming to someone's aid/help/support or showing grace to someone);
speak well / to say good things about (G); cause-blessed/fortunate (R); barke (W from Arabic)","आशीर्वादको अर्थ हो (१) अरूलाई दयालु शब्दहरू बोल्नु, (२) उनीहरूसँग राम्रो होस् भन्ने इच्छा राख्नु, (३) उनीहरूलाई राम्रो गर्नु, वा (४) उनीहरूलाई असल कुराहरू दिनु। परमेश्वरले हामीलाई आशीर्वाद दिनुहुन्छ, र हामी अरूलाई आशीर्वाद दिन्छौं।",श्राप,arabic ref.,,
t,रगत,,"blood (G);
","रगतको शाब्दिक अर्थ हुन सक्छ, तर यसको प्रायः प्रतीकात्मक वा विस्तारित अर्थ हुन्छ। रगतको अर्थ हुन सक्छ (क) जीवित शरीरहरूमा रातो तरल पदार्थ, (ख) हिंसात्मक मृत्यु वा हत्या, वा (ग) क्रूसमा येशूको मृत्यु। 'हातमा रगत' भनेको हत्याको दोषी हो।"," मृत्यू,  बलिदान",,Blood remains a powerful symbol of Jesus' sacrificial death. Translators must decide if the symbol should be retained or replaced with its meaning.,
t,डुङ्गा,डुङ्गा,"kanu (transliterated from canoe) (G);
",डुङ्गा मानिस र सामान ढुवानी गर्न प्रयोग गरिने तैरिरहेको पानी सवारीका लागि सामान्य शब्द हो। अधिकांश डुङ्गाहरू काठबाट बनेका हुन्छन्। जहाज धेरै ठुलो डुङ्गा हो। डिंगी भनेको ठुलो डुङ्गामा बोकेको वा ठुलो जहाजको पछाडि तानिएको सानो डुङ्गा हो। ,जहाज,,GC 07-Feb-19,
n,बोवज,,,"बोअज एक धनी इस्राएली किसान थिए जसले गरिबहरूलाई आफ्ना फसल काट्नेहरूले छोडेको अन्न काट्न अनुमति दिए। उनी नाओमीको मृत पतिको आफन्त थिए, त्यसैले उनले नाओमीकी विधवा बुहारी रूथसँग विवाह गरे। यसरी, उनी राजा दाऊद र येशूका पूर्वज बने।",,,,
t,किताब, किताबहरु,"कागतहरु (G, W);
","पुस्तकहरू पातहरू वा कागज/चर्मपत्रका पानाहरू हुन् जुन एक किनारमा एकसाथ बाँधिएका हुन्छन्। स्क्रोलहरू कागज/जनावरको छाला/प्यापिरसको लामो पानाको रोलहरू हुन् जसलाई पाठकहरूले अनरोल गर्नुपर्छ। पुस्तकको अर्थ बाइबलको एउटा भाग हुन सक्छ जसको नाम वा शीर्षक हुन्छ, जस्तै यशैयाको पुस्तक। पुस्तक परमेश्वरको स्मृतिको प्रतीक पनि हो।




","चर्मपत्र, बाईबल ",,GC 08-Mar-2019,
t,रोटी,,"that which we eat / our food (tapioca, pancake) (G);
sago (PNG);","रोटी जमिनको अन्नबाट बनेको एक प्रकारको खाना हो, सुक्खा नभएसम्म पकाइन्छ, जसमा यसलाई नरम बनाउन खमीर हुन सक्छ। यदि रोटीमा खमीर छैन भने यसको कडा वा कुरकुरा बनावट हुन्छ। रोटी केही देशहरूमा दैनिक खाना हो। जसरी धेरै देशका मानिसहरू रोटी नखाएर बाँच्न सक्दैनन् (रोटी तिनीहरूको मुख्य रोटी हो) त्यसैले येशूलाई ""जीवनको रोटी"" भनिन्छ, मन्न स्वर्गबाट आएको एक विशेष प्रकारको रोटी थियो।", मन्न,,"GC 15-Feb-2019
RR added some content.  OK?

GC 23-Feb-2019
A little wordy? Maybe drop the part about Bethlehem and include:

... Jesus was called the ""Bread of Life,"" because he gives eternal life to those who trust in him.

Manna has its own entry.",
t,गन्धक,,salfa (K),गन्धक ज्वालामुखीबाट निस्कने लाभा जस्तै आगोको सामग्री हो। परमेश्वरले गन्धकलाई आकाशबाट जमिनमा खस्ने बनाउनुहुन्छ।,गन्धक,like lava from volcano,GC 29-Mar-2019,
t,काँसा,पीतल,"redish metal (hard rock) (G);
","काँसा र पीतल कडा, चम्किलो धातुहरू हुन् जुन तामा, जिंक र टिन मिसाएर बनाइन्छ। बाइबलको समयमा, केही औजार, हतियार र गहनाहरू काँसा वा पीतलबाट बनाइन्थ्यो।",,,GC 07-Feb-19,
t,बनाउनु,"बनाउने मानिस, बनेको",बनाउनु (G);, केही निर्माण गर्नुको अर्थ यसलाई ठुलो वा अझ राम्रो बनाउनु हो। घर बनाउनु भनेको टुक्रा-टुक्रा गरी नयाँ घर बनाउनु हो। मानिसहरूलाई निर्माण वा सुधार गर्नु भनेको उनीहरूलाई बलियो बनाउनु हो।,"सृष्टि,  आकार,  कुद्नु",,GC 23-Feb-2019,
n,कैसर,,,रोमीहरूले आफ्ना राजाहरूलाई दिएको उपाधि सिजर थियो। प्रत्येक सिजर रोमले जितेका सबै देशहरूमा सम्राट वा उच्च-राजा पनि थिए। रोमका मानिसहरूका हरेक राजालाई सिजर भनिन्थ्यो।," राजा, Pharaoh फारो, Emperor गभर्नर",,,
n,कृसरिया,,,कैसरिया भनिने दुईवटा सहरहरू थिए। एउटा रोमीहरूले यरूशलेमको उत्तरमा समुद्री तटमा रोमन सम्राटको नाम सिजरको सम्मानमा बनाएका थिए। (कैसरिया नामको अर्थ राजाको सहर हो।),,,GC 08-Feb-2019,
n,कयिन,,,"येशूभन्दा लगभग ४००० वर्ष पहिले, आदम र हव्वाका पहिलो दुई छोराहरूको नाम कयिन र हाबिल राखिएको थियो। कयिनले परमेश्वरको सम्मान गरेनन्, तर हाबिलले गरे। परमेश्वरले कयिनलाई बिन्ती गरेपछि कयिन रिसाए र आफ्नो भाइ हाबिललाई मारे।"," हाबिल, आदम,  हव्वा",,Same note as for Abel.,
n,कालेब,,,कालेब बाह्र जासुसहरू मध्ये एक थिए जसलाई मोशाले कनान अवलोकन गर्न पठाए। उनी र यहोशू मात्र दुई जासुस थिए जसले इस्राएलीहरूले कनानीहरूलाई जित्न सक्छन् भन्ने विश्वास गर्थे। परमेश्वरले यी दुई पुरुषहरूलाई उनीहरूको विश्वास र युद्धमा उनीहरूको बहादुरीका लागि पुरस्कृत गरे।,,,"Caleb means dog, that is, faithful companion.",
t,गधा,उटहरु,"kamel-animal; kamel (K); gimel (W from Arabic)
",उँटहरू घोडा र गधाहरूभन्दा अग्ला हुन्छन्। मानिसहरू उँटमा चढ्न सक्छन्। उँटहरूले पनि भारी बोक्छन्। ऊँटको कपाल रुखा कपडा बनाउन प्रयोग गरिन्छ।," गधा, घोडा",arabic ref.,,
n,कनान,"कनानी, कनानीहरु",,"कनान त्यो भूमिको नाम थियो जुन परमेश्वरले इस्राएलका मानिसहरूलाई उनीहरूको मातृभूमि हुने प्रतिज्ञा गर्नुभएको थियो। कनानको धेरैजसो भाग इस्राएलको भूमि बन्यो। आज, कनानको भागलाई प्यालेस्टाइन भनिन्छ।",,,,
t,लालमणि,,jewel; konilian (K)' precious stone (W),"लालमणि एक प्रकारको दुर्लभ, रातो रङको ढुङ्गा हो।",,,,
t,खोप्नु,"कुद्ध्ने मानिस, कुद्ध्नु, कुद्धिएको","cut-cut wood carefully to make something (G);
",केही कुद्ध्नु भनेको  अर्थ यसलाई अरू केहीको रूपमा उपकरणहरूद्वारा काट्नु हो। पुरुषहरूले ढुङ्गा वा काठबाट मूर्तिहरू कुद्धिन्छ।," सृष्टि, निर्मान, ",,GC 23-Feb-2019,
n,कैसर,"King, Pharaoh, Emperor",, कैसर एउटा नाम वा उपाधि थियो जुन रोमीहरूले आफ्ना सर्वोच्च नेताहरू वा राजा/सम्राटहरूलाई दिएका थिए। मिश्रीहरूले आफ्ना उच्च नेताहरूको नाम फारो राख्थे।,,,GC 15-Feb-2019,
n,कैसरिया,,,कैसरिया एउटा सहर वा सहर थियो। रोमीहरू र अरूले रोमन सम्राट/राजा कैसरलाई सम्मान गर्ने तरिकाका रूपमा केही सहरहरूको नाम सिसेरिया राखेका थिए।,,,GC 15-Feb-2019,
t,कप्तान,कप्तानहरु,"मुख्य सिपाही (G); युध्ध गर्ने अगुवा (W)
",".एक कप्तान एक रोमी सैन्य अधिकारी थिए जसले १०० जना सिपाहीहरूलाई कमान्ड गर्थे। शताब्दी वा शताब्दीको अर्थ केही भाषाहरूमा ""१००"" हुन्छ।",,,,
t,साङ्गलो,साङलो,tied up (G);,साङलोहरू बलियो धातु वृत्तहरूबाट बनेको डोरी जस्तै हुन् जुन एकसाथ जोडिएका हुन्छन्। (कहिलेकाहीँ साङलोहरू अपराधी र राक्षसीहरू जस्ता खतरनाक मानिसहरूलाई बाँध्न वा नियन्त्रण गर्न प्रयोग गरिन्थ्यो),"कैद, डोरी","Do you need this as chains are used for other purposes, too?: Men used chains to bind criminals and demoniacs.",GC 07-Feb-19,
t,रथ, रथहरु,"chariot (transliterated) (G);
","रथहरू द्रुत गतिमा चल्ने गाडीहरू हुन् जसमा केवल दुईवटा पाङ्ग्रा हुन्छन्, जसलाई घोडाहरूले तान्छन्। राजा र महत्त्वपूर्ण अधिकारीहरू रथमा यात्रा गर्थे।",घोडाहरु,,GC 07-Feb-19,
t,करुब,"करुबहरु, ",," यहाँ दुई प्रकारका करूबहरू छन्ः (१) पङ्खा भएका मूर्तिहरू, जस्तै करारको सन्दूकको माथिका मूर्तिहरू। (२) स्वर्गमा परमेश्वरको सिंहासनको रक्षा गर्ने आत्माहरू।




","स्वर्ग, ",,GC 07-Feb-19 A babylonian word employed by exhilic prophets.,
t,ख्रीष्ट,"अभिशेक्त, मसिह",al-Masih (W),"ख्रीष्ट एउटा नाम होइनन्, ख्रीष्ट एउटा उपाधि हो जसको अर्थ अभिषिक्त हो। पुरानो नियममा, इस्राएलका मानिसहरूले नयाँ राजा वा अगमवक्तालाई वनस्पति तेलले अभिषेक गर्ने गर्थे। नयाँ करारमा, परमेश्वरले येशूलाई आफ्नो पवित्र आत्माले अभिषेक गर्नुभयो। यद्यपि, इसाईहरूले परम्परागत रूपमा ख्रीष्ट शब्दलाई अनुवाद नगरी नामको रूपमा प्रयोग गर्छन्। केही पदहरूमा 'ख्रीष्ट' लाई 'परमेश्वरले प्रतिज्ञा गर्नुभएको राजा एक दिन आउने' भनेर अनुवाद गर्न सकिन्छ।",,arabic ref.,,
t,ख्रीष्टियन,"ख्रीष्टियनहरु, विश्वासीहरु, believersख्रीष्टियनहरु","group of those who believe (Jesus);
Christ-followers; Christ’s one (R)
those who follow al-Masih (W)","इसाईको शाब्दिक अर्थ ""सानो ख्रीष्ट"" वा ""ख्रीष्टको चेलाहरु"" हो, जसले ख्रीष्टको उदाहरण र शिक्षाहरू पछ्याउँछन्।
बाइबलले इसाईहरूलाई धेरै तरिकामा वर्णन गर्दछ। तिनीहरू 'सन्तहरू' = पवित्र छन्, जो परमेश्वरका हुन्; 'विश्वासीहरू' = येशूमा विश्वास गर्नेहरू; 'चेलाहरू' = येशूका आज्ञाहरू पालन गर्नेहरू; 'भाइहरू र बहिनीहरू' = एकअर्कालाई प्रेम गर्नेहरू; 'मण्डली' = सँगै आराधना गर्नेहरू।","सन्तहरु,  चेलाहरु,  विश्वासी,  प्रेरित",arabic ref.,,
t,मण्डली, मण्डली,"Gathering of believers (W); people of faith (R); people of worship (K)
","येशूका चेलाहरूको प्रत्येक समुदाय एक मण्डली हो, र सबै इसाई मण्डलीहरूले सँगै पृथ्वी र स्वर्गमा ख्रीष्टको मण्डली समावेश गर्दछ। बाइबलले मण्डलीलाई ख्रीष्टको शरीर पनि भन्छ।","सन्तहरु, सभा",,"No ! Never a building. And capital letters mean nothing in many of the world's scripts. Whilst some of Israel become members of the church, the church has never become Israel. ",
t,दालचिनी,दालचिनी,sinamon (R); kinamon (K);,दालचिनी एक निश्चित प्रकारको रूखको बोक्राबाट बनेको सुगन्धित मसला हो। यसलाई तेलसँग मिसाइन्थ्यो जुन राजाहरूलाई अभिषेक गर्न वा गाड्नका लागि शरीरहरू तयार गर्न प्रयोग गरिन्थ्यो।,,,,
t,खतना,"खतना गर्नु, खतना गरिएको",circle cut; cut around (R);,"केटाको वा पुरुषको लिङ्गमा बनाइएको अनुष्ठान खतना। परमेश्वरले सबै इस्राएली पुरुषहरू वा बच्चाहरूका लागि खतनाको आदेश दिनुभएको थियो जुन तिनीहरू को पुरानो करारमा वफादार थिए भन्ने सङ्केतको रूपमा। नयाँ नियममा, शारीरिक खतना अब परमेश्वरप्रतिको सम्बन्ध वा वफादारी देखाउन आवश्यक छैन। बरु, यो कसरी ख्रीष्टले विश्वासीको शारीरिक (पापी) प्रकृतिलाई नयाँ, धार्मिक प्रकृति दिनलाई काटिदिनुभएको छ भनेर वर्णन गर्न प्रतीकात्मक तरिकामा प्रयोग गरिन्छ (कलस्सी २:११-१३; रोमी ४:११; १ कोरिन्थी ७:१८ साथै, बप्तिस्मा अब परमेश्वरको नयाँ करारप्रति हाम्रो वफादारीको सङ्केत हो।",,,,
t,शहर,शहरहरु,"big town (G, W);
"," सहरहरू सुव्यवस्थित सहरहरू हुन्; सहरहरू सरकार भएका गाउँहरू हुन्; गाउँहरू पारिवारिक घरहरूको समूह हुन्। बाइबल समयमा, सहरहरू जहाँ प्रायः घरहरू र भवनहरूको सबैभन्दा ठूलो भेला हुन्छ, प्रायः यसको वरिपरि बलियो सुरक्षात्मक ढुङ्गाको पर्खाल हुन्छ।"," शहर, गाउँ",,GC 08-Feb-19,
t,सफा,सफा गर्नु,clear (K); clean (R);,"मोशाको व्यवस्थाअनुसार, यहुदीहरूले परमेश्वरको सेवा गर्नुअघि अनुष्ठानिक स्नान गर्न वा बलिदान गर्नुपर्थ्यो। मानिसहरूले मूर्तिहरूको सेवा गरेर आफूलाई अशुद्ध बनाउन वा आफूलाई अशुद्ध बनाउन सक्थे। शव वा रगतको सम्पर्कले मानिसहरूलाई धार्मिक रूपमा अशुद्ध बनाउन सक्छ।
नयाँ नियम अन्तर्गत, येशूको रगतले हामी विश्वासीहरूलाई उहाँमाथि हाम्रो विश्वासद्वारा सबै पाप र अशुद्धताबाट शुद्ध पार्छ। (विवाहको प्रतीक्षामा युवा पुरुष र महिला यौन शुद्ध रहनुपर्छ।)","शुध्ध, क्षमा",People can defile themselves by serving idols. Contact with dead or blood can make ritually unclean. (Hilkka),,
t,आज्ञाहरु,"आज्ञाहरु, आज्ञादिनु, आज्ञाहरु, हुकुम",,"आदेश भनेको एउटा आदेश हो जुन एक नेताले अरूलाई पालन गर्न दिन्छ। एक आज्ञा एक आदेश हो जुन स्थायी हुन्छ, जस्तै दस आज्ञाहरू, र येशूका आज्ञाहरू।




", कानुन,,,GC 7/7/2019
t,उपपत्नी,उपपत्नीहरु,"one-who-is-like-a-wife (G);
","केही धनी पुरुषहरूले दुई प्रकारका महिलाहरूसँग विवाह गरेका थिएः पत्नीहरू जसका सन्तानहरूले उत्तराधिकार प्राप्त गर्न सक्थे, र उपपत्नीहरू जसका सन्तानहरूले उत्तराधिकार प्राप्त गर्न सक्दैनन्।",,,GC 07-Feb-19,
t,दोष लगाउन,दोष लगाईएको,," निन्दा गर्नु भनेको कसैको विरुद्धमा फैसला सुनाउनु हो, कहिलेकाहीँ अधिकारीहरूलाई सजाय दिन आदेश दिनु हो। न्यायाधीशहरूले अपराधीहरूलाई दोषी ठान्छन्, परमेश्वरले स्वर्गदूतहरू र मानिसहरूलाई दोषी ठान्छन् जसले पाप गर्छन् र पश्चात्ताप गर्दैनन्।




"," आशिष, श्राप श्राप",,,GC 8 July 2019
t,स्विकार गर्नु,"स्विकार गरिएको, स्विकार गर्नु, स्विकार गर्दै","tell (G); accept (W)
",स्वीकार गर्नु भनेको परमेश्वरले कुनै कुराको बारेमा के भन्नु हो भन्ने हो। पापहरू स्वीकार गर्नु भनेको हामीले परमेश्वरले निषेध गरेको कुरा गरेका छौं भनेर स्वीकार गर्नु हो। ख्रीष्टलाई स्वीकार गर्नु भनेको परमेश्वरले उहाँको बारेमा के भन्नुभएको छ भन्ने कुरामा हामी विश्वास गर्छौं भन्ने हो।,,,GC 15-Feb-2019,
n,कोरन्थी,कोरन्थीवासी,,कोरिन्थ ग्रीस भनिने देशको एउटा ठुलो बजार सहर थियो। यो धेरै मूर्तिकला गर्ने मानिसहरूले भरिएको धेरै मूर्तिपूजक सहर थियो। पावलले कोरिन्थमा नयाँ इसाई मण्डलीहरू सुरु गरे र कोरिन्थीहरूलाई पत्रहरू लेखे (प्रेरित १८),,,,GC 7/7/2019
n,कर्नेलियस,,,"कर्नेलियस एक रोमन सैन्य अधिकारी थिए जसले प्रभुलाई प्रार्थना गर्थे। परमप्रभुले पत्रुसलाई बोलाउन आग्रह गर्दै एकजना स्वर्गदूतलाई पठाउनुभयो। जब कर्नेलियसको घरपरिवार र साथीहरूले पत्रुसले येशूको बारेमा कुरा गरेको सुने, तिनीहरू पहिलो गैर-यहूदी वा अन्यजाति इसाईहरू बने। (कर्नेलियस नामको अर्थ सिङ हो।)",,,GC 08-Feb-2019,
t,देश,"देशहरु, राष्ट, राष्टहरु","earth / land (G); 
",देश एउटा धेरै फराकिलो भूमि हो जहाँ मानिसहरूले घरहरू बनाउँछन् र सरकार पनि हुन सक्छ। एउटा काउन्टीलाई राष्ट्र पनि भन्न सकिन्छ।,"राज्य,, साम्राज्य,  भुमी",,GC 15-Feb-2019,
t 107,करार,नियम,"promising a thing with mouths together (promising each other something) (D);
strong promise;
agreement (W); agreement (tying) (R); 
my new words about what I am going to do (G) (Heb 8:8);
binding talk (PNG);
","करारहरू दुई व्यक्ति वा समूहहरू बिचको गम्भीर सम्झौताहरू हुन् जसले एकअर्कालाई सहयोग गर्ने वाचा गर्छन्। परमेश्वरले धेरै मानिसहरूसँग र इस्राएलसँग करार गरे। परमेश्वरले इस्राएलका मानिसहरूलाई आशीर्वाद दिने प्रतिज्ञा गरे, यदि तिनीहरूले उनका नियमहरू पालन गरे भने। येशूले आफ्ना आज्ञाहरू पालन गर्ने सबैलाई जीवन दिने एउटा 'नयाँ' करार गर्नुभएको छ।","प्रतिज्ञा,
शपथ, agreement, alliance",binding tok (other language),Jesus' commandments include saving faith.,
t 100,सृष्टि,"सृष्टि गरिएको, सृष्टि गर्नु","cause-be/sit (R); 
make (G);
",सिर्जना भनेको केही नयाँ बनाउनु हो। परमेश्वरले संसार र सबै जीवित चीजहरू सृष्टि गर्नुभयो। जब हामी येशूमा विश्वास गर्छौं तब परमेश्वरले हामीलाई नयाँ सृष्टि गर्नुहुन्छ। भगवानले एक दिन नयाँ स्वर्ग र नयाँ पृथ्वी सिर्जना गर्नुहुनेछ।,"कुध्नु, बनाउनु,
",,,
t,क्रूस,क्रूसहरु,the wood;  tree cross (K); boards that they cross (W);,"काठको क्रूस हिंसात्मक अपराधीहरूलाई यातना दिने र मार्ने औजार थियो। रोमीहरूले मानिसको हात र खुट्टालाई काठको क्रूस बीमको साथ सिधा काठको खम्बामा किल वा बाँध्थे, त्यसपछि उसलाई मर्नका लागि छोड्छन्। हाम्रा पापहरूका कारण येशूको क्रूसमा मृत्यु भएपछि, परमेश्वरले हामीलाई विश्वास गर्नेहरूलाई क्षमा गर्नुहुन्छ। (येशूको क्रूसले हामीलाई यो पनि सम्झाउँछ कि उहाँमाथि हाम्रो विश्वासका कारण हामीले दुःख भोग्नुपर्ने हुन सक्छ।)",,,,
t,श्राप,"श्रापहरु,श्रापगरिएको, ","say really bad things to/about (G);speak bad about (R); (strong) anger of God (R); cause harm; punish;
","श्राप भनेको अरू कसैलाई हानि पुऱ्याउनु/बोल्नु हो। परमेश्वरले दुष्ट कार्य गर्न रोज्ने सबैलाई श्राप दिनुभएको छ। परमेश्वरले निर्दोष येशूलाई पनि श्राप दिए, ताकि उनले हामीलाई क्षमा गर्न र परमेश्वरको श्राप रद्द गर्न सकून्।","आशिष, दोष","maybe rather than condemn, it would be 'punish, cause harm'",,
t,पर्दा,,,"र्दाहरू ठुला कपडाहरू हुन्, तिनीहरूको माथिल्लो किनारबाट झुन्ड्याइन्छ, जसले झ्यालहरू ढाक्छ, ढोकाहरू बन्द गर्दछ, वा घरको कोठा विभाजित गर्दछ।




",,,material' can be anything. Cloth seems more specific. Opening also seems a bit general.,
n,दमस्कस,,, इस्राएलको उत्तर-पूर्वमा रहेको दमस्कस विश्वको सबैभन्दा पुरानो सहरहरू मध्ये एक हो। यो सिरिया राष्ट्रको राजधानी सहर बनेको छ। येशू दमिश्क नजिकै शाऊल नामको मानिसकहाँ देखा पर्नुभयो। शाऊल पावल नामक प्रेरित बने।,,,GC 19-Feb-2019,
n,दानिएल,,,"दानिएल एक जवान मानिस थिए जब बेबिलोनिहरूले यरूशलेमलाई नष्ट गरे, धेरै यहूदीहरूलाई बेबिलोनमा बन्धक बनाए। दानिएल, एक बन्दी, एक मूर्तिपूजक राजाको दरबारमा बस्दा र काम गरे तापनि, एक इमानदार अधिकारी भएर, आफ्नो जीवनभर परमेश्वरको आज्ञा पालन गरे। परमेश्वरले दानियललाई सपनाहरूको अर्थ देखाउनुभयो, र उनलाई राष्ट्रहरूको भविष्य प्रकट गर्नुभयो। (दानिएल नामको अर्थ ""परमेश्वर मेरो न्यायकर्ता हुनुहुन्छ।"")",,,Jesus called Daniel a prophet (Mt 24:15) but the book of Daniel is not classed with the prophets but as a writing.,GC 8 July 2019
n,दारा,,,"दारा फारसी साम्राज्यको चौथो राजा थिए, ५५०-४८६ ईसा पूर्व। उनले दानियलको जीवनकालमा ५३९ ईसा पूर्वमा बेबिलोन जितेका थिए। (दारा नामको अर्थ उसले भलाइ राख्छ।)",,,GC 08-Mar-2019,
n,दाऊद,राजा दाऊद,Dawuda (W from Arabic),"दाऊद, इस्राएलका दोस्रो राजा, येशूभन्दा लगभग ८०० वर्ष अघि बाँचेका थिए। उनी एक गोठालो केटा थिए जसले एक साहसी योद्धाको रूपमा प्रतिष्ठा प्राप्त गरे। उनले सङ्गीत र गीतहरू पनि बनाए, जसमध्ये केही बाइबलमा भजन बनेका छन्। दाऊद आफ्नो जीवनभर परमेश्वरप्रति वफादार रहे, र परमेश्वरले उनलाई आफ्ना छोराहरूले सदासर्वदा इस्राएलमाथि शासन गर्ने प्रतिज्ञा गर्नुभयो। येशू राजा दाऊदका वंशज (छोरा) हुन्। (दाऊद नामको अर्थ प्रिय हो।)", राजा,,GC 07-Feb-19,
t,मृत्यू,"मर्नु, मृत्, मर्दै,मरेको",,"मृत्युका विभिन्न प्रकारहरू छन्ः (१) शारीरिक मृत्यु, जब हाम्रो आत्माले हाम्रो शरीर छोड्छ, (२) अनन्त मृत्यु, जसलाई 'दोस्रो मृत्यु' भनिन्छ, सदाको लागि स्वर्गमा जानुको सट्टा नरकमा जान्छ, (३) आध्यात्मिक मृत्यु, परमेश्वरको जीवन र पवित्र आत्मा नभएको, (किनकि आदमले पाप गरे, हामी सबै आत्मिक रूपमा मरेका जन्म्यौं र 'फेरि जन्मिन आवश्यक छ। र (४) गलत गर्न अस्वीकार, भनिन्छ 'आफैलाई मर्न,' परमेश्वरको पवित्र आत्माको सहायताले।"," रगत,  बलिदान",,,
n,दबोरा,,,"न्यायकर्ताहरूका वर्षहरूमा दबोरा एक इस्राएली अगमवक्ता (महिला अगमवक्ता) थिइन्। उनको माध्यमबाट, परमप्रभुले बाराकलाई कनानी राजा याबीनको सेनासँग युद्ध गर्न जान आदेश दिए। (दबोरा नामको अर्थ ""मौरी"" हो।)",,,,GC 7/7/2019
n,देबोराह,,,"दबोरा नामका दुई जना महिला थिएः (१) रिबेकाकी नर्स जो बेथेल नजिकै मरेकी थिइन्, र (२) इस्राएलका नेताहरूले उनीहरूलाई आफ्ना शत्रुहरूमाथि विजय दिलाए। (दबोरा नामको अर्थ प्रतिज्ञा हो।)",,,-4,
t,विधि,कानुन,,घोषणा एक औपचारिक कानून हो जुन राजाले उच्चारण गर्दछ। सबैले आफ्ना राजाका आज्ञाहरू पालन गर्नुपर्छ।," कानुन,  आज्ञाहरु",,,GC 8 July 2019
n,दलीला,,,"दलीला त्यो पलिश्ती स्त्री थिइन् जससँग शिमशोनले विवाह गरेकी थिइन्। (दलिला नामको अर्थ मनमोहक हुन्छ।)




",,,GC 07-Feb-19,
n,डेमेत्रियस,,,".त्यहाँ देमेट्रियस नामका दुई जना मानिसहरू थिए। (१) एफिससको सहरमा एकजना चप्पल बनाउने व्यक्ति थिए जसले आर्टेमिस भनिने देवीलाई बिगारेका थिए। उनले सहरको अदालतमा पावलविरुद्ध आरोपहरू ल्याए। (२) अर्को एक ईसाई थियो जसको राम्रो प्रतिष्ठा थियो ३ यूहन्ना १)




",,,,GC 7/7/2019
t,दुष्ट,"दुष्ट आत्मा, भुत, दुष्ट आत्मा, शैतान, भुतलागेको","spirit rebellious to God; 
evil creature (W);
bad spirit (G);demon (R);","दुष्टात्मा ती आत्माहरू हुन् जसले आफ्ना सृष्टिकर्ता परमेश्वरका विरुद्ध विद्रोह गरेका छन्। तिनीहरूले परमेश्वरको अवज्ञा गर्ने, अन्य देवताहरूको सेवा गर्ने वा दुष्ट कार्य गर्न छनौट गर्ने मानिसहरूमा बसोबास गर्न र शक्ति प्रयोग गर्न सक्छन्। शैतान मुख्य दुष्ट आत्मा हो। येशूले आफ्ना अनुयायीहरूलाई दुष्टात्मा/दुष्टात्मा फ्याँक्ने शक्ति दिनुभएको छ।"," स्वर्गदुत,  शैतान",,Demons are never said to be fallen angels (messengers). The Rabbis taught that demons are the disembodied souls of the biblical Nephelim. Local cultures have their own beliefs about evil spirits.,
n,डायना,,,दायना एक ग्रिक देवी (मूर्ति) को नाम हो जसलाई एफिसस सहरका मानिसहरूले पूजा गर्छन्।, मुर्ति,,,
t,चेला,चेलाहरु,"learner; student (lit. child of learning) (R); 
ones in training (apprentice);
ones I (Jesus) teach (G);
student (but not like in a classroom);
Christian;
ones who follow /obey Jesus; ",शिष्यहरू ती हुन् जसले शिक्षकको निर्देशनहरू पालन गर्छन्। येशूका धेरैजना चेलाहरू थिए। उहाँले आफ्ना चेलाहरूलाई बप्तिस्मा दिएर र उहाँका आज्ञाहरू पालन गर्न सिकाएर हरेक देशमा येशूका अरू चेलाहरू बनाउन जान आदेश दिनुभयो।,"प्रेरित, ईसाइ",,"GC: Longer notes contain a lot of fascinating information, yet do not necessarily help translators find an appropriate term to employ. ",
t,गधा,गधाहरु,"horse-pig/animal; dongki (R)
small horse; pack-animal (W); animal (called) donki","गधाहरू साना घोडाजस्ता जनावर हुन्, जसमा मानिसहरूले सवारी गर्न सक्छन्। गधाहरूले पनि भार बोक्छन् र हल तान्छन्।",,other language: animal (called) donki (Hilkka),,
t,शँका,अविश्वास,"believe weakly (G); waver (W);
","शङ्का भनेको कुनै कुराको बारेमा निश्चित हुनु हुँदैन, वा कुनै कुरामा विश्वास गर्नु हुँदैन जुन सत्य जस्तो लाग्दैन। परमेश्वरका प्रतिज्ञाहरूमाथि शङ्का गर्नु भनेको उनले भनेका वा प्रकट गरेका कुराहरूमा विश्वास नगर्नु हो। शङ्काको अर्थ कुनै कुराको सत्यता वा विश्वसनीयताबारे शङ्कास्पद वा शङ्कास्पद हुनु हो।"," विश्वास,  विश्वास गर्नु, ",,GC 23-Feb-2019,
t,अजिङगर,अजिङ्गरहरू,large lizard; big snake (K); draagon (R);,"अजिङ्गरहरू विशाल सर्प वा छेपारो हुन्। परमेश्वरको शत्रु शैतानलाई अजिङ्गर भनिन्छ, किनकि ऊ बलियो, डरलाग्दो, विनाशकारी र दुष्ट छ। शैतानले अजिङ्गर (सर्प) को रूप लियो जब उसले परमेश्वरको अवज्ञा गर्न पहिलो मानिसहरूलाई बहकाएको थियो। प्रकाशको पुस्तकमा एउटा अजिङ्गरलाई शैतानको प्रतीक वा चित्रको रूपमा प्रयोग गरिएको छ।", सर्प,,Dragons of various sizes certainly do live on earth.,
t,सपना,सपनाहरु,"dream (G);
",सपना त्यो हो जुन सुतिरहेको बेला कसैले देख्छ र सुन्छ। कहिलेकाहीँ परमेश्वर वा स्वर्गदूतहरूले सपनामा व्यक्तिहरूसँग कुरा गर्थे। परमेश्वरले योसेफ र दानियललाई केही सपनाहरूको अर्थ बताउन अनुमति दिए जुन तिनीहरूलाई देख्नेहरूका लागि रहस्यमय थियो।, दर्शन,,GC 07-Feb-19,
t,पृथ्वी,,"land;
this ground;
ground (G);","पृथ्वीको अर्थ हो (१) हामी मानवहरू बसोबास गर्ने भूमि वा जमिन, (२) आकाशमुनि सबै कुरा, (३) माटो वा माटो, र (४) मृतको भूमिगत निवास। ","संसार,  स्वर्ग",,,
n,अदन,,,"अदन एउटा सुन्दर ठाउँको नाम थियो, एउटा धेरै ठुलो सुन्दर बगैँचा, जहाँ आदम र हव्वाले परमेश्वरको विरुद्धमा पाप गर्नुअघि परमेश्वरले अन्य आत्माहरू र पहिलो मानिसहरूसँग भेट्ने गर्थे।",,,GC 15-Feb-2019,
n,एदोम,,,"एदोम एउटा देश थियो जहाँ एसावका सन्तानहरू इस्राएलबाट पूर्वतिर बसोबास गर्थे। एदोमीहरूले झुटो देवताहरूलाई नष्ट गरे अनि इस्राएलका शत्रु बने। एदोमको अर्थ ""रातो"" हो।",,,GC 15-Feb-2019,
n,मिश्र,"मिश्री, मिश्रीहरु",Misra (W from Arabic),मिश्र इस्राएलको पश्चिममा रहेको देश हो। इस्राएलीहरूले मिश्रमा चार सय वर्ष बिताए जहाँ तिनीहरू दास बने। मिश्रले सयौँ वर्षसम्म इस्राएलको भूमिमा शासन गऱ्यो।,,Arabic ref.,,
t,एल्डर,अगुवाहरु,"older men (G); leaders (W)
","वृद्धहरू वृद्ध मानिसहरू हुन् जसलाई अरूले सम्मान र आज्ञा पालन गर्छन्। वृद्धहरू प्रायः एउटा परिषद्को रूपमा भेला हुन्छन् जसले महत्त्वपूर्ण मामिलाहरू निर्णय गर्दछ। मण्डलीहरूमा अग्रजहरू हुन्छन् जसलाई पर्यवेक्षक र सेवकहरू, वा पास्टर र डिकनहरू भनिन्छ।", अगुवा,,GC 23-Feb-2019,
n,एलिमेलेक,एलिमेलेक,,एलिमेलिक नाओमीका पति थिए। उनी एक इस्राएली हुन् जो मोआब देशमा बसाइँ सरेका थिए जहाँ उनको मृत्यु भयो। (एलीमेलेक नामको अर्थ मेरो परमेश्वर राजा हुनुहुन्छ।),,,GC 19-Feb-2019,
n,एलि,,,"एली शलोहमा रहेको इस्राएली उपासनाको तम्बुमा पुजारी थिए। उनले नै बालक शमूएललाई हुर्काए जो अगमवक्ता बने। (एली नामको अर्थ ""मेरा परमेश्वर"" हो।)",,,,GC 7/7/2019
n,एलि,,,"इस्राएलको मन्दिर हुनुभन्दा अघि एली शीलोमा परमप्रभुको पूजाहारी थिए। उनले अगमवक्ता शमूएललाई एक जवान केटाबाट वयस्कतामा हुर्काए, यद्यपि उनका आफ्नै छोराहरू बेइमान थिए। (एली नामको अर्थ मेरो परमेश्वर हो।)",,,GC 07-Feb-19,
n,एलियाह,,Ilyass (W),"एलिया येशूभन्दा लगभग ८०० वर्ष पहिले बाँचेका थिए। उनी परमेश्वरका अगमवक्ता थिए, जसले साहसपूर्वक एक दुष्ट राजालाई र इस्राएलमा मूर्तिहरूको पूजा गर्ने सबैलाई हप्काए। (मलाकीको पुस्तक भन्छ कि एलियाले आउने मसीहलाई स्वागत गर्न इस्राएललाई तयार पार्न फर्कनुपर्छ।) (यूहन्ना बप्तिस्मा दिने धेरै तरिकामा एलियाह जस्तै थियो। एलियाको अर्थ प्रभु नै परमेश्वर हुनुहुन्छ भन्ने हो।",एलिशा,Arabic ref.,GC 07-Feb-19,
n,एलिशा,,Alyaasa (W),एलीशा येशूभन्दा लगभग ८०० वर्ष अघि बाँचे। उनी एलियाह अगमवक्ताद्वारा नियुक्त गरिएका परमेश्वरका अगमवक्ता थिए। एलीशाले एलियाहभन्दा धेरै चमत्कारहरू गरे।, एलिया,Arabic ref.,,
n,एल्काना,,,"एल्काना नामका धेरै मानिसहरू थिए। एकजना एल्काना हन्नाको पति र अगमवक्ता शमूएलका पिता थिए। (एल्काना नामको अर्थ ""परमेश्वरले सृष्टि गर्नुभएको"" हो।)",,,GC 07-Feb-19,
t,सम्राट,सम्राटहरु,,"सम्राट एउटा साम्राज्यका राजा वा सर्वोच्च शासक थिए, जसले साना राजाहरूमाथि शासन गर्थे। केही काउन्टीहरूले आफ्ना सम्राटलाई दैवी वा देवता मान्थे।","राजा,  फारो,  कैसर",,,
t,साम्राज्य,"राज्य, ","all divisions of his land (G); 
","साम्राज्य भनेको धेरै सहरहरू, राज्यहरू र/वा राष्ट्रहरूको विस्तृत समूह हो जसमा एक सर्वोच्च शासक (एक सम्राट) को अधिकार हुन्छ। बेबिलोन, अश्शूरी र रोम बाइबल समयका साम्राज्यहरूका उदाहरणहरू थिए।




"," राष्ट, देश,  क्षेत्र, सम्राट",,"GC 08-Feb-19
RR updated",
n,एफिसी,एफिसीवासीहरु,,एफिसी एसिया माइनरको समुद्र नजिकैको एउटा ठुलो सहर थियो जहाँ पावलले नयाँ मण्डलीहरू सुरु गरे। पछि उनले एफिसीहरूलाई एउटा पत्र लेखे। येशूले प्रकाशमा यूहन्ना मार्फत एफिसीहरूलाई एउटा पत्र पनि लेखे।,,,,GC 7/7/2019
n,एफ्राम,,,एफ्राइम योसेफका दुई छोरामध्ये कान्छा थिए। एफ्राइम इस्राएलका एउटा कुलका पूर्वज बने। (एफ्राइम नामको अर्थ फलदायी हुन्छ।),,,GC 23-Feb-2019,
n,एपिक्युरियनहरु,एपिक्युरियन,,एपिक्युरियनहरूले दार्शनिक एपिकुरसको शिक्षालाई पछ्याए जो येशूभन्दा लगभग ३०० वर्ष पहिले बाँचेका थिए। मानिसहरूले पीडा र डरबाट बच्दै जीवनमा खुशी खोज्नुपर्छ भनेर उनले सिकाएका थिए।,,,,
n,एसाउ,,Esawu (W),"एसाव येशूभन्दा लगभग १९०० वर्ष पहिले बाँचेका थिए। अब्राहामका छोरा इसाकका एसाव र याकूब नामका जुम्ल्याहा छोराहरू थिए। एसाव, जो जेठो थिए, मूर्खतापूर्वक आफ्नो जन्मसिद्ध अधिकार आफ्नो भाइ याकूबलाई बेचे। (याकूबका छोराहरू इस्राएली भए, र एसावका छोराहरू एदोमी भए।", एदोम,arabic ref.,,
n,एस्तर,,,"एस्तर एक यहुदी अनाथ थिइन् जसलाई उनको काका मोर्दकैले हुर्काएका थिए। फारसी राजा जेर्ससले एस्तरलाई आफ्नो नयाँ रानी बनाएपछि, उनले धेरै यहुदीहरूलाई मृत्युबाट बचाए। (एस्तर नामको अर्थ तारा हो। उनको यहुदी नाम हदस्साको अर्थ मर्टल काठ हो।)",,,GC 08-Mar-2019,
t,नपुंसक,नपुंसकहरु,"castrated; man (R); 
unmarried man, caused to be that way (G); 
chamberlain (W);",नपुंसक एक मानिस थियो जसलाई नपुंसक/बेदखली गरिएको थियो। मूर्तिपूजक राष्ट्रहरूले कहिलेकाहीँ दासहरू वा आधिकारिक सरकारी सेवा जस्ता केही प्रकारका कामका लागि प्रशिक्षित हुनेहरूलाई यस प्रकारको विकृति अभ्यास गर्थे। यो यहुदी चलन थिएन किनकि परमेश्वरको कानूनले मानिसहरूलाई युनिक बनाउन निषेध गर्दछ।, नोकर,"take this out:  (Christian ministers who do not get married may be called eunuchs.) Other language examples to euphemistic, better to say: castrated. Chamberlain unknown in PNG. (Hilkka)",,
n,हव्वा,,Awa (W from Arabic),"हव्वा येशूभन्दा लगभग ४००० वर्ष अघि बाँचेकी थिइन्। हव्वा आदमकी पत्नी थिइन्, सबै मानिसहरूको पहिलो आमा। जब शैतानले आदम र हव्वालाई प्रलोभन दियो, तिनीहरूले परमेश्वरको अवज्ञा गरे। त्यसबेलादेखि, सबै मानिसहरूले पनि पाप गरिरहेका छन् र मर्नुपर्छ।", आदम,Arabic ref.,"The Bible clearly teaches universal death as a result of our first parents' sin, but not some kind of transmitted sin.",
t,दुष्ट,"दुष्टता, पापपुर्णl, दुष्टता",,"दुष्ट कुराहरू ती सबै हुन् जसलाई परमेश्वरले निषेध गर्नुहुन्छ; दुष्ट मानिसहरू परमेश्वरका नियमहरूको अवज्ञा गर्नेहरू हुन्; दुष्ट आत्माहरू अदृश्य प्राणीहरू हुन् जसले मानिसहरूलाई दुष्टको बारेमा ठट्टा गर्छन् र दुष्ट कार्यहरू गर्छन्।




",,,GC 15-Feb-2019,
t,विश्वास,"विश्वास, विश्वासगरिदै, विश्वास गर्नु, विश्वास गरिएको, विश्वास, भरोसा","saying yes (to someone or something; agreeing; accepting; trusting as true);
trust; belief (R); belief (W); heart/liver (inner being) hangs on something (PNG)","विश्वास भनेको (१) सत्यमा विश्वास गर्नु, (२) परमेश्वर वा ख्रीष्टमा विश्वास गर्नु, र (३) येशूप्रति वफादार रहनु हो। पुरानो र नयाँ करारहरू (टेस्टामेन्टहरू) दुवै अन्तर्गत परमेश्वरले उहाँमा र उहाँको प्रतिज्ञाहरूमा विश्वास राख्नेहरूलाई धर्मीको रूपमा गणना गर्नुहुन्छ।




","भरोसा, शंका,
अविश्वास",other language: heart/liver (inner being) hangs on smg,"Both the Hebrew 'amn and the Greek pistis include both belief and loyalty, according to their context.",
t,उपवास,,fast (R); ,"उपवासको अर्थ केही समयका लागि खाना नखाउनु हो। यहुदीहरू पश्चात्ताप, दुःख, वा परमेश्वरको सामु नम्रताको सङ्केतको रूपमा उपवास गर्थे। विश्वासीहरू कहिलेकाहीँ परमेश्वरप्रतिको प्रार्थनाको रूपमा उपवास गर्छन्।",,,,
t,चाड,"उत्सव,उत्सवहरु, उत्सवहरु, उत्सवमनाईएको","a magnification (W);  remember (W); 
big meal / food; big day of worship (K); feast (R); 
big dance (festival) / big eating (feast) (G);
","भोजहरू धेरै राम्रा खाना र पेय पदार्थहरूका साथ विशेष भोजन हुन्। सामान्यतया विशेष अवसरका लागि भोज दिइन्छ। इस्राएलीहरूले वार्षिक उत्सवका लागि भोजहरू गर्थे, जब परिवारहरू परमेश्वरको भलाइलाई सम्झन भेला हुन्छन्। इस्राएलीहरूले यरूशलेममा केही भोजहरू राख्नुपर्ने थियो।", चाड,,,
t,चाडको,"हानुका, ज्योतीको चाड","purification (W); feast when they remembered the day when they opened the house of giving (R); 
a big day of worship so that they would remember the day when they opened the house of giving (K)
","येशूभन्दा पहिलेको वर्ष १६५ मा, इस्राएलीहरू (यहूदीहरू) ले आफ्नो मन्दिरलाई फेरि परमेश्वरलाई समर्पण गर्दै आफ्ना शत्रुहरूबाट फिर्ता लिए। यहुदीहरूले यसलाई हनुक्का र ""प्रकाशको पर्व"" भन्दै यो वार्षिक भोज मनाउँछन्।",,other language: why house of giving? (Hilkka),,
t,चाडको,पेन्तिकोस्ट,day of Pentikos (R); ,"पेन्तिकोस्टको अर्थ पचास हो। यो फसल पर्व वार्षिक निस्तारपर्बको भोजको ५० दिनपछि मे महिनामा आउँछ। यो पेन्तिकोस्टमा थियो, वर्ष ३३ मा, कि पवित्र आत्मा पहिलो येशूमा विश्वास गर्ने सबैलाई माथी आउनु भयो।",,,"Astronomy-based calendars, along with better documentary studies, now situate the birth of Jesus around 2 BCE, and his ministry beteen 29 and 33 CE. If this causes indigestion, then remove the date reference.",
t,चाडको,"वेदिकपो चाड,तम्बुकोचाड",day of worship of the Jews which they call the feast of shelters (R); big days of worship of shelters (K); big day for worship called feast of tents,"कार्तिक वा मंसिरमा आश्रयको वार्षिक भोजमा, यहुदीहरू खुसी हुन्छन् किनभने फसल पुरा भइसकेको छ। उजाडस्थानमा घुम्दै चालीस वर्ष आश्रयमा बिताएका आफ्ना पुर्खाहरूलाई सम्मान गर्न तिनीहरू एक हप्ताका लागि अस्थायी आश्रयमा बस्छन्।",,"tabernacle is too techincal, better to say tent  or garden shelter, in Pidgin haus win Hilkka)",,
t,निस्तार चाड,निस्तार चाड,feast of go past (R); big day of worship of Go Past (K); ," फागुन वा चैतमा निस्तारपर्बको वार्षिक चाडको समयमा, यहुदीहरूले आफ्ना पुर्खाहरू कसरी मिश्रको दासत्वबाट उम्केका थिए भनेर सम्झन्छन्। त्यस समयमा परमेश्वरले चेतावनी दिनुभयो कि उहाँले आफ्नो स्वर्गदूतलाई मिश्रका हरेक घरका जेठा छोरालाई मार्न पठाउभयो, जहाँ उनीहरूले भेडाको मासु मार्नेछन् र उनीहरूको अगाडिको ढोकाको खुट्टामा यसको रगत लगाइदिनेछन्। यहाँ स्वर्गदूत कसैलाई हानी नगरी भएर गए।",खमिर नहालेको रोटीको चाड,,,
t,खमीर,खमीरीविनाको रोटी,feast of bread no yeast in it (R); big day of worship of bread no yeast in it (K); ,"खमीरी रोटीको वार्षिक भोज निस्तारपर्बको पर्व पछिका सात दिनसम्म रहन्छ। यी सात दिनमा, यहुदीहरूले आफ्ना पुर्खाहरू कसरी मिश्रबाट भागे (यति छिटो कि उनीहरूसँग खमीरको रोटी पकाउन पर्खन समय थिएन) सम्झन खमीर बिना रोटी खान्छन्।", निस्तार चाड,,,
n,फेलिक्स,,,"फेलिक्स ५२ र ६० वर्षको बिचमा यहूदियामा रोमी राज्यपाल थिए। एक बेइमान मानिस, उनले पावललाई दुई वर्षसम्म सिजेरियाको जेलमा राखे। पावलले परमेश्वरको न्यायको बारेमा व्याख्या गरेको सुनेर उनी एक पटक चिन्तित भए।




",,,,GC 7/7/2019
t,चाड,"चाड, उत्सव, उत्सव",,चाडपर्वहरू विशेष दिनहरू हुन् जब मानिसहरूले आफ्नो विगतलाई सम्झन्छन् वा परमेश्वरलाई सम्मान गर्छन्। मानिसहरूले भोजको भागको रूपमा सँगै खाना खान सक्छन्। निस्तारपर्बको भोजसहित इस्राएलमा सातवटा वार्षिक भोजहरू हुन्छन्।,,,GC 08-Mar-2019,
n,फेस्तस,,,फेस्तसले ६२ मा फेलिक्सलाई यहूदियामा रोमी राज्यपालको रूपमा प्रतिस्थापन गरे। रोमी सम्राट कैसरद्वारा न्याय गर्न पावललाई रोम पठाएसम्म उनले पावललाई सिजेरियाको जेलमा छोडे।,,,,GC 7/7/2019
t,अञ्जीरको रुख,अञ्जीरको रुखहरु,fig (R); ,अन्जीर एक प्रकारको फलफुलको रूख हो। यसको फल धेरै मीठो हुन्छ।,,,,
t,मुर्ख,"मुर्खता, मुर्खहरु, मुर्खित","the one who doesn't really know things (G); 
","एक मूर्ख त्यो हो जसले गरिब/मूर्ख/खराब छनौट गर्दछ, अरूले उसलाई चेतावनी दिए पनि। परमेश्वर मूर्खहरूले पश्चात्ताप गर्न, बुद्धि सिक्न र उहाँको आज्ञा पालन गर्न चाहनुहुन्छ। हितोपदेशको पुस्तकले प्रायः मूर्ख मानिसहरू र बुद्धिमान मानिसहरूको भिन्नता देखाउँछ।", बुद्धि,,GC 19-Feb-2019,
t,क्षमा दिनु,"क्षमा दिएको, क्षमा दिनु, क्षमा",erase (R); put arm around their shoulders (S-I);,"क्षमा गर्नु भनेको पाप गर्ने वा आज्ञा नमान्नेहरूलाई सजाय नदिन रोज्नु हो। जब क्षमा गरिन्छ, गलत गर्नेहरूलाई उनीहरूले गरेको कामका लागि दोषी वा लाज लाग्दैन।","दोष,  लाज,  सफा गर्न, शद्धगर्नु",,,
t,आकार,"आकारदिएको, आकारहरु",,"केहि बनाउनको लागि (१) यसको आकार परिवर्तन गर्न केहि जस्तो देखिन्छ (उदारहण, माटो कुनै वस्तुको छवि जस्तो देखिनका लागि बनाउन सकिन्छ) वा (२) मानिसहरूलाई नयाँ समूहमा ल्याउनका लागि।","कुद्नु,
 बनाउनु,
",,GC 23-Feb-2019,
t,स्याल,स्यालहरु,fox (G); ,"स्याल एउटा जङ्गली जनावर हो जुन सानो कुकुर जस्तै सुन्दर फर, झाडी पुच्छर, धारदार दाँत र गैर-फिर्ता हुने पन्जा भएको छ। फक्सहरूले बिरालो जस्तै गोप्य रूपमा सिकार गर्छन् र मुसाहरू, मुसाहरू, सर्पहरू र खरगोशहरू जस्ता साना जनावरहरू खान्छन्। केही संस्कृतिहरूले सौन्दर्य, चालाक, बुद्धिमानी वा जटिल जस्ता विशेषताहरू वर्णन गर्न रूपक तरिकामा स्यालको प्रयोग गर्छन्। उदाहरणका लागि, यदि एउटी महिला सुन्दर छिन् भने उनलाई स्याल भन्न सकिन्छ। राजा हेरोदलाई फक्स भनिन्थ्यो, जसको अर्थ हेरोद मूर्ख वा खतरनाक रूपमा चालाक थिए।




",,,,
t,सुगन्धित धुप,,"sticky substance whose smoke smells good (R); 
 powder cooked/burned and its smoke smells good and it is called insens (K)","सुगन्धित धुप रूखको रसबाट बनेको राम्रो गन्धयुक्त पाउडर हो। जब यसलाई जलाइन्छ, यसले मीठो वास्ना बनाउँछ। यहुदीहरूले यसलाई टाढाबाट ल्याउनुपर्ने भएकाले यो महँगो थियो।




", धूप,good smelling powder made of sap of a tree (Hilkka),,
t,भट्टी,भट्टी,fire (W);,"भट्टी भनेको ठाउँ वा ठुलो बाकस हो जसमा कसैले काठ वा अर्को इन्धन जलाएर उच्च ताप उत्पादन गर्दछ, जस्तै भट्टीले इँटा वा भाँडाहरू निको पार्छ। (बेबिलोनवासीहरूले शवहरू दाहसंस्कार गरेर, भट्टीमा जलाएर फ्याँकिदिए।) (शिल्पकारहरूले चाँदी वा सुन जस्ता धातुहरू शुद्ध गर्न भट्टीहरू प्रयोग गर्थे।)",,,,
n,गेरासेनस,गेरासेनसवासिहरु,,गदरनी गालील ताल नजिकैको क्षेत्र थियो जहाँ सुँगुरको मासु खाने धेरै अन्यजातिहरू थिए।,,,GC 08-Mar-2019,
n,गालील,,,गालील इस्राएलको उत्तरी भागको एउटा क्षेत्र वा प्रान्त थियो जुन गालीलको सागर भनिने धेरै ठुलो तालको वरिपरि थियो। यसमा धेरै माछाहरू छन्।,,,,
n,गेजी,,,गेहजी एलीशा अगमवक्ताका सेवक थिए। उनले एक पटक एलीशाले कुष्ठरोगबाट निको पारेको सिरियाली अधिकारीबाट उपहार मागेर पाप गरे।,,,GC 07-Feb-19,
t,अन्यजाती,अन्यजातीहरु,"who is not a Jew (W); 
people who are not Jews (R); ","अन्यजातिहरू सबै समूह र व्यक्तिहरू हुन् जो न त इस्रराएली हुन् न त यहूदीहरू। येशूको समयमा, अधिकांश अन्यजातिहरूले झूटा देवताहरू र मूर्तिहरूको पूजा गर्थे। (येशू स्वर्गमा फर्कनु अघि, उहाँले आफ्ना प्रेरितहरूलाई सबै अन्यजातिहरू माझ आफ्ना लागि चेला बनाउन जान आदेश दिनुभयो।
Sometimes, the term gentile is used in a generic sense in the New Testament to refer to a category of people who do not believe or belong to God.","यहुदी,  हिब्रुहरु","can be translated also with their nationality, e.g. Kenan/Greek… (Hilkka)","I am not aware of a figurative use of the term Gentile in the NT.         RR:  Perhaps generic sense is better than figurative.  Gentile is used for the category of ""sinner"" or unbeliever (even though all ethnic Gentiles are not unbelievers), as Jew is sometimes used in a generic sense for the category of ""belonging to God"" or ""believer"" (even though all ethnic Jews do not believe) e.g. Rev 2:9; 3:9
GC: Good!",
n,गिबा,"गिबोन,गिबोनीहरु",,जब यहोशू र इस्राएलीहरूले भूमि जित्दै थिए गिबा कनानको एउटा मूर्तिपूजक सहर थियो। (गिबोनीहरूले यहोशूलाई उनीहरूसँग शान्ति सम्झौता गर्न धोका दिए।,,,Let the Bible tell the story.,07/07/2019
n,गिबा,"गिबोन,गिबोनीहरु",,"गिबोनीहरू गिबा सहरका कनानीहरू थिए जसले यहोशू र उनको सेनासँग मेलमिलाप गर्न कनान बाहिरबाट आएको नाटक गरे। इस्राएलका मानिसहरूले परमेश्वरलाई सोध्न बिर्सेका कारण, तिनीहरू गिबोनीहरूले धोका दिए र तिनीहरूसँग मेलमिलाप गरे, यद्यपि तिनीहरू वास्तवमै कनानी थिए।




",,,GC 07-Feb-19,
n,गिदोन,,,"गिदोन येशूभन्दा लगभग १२०० वर्ष पहिले बाँचेका थिए। उनी एकजना किसान थिए जसले ठुलो शत्रु सेनाको विरुद्धमा सानो सेनाको नेतृत्व गरेपस्राएलीहरूको नेता वा न्यायाधीश बने। (परमेश्वरले ठुलो सेनालाई डराए कि त्यो भाग्यो।)




",,,,
t,महिमा,"महिमित, महिमा गर्नु","light;
greatness;
praise (give glory to God);
strength and/or beauty (G);
allah (W); decoration/beauty (R);","महिमा भनेको (१) ठूलो शक्ति, (२) उज्यालो प्रकाश, (३) सौन्दर्य र (४) परमेश्वरको उपस्थिति हो।",,References to Allah/islam not helpful in PNG ,,
t,बाख्रा,बाख्रा,deer-like animal with long hair (G); ,"बाख्रा कोमल जनावर हुन् जसको मासु र दुध मानिसहरूले खान्छन्। बाख्रा प्रायः भेडाहरूसँग एउटै झुण्डमा बस्छन्। भेडाको पुच्छर तलतिर झुन्डिरहन्छ, जबकि बाख्राको पुच्छर माथितिर घुम्छ। वयस्क नर बाख्रा, जसलाई राम भनिन्छ, तिनीहरूको सिङ प्रयोग गरेर लड्छन्, र युद्धमा जाने राष्ट्रहरूका लागि प्रतीक हुन्।","भेडा, गोठालो",,GC 08-Mar-2019,
t,परमेश्वर,अनन्तका परमेश्वर,"eternal one;
Creator; 
the God who lives / has lived forever (G); God (R); Allah (W);","परमेश्वर एक महान, अनन्त आत्मा हुनुहुन्छ जसले सबै र सबै जीवित प्राणीहरू सृष्टि गरे।परमेश्वरले स्वर्ग र पृथ्वीमा शासन गर्नुहुन्छ। उनले सबैलाई आफ्ना देवताहरूलाई त्याग्न र उहाँको मात्र पूजा गर्न आदेश दिएका छन्। (उनीजस्ता महान् देवता अरू कोही छैनन्।) (यो एक महान परमेश्वर एक मानवको रूपमा संसारमा आए, येशू मसीह।","प्रभु, मुर्तिपुजा, देवताहरु",Arabic ref.,,
t,सुन,सुनौलो,,सुन र चाँदी चम्किलो धातु हुन् जसलाई धेरै देशहरूले पैसाको रूपमा प्रयोग गर्छन् र गहना बनाउन प्रयोग गर्छन्। करारको इस्राएली सन्दुक चम्किलो सुनले ढाकिएको थियो। सुन पृथ्वीबाट निकालिन्छ। यसलाई शुद्ध गर्नाका लागि यसलाई धेरै तातो आगोले तताउनु पर्छ जबसम्म यो पग्लिँदैन र फोहोरलाई यसबाट अलग गर्न सकिँदैन।,"चाँदि, ",,GC 07-Feb-19,
n,गमोरा,,,गमोराह सदोम नजिकैको एउटा सहर थियो जहाँ अब्राहामका भतिजा लोतले बस्न रोज्नुभयो।  जनसङ्ख्या यति दुष्ट थियो कि परमेश्वरले यसलाई आकाशबाट खसेको आगोले नष्ट गरे (येशू बाँच्नु भन्दा लगभग २०००वर्ष पहिले),,,,
t,असल,,"good (G);
","मानिसहरूले ""राम्रो"" कुनै पनि कुरा र उनीहरूले मूल्याङ्कन गर्ने जो कोहीलाई सही, साँचो, इमानदार, दयालु वा उपयोगी भन्छन्। ""न्यायपूर्ण"" वा ""सही"" हुनुको अर्थ परमेश्वरसँग राम्रो स्थिति हुनु वा उनका नियमहरू पालना गर्नु हो।","सही, न्याय",,GC 08-Mar-2019,
t,सुसमाचार,असल खबर,"Good Report (W);
beautiful speech (G);good telling (R); 
 good talk (K);","सुसमाचारको अर्थ शुभ समाचार हो। यो सन्देश हो (येशूका प्रेरितहरूबाट) कि परमेश्वरले पापहरू क्षमा गर्नुहुन्छ र पश्चात्ताप गर्ने र येशूमा विश्वास राख्ने सबैलाई अनन्त जीवन दिनुहुन्छ, जो क्रूसमा मरे, गाडिए, तीन दिन पछि उठे, र धेरै प्रत्यक्षदर्शीहरूलाई देखा पर्यो।",,,,
t,राज्यपाल,,"ruling person (of a region);
chief (of the people in a country) (G);big leader from the government (R); kilifa (W from Arabic)",गभर्नरहरू ती अधिकारीहरू हुन् जसले कुनै क्षेत्र वा राष्ट्रको भागमा शासन गर्छन्। केवल राजासँग बढी शक्ति हुन्छ।,"राजा, अगुवा
",arabic ref.,,
t,अनुग्रह,अनुग्रही,"forgive; make good;
coming/falling onto (to help/aid/show mercy to someone);
and nobody pays for it (W);
pity and patience (for people) (G);love/pity (K); like (K)
","अनुग्रह भनेको परमेश्वरले हामी मानिसहरूप्रति राखेको प्रेम हो, जसद्वारा उहाँले हामीलाई क्षमा गर्नुहुन्छ, हामीलाई हानिबाट बचाउनुहुन्छ, हामीलाई राम्रो जीवन बिताउन मद्दत गर्दछ, हामीलाई उहाँको सेवा गर्ने शक्ति दिन्छ, र हामीलाई उहाँको अनन्त राज्यमा ल्याउनेछ।","क्षमा,कृप्पा, प्रेम","also, make good (Hilkka)",,
t,अङ्गुर,अङ्गुर,wine seeds (R); ,"अङ्गुर एक प्रकारको फल हो जुन बेलामा बढ्छ, रूखमा होइन। यसको जुस रक्सी बनाउन प्रयोग गरिन्छ। (यहुदीहरूले आफ्नो खेतमा धेरै बिरुवाहरू रोपे र खेती गर्थे ताकि उनीहरूले प्रशस्त फल दिन सकून्।)","दाखरुख,  दाखमध्य",reseng not helpful in PNG,,
n,ग्रिस,ग्रिक,,"ग्रीस युरोपको एउटा देश हो। एथेन्स र कोरिन्थ सहरहरू ग्रीसमा छन्। येशूको लगभग ३५० वर्ष पहिले, ग्रिसले इस्राएल र अन्य धेरै देशहरू जित्यो। ती अधिकांश देशहरूले ग्रिक भाषा बोल्न र पढ्न थाले। नयाँ नियमका पुस्तकहरू ग्रिक भाषामा लेखिएका छन्। ग्रिक विद्वानहरूको भाषा थियो, साधारण मानिसहरूको मातृभाषा होइन।",,"Greek was language of scholars, not ordinary people's mother tongue (Hilkka)",,
t,दोष ,दोषी,"the condition of having done something bad (G); 
that deseriving death (W);","दोष भनेको कसैले कानुन उल्लङ्घन गरेको वा उल्लङ्घन गरेको हो। दोषी व्यक्ति त्यस्तो व्यक्ति हो जसले कानुन तोडेको हुन्छ। सबै मानिसहरूले परमेश्वरका नियमहरू तोड्न थाल्दा परमेश्वरका सामु दोषी बन्छन्। सबै दोषीलाई सजाय हुनुपर्छ। अपराध बोधको परिणाम दण्ड हो। सामान्यतया, दोषी व्यक्तिले लाज महसुस गर्नेछ।","क्षमा, लाज, शद्ध गर्नु","this is an exception, very strong: that deserving death (W); (Hilkka)",GC 15-Feb-2019,
n,हागार,,,"हागार लगभग २००० वर्ष पहिले बाँचेका थिईन्। अब्राहामकी पत्नी साराको घरमा उनी दासी थिइन्।  जब साराले अहिलेसम्म बच्चा जन्माएकी थिइनन्, उनले अब्राहामलाई हागारसँग सुत्न आग्रह गरिन् र हागारले इश्माएल नामको बच्चा जन्माएकी थिइन्।  (तर इश्माएल त्यो बालक थिएन जसलाई परमेश्वरले सारा र अब्राहामलाई दिने प्रतिज्ञा गर्नुभएको थियो।  बाह्र वर्षपछि, साराले अब्राहामसित एउटा छोरालाई जन्म दिइन्, जसले उनको नाम इसहाक राखे।  इसहाक पुत्र हुन् जसलाई परमेश्वरले प्रतिज्ञा गर्नुभएको थियो।",,,,
t,असिना,,ice stones; frozen rain stones,असिनामा जमेको पानी (बरफ) को टुक्रा हुन्छ जुन वर्षा जस्तै आकाशबाट खस्छ; कडा जमेको वर्षा।,,,,
n,हामान,,,"हामान मूर्तिपूजक राजा अगागका वंशज थिए जसले इस्राएललाई घृणा गर्थे। जब फारसी राजा जेर्क्ससले उनलाई आधिकारिक बनाए, हामानले मोर्दकै र फारसी साम्राज्यका सबै यहूदीहरूलाई मार्न थाले।",,,GC 08-Mar-2019,
n,हन्ना,,,"हन्ना एल्कानाकी सह-पत्नी थिइन्। उनले शीलोमा प्रभुलाई प्रार्थना नगरेसम्म उनको कुनै सन्तान भएन। उनले शमूएल नामको छोरा जन्माएकी थिइन् जो इस्राएलका लागि अगमवक्ता बनेकी थिइन्। (हन्ना नामको अर्थ ""अनुग्रह"" हो।)",,,,GC 7/7/2019
n,हानुन,,,एक अम्मोनी राजा जसले दाऊदका राजदूतहरूलाई लज्जित गरे।,,,,
n,हारान,,,हारान नामका धेरै मानिसहरू र एउटा सहर थियो। हारान अब्राहामका भाइ र लोतका पिता थिए। हारान भनिने सहरमा अब्रामका बुबाको मृत्यु भएको थियो।,,,GC 07-Feb-19,
t,स्वर्ग,"स्वर्गहरु, आकाश","the Above;
sky;
way up high (G); heaven (R); "," स्वर्गको अर्थ जमिन वा पृथ्वी माथिको सबै कुरा हो, जसमा हावा, बादल, आकाश, परमेश्वरको अदृश्य सहर र त्यहाँ बस्ने सबै प्राणीहरू समावेश छन्।", पृथ्वी,try to separate heaven and sky; asaman not helpful in PNG,,
n,हिब्रू,"हिब्रू, यहुदी, यहुदीहरु, यहुदी, इस्राएली","Jew-people; Jew-talk;
","हिब्रूको अर्थ अब्राहामका सन्तानहरू (बाह्र जनजातिहरू) र तिनीहरूको भाषा हो, जसलाई परमेश्वरले आफ्नो विशेष राष्ट्रका रूपमा चुन्नुभयो। हिब्रूहरूलाई पछि इस्राएलीहरू भनिन्थ्यो (परमेश्वरले याकूबको नाम इस्राएलमा परिवर्तन गरेपछि) र अझै पनि पछि यहूदीहरू (किनभने धेरै इस्राएलीहरू यहूदा/यहूदामा बस्थे)","अन्यजाती,  इस्राएली, यहुदी",,,
n,हेब्रोन,,,हेब्रोन नामका दुईवटा सहरहरू थिए। अब्राहाम र याकूबले कनानको हेब्रोन नजिकै परमेश्वरको उपासना गरे। राजा दाऊद प्रायः यहूदाको हेब्रोन जाने गर्थे।,,,GC 19-Feb-2019,
t,बथान,बथानहरु,,"नावरहरूको समूह हो, विशेष गरी घरपालुवा (गैर जङ्गली) खुर भएका जनावरहरू जसलाई मानिसहरू (गोठालाहरू) सँगै राख्छन् र आफ्नो भरणपोषणका लागि गाईवस्तुहरूको रूपमा हेरचाह गर्छन्।", गोठालओ;  पशुहरु,,,
n,हर्मेस,,,"हर्मेस, जसलाई बुध पनि भनिन्छ, एक ग्रीक र रोमन देवता थिए, मूर्तिपूजकहरूले विश्वास गरे, अन्य देवताहरूको लागि सन्देशवाहकको रूपमा सेवा गरे।",,,,
n,हेरोद,,, हेरोद राजाहरूको पारिवारिक नाम हो जसलाई रोमीहरूले इस्राएलका केही भागहरूमा शक्ति दिए। ती मध्ये चार राजा थिए (१) यहूदियामा हेरोद द ग्रेट (येशू बच्चा हुँदा राजा) (२) गालीलमा हेरोद एन्टिपास (जसले येशूले प्रचार गरिरहेका बेला शासन गरे) ३) हेरोद अग्रिप्पा यहूदियामा पहिलो (जसले येशूको पुनरुत्थान पछि शासन गरे र प्रारम्भिक इसाईहरूलाई सताए) र (४) हेरोद अग्रिप्पा यहूदियामा दोस्रो (जसले पावलको जाँच भइरहेको बेला शासन गरे),,,,
t,महापुजारी,मुख्य पुजारी,leader of the giving to God ones (R); head man of priests (U),महापुजारी (प्रमुख)  सबै पुजारीहरूको नेता थिए। प्रधान पुजारीलाई मात्र बासस्थान वा मन्दिरको सबैभन्दा पवित्र स्थानमा जान अनुमति दिइएको थियो जहाँ उनले आफ्ना पापहरू र मानिसहरूले गरेका पापहरूका लागि परमेश्वरलाई बलिदान गर्ने गर्थे।,पुजारी,other language: head man of priests (Urt),,
t,पवित्र,"पवित्रा, पवित्रहरु, अतिपवित्रt, ","unique;
set apart / special / sacred; 
pure or having no sin/guilt/moral fault;
belonging to God (associated with God);
staying away from bad things/deeds (G);
Pure (W); belonging to God (R); clean (R); straight (k);","पवित्राको अर्थ (१) शुद्ध, सफा, (२) क्षमा गरिएको; (३) अद्वितीय, अरू भन्दा फरक; अलग सेट; समर्पित वा परमेश्वरको हो, र (४) परमेश्वरप्रति वफादार। येशूलाई पवित्र भनिन्छ, र परमेश्वरलाई नै पवित्र आत्मा भनिन्छ। (बाइबलले इसाईहरूलाई सन्तहरू भन्छ, जसको अर्थ पवित्र मानिसहरू हो।)","पवित्र आत्मा, पाप, पापपुर्ण ,  सन्त",,,
t,पवित्र आत्मा,"परमेश्वरको आत्माt, येशूको आत्मा, येशूको आत्मा, परमेश्वरको पवित्र आत्मा","God's Spirit;
God's breath;
the Attractive/Good Spirit (G);
Spirit of Jesus;
The Pure Breath (W); Straight Spirit (R); bright/perfect breath/wind (U)","किनकि परमेश्वर पवित्र हुनुहुन्छ, र परमेश्वर आत्मा हुनुहुन्छ, बाइबलले परमेश्वरलाई पवित्र आत्मा भन्छ। जसरी येशू हामीसँग दृश्य रूपमा परमेश्वर हुनुहुन्थ्यो, त्यसै गरी पवित्र आत्मा अदृश्य रूपमा हामीसँग परमेश्वर हुनुहुन्छ। (येशूले प्रतिज्ञा गर्नुभयो कि पवित्र आत्मा तिनीहरुमा आउनुहुनेछ जसले येशूमा विश्वास गर्दछन्।






",आत्मा,other language: bright/perfect breath/wind (urt),,
t,आदर,"आदरनीय, आदर गरिएको","honor / speak well of (G); 
stay under authority / have first place / lift up/praise name of / make happy (U)t","कसैलाई आदर गर्नु भनेको व्यक्ति कति महान वा असल छ भनेर बताउनु हो, वा व्यक्तिको उमेर, बुद्धि वा अधिकारप्रति सम्मान देखाउनु हो।"," आराधना, प्रशंसा, धन्याबाद","other language: stay under authority (urt), have first place (urt), lift up/praise name of (urt), make happy (urt)",GC 23-Feb-2019,
t,घोडा,घोडाहरु,,"घोडा ठुला, बलियो, छिटो दौडने जनावर हुन् जसमा मानिसहरूले सवारी गर्न सक्छन्। तिनीहरूलाई गाडी र रथहरू तान्ने वा भार बोक्ने बनाउन सकिन्छ। घोडाहरू धेरै आकारमा आउँछन्, तर तिनीहरू सामान्यतया उँटभन्दा छोटो र गधाहरूभन्दा ठुला हुन्छन्।",,,GC 15-Feb-2019,
t,होसन्ना,,osaana (R); praise / be happy with (U);," ""होसन्ना"" एउटा अभिवादन हो जुन यहुदीहरूले आफ्ना राजालाई सम्मान गर्न चिच्याउँथे। यसको अर्थ ""परमेश्वरले उसलाई बचाऊनुहुन्छ!"" ""।",,"praise (urt), be happy with (urt)",,
t,हिसप,,(little) tree called isop (K); ,"हिसप एक प्रकारको बिरुवा हो। इस्राएलका पूजाहारीहरूले बलिदानबाट रगतमा हिसोपको पात डुबाउने गर्थे, त्यसपछि परमेश्वरको दृष्टिमा पवित्र बनाउन मानिसहरू वा रगतले चीजहरू छर्कने गर्थे।",,"Hyssop is a shrub, not a tree.",,
t,मुर्ति पुजा,"मुर्तिहरु, प्रभुहु","(carved/man-made) image worshipped by people;
image;
false god (G, K);
carving (W, R)","मूर्तिहरू ती वस्तुहरू हुन् जसलाई मानिसहरूले परमेश्वरलाई भन्दा बढी चाहन्छन्। मूर्ति भनेको सिर्जना गरिएको, देखिने छवि हो जुन सामान्यतया नदेखेको कुराको प्रतिनिधित्व गर्न बनाइएको हो। केही मानिसहरूले काठ वा ढुङ्गाबाट मूर्तिहरू कोरिन्छन्। मानिसहरूले विश्वास गर्छन् कि परमेश्वर वा आत्मा आउँछन् र मूर्तिमा बस्छन्, त्यसैले उनीहरूले मूर्तिलाई प्रार्थना गर्छन्, कि परमेश्वरले उनीहरूको कुरा सुन्नुहुनेछ।"," परमेश्वर,",,"False only in the sense that they are not Yahweh, the incomparable Creator. The spirits of gods do exist and pagans do pray to them.",
t,धूप,,"sticky substance whose smoke smells good (R); 
 powder cooked/burned and its smoke smells good and it is called insens (K)",धूप भनेको रूखको रस वा भाग हो जुन जलाउँदा मीठो गन्ध लाग्छ। धेरै धर्महरूले आफ्ना देवताहरूलाई धूप जलाउँछन् आराधनाको निम्ति।, सुगन्धित धूप,,,
t,फलाम,,,"फलाम एउटा बलियो धातु हो जुन औजार, हतियार, युद्धगाडी वा रथ (घोडाले तान्ने) र चेन बनाउन उपयोगी हुन्छ।",,,,GC 7/7/2019
n,इसहाक,,,"इसहाक येशूभन्दा लगभग १९०० वर्ष पहिले बाँचेका थिए। इसाक त्यो छोरा थिए जसलाई परमेश्वरले अब्राहामलाई आफ्नी पत्नी साराले जन्माउने प्रतिज्ञा गर्नुभएको थियो। इससक पनि छोरा हुन् जसलाई अब्राहामले प्रभु परमेश्वरलाई बलिदान गर्न चढाए। (जब साराले बुढो भइसकेर पनि छोरा जन्माउने परमेश्वरको प्रतिज्ञा सुने, उनी हाँसे। इससकको अर्थ हाँसो हो।)",,,The spirit of Antichrist has promulgathed a false docrine that Abraham offered his bastard son Ishmael.,
n,यशैयाह,,,"यशैया येशूभन्दा लगभग ८०० वर्ष पहिले बाँचेका थिए। उनले प्रायः यहूदाका राजाहरूसँग कुरा गरे, र यशैयाको पुस्तक लेखे, मसीहको बारेमा धेरै भविष्यवाणी गरे। येशूले भने कि यशैयाले उनको बारेमा लेखेका थिए।",,,,
t,इस्राएल,"इस्राएली, इस्राएलीरु",,"इस्राएलीहरू याकूबबाट आएका हुन् जसको नाम इजरायल भयो। इस्राएलीहरू इस्राएल भनिने देशका सदस्य थिए। (जातिहरूले कनानमाथि आक्रमण गरेपछि, उनीहरूले आफ्नो राष्ट्रको नाम इस्राएल राखे।) देश दुई भागमा विभाजित भएपछि, उत्तरका मानिसहरूलाई इस्राएलीहरू र दक्षिणका मानिसहरूलाई यहूदी भनिन्थ्यो।




"," हिब्रु,  यहुदि",,GC 23-Feb-2019,
n,याबीन,,,"याबन एक कनानी राजा थिए जसको सेनाले इस्राएलीहरूलाई उत्पीडन गऱ्यो। तिनीहरूले परमप्रभुलाई प्रार्थना गरेपछि, इस्राएलीहरूले याबीनको सेनालाई हराए र उनलाई मारे।",,,GC 07-Feb-19,
n,याकूब,,,"याकूब येशूभन्दा लगभग १८५० वर्ष पहिले बाँचेका थिए। उनी इसाकका छोरा र अब्राहामका नाति थिए। याकूबले परमेश्वरका एकजना स्वर्गदूतसँग मल्लयुद्ध गरे, तब स्वर्गदूतले उनको नयाँ नाम इस्राएल राखे। इस्राएलका बाह्र छोराहरू इस्राएलका बाह्र कुलका पुर्खाहरू बने। (यसैले, इस्राएलीहरूलाई कहिलेकाहीँ याकूबको घर भनिन्छ।)",l इस्राएल,,,
n,यायल,,,"याएल एक केनाइट महिला थिइन् जसको कुल इस्राएलमा बस्थ्यो तर कनानीहरूसँग शान्ति थियो। जब सीसरा इस्राएली सेनाबाट भागे उनले याएलको तम्बूमा शरण लिए, जहाँ उनले सुतिरहेको बेला उनलाई मारे। (याएल नामको अर्थ ""प्रभु परमेश्वर हुन्"")।




",,,"Yah is often assumed to be a short form of Yahweh, even though other nations myths mention a deity called Yah or Yeh.",GC 7/7/2019
t,जेल,"जेलहरु, कैद, prisons, imprisoned, jailed","place where one is emprisoned (G);
","जेल वा कैदी एउटा सानो घर वा कोठा हो जसमा सरकारहरूले अपराधीहरू वा अपराधका अभियुक्तहरूलाई बन्द गरिदिन्छन्। योसोफलाई मिश्रको जेलमा, पत्रुसलाई यरूशलेमको जेलमा र पावललाई रोमको जेलमा राखिएको थियो। जेलमा बन्द व्यक्तिलाई कैदी भनिन्छ। जेल वा जेलमाथि अधिकार भएको व्यक्तिलाई जेलर भनिन्छ।", साँग्लो,,GC 19-Feb-2019,
n,याकुब,,,याकूब नामका धेरै मानिसहरू थिए। दुईजना प्रेषित थिए। अर्को येशूका भाइ याकूब थिए जो पछि इसाई र यरूशलेमका मण्डलीहरूमा अगुवा बने। (याकूबको हिब्रू रूप याकूब हो जसको अर्थ सर्पप्लान्टर हो।),,,GC 08-Mar-2019,
t ,ईर्ष्या,ईर्ष्यालु,,"ईर्ष्याको अर्थ हुन सक्छ (१) अरू कसैले सफल हुँदा वा आफूले चाहेको कुरा पाउँदा नराम्रो वा रिसाउनु, (२) अरूलाई ईर्ष्या गर्नु, वा (३) उनीहरूसँग जे छ त्यसको चाहना गर्नु। ईर्ष्याले तपाईँलाई पापतिर लैजान सक्छ। आफ्ना मानिसहरूले अन्य देवताहरूको पूजा गर्दा परमेश्वरले ईर्ष्या महसुस गर्नुहुन्छ।",,,The slant (/) has no meaning.,
n,यहोयाकीन,"यहोयाकीन, कोनियाह",,"यहोयाकिन, जसलाई कोनियाह र यहोयाकीन पनि भनिन्छ, यहूदा (दक्षिणी इस्राएल) का राजा थिए जब बेबिलोनको सेनाले ख्रीष्टभन्दा ५९८ वर्ष अघि यरूशलेम सहरमा आक्रमण गरी कब्जा गरेको थियो।",,,,GC 7/7/2019
n,यहोयादा,,,राजा योआशको शासनकाल अघि र समयमा यहोयादा यरूशलेमको मन्दिरमा प्रधान पुजारी थिए। उनकी श्रीमतीले दुष्ट रानी अथल्याहद्वारा मारिएको बच्चा योआशलाई उद्धार गरिन्।,,,,GC 7/7/2019
n,यिप्ता,,,"यिप्ता न्यायकर्ताहरूको समयमा येशूभन्दा लगभग १७०० वर्ष अघि बाँचेका थिए। उनी इस्राएली सेनाको नेता बने, जसले यसलाई विजयमा पुर्यायो।",,,,
n,यर्मिया,,,"यर्मिया येशूभन्दा लगभग ६०० वर्ष पहिले, बेबिलोनले इस्राएललाई नष्ट गरेको समयभन्दा अघि र समयमा बाँचेका थिए। उनी परमेश्वरका एकजना अगमवक्ता थिए जसले बाबलोनका मानिसहरूलाई यरूशलेम कब्जा गर्न र ७० वर्षसम्म बन्दी बनाउन आउने चेतावनी दिँदै इस्राएलका मानिसहरूलाई उनीहरूको अवज्ञाबाट पश्चात्ताप गर्न बोलाए।",,,,
n,यरिहो,,,"यरीहो कनानको एउटा बलियो, पर्खालले घेरिएको सहरको नाम थियो। यहीँ राहाब बस्थिन्। यरीहो पहिलो सहर थियो जसलाई यहोशू र इस्राएलीहरूले परमेश्वरको चमत्कारिक सहायताले पराजित गरे। परमेश्वरले यरीहोका पर्खालहरू खसालिदिए।




",,,Good as is.,
n,यरुबाम,,,"राजा सोलोमनको मृत्युपछि उनको राज्य दुई भागमा विभाजित भयो। यारोबाम उत्तरी भागमा राजा भए, जसलाई तिनीहरूले इस्राएल भने। यारोबामले इस्राएलका मानिसहरूलाई यरूशलेम जानबाट रोक्न र गोरुजस्तै देखिने मूर्तिहरूलाई पुजेर प्रभुको उपासना गर्न भने, र उनले आफूलाई पुजारी बनाए। यी कार्यहरूले परमप्रभुलाई अप्रसन्न बनायो। यारोबाम एक दुष्ट राजा थिए।",,,GC 19-Feb-2019,
n,यरुशलेम,,," राजा दाऊदले यरूशलेम कब्जा गरेपछि, यो इस्राएलको राजधानी बन्यो। (यरुशलेम नामको अर्थ शान्तिको सहर हो।) राजा सोलोमनले यरूशलेममा परमेश्वरको मन्दिर बनाए। १००० वर्षसम्म, यरुशलेम सहर यहुदीहरूका लागि आराधनाको केन्द् स्थान रह्यो। यरूशलेमको अर्को नाम सियोन पर्वत हो, किनकि यो पहाडमा अवस्थित छ। यरूशलेम धेरै पटक ध्वस्त र पुनर्निर्माण गरिएको छ।", सियोन,, ,
n,यिशै,,,"यिशै राजा दाऊदका पिता थिए, जो येशू ख्रीष्टका पूर्वज थिए। पुरानो नियममा, अगमवक्ता यशैयाले लेखेका थिए कि मसीह वा ख्रीष्ट यिशै र दाऊदका वंशज हुनुहुनेछ।",,,,
n,येशू,,"यीसू रोमी लिपिमा, ईशा अरबिक लिपिमा (W);","(एक स्वर्गदूतले मरियम र योसेफलाई उनको छोराको नाम राख्न भने) येशू, जसको अर्थ ""परमेश्वरले बचाउनुहुन्छ"" किनभने उहाँले मानिसहरूलाई तिनीहरूको पापहरूबाट बचाउनेछन्। येशू प्रतिज्ञाबद्ध मसीह वा ख्रीष्ट हुनुहुन्छ। उहाँ मानव शरीरमा आएका परमेश्वर हुनुहुन्छ, एक मात्र मुक्तिदाता। (उहाँले पृथ्वीमा चमत्कार काम, उहाँले हाम्रो पाप कारण मृत्यु, उहाँले तीन दिन पछि पुर्नरुत्थान हुनुभयो, र उहाँले जहाँ देखि स्वर्गमा जानुभएको छ एक दिन उहाँले जीवित र मृत न्याय गर्न फर्कनुहुननेछ र राज्य शासन जारी जो उहाँले अझै पनि निर्माण प्रक्रियामा छ) येशूलाई दिइएको केही अन्य उपाधिहरू हुन्ः येशू ख्रीष्ट, मसीह, परमेश्वरको पुत्र, मानिसको पुत्र, दाऊदको पुत्र हुनुहुन्छ।",,Arabic ref.,,
n,यित्रो,रुएल,,"यिथ्रो मिद्यानका पुजारीको उपाधि थियो। उनको व्यक्तिगत नाम रेउएल (पूर्व। (४.१८) मोशाले लगभग १४०० ईसा पूर्वमा जेथ्रोकी एउटी छोरीसँग विवाह गरे। (रुएल नामको अर्थ ""परमेश्वरको मित्र"" हो।)",,,,GC 7/7/2019
n,यहुदी,"यहुदीहरु, यहुदी, हिब्रुहरु",people (a tribe) called Jews; sons of Israel (W);,"यहुदीहरू अब्राहाम र याकूबका सन्तान थिए, जसलाई इस्राएल पनि भनिन्छ। तिनीहरू यहूदा भनिने भूमिमा बस्थे, यसैले यहूदीहरूको उपाधि दिइयो। यहुदीहरूलाई ""परमेश्वरका मानिसहरू"" भनेर चिनिन्थ्यो किनभने परमेश्वरले तिनीहरूलाई त्यो राष्ट्रका रूपमा चुन्नुभयो जसको माध्यमबाट उनले आफूलाई चिन्नुहुनेछ र जसको माध्यमबाट मसीहको जन्म हुनेछ। परमेश्वरले इस्राएललाई चुन्नुभयो, यहूदीहरू, सबै राष्ट्रहरूका लागि ज्योति हुन, सारा संसारमा परमेश्वरलाई देखाउन। जातीय यहुदीहरूले त्यसो गरेनन्। त्यसैले संसारका सबै राष्ट्रहरूमा ज्योति र जीवन ल्याउने आफ्नो उद्देश्य पूरा गर्न परमेश्वरले यहूदीका रूपमा जन्मेका येशूलाई पठाउनुभयो। येशूले सिकाउनुभयो कि ""साँचो"" यहूदी अब्राहामको जातीय वंशज होइन, बरु कुनै पनि व्यक्ति (तिनीहरूको जैविक जातीयता जस्तोसुकै भए पनि) जसले अब्राहामले जस्तै परमेश्वरलाई विश्वास र आज्ञा पालन गर्दछ।  ","अन्या जाती,  इस्राएली","I would leave this out from notes: Sometimes the term ""Jew"" is used figuratively/generically in the New Testament to refer to believers, Christians, people who truly belong to God. (Hilkka)",,
t,गहना,"गहनाहरू, रत्न, रत्नहरु, रत्न ढुङ्गा, रत्न ढुङ्गाहरु",stone (R); beads (R); stones you pay big money (U);,"गहनाहरू विभिन्न रङका सुन्दर ढुङ्गाहरू हुन्, जसमा धेरै पैसा खर्च हुन्छ। इस्राएलका प्रधान पुजारीले आफ्नो छातीको पातामा गहना लगाउँथे (इस्राएलका १२ जातिहरूको प्रतीकको रूपमा) नयाँ यरूशलेमलाई प्रकाशको पुस्तकमा गहनाबाट बनेका पर्खालहरू भएको रूपमा वर्णन गरिएको छ।",,other language: stones you pay big money,,
t,यहुदी,"धार्मिक अगुवाहरू, धार्मिक अगुवाहरू, यहुदी धार्मिक अगुवाहरू","leaders of Jews who believe in God (G); 
","यहुदी धार्मिक अगुवाहरूमा पूजाहारीहरू, रब्बीहरू, शास्त्रीहरू र शिक्षकहरू थिए जसले अरूलाई परमेश्वरका नियमहरू बुझ्न र पालन गर्न मद्दत गर्ने अपेक्षा गरिएको थियो। यस्ता धेरै नेताहरूले येशूलाई विश्वास गरेनन् र इसाई बनेका यहुदीहरूलाई हानि पुऱ्याउने प्रयास गरे।"," फरिसी,  सदुकी",,GC 15-Feb-2019,
n,योआब,,,योआब धेरै वर्षसम्म दाऊदको सेनाका वफादार सेनापति थिए।,,,GC 07-Feb-19,
n,योआश,योआश,,"योआश लगभग ८०० वर्ष पहिले यहूदा (दक्षिणी इस्राएल) का राजा थिए। जवान हुँदा उनले प्रभुको सेवा गरे, तर बुढेसकालमा उनले खराब काम गरे र मारिए।",,,GC 07-Feb-19,
n,अय्यब,,,"अय्यूब एक प्रसिद्ध, धनी, ईश्वरीय, असल मानिस थिए जो लामो समयसम्म बाँचेका थिए। शत्रुहरूले उनको सबै सम्पत्ति चोरेपछि र शैतानले उनका सन्तानहरूलाई मारेपछि, उनी धेरै बिरामी भए। उनका साथीहरूले उनलाई गोप्य पापको आरोप लगाए, तर अय्यूबलाई उनी असल मानिस हुन् भनेर थाहा थियो, त्यसैले उनी किन दुःख भोगिरहेका थिए भनेर परमेश्वरलाई सोध्न चाहन्थे। उनी नम्र भएपछि, भगवानले उनको स्वास्थ्य र उनको सम्पत्ति पुनर्स्थापित गरे, र उनका थप सन्तानहरू भए।",,,GC 19-Feb-2019,
n,युहून्ना,,Yowanna (W),"यूहन्ना नामको अर्थ ""परमेश्वरको अनुग्रह"" हो। बाइबलमा यूहन्ना नामक पुरुषहरू समावेश छन् (१) बप्तिस्मा दिने जसले मानिसहरूलाई परमेश्वरमा फर्कन चेतावनी दिए, (२) येशूको एक प्रेषित जो येशूको धेरै नजिकको तिन मध्ये एक थियो र जसले सुसमाचार लेखे, धेरै पत्रहरू र लगभग निश्चित रूपमा रूजवेल्टियन, (३) बर्नबासको चचेरा भाई जोन मार्क भनिने सुसमाचार लेखे, (४) पत्रुसका बुबा, (५) एक प्रधान पुजारीको आफन्त।",,Arabic ref.,Some believe that (2) and (6) be the same man.," Several people named John are mentioned in the New Testament. The two most important are John the Baptizer and John the Apostle: (1) John the Baptizer was the prophet who prepared the way for Jesus. He was a prophet in the tradition of Elijah, and like Elijah he warned the people to repent and come back to God. See Matthew 3:1–15; 11:2–19; 14:1–12; 17:13; 21:24–32; Mark 1:4–11; 6:14–29; 11:29–33; Luke 1:13–17, 57–63, 76–80; 3:2–20; 7:18–33; 11:1; John 1:6–8, 15, 19–36; 3:22–30. (2) John the Apostle was the son of Zebedee and brother of James. He was one of the twelve apostles of Jesus. He wrote the Gospel of John and the Letters of John, and almost certainly the Book of Revelation. See Matthew 4:21–22; 10:2; 17:1–13; Mark 1:29; 3:17; 5:37; 9:1–13, 38; 10:35–41; 13:3; Luke 8:51; 9:28–36, 49, 54; 22:8; Acts 3:1–11; 4:13, 19–20; 8:14–17; Galatians 2:9; Revelation 1:1, 4, 9; 22:2, 8. (3) John Mark, the cousin of Barnabas and co-worker of Paul, wrote the Gospel of Mark (Acts 12:12; 13:4–13; 15:37–39; Colossians 4:10; 2 Timothy 4:11; Philemon 24; 1 Peter 5:13). (4) John was the name of the father of Simon Peter (Matthew 16:17; John 1:42; 21:15–17). (5) Also there was a member of the family of the High Priest Annas named John (Acts 4:6)."
n,योना,,,"योना येशूभन्दा लगभग ८०० वर्ष पहिले बाँचेका थिए। उनको नामको अर्थ डभ, एक प्रकारको चरा हो। उनी परमेश्वरका अगमवक्ता थिए जसले (अनिच्छापूर्वक) निनिवाको दुष्ट सहरलाई पश्चात्ताप गर्न बोलाए। (येशूले एक पटक भने कि उनी आफै आफ्नो मृत्युको तीन दिन पछि जीवनमा फर्कनेछन्, किनकि जोनाह तिन दिन पछि ठुलो माछामा थिए जसले उनलाई पछ्याएको थियो। परमेश्वरले योनाको जीवनलाईयोनाका शब्दहरू जत्तिकै सन्देशको रूपमा प्रयोग गरे।",,,,
n,योनाथन,,,"योनाथन राजा शाऊलका छोरा थिए। उनी र दाऊद धेरै असल साथी बने। जब शाऊल र योनाथन युद्धमा मरे, दाऊद तिनीहरूको ठाउँमा राजा भए। (योनाथन नामको अर्थ प्रभुबाट उपहार हो।",,,,
n,योप्पा,,," योप्पा यरूशलेमको पश्चिममा समुद्री तटमा रहेको एउटा सहर थियो, जहाँ जहाज र डुङ्गाहरू आउने र जाने गर्थे।",,,GC 19-Feb-2019,
n,यर्दन,यर्दन नदि,,"यर्दन इस्राएलको भूमिमा उत्तरबाट दक्षिणमा बग्ने लामो नदीको नाम हो। यर्दनको पश्चिमतिर राम्रो खेतीयोग्य जमिन छ, जबकि यर्दनको पूर्वतिर उजाडस्थान छ।",,,,
n,योसेप,,,"योसेफ नाम भएका पुरुषहरूमा (१) याकूबको एघारौँ छोरा, (२) मरियमको पति, (३) येशूका भाइहरू मध्ये एक, (४) येशूको शरीर गाडेको धनी यहुदी नेता र अन्य समावेश छन्।
याकूबका छोरा योसेफलाई येशूभन्दा लगभग १८०० वर्ष पहिले मिश्रमा दासका रूपमा बेचिएको थियो (र मिश्रमा एक महत्त्वपूर्ण अधिकारी बने जहाँ उनले याकूबको परिवारलाई ४०० वर्ष बस्न ल्याए) (योसेफ नामको अर्थ उसले थप्नेछ।)




",,,,
n,यहोशू,,,"यहोशू येशूभन्दा लगभग १४०० वर्ष पहिले बाँचेका थिए। उनको नामको अर्थ ""परमेश्वरले बचाउँनुहुन्छ"" हो। मोशाले कनानमा पठाएका १२ जना जासुसहरूमध्ये उनी एक थिए। मोशाको मृत्यु भएपछि यहोशू इस्राएलका अगुवा बने, जबसम्म तिनीहरूले कनानलाई जिते। (उनले भने, ""जहाँसम्म म र मेरो परिवारको कुरा छ, हामी परमेश्वरको अनुसरण गर्नेछौँ।"")
(यहोशू नामको अर्थ परमप्रभुले मुक्ति दिनुहुन्छ। येशू नाम यहोशू नामको एक रूप हो।)",,,GC 07-Feb-19,
n,यहुदा,,,"यहूदा याकूबका बाह्र छोराहरू मध्ये एक थिए। उनकी आमा लेह थिइन्। उनी यहूदाका इस्राएली कुलका पूर्वज बने।
राजा सोलोमनको मृत्युपछि, उत्तरी जातिहरूलाई अझै पनि इस्राएल भनिन्थ्यो, जबकि दुई दक्षिणी जातिहरूलाई हिब्रूमा जुडाह र ल्याटिनमा यहुदिया भनिन्थ्यो। (यहूदा नामको अर्थ प्रशंसा हो।)",यहुदीया,,"GC 08-Mar-2019

RR: should a note be made here about Judah also being a country split off from Israel?",
n,यहुदिया,,,यहूदिया प्रान्त वा क्षेत्रको नाम हो जहाँ यहूदाका जनजातिहरू बस्थे।,यहुदा,Judea is name of province/area where tribe of Judah lived. (Hilkka),,
t,न्यायकर्ता,न्यायकर्ता,"leader of the Jews in Kanaan land (G); 
man (who) descides (solution for) disputes/talk (U);","पुरातन समयमा, इस्राएलमा राजा हुनुभन्दा पहिले, न्यायाधीशहरूले जातिहरूमाथि शासन गर्थे। यी न्यायाधीशहरू वा नेताहरूलाई विवाद र तर्कहरू सुल्झाउने अधिकार थियो, र युद्धमा सिपाहीहरूको नेतृत्व गर्ने अधिकार पनि थियो।
न्याय गर्नु भनेको निर्णय गर्नु हो।
आधुनिक समयमा न्यायाधीश सामान्यतया अदालतमा अन्तिम निर्णय गर्ने वा घोषणा गर्ने व्यक्ति हो।




","राजा, अगमवक्ता",other language: man (who) decides (solution for) disputes/talk (urt),GC 07-Feb-19,
t,न्यान,"न्यान,न्यायीक, स्वच्छ, न्यायी","one is held to be good in (God's) presence (G);
Set someone right (W); call them straight ones (R); call them straight in his eyes (R);
tell correctly people's works (G);
","न्याय भनेको कानुन वा मापदण्डको पालना गर्नु हो। न्यायपूर्ण व्यक्तिले कानुनको पालना गर्छ। न्यायपूर्ण न्यायाधीशले कानुनले के भन्छ भनेर मुद्दाहरूको निर्णय गर्छन्। परमेश्वर तब मात्र हुन्छन् जब उनले अरूलाई आफ्नै कानुनले के भन्छ भनेर पुरस्कृत वा सजाय दिन्छन्। परमेश्वरले अब्राहामले जस्तै आफ्ना प्रतिज्ञाहरूलाई विश्वास गर्नेहरूलाई धर्मी वा धर्मीको रूपमा स्वीकार गर्नुहुन्छ। यद्यपि हाम्रा असल कामहरूले हामीसँग विश्वास छ भनेर देखाउँछ, यो हाम्रो विश्वास हो जसले हामीलाई न्यायसंगत वा बचाउँछ। (परमेश्वरले आफ्नो मुक्ति कमाउन खोज्नेहरूलाई उचित ठान्नुहुन्न।)","धार्मीकता, असल, खराब",,,
n,कतुराह,,,"अब्राहामकी पत्नी साराको मृत्युपछि, उनले कतुराह नामकी स्त्रीसँग विवाह गरे, जसले धेरै सन्तान जन्माएकी थिइन्। (कतुरा नामको अर्थ धूप वा मीठो गन्ध हुन सक्छ।)",,,GC 19-Feb-2019,
t,दया,दयालु,"doing good to people (G); 
",दयालु भनेको अन्य मानिसहरूका लागि कोमल तरिकाले राम्रो गर्नु हो।, कृप्पा,"take out: showing pity to people (because it is mercy, not kindness) (hilkka)",GC 15-Feb-2019,
t,राजा,"राजाहरु, राजा","ruler/authority person;
Chief (G); king (R);
","एक राजा आफ्नो मृत्यु नभएसम्म राज्य वा राष्ट्रको सर्वोच्च शासक रहन्छ। केही राष्ट्रहरूले आफ्ना राजालाई देवताको रूपमा पूजा गर्थे। (केही राष्ट्र, राज्य वा साम्राज्य विभिन्न शीर्षक वा नाम द्वारा आफ्नो राजा भनिन्छ, उदारहण., रोम यसको राजा कैसर भनिन्छ; मिश्र यसको राजा फारो भनिन्छ; पलिश्ती आफ्नो राजा अबीमेलेक भनिन्छ)"," कैसर, फारो,  अबिमेलेख",,,
t,राज्य,"राज्य,साम्राज्य, साम्राज्यहरु",,"राज्य भनेको जहाँ राजाले भूमि र जनतामाथि शासन गर्ने ठाउँ हो। साम्राज्य भनेको त्यहाँ हो जहाँ राजाले धेरै भूमि र मानिसहरूमा शासन गर्दछ। कहिलेकाहीँ ""सिंहासन"" शब्दले राज्यको प्रतीक हो।","राष्ट, देश",,GC 08-Feb-19,
t,परमेश्वरको राज्य,"स्वर्गको राज्य, परमेश्वरको राज्य","realm of God;
How God rules [reigns] over everything;
God's ruling of people (G); government of God (R); ","जहाँ मानिसहरूले परमेश्वरलाई आफ्नो राजाको रूपमा पालन गर्छन् त्यहाँ परमेश्वरको राज्य अवस्थित हुन्छः येशू, किनकि उहाँ राजा हुनुहुन्छ, परमेश्वरको राज्यलाई पृथ्वीमा ल्याउनुभयो जब उहाँ संसारमा आउनुभयो। परमेश्वरको राज्यमा स्वर्ग र पृथ्वी दुवैमा येशूलाई आफ्नो राजाको रूपमा शासन गर्न स्वागत गर्ने सबैलाई समावेश गर्दछ।
कहिलेकाहीँ ""सिंहासन"" (राजाको कुर्सी) शब्द राज्यको प्रतीकको रूपमा प्रयोग गरिन्छ।




",,,"RR: #3 definition seems to contradict #1.  If Jesus (and God) are truly all-powerful and have all authority, then it seems to me that Jesus has been and is currently the king over earth and heaven.  He is the High King.  Currently there are many ""under kings"" reigning on earth, but they are under Jesus' sovereignty.  Perhaps #3 should say something more like One day Jesus will do away with all other earthly kings and he himself will reign soley, visibly as King of earth when earth and heaven are once again rejoined/renewed.
GC: God's eternal sovereign rule over his creation and its creatures, to my knowledge, is not called 'Kingdom of God' in Scripture, only in abstract theology. Theology can inform translators, but should not introduce extraneious infomation into translation of specific verses.
RR: I feel more comfortable in having information that is general here, rather than trying to define past, present, future and eternal kingdoms (which is more a theological extraction than clearly deliniated in Scripture).
GC 08-Feb-19","The Kingdom of God exists wherever humans obey God as their king. Because Jesus is the divine King, he brought God's Kingdom to earth when he came into the world."
t,ज्ञान,"जान्नु, जानिएको",the real knowing of things (G);,"ज्ञान वा 'जान्न' को अर्थ हुन सक्छ (१) मानिसहरूले सम्झन र कुरा गर्न सक्ने सबै कुरा; (२) विचार वा विचारहरू जुन मानिसहरूले साँचो हो भनेर विश्वास गर्छन्; (३) कसैसँग भएको वा परमेश्वरसँग सम्बन्धित भएको आनन्द लिनु; वा (४) सँगै बच्चाहरू गर्भधारण गर्न।
ज्ञान भनेको राम्रो कार्यहरू गर्न ज्ञानलाई कसरी प्रयोग गर्ने भन्ने कौशल हो।",बुध्दिमानी,,GC 08-Mar-2019,
n,कोरह,,,"कोरहले मोशा र हारूनको विरुद्धमा विद्रोहको नेतृत्व गरे। त्यसैले, परमेश्वरले जमिन खोलिदिनुभयो, र कोरह र तिनलाई पछ्याउनेहरू सबै दरारमा खस्यो र मरे।",,,,
n,लावान,,," लाबान याकूबका मामा, रिबेकाका भाइ थिए, जो हारानमा बस्थे। लाबान लेआ र राहेलका पिता थिए जो याकूबका पत्नी बने।",,,,
n,गालिलको ताल,,,"गालिल ताल उत्तरी इस्राएलमा गहिरो ताजा पानीको ठूलो निकाय हो, जहाँबाट यर्दन नदी दक्षिणतर्फ बग्छ।",,,GC 08-Mar-2019,
t,परमेश्वरको थुमा,परमेश्वरको थुमा,"adolescent man sheep of God (K); young/small sheep of God (R, W)"," बप्तिस्मा दिने यूहन्नाले येशूलाई परमेश्वरको भेँडाको नाम दिए, किनकि उहाँ जान्नुहुन्थ्यो कि येशू बलिदानको रूपमा मर्नुहुनेछ, ताकि परमेश्वरले हामीलाई हाम्रा पापहरूको क्षमा दिनुहुनेछ। (प्रकाशको पुस्तकले येशूलाई भेँडालाई बोलाउँछ जुन मारिएको वा मारिएको थियो तर फेरि जीवनमा आएको छ।",,,"As essential element of the Good News is that Jesus was crucified because of our sins. Romans explains that Jesus' death exonorates God who forgives guilty sinners. However, the idea of substitution seems a modern, evangelical metaphone that displaces attention away from the holiness of God onto a kind of punishment theme, perhaps a useful idea though hard to prove scripturally.",
t,सामदान,"बत्ती,लाल्टीन ",,"एउटा सामदान एउटा बत्ती हो र धातुबाट बनेको बत्ती हो, जसले आगोको एक वा बढी ज्वाला थाम्दछन्, र तिनीहरूको इन्धन राख्दछन्।",,GC: ,Distinguished from clay lamps and from fire pots.,
t,जमिन,"पृथ्वी,देश",पृथ्वी/जमिन (G);,"भूमिको अर्थ हुन सक्छ (१) हामी हिँड्ने जमिन, (२) हामी रोप्ने माटो, (३) हामी बस्ने देश, वा (४) पृथ्वी (हाम्रो बिरुवाको भाग) जुन समुद्री पानीले ढाकिएको छैन।",,,,
t,व्यवस्था,कानुन,the words of Moses of long ago (G); instructions from God through Moses; Way of Moses (W);,"परमेश्वरले इस्राएलका निम्ति मोशालाई प्रकट गरेका नियम र निर्देशनहरू व्यवस्थामा समावेश छन्। व्यवस्था (१) ले परमेश्वरलाई प्रसन्न पार्ने कार्यहरू बताउँछ, र (२) हामीलाई मानिसहरूलाई देखाउँछ कि हामी कति पापी छौं। व्यवस्था राम्रो रहन्छ, तर परमेश्वरमा भएको विश्वासले मात्र हामीलाई नरकबाट बचाउन सक्छ। (इसाईहरू येशूका आज्ञाहरू पालन गरेर बाँच्दछन् (जसमध्ये मुख्य एक उहाँमाथि विश्वास गर्नु हो) व्यवस्था पालन गरेर होइन।)",,,,
t,अगुवा,अगुवाहरु,ones who guide you (G); head man (U),"नेता भनेको त्यस्तो व्यक्ति हो जसले अरूले जानुपर्ने बाटोलाई औंल्याउँछ। धेरै शक्तिशाली नेताहरूलाई राजा वा सम्राट भनिन्थ्यो। कम शक्तिशालीहरूलाई प्रमुख, राज्यपाल वा वृद्ध भनिन्थ्यो। सबैभन्दा कम शक्तिशाली परिवार प्रमुख र कार्य प्रमुखहरू थिए।","राजा, गभर्नर, एल्डर",other language: head man (urt),,
t,कुष्टरोगी,"कुष्टरोगी, कुष्टरोगीहरु",lepra (R),"कुष्ठरोग एउटा गम्भीर छालाको रोग हो। कुष्ठरोग भएका मानिसहरूलाई कुष्ठरोगी भनिन्छ। बाइबलको समयमा यस रोगबाट पीडितहरूले अन्य मानिसहरूबाट अलग रहन आवश्यक थियो। (यद्यपि स्वस्थ मानिसहरूले कुष्ठरोगीलाई कहिल्यै छुने थिएनन्, जिउसले कुष्ठरोगीहरूलाई निको पारेपछि छोए।)",,,,
n,लेवि,"लेविहरु, लेवि",from the clan of Lewi (R); from the clan of Liwai (K),"लेवी याकूबका बाह्र छोराहरू मध्ये एक थिए, लेवी भनिने इस्राएली कुलका पुर्खाहरू। इस्राएलमा, केवल लेवीहरूलाई यरूशलेमको मन्दिरमा पुजारी र कामदारहरूको रूपमा सेवा गर्न अनुमति दिइएको थियो। हारून एक लेवी थिए। सुसमाचार लेख्ने मत्तीलाई लेवी पनि भनिन्थ्यो। (इसाईहरूको प्रधान पुजारी येशू हुन् जो यहूदाका कुलबाट आएका थिए।",,,,
t,सिंह,सिंहहरु,laion (K); large cat / jaguar (G); simba (W);,"सिंहहरू धेरै ठुला, बलियो, साहसी बिरालाहरू हुन् जसले अन्य ठुला जनावरहरूलाई मार्छन् र खान्छन्। (तिनीहरूसँग धारदार दाँत र लामो पन्जा छन् जुन फिर्ता लिन्छन्।) (सिंहहरू खतरनाक हुन्छन् र मानिसहरूलाई मार्न सक्छन्।) (राजाहरूलाई प्रायः सिंहहरूसँग तुलना गरिन्थ्यो।) (येशूलाई यहूदाका कुलको सिंह भनिन्छ।",,jaguar and simba not helpful in PNG,,
t,पशुधन,,,"गाईवस्तुहरू घरपालुवा (गैर जङ्गली) जनावरहरू जस्तै बाख्रा, गाई, उँट, गधाहरू, भेडा आदि) जसलाई मानिसहरूले सँगै राख्छन् र आफ्नो भरणपोषण गर्न आफ्नो घर नजिकै हेरचाह गर्छन्।","पशुहरु, गोठोलो",,,
t,सलहहरु,सलह,,सलह उड्ने कीराहरू हुन् (घाँस जस्तै केही) जुन झुण्डमा आउन सक्छ र बाली र अन्य बोटबिरुवाहरू नष्ट गर्न सक्छ। केही मानिस खानाका लागि सलह खान्छन्।,,,,GC 7/7/2019
t,प्रभु,,सर्वच्चो परमेश्वर; Big/Great person; the owner/boss of all people (G); rich & important man (R); big (K); Owner (W);,प्रभुको अर्थ (१) एक मात्र सृष्टिकर्ता परमेश्वर; (२) भूमि वा दासहरूको मालिक; (३) पति; (४) अन्य आत्माहरूमाथि शासन गर्ने आत्मा; र (५) सर जस्तै सम्मानको उपाधि।," परमेश्वर,",,"Of course, in English LORD translates the Hebrew YHWH, which the LXX translated as kurios, lord, without a definite article. Hence the practice of substituting LORD for Yahweh, and of referring to Jesus as Lord. Lord also translates the Hebrew Adonai (My Lords) used only of God.",
t,प्रभु,,"Most High God;
Big/Great person;
the owner/boss of all people (G); rich & important man (R); 
 big (K); Owner (W);
",प्रभुको अर्थ (१) एक मात्र सृष्टिकर्ता परमेश्वर; (२) भूमि वा दासहरूको मालिक; (३) पति; (४) अन्य आत्माहरूमाथि शासन गर्ने आत्मा; र (५) सर जस्तै सम्मानको उपाधि।," परमेश्वर,",,"Of course, in English LORD translates the Hebrew YHWH, which the LXX translated as kurios, lord, without a definite article. Hence the practice of substituting LORD for Yahweh, and of referring to Jesus as Lord. Lord also translates the Hebrew Adonai (My Lords) used only of God.",
n,लोत,,," लोत अब्राहामको भतिजा (भाइको छोरा) थिए। लोत अब्राहामको नजिक पुगे। तर जब दुवै पुरुषसँग गाईवस्तुहरूको ठुलो झुण्ड थियो, तिनीहरू अलग भए। अब्राहामले तम्बुहरूमा बस्न रोज्नुभयो, जबकि लूत गए र सदोमको दुष्ट सहरमा बसे। (लूत मोआबी अनि आमोनीहरूका पुर्खाहरू, इस्राएलका शत्रुहरू भए।




",,,,
n,लोत,,,"लोत अब्राहामको भतिजा (भाइको छोरा) थिए। लोत अब्राहामको नजिक पुगे। तर जब दुवै पुरुषसँग गाईवस्तुहरूको ठुलो झुण्ड थियो, तिनीहरू अलग भए। अब्राहामले तम्बुहरूमा बस्न रोज्नुभयो, जबकि लोत गए र सदोमको दुष्ट सहरमा बसे। (लोत मोआबी अनि आमोनीहरूका पुर्खाहरू, इस्राएलका शत्रुहरू भए।",,,,
t,प्रेम,"प्रेमी, प्रेम गर्नु,  प्रेम गरिएको",चाहना (W);,"प्रेमको अर्थ हामी अरूलाई उनीहरूले हामीलाई व्यवहार गर्न चाहेको तरिकामा व्यवहार गर्न खोज्छौं। परमेश्वरले हामीलाई बचाउन येशूलाई पठाएर हामीलाई प्रेम गर्नुभयो, र हामी एकअर्कालाई प्रेम गर्छौं वास्तविक आवश्यकताहरू पूरा गरेर, जबकि अरूलाई अपमान नगर्ने प्रयास गर्दै। बाइबलले भन्छ कि सबैभन्दा राम्रो प्रकारको प्रेम भनेको साथीलाई मद्दत गर्नाका लागि खुशीसाथ मर्न (वा आफूलाई अस्वीकार गर्नु) हो।"," दया,  कृप्पा,  अनुग्रह",,other lg example weard: want (W)???. E.g. better to say like a lot.,GC 15-Feb-2019
t,बुद्धिमान मानिस,,sky watchers (W);star men; star knowers (G); men who studied the stars; lords of knowledge (W);,"पूर्वका बुद्धिमान मानिसहरू जसले आकाश र ताराहरूको अध्ययन गरे, परमेश्वरबाट सङ्केतहरू वा सन्देशहरू बुझ्न।",,,,
n,मनेश्य,,," मनश्शे योसेफका दुई छोरामध्ये जेठा थिए। मनश्शे इस्राएलका एउटा कुलका पूर्वज बने। (मनश्शे नामको अर्थ बिर्सनु हो।)




",,,GC 23-Feb-2019,
t,मन्न,,"मन्न (R);
food which falls from the sky (G); 
","मन्न त्यो खाना थियो जुन परमेश्वरले इस्राएलका मानिसहरूलाई मिश्र र कनानको बिचमा ४० वर्ष घुम्दै गर्दा दिनुभएको थियो। हिब्रू भाषामा मन्नको अर्थ ""यो के हो?"" ""। यो खमीर बिनाको मीठो रोटी जस्तै थियो। प्रत्येक बिहान, विश्रामदिन बाहेक, इस्राएलीहरूले आफ्नो शिविरको वरपरको जमिनबाट मन्ना जम्मा गर्ने गर्थे। (मन्नको स्वाद सुखद छ, तर यो चाँडै बिग्रियो।)", रोटि,,,
n,मर्कुस,,,"मर्कूस एउटा सामान्य रोमन नाम थियो। येशूलाई चिनेका यूहन्ना मर्कूस नामक एक यहुदी युवाले  मर्कूसको सुसमाचार लेखे र लुकालाई लूका सुसमाचार लेख्न सहयोग गरे।




",,"This is not essential:  failed as a Christian missionary -  rather he quarreled with Paul, but is that necessary to mention here? (Hilkka)",GC 08-Mar-2019,
n,मरियम,,,"मरियम नामको अर्थ इच्छा वा तितो हुन सक्छ। बाइबलको नयाँ नियममा, येशूकी आमा र मग्दलाकी शिष्यसहित धेरै महिलाहरूको नाम मरियम राखिएको छ। लाजरस र मार्थाकी बहिनीलाई बेथानीबाट मरियम पनि भनिन्थ्यो।",,," Several different women named Mary are mentioned in the New Testament: (1) Mary the mother of Jesus. (2) Mary of Magdala. Jesus drove seven evil spirits from her, and she became one of his followers (Matthew 27:55–56; Mark 16:9; Luke 8:2; John 20:1–2; 11–18, and other passages). (3) Mary of Bethany, the sister of Martha and Lazarus. She sat at the feet of Jesus and listened to his teaching (Luke 10:38–42; John 11:1–5; 12:1–7). (4) Mary the mother of James and Joseph. This Mary may be the same person as Mary the wife of Cleopas, but this is not certain (Matthew 27:56; Mark 15:40; 16:1; Luke 24:10). (5)Mary the mother of John Mark. This Mary had a house in Jerusalem where the disciples of Jesus used to meet (Acts 12:12).",
n,मत्ती,,,"मत्ती, जसलाई लेवी पनि भनिन्छ, एक शिक्षित व्यक्ति थिए, एक कर सङ्कलनकर्ता जब येशूले उनलाई आफ्नो शिष्य हुन बोलाउनुभयो। मत्तीले येशूको जीवनको बारेमा सुसमाचारको पुस्तक लेखे।",,,GC 08-Mar-2019,
n,मिदिया,मेदीहरु,,"मेडिस एक इरानी जनजाति हो। ईसापूर्व ७ औँ शताब्दीमा, तिनीहरूले मिडिया नामक राज्यको स्थापना गरे जसले बेबिलोनमा आक्रमण गर्न पर्सियालीहरूसँग गठबन्धन गऱ्यो। राजा दारा एक मेड थियो।",,,GC 08-Mar-2019,
n,मल्किसेदक,,,"मल्कीसेदेकको अर्थ मेरो राजा न्यायी हुनुहुन्छ भन्ने हो। उनी शालेमका राजा थिए, र परम-उच्च परमेश्वरको सेवा गर्ने पुजारी थिए। उनले एक पटक अब्राहामलाई आशीर्वाद दिए जसले उनलाई उपहार दिए (दशौं, वा दशांश) किनभने मल्कीसेदेक एक पुजारी परिवारबाट आएका थिए, उनी येशू जस्तै पुजारी थिए जो लेवीको पुजारी जातिबाट आएका थिएनन् (तैपनि दुवै सबैभन्दा उच्च परमेश्वरको आज्ञाकारिताको आधारमा वैध पुजारी बने।",,,"""Without geneology."" Geneology was a requirement for Levitical priests. Netither Melchizedek nor Jesus had preiestly credentials, yet both became legitimate priests by virtue of their obedience to the Most High God.",
n,मपीबोशेत,,,"मफीबोशेत जोनाथनका छोरा थिए। बाल्यकालमा उनको खुट्टा भाँचिएको थियो। दाऊद राजा बनेपछि, उनले मफीबोशेथलाई धेरै कृपा देखाए।",,,GC 07-Feb-19,
t,कृप्पा,कृप्पालु,प्रेम/टिठाउनु (R),दया भनेको अपराधी वा शत्रुहरूप्रति देखाइएको करुणा हो।परमेश्वरले आफ्ना प्राणीहरूको भरणपोषण गर्दा दया देखाउँछन्। जब येशूले बिरामीहरूलाई निको पार्नुभयो र मरेका मानिसहरूलाई ब्यूँझाउनुभयो तब उहाँले दया देखाउनुभयो।,"प्रेम, अनुग्रह, दयालु",Mercy is compassion shown to enemies or offenders. (I don't think it needs to meet material needs/HiA). (Hilkka),"GC: Do you want to contrast with grace?
RR: users can look up grace and get the contrast.",
t,मसिह, ख्रीष्ट,"The King (whom) God promised to send;
Our Truly Important Chief (G); the appointed man (U); 
Al-Masih (W); Kaarisito (R); Mesaia (K)
","हिब्रू शब्द मसीह र ग्रिक शब्द ख्रीष्टले अभिषिक्तलाई अनुवाद गर्दछ। बाइबलको पुरानो करार भागमा, एक अगमवक्ताले तिनीहरूको टाउकोमा तेल खन्याएपछि तिनीहरूले राजाहरूलाई 'अभिषिक्त' भनेका थिए। बाइबलको नयाँ करार भागमा, येशूलाई ख्रीष्ट, मसीह र परमेश्वरको अभिषिक्त भनिन्छ।","राजा, परमेश्वरको पुत्र",other language: the appointed man (urt).; These are not helful in PNG: Al-Masih (W); Kaarisito (R,,
n,माइकल,,,"मीकल राजा शाऊलकी छोरी थिइन्। उनले दाऊदलाई प्रेम गरिन् जसले राजा शाऊलको सेवा गरिरहँदा नै उनीसँग विवाह गरे। वर्षौं पछि, उनले यरूशलेमको सडकमा नाचेपछि दाऊदलाई हप्काए। उनले कुनै सन्तान जन्माएकी थिइनन्।",,,GC 25-Apr-2019,
n,मिदान,मिदानीहरु,,"मिदियान अब्राहामकी दोस्रो पत्नी कतुराको चौथो छोरा थिए। मिदियानको भूमि उत्तरपश्चिम अरबमा थियो, जहाँ मोशा मिश्रबाट भागेका थिए। मिदियानका मानिसहरूलाई मिदियानका मानिसहरू भनिन्थ्यो। तिनीहरूले न्यायाधीशहरूको समयमा इस्राएलमाथि छापा मार्ने र लुटपाट गर्ने गर्थे। परमेश्वरले गिदोनलाई आक्रमणकारी मिदियानहरूलाई पराजित गर्न बलियो बनाए।",,,"GC 08-Feb-19

Gideon did not go conquer Midia.","


"
t,आश्चर्यकर्म,"आश्चर्यकर्महरु, चिन्हहरु"," मानिसहरु चकित पर्ने कुनै कारणहरु (G); 
","आश्चर्यकर्म भनेको परमेश्वरले मात्र गर्न सक्ने कुनै पनि कुरा हो। येशूले आफू परमेश्वर भएको देखाउन आश्चर्यकर्महरू गरे, र उनका प्रेरितहरूले तिनीहरू परमेश्वरका दूतहरू थिए भनेर देखाउन आश्चर्यकर्महरू गर्न सक्थे। आश्चर्यकर्महरूलाई सङ्केत र आश्चर्यकर्म पनि भनिन्छ। आश्चर्यकर्महरू जादु वा चाल वा छल होइनन्।




",,,GC 19-Feb-2019,
n,मिरियम,,,मिरियम मोशा र हारूनकी बहिनी थिइन्। उनी एक अगमवादिनि थिइन् जसले इस्राएलीहरूलाई गीतहरू सिकाउँथिन्।,,,,GC 7/7/2019
n,मोआव,"मोआवी, मोआवीहरु",,"मोआब अब्राहामका भतिजा लूतका छोरा थिए। मोआबका सन्तानहरू मोआबीहरू थिए, जो यर्दन नदी पार गरेर इस्राएलको दक्षिणपूर्वमा मोआबमा बस्थे। मोआबीहरूले आफ्ना सन्तानहरू बलि दिएर मोलेक देवताको पूजा गर्थे। रूथ एक मोआबी थिइन् जो राजा दाऊद र येशूको पूर्वज बनिन्।",,,,
n,मोलेख,,,"मोलेक एक दुष्ट आत्मा र केही मूर्तिपूजकहरूद्वारा पूजा गरिने देवता वा मूर्ति हो। केही देशहरूमा, उपासकहरूले आफ्ना सन्तानहरूलाई मोलेकका मूर्तिहरूमा बलि चढाउँछन्। यरूशलेममा केही इस्राएलीहरूले आफ्ना सन्तानहरू बलि चढाउँदा परमप्रभुलाई धेरै रि उठाए। (मोलेक नामको अर्थ मृत्युको राजा हो।)",,,GC 19-Feb-2019,
n,मोर्दकै,,,मोर्दकै एक यहूदी निर्वासित थिए जसले फारसी राजा जेर्क्ससको दरबारमा काम गर्थे। उनले आफ्नो अनाथ काकाले एस्तरलाई हुर्काए जो जेर्क्ससको रानी बनिन्। सेर्क्ससले मोर्दकैलाई उनको विश्वासी सेवाका लागि पुरस्कृत गरे।,,,GC 08-Mar-2019,
n,मोशा,,मूशा (W from Ar),"मोशा येशूभन्दा लगभग १४५० वर्ष पहिले बाँचेका थिए। उनी मिश्रको हिब्रू दास परिवारमा जन्मेका थिए, तर मिश्रकी राजकुमारीले उनलाई गोद लिएकी थिइन्। मोशाले ४० वर्षको उमेरमा एग्पिट छोडे, तर हिब्रूहरूलाई कनानमा लैजानका लागि परमेश्वरले उनलाई ८० वर्षको उमेरमा मिश्रमा फिर्ता पठाए। परमेश्वरले आफ्नो व्यवस्था मोशालाई प्रकट गर्नुभयो (जसले पुरानो नियमको पहिलो पुस्तकहरू लेखे)",,arabic ref.,,
t,तोरी,,तोरी (K),"रायो एक प्रकारको मसलाको बिरुवा हो जसमा साना बिउहरू हुन्छन् जुन ठुलो बोटमा परिणत हुन्छन्। येशूले भन्नुभयो, ""यदि तपाईंमा राईको दानाझैँ विश्वास छ भने, तपाईं पहाडहरू सार्न सक्नुहुन्छ।""",,,,
t,मुर्राह,,sticky substance of perfume called mira (R); good smelling sap of a tree called mira (K); sap that smells (W),"मुर्र एक निश्चित रूखको महँगो, मीठो-गन्धयुक्त रस वा राल हो। यहुदीहरूले औषधिको लागि मुर्र प्रयोग गरे, किनकि यसले व्यक्तिलाई निद्रा दिन्छ ताकि उसले धेरै पीडा महसुस गर्दैन। उनीहरूले दफ्नका लागि मृत शरीरहरूमा मिर्र पनि लगाए।", धुप,,GC 07-Feb-19,
n,नामान,,,"नामान येशूभन्दा लगभग ८०० वर्ष पहिले सिरिया देशमा बस्थे जहाँ उनी सिपाहीहरूको सेनापति थिए। उनी यहुदी नभई मूर्तिपूजक (अन्यजाति) थिए, र उनी छालाको रोगबाट पीडित थिए। अगमवक्ता एलीशाले उनलाई जोर्डन नदीमा नुहाउन जान भने। नामानले आज्ञा पालन गरे र निको भए, र इस्राएलका परमेश्वरमा विश्वास गरे। (येशूले यहूदीहरूलाई भने कि परमेश्वरले मोशेको व्यवस्था नमान्ने नामानलाई स्वीकार गर्नुभयो।) (नामान नामको अर्थ सुखद हुन्छ।)",,,GC 07-Feb-19,
n,नाओमी,,,नाओमी इस्राएलकी एउटी स्त्री थिइन् जो आफ्नो पति र छोराहरूको मृत्युपछि इस्राएल फर्किएर आफ्नो पतिसँग मोआबमा बसाइँ सरेकी थिइन्।,,,,
t,नार्ड,,सुगन्धित धुपलाई नाड भनिन्छ (R); असल मिठो रसलाई मा नाड भनिन्छ(K);,नार्ड स्पिकनार्ड भनिने बोटको रसबाट बनेको तैलीय अत्तर हो। एक पटक एउटी महिलाले केही नार्ड किनेकी थिइन् र त्यसले येशूको खुट्टामा अभिषेक गरेकी थिइन्। ,,,,
n ,नाथान,,,त्यहाँ नाथान नामका धेरै मानिसहरू थिए। नाथान अगमवक्ताले प्रायः प्रभुबाट राजा दाऊदलाई सन्देशहरू ल्याउँथे। दाऊदले एउटा छोराको नाम नाथन राखे। (नाथन नामको अर्थ उसले दिन्छ भन्ने हो।),,,GC 07-Feb-19,
n,नथानेल,,,धेरै पुरुषहरूको नाम नथानेल राखिएको थियो। नथानेल येशूका प्रथम चेलाहरू मध्ये एक थिए। (नथानेल नामको अर्थ परमेश्वरले दिनुहुन्छ।),,,GC 07-Feb-19,
t,राष्ट,राष्टहरु,"मानिसहरु (G); राज्य (W);
",राष्ट्रहरू धेरै मानिसहरू हुन् जो एकसाथ शासन गर्न सहमत हुन्छन्। राज्यहरू राजाद्वारा शासित राष्ट्रहरू हुन्। साम्राज्यहरू एक सर्वोच्च शासकद्वारा शासित धेरै राष्ट्रहरू हुन्।," देश,साम्राज्य, राज्य",,,
n,नासरत,,,नासरत यहूदाको उत्तरमा गालीलको प्रान्तको एउटा गाउँ थियो। योसेफले मरियम र येशूलाई मिश्रबाट फर्केपछि नासरतमा बस्न ल्याए।,,,GC 07-Feb-19,
n,नबूकदनेसर,,,"नबूकदनेसर ६०५ देखि ५६२ ईसापूर्वसम्म बेबिलोनका मूर्तिपूजक राजा थिए। उनले इस्राएलीहरूलाई बेबिलोनमा निर्वासन गर्न निर्वासित गरे, र पछि इस्राएलका परमेश्वरमा विश्वास गरे। (नबूकदनेसर नामको अर्थ मेरो छोरालाई नाबुले जोगाउने हो।)",,,GC 08-Mar-2019,
n,नहेम्याह,,,नहेम्याह फारसी साम्राज्यका एक यहुदी उच्च अधिकारी थिए। राजा आर्टाजर्क्सीसले नहेम्याहलाई यर्सालेमको पुनर्निर्माण गर्न लगभग ४४५ ईसा पूर्व यहूदामा पठाए। (नहेम्याह नामको अर्थ परमप्रभुले सान्त्वना दिनुहुन्छ।),,,GC 08-Mar-2019,
n,निल नदी,निल,,"निल नदी मिश्रको सम्पूर्ण काउन्टी हुँदै उत्तरतर्फ बग्छ, जसले काउन्टीको अधिकांश पानी प्रदान गर्दछ। मिश्रीहरूले निल नदीलाई जीवनको पवित्र स्रोत मान्थे। परमेश्वरले मोशालाई नाइलको पानीलाई रगतमा परिणत गर्ने शक्ति दिनुभयो। (निल नदीको स्रोत युगान्डाको भिक्टोरिया तालमा अवस्थित छ।",,,GC 23-Feb-2019,
n,निनवे,निनवेवासीहरु,,"निनवे अश्शूरी भूमिमा एक ठूलो मूर्तिपूजक शहर थियो। (अश्शूरी सिपाहीहरूले आफ्ना बन्दीहरूलाई यातना दिएर मार्ने गर्थे।) ख्रीष्टको लगभग ८०० वर्ष अघि, परमेश्वरले निनवेका मानिसहरूलाई चेतावनी दिन अगमवक्ता योनाहलाई पठाए कि उनले तिनीहरूलाई नष्ट गर्न जाँदैछन्। योनाको कुरा सुनेर तिनीहरू रोए र पश्चात्ताप गरे। यस कारणले गर्दा, परमेश्वरले तिनीहरूलाई क्षमा गर्नुभयो र त्यस समयमा तिनीहरूलाई नष्ट गर्नुभएन। (तिनीहरूले पश्चात्ताप गर्दा, जोनाहले नराम्रो महसुस गरे, किनकि उनले निनवेलाई नष्ट गर्न प्रभुको इच्छा  थयोए।
नहामको सानो पुस्तकले परमेश्वरले पछि निनवेलाई नष्ट गरेको बारेमा बताउँछ।",,,GC 07-Feb-19,
n,नोआ,,,"नोआ येशूभन्दा लगभग २०००० वर्ष पहिले बाँचेका थिए। उनको नामको अर्थ आराम वा बिश्राम हो। ती दिनहरूमा मानिसहरूले यति धेरै दुष्ट काम गरिरहेका थिए कि परमेश्वरले नोआलाई धेरै ठुलो डुङ्गा बनाउन आदेश दिए। १२० वर्षपछि, परमेश्वरले त्यस डुङ्गामा जोडी जनावरहरू र नोआको परिवारलाई नेतृत्व गरे। त्यसपछि परमेश्वरले डुङ्गामा बाढीको पानीबाट बाँचेका बाहेक सबै मानिस र जनावरहरू मार्दै जमिनलाई पानीले ढाकेका थिए। (यसरी, आज बाँचेका सबैजना नोआ र तिनका छोराहरूका सन्तान हुन्।",,,,
t,शपथ,"शपथहरु, शपथ, शपथगर्नु","promise (R); 
to truly declare what one is going to do (G);
bind talk (U);",शपथ वा वाचा भनेको परमेश्वर र साक्षीहरूसमक्ष गरिएको वचन हो।,"करार, प्रतिज्ञा, श्राप",other lg: bind talk (urt),,
n,ओबेद-एदोम,,,"राजा दाऊदले एक पटक ओबेद-एदोमको घरमा करारक बाकस भण्डार गरे, र परमप्रभुले ओबेद-एदोमलाई समृद्ध बनाईदिनुभयो। दाऊदले करारको वेदी यरूशलेममा ल्याएपछि ओबेद-एदोमलाई त्यहाँ द्वारपाल बनाए। (ओबेद-एदोम नामको अर्थ एदोमको दास हो।)",,,,
t,जैतुन,"जैतुनहरु, जैतुन तेल",जैतुनको रुख (R),"जैतुन एक प्रकारको फल दिने रूख हो। मानिस जैतुनको फल खान्छन्। तिनीहरूले यसलाई खाना पकाउने तेल र औषधि बनाउन पनि दबाउँछन्। जैतुनको तेल जैतुनको रूखबाट फल पिसेर आउँछ। जैतुनको तेल खाना बनाउन प्रयोग गरिन्थ्यो, र घाउमा औषधिको रूपमा लगाइन्थ्यो। अगमवक्ताहरूले पूजाहारीहरू र नयाँ राजाहरूलाई तिनीहरूको टाउकोमा जैतुनको तेल हालेर अभिषेक गर्छन्। जैतुनको पर्वत यरूशलेम नजिकैको एउटा पाहाडको नाम पनि हो जहाँ येशू प्रायः बस्थे। यसमा जैतुनका रुखहरूको बगैँचा/बगैँचा थियो।",,,"The Mt of Olives is also called Har-Mokhed, which transliterates into Greek as Armageddon, and has nothing to do with the Mageddo Plains.",
t,ओमेगा,"जेड्, जी",ओमेगा (R); अन्त्यकर्ता; ,"ओमेगा ग्रीक वर्णमालाको अन्तिम अक्षरको नाम हो। ओमेगा भनेको ठुलो ओ हो। प्रकाश को पुस्तक येशूलाई अल्फा र ओमेगा, शुरुवात र अन्त, (अर्थात्, सृष्टिकर्ता र उद्धारक) भनिन्छ।",,,,
n,ओर्फा,,,ओर्पा मोआबकी एउटी स्त्री थिइन्। उनी एउटी विधवा थिइन् जसको विवाह नाओमीका दुई छोरा मध्ये एकसँग भएको थियो।, रूथ,,,
t,दरबार,दरबारहरु,"tवास्तविक प्रमुखको ठुलो घर (G); 
",राजाको ठुलो घर हो।,,,,
t,प्याराडाइज,,परमेश्वर आउने स्थान (W); प्याराडाइज (k); परमेश्वर रहने स्थान (G); ),"प्याराडाइज एउटा ग्रिक शब्द हो जसको अर्थ ""सुन्दर बगैँचा"" हो। (मूर्तिपूजकहरूले आफ्ना देवताहरूको वासस्थानका लागि यो नाम प्रयोग गर्थे।) नयाँ नियममा, परादीसले (१) स्वर्गमा मृत (मृत) विश्वासीहरू जाने ठाउँ, र (२) भविष्यको नयाँ पृथ्वी-स्वर्ग जहाँ विश्वासीहरू सदाका लागि बास गर्नेछन्।", अदन,"refers to Allah/islam, Aajana not helpful in PNG (Hilkka)","Paradise is not used in the Bible to refer to Eden, does it?",
n,पावल,,,"शाऊल एक यहूदी थिए जसले इसाईहरूलाई हिंसात्मक रूपमा हानि पुऱ्याउँथे। येशू शाऊललाई देखा परेपछि, उनी आफूलाई पावल भनिने प्रेरित बने। पावलले सुसमाचार सुनाएर र धेरै नयाँ मण्डलीहरू सुरु गरेर येशूको सेवा गर्दा धेरै दुःख भोग्नु पर्यो। पावलले दस पत्रहरू लेखे जुन अब पवित्र बाइबलको नयाँ नियमको भाग हो। (पावल नामको अर्थ सानो हो।)",,,GC 19-Feb-2019,
t,मोती,,"valuable stone inside a clamshell (R), egg of kina shell (R); (valuable) stone inside a clamshell (K); a very good stone called per (G); ","मोती एक महँगो प्रकारको गहना हो जुन समुद्रबाट आउँछ। (तिनीहरू क्ल्यामहरूद्वारा बनाइएका हुन्छन्, जब बालुवाको रिसाउने टुक्रा तिनीहरूको खोलभित्र पुग्छ, तिनीहरूले बालुवालाई धेरै पटक ढाक्नका लागि दुधिलो सेतो पदार्थ स्राव गर्छन् ताकि यो रिसाउने हुँदैन। मोतीहरू, गोल र चम्किलो भएकाले, हार र गहना बनाउन प्रयोग गरिन्छ।",,,,
n,फारसी,फारसीहरु,,"फारसीहरू एउटा इरानी जनजाति हुन्। ईसापूर्व ७ औँ शताब्दीमा, तिनीहरूले मेडिससँग गठबन्धन गरे र बेबिलोनियनलाई जिते। फारसी साम्राज्यले सयौँ वर्षसम्म विश्वको धेरै भागमा शासन गऱ्यो।",,,GC 08-Mar-2019,
n,पत्रुस,केफास,,"सिमोन एकजना माछा मार्ने मानिस थिए जसलाई केफास पनि भनिन्थ्यो। जब येशूले सिमोनलाई चेला बन्न बोलानुभयो, येशूले सिमोनको नाम परिवर्तन गरेर पत्रुस राखिदिनुभयो। पत्रुस येशूका बाह्र प्रेरितहरू मध्ये एक थिए। येशूको मृत्यु र पुनरुत्थान पछि यहूदीहरूलाई सुसमाचार सुनाउने पहिलो व्यक्ति र गैर-यहूदी वा अन्यजातिहरूलाई सुसमाचार सुनाउने पहिलो व्यक्ति येशूले पत्रुसलाई रोज्नुभयो। पत्रुसले बाइबलको नयाँ नियमका दुईवटा पत्र लेखे। (पत्रुस नामको अर्थ चट्टान हो।)",,,GC 19-Feb-2019,
t,फारो,फारोहरु,पेरो (मिश्र) (K);मिश्रको राजा; मिश्रको मुख्य व्यक्ति (U),फारो त्यो नाम हो जुन प्राचीन मिश्रीहरूले आफ्ना राजाहरूलाई दिएका थिए। प्रत्येक फारोको पनि व्यक्तिगत नाम थियो। धनी फारोहरूले आफ्ना लागि विशाल चिहानहरू बनाए।, राजा,head man of Egypt (urt),,
n,फरिसी,फरिसी,"यहुदी धार्मिक नेताहरू ;
फर्सि;
","फरिसीहरू यहुदी धार्मिक नेताहरू र शिक्षकहरू थिए जसले धेरै नियमहरू पालना गरेर मोशाको व्यवस्था पालन गर्न खोजेका थिए। उनीहरूले अन्य यहुदीहरूलाई तिरस्कार गर्ने थिए जो ती नियमहरू पालन गर्नमा यति कडा थिएनन्। येशूले तिनीहरूलाई कपटी भन्नुभयो, किनकि तिनीहरूले प्राय पाप गरे तर स्वीकार गरेनन्। (धेरै फरिसीहरूले येशू र उनका प्रेरितहरूको विरोध गरे, कहिलेकाहीँ इसाईहरूलाई गिरफ्तार गरे वा मारे।)","सदुकी, यहुदी धर्म गुरु",,,
n,फिलिप,,,"फिलिप नामका धेरै मानिसहरू थिए। एकजना राजनीतिक नेता थिए। अर्को येशूका पहिलो चेलाहरू मध्ये एक थिए, जो येशूका बाह्र प्रेरितहरू मध्ये एक पनि बने। फिलिपले धेरै सामरीहरूलाई येशूकहाँ लिएर गए, साथै एक इथियोपियाली अधिकारीलाई पनि।",,,GC 19-Feb-2019,
n,पलिश्ती,"पलिश्तीहरु,पलिश्ता",,पलिश्तीहरू दक्षिणी इस्राएलमा बसोबास गर्ने मूर्तिपूजक जनजातिहरू थिए। तिनीहरूले कहिलेकाहीँ इस्राएलीहरू विरुद्ध लडे। शिमशोनले दलीला भनिने पलिश्ती स्त्रीलाई प्रेम गरे।,,,GC 07-Feb-19,
t,सुङ्गुर,"सुङ्गुरहरु, सुङ्गुर",,"सुँगुर, जसलाई सुँगुर पनि भनिन्छ, एक छोटो, बलियो जनावर हो जसले लगभग सबै खान्छ र आफ्नो छालालाई ओसिलो राख्न माटोमा घुस्रन मन पराउँछ। परमेश्वरको व्यवस्थाले इस्राएललाई सुँगुरको मासु (सुँगुरको मासु) खान निषेध गरेको छ।",,,GC 08-Mar-2019,
n,पिलातस,,,"येशूले सिकाउँदै गर्दा पिलातस यहूदियाका रोमी राज्यपाल थिए। जब यहुदी नेताहरूले येशूलाई गिरफ्तार गरे, पिलातसले येशूलाई क्रूसमा टाँग्न सहमत भए, यद्यपि येशू निर्दोष हुनुहुन्थियो र यो गलत थियो भनेर उनलाई थाहा थियो।",,,At least two inscriptions have been uncovered that contain Pilat's name.,
t,महामारी,विपत्तिहरु,,विपत्ति कुनै पनि रोग वा सङ्क्रमण हो जसले एकै समयमा धेरै मानिसहरूमा विनाशकारी प्रभाव पार्छ।,,,,GC 7/7/2019
t,पोखरी,,पानी (G); ,सामान्यतयामानव निर्मित प्वाल नुहाउनका लागि पानीले भरिएको हुन्छन्।,,not helpful in PNG: ; pisin (W from Fr),,
t,आँगन,,ढोका नजिकोको ठाउँ(G); ,दैलो घरको बाहिर तर ढोकाको छेउमा एउटा दैलो हो।,,,,
n,पोतिफर,,,पोतिफर मिश्रका एकजना अधिकारीको नाम थियो। उनले योसेफलाई दासका रूपमा किने र पछि उनलाई जेलमा राखे। (पोतीफर नामको अर्थ अफ्रिकी गोरु हुन सक्छ।),,,GC 23-Feb-2019,
t,प्रशंसा,"प्रशंसाहरु, प्रशंसा गरिदै, प्रशंसा गरिएको","असल बोल्नु (G); 
बढाई गर्नु(W);","प्रशंसा तब हुन्छ जब हामी अरूलाई अरूले कसरी राम्रो काम गरेको छ भनेर बताउँछौँ। उनले कसरी हाम्रो प्रार्थनाको जवाफ दिएका छन् भनेर बताएर हामी परमेश्वरको प्रशंसा गर्छौं। ख्रीष्टियनहरूले प्रायः गीत र सङ्गीतका साथ परमेश्वरको प्रशंसा गर्छन्, उनी कति महान छन् भनेर बताउँछन्।","धन्यवाद, आदर",,GC 15-Feb-2019,
t,प्रार्थना,"प्रार्थनाहरु, प्रार्थनागर्नु,प्रार्थना गरिदै, प्रार्थना गरिएको","to speak to God (G); 
plead (W);", प्रार्थनाको अर्थ शक्तिशाली मानिस वा परमेश्वरसँग कुरा गर्नु वा अनुरोध गर्नु हो। येशूले ख्रीष्टियनहरूलाई येशूको नाम प्रयोग गरेर बारम्बार परमेश्वरलाई प्रार्थना गर्न आदेश दिनुभयो।,"प्रशंसा, आराधना",,GC 15-Feb-2019,
t,प्रचार गर्नु,"प्रचारकहरु, प्रचार गरिदै,प्रचार गरिएको","tell God's beautiful word (G); 
", प्रचार गर्नु भनेको सन्देश बोल्नु वा अरूलाई कथा सुनाउनु हो जुन उनीहरूले पहिले सुनेका छैनन्।,"शिक्षा, अगमवक्ता",,GC 15-Feb-2019,
t,पुजारी,पुजारीहरु,"giving to God one (R); priest (transliterated) (G); 
sacrificer (W);","पुजारीहरू धार्मिक अगुवाहरू हुन् जसले (१) बलिदानहरू चढाउँछन्, (२) व्यवस्था सिकाउँछन्, (३) विवादहरू मध्यस्थता गर्छन्, (४) उपचार प्रमाणित गर्छन् र (५) मन्दिर र यसको धनको व्यवस्थापन गर्छन्।




",लेवी,,,
n,प्रिस्किला,प्रिस्का,," प्रिस्किल्ला, जसलाई प्रिस्का पनि भनिन्छ, अक्विलाकी पत्नी थिइन्। तिनीहरू रोमका यहूदीहरू थिए जसले ग्रीस र सिरियामा मण्डलीहरू रोप्न पावललाई सहयोग गरे। (प्रिस्का नामको अर्थ ल्याटिनमा ""पूजनीय"" हो।)",अकिल्ला,,,GC 7/7/2019
t,प्रतिज्ञा,"प्रतिज्ञाहरु, प्रतिज्ञा गरिएको","placing a thing by words / mouth;
tell what one is going to do in the future (G); promise (R);","""प्रतिज्ञा एक राम्रो कार्य हो जुन कसैले पछि गर्ने भन्छ। परमेश्वरले सधैँ आफूले गर्ने वाचा गरेका कुराहरू पूरा गर्नुहुनेछ। परमेश्वरका केही प्रतिज्ञाहरू सशर्त छन्, अर्थात्, तिनीहरूले मानिसहरूलाई पहिले केही गर्न आवश्यक छ। ""यदि तिमीहरूले येशूलाई प्रभु भएको स्वीकार गर्छौ भने तिमीहरू मुक्ति पाउनेछौ।""","करार, शपथ",,,
t,अगमवाणी गर्नु,अगमवाणीहरु,अगम वक्ताको कुरा (R); spoken by God's word (W);,"भविष्यवाणीहरू ती सन्देशहरू हुन् जुन परमेश्वरले कसैलाई अरूलाई भन्नका लागि प्रकट गर्नुभएको छ। केही भविष्यवाणीहरूले पापीहरूलाई पश्चात्ताप गर्न चेतावनी दिन्छ, केही भविष्यवाणीहरूले मार्गदर्शन वा शिक्षा प्रदान गर्दछ, र अन्य भविष्यवाणीहरूले भविष्यका घटनाहरूको भविष्यवाणी गर्दछ। (बाइबलमा सयौँ भविष्यवाणीहरू छन्।)","स्वर्गदुत, प्रचारक, शिक्षक, प्रेरित, अगमवाणी",Allah (not good in PNG),,
t,अगमवाणी,"अगमवाणी गरिरहेको, अगमवाणी गरिएको, अगमवाणीहरु",अगमवक्ताको कुरा(R); परमेश्वरको वचनको छूवाई (W),"भविष्यवाणी गर्नु भनेको परमेश्वरको सहायताले बोल्नु, अरूलाई बलियो बनाउनु, उनीहरूलाई सान्त्वना दिनु, उनीहरूलाई बढ्न मद्दत गर्नु हो। (किनकि भविष्यवाणी गर्नेहरूले गल्तीहरू गर्न सक्छन्, अरूले सत्य र त्रुटि छुट्याउनुपर्छ।)","अगमबक्ता, अगमवाणी","I would remove this: All believers can prophesy (through songs, citing Scripture, teaching, testimonies, teaching and drama.) Allah not  good in PNG. (Hilkka)","1 Corinthians 14:3, 24-26",
t,अगमवक्ता,"अगमवक्तारु, अगमवादिनी","परमेश्वरको वचन भन्ने(G); 
person to whom God gives words (D); 
God's mouth (spokesperson);
a human messenger for God or gods/idols;
way-goer (W); poropet (K)","अगमवक्ताहरू पुरुष वा महिला हुन् जसलाई परमेश्वरले यति उपहार दिएका छन् कि उनीहरूले परमेश्वरबाट सन्देशहरू बोल्छन्। केही हिब्रू अगमवक्ताहरूले पुरानो नियमका पुस्तकहरू लेखे। इसाई अगमवक्ताहरूले सन्देशहरू बोल्छन् जसले अरूलाई आवश्यक हुँदा मद्दत ल्याउँछ। (इसाई अगमवक्ताहरूले गल्ती गर्न सक्छन्, त्यसैले तिनीहरू सिक्न इच्छुक रहनुपर्छ।)","स्वर्गदुत, प्रचारक, शिक्षक, प्रेरित, गमवक्ता, अगमवाणी",,,
t,भजनसंग्रह,"भजनहरु, गीत, कविता",दाउदका गीतहरु (G); ,"भजन हिब्रू भाषामा लेखिएका कविता वा गीतहरू हुन्। प्रायः, भजनको एउटा पङ्क्ति अर्को पङ्क्तिमा विभिन्न शब्दहरू प्रयोग गरेर दोहोऱ्याइन्छ। भजनहरूले प्रशंसा, प्रार्थना, विलाप, श्राप, शिक्षा र भविष्यवाणीहरू व्यक्त गर्न सक्छन्। (यहुदी र इसाईहरूले प्रायः आफ्नो पूजामा भजन गाउँछन्।)",,,,
t,शुद्ध,शुद्धता,"सफा (R); कुनै अशुद्ध व्यवहार (R); 
 परमेश्वरको दृष्टीमा सिधा व्यवहार (K),  यस्मा कुनै फोहोर नभएको (K);",, सफा,,,
t,रब्बि,रहबोनी,"मेरो शिक्षक; शिक्षक (R, W);",रब्बीको अर्थ मेरो गुरु हो। आधिकारिक यहुदी शिक्षकहरूलाई रब्बी वा रेबी भनिन्छ। मेरो गुरु भन्नको लागि अधिक सम्मानजनक तरिका रब्बोनी हुन्थे। इसाई शिक्षकहरूलाई सामान्यतया पास्टर भनिन्छ।,,,,
n,राहेल,,,"राहेलको अर्थ ईवे वा केटी भेडा हो। याकूबका दुई पत्नीमध्ये एकको नाम राहेल थियो। उनी यूसुफ र बिन्यामीनकी आमा थिइन्। मत्ती २:१८ मा, उनको नाम यहूदी मान्छे को सबै आमा प्रतिनिधित्व गर्न प्रयोग गरिन्छ। यर्मिया ३१:१५ मा, इस्राएलका आमाहरूलाई राहेल भनिन्छ, र मत्ती २:१८ मा, बेथलेहेममा आमाहरूलाई राहेल भनिन्छ, जब उनीहरू आफ्ना बन्दीहरू वा मरेका बच्चाहरूका लागि रुन्छन्।",,,GC: Does this capture the point? RRyes,
n,राहाब,,,"राहाब एक कनानी महिला, एक सराय रक्षक र एक वेश्या (सायद एक मूर्तिपूजक मन्दिर वेश्या) थिए जो येशू भन्दा लगभग १४०० वर्ष पहिले यरीहो सहरमा बसिन्। उनले इस्राएलका परमेश्वरमा विश्वास गरिन् जब उनले सुने कि कसरी उनले मिश्रबाट इस्राएलीहरूलाई बचाए, त्यसैले उनले इस्राराएली जासुसहरूलाई यरीहोबाट भाग्न मद्दत गरिन्। राहाब येशूका पूर्वज बने। (राहाब एउटा प्राचीन कनानी देवीको नाम पनि थियो।)",,,,
n,रिबेका,,,रिबेका येशूभन्दा लगभग १८०० वर्ष पहिले बाँचेकी थिइन्। उनी अब्राहामका छोरा इसाककी पत्नी र एसाव र याकूब नामका जुम्ल्याहा छोराहरूकी आमा थिइन्।,,,,
t,लाल सागर,लाल समुन्द्र,लाल समुन्द्र (R);,"रातो/रिड सागर मिश्र र कनान जाने सडकको बिचमा अवस्थित छ। इस्राएलका मानिसहरू फारोको सेनाबाट भागेपछि परमेश्वरले यस समुद्रबाट बाटो खोलिदिनुभयो।
रातो रिड शब्दको गलत हिज्जे हुन सक्छ, किनकि हिब्रूमा यसलाई रिड्सको सागर भनिन्छ।",,,"Red may be a misspelling of the word Reed, since in Hebrew it is called the Sea of Reeds.",
t,क्षेत्र,"क्षेत्र, प्रदेश","जमीन (G);
","एक क्षेत्र वा क्षेत्र एक देश भित्र भूमि को कुनै पनि विस्तृत ठाउँ हो। सीमा, नाम र सरकार परिभाषित गरेको क्षेत्रको एउटा प्रान्त।




","देश,राष्ट, empire, kingdomराज्य",,GC 08-Feb-19,
n,रहबाम,,,"रहबाम राजा सुलेमानका मूर्ख छोरा थिए। सोलोमनको मृत्युपछि रहबाम राजा भए। तर जब उनले कर बढाए र मानिसहरूलाई कठोर व्यवहार गरे, तिनीहरूले विद्रोह गरे, राज्यलाई दुई भागमा विभाजन गरे। रहबामले यरूशलेममा यहूदामाथि शासन गरे, जबकि यारोबाम बाँकी इस्राएलमाथि राजा भए। रहबामको अर्थ मानिसहरूलाई फराकिलो बनाउनु हो।",,,GC 19-Feb-2019,
t,पश्चताप,"फर्किएको, मनपरिवरतन गर्दै, पश्चताप गर्नु","खराब थोकबाट फर्किनु/कार्य र परमेश्वर तिर फर्कनु;
आफुले गरेको गलत कुरादेखी मन दुखाउनु। ती कार्यहरु गर्न रोक्नु (G);
फर्कनु-बारेसोच्नु (R); ","पश्चात्ताप गर्नु भनेको फर्किनु र विपरीत दिशामा सर्नु हो; तपाईँले व्यवहार गर्ने तरिका परिवर्तन गर्नु हो। जब मानिसहरूले पश्चात्ताप गर्छन्, तिनीहरूले परमेश्वरको आज्ञा पालन गर्न आफ्नो विश्वास र कार्यहरू परिवर्तन गर्न छनौट गर्छन्। जब परमेश्वरले पश्चात्ताप गर्नुहुन्छ, उनले पश्चात्ताप गर्ने दुष्टहरूलाई सजाय नगर्ने छनौट गर्छन्, वा आफूले अवज्ञा गर्ने विश्वासीहरूलाई सहयोग नगर्ने छनौट गर्छन्।","क्षमा, स्विकार ",,"Not a difficult concept. In the NT, choosing to be baptized was an act of repentance. ",
t,विश्राम,"आराम गरिएको, विश्राम गर्दै",,"विश्राम भनेको कडा परिश्रम छोड्नु हो। परमेश्वरको व्यवस्थाले सबैलाई विश्रामदिन वा प्रत्येक हप्ताको सातौँ दिनमा विश्राम गर्न आवश्यक बनायो। विश्राम पनि (१) कनानमा इस्राएलको आगमनको प्रतीक हो, र (२) विश्वासीहरूको भविष्यको जीवनको प्रतीक हो जब परमेश्वरले उनीहरूको विश्वास र आज्ञाकारितालाई पुरस्कृत गर्नुहुनेछ।","शबाथ, पर्खाई",,GC 08-Mar-2019,
n,रुबेन,रुबेन,," रुबेन याकूब र लेहाका पहिलो/जेठा छोरा थिए। रुबेन इस्राएलका बाह्र जनजातिहरू मध्ये एकको पूर्वज बने। (रुबेन नामको अर्थ हो, छोरा।)",,,GC 23-Feb-2019,
t,धार्मिक्ता,"धार्मिकता, न्यायी","सत्य हुनु/उचित/ परमेश्वरको दृष्टीमा ठिक हुनु ;
उत्तम (G);सिधा (R, W);
असल एक (G);
","परमेश्वर धर्मी हुनुहुन्छ, किनकि उहाँले सधैँ सही, असल र न्यायपूर्ण कुराहरू गर्नुहुन्छ। येशू धर्मी हुनुहुन्थियो, किनकि उहाँले पूर्ण रूपमा परमेश्वरको आज्ञा पालन गर्नुभयो र कहिल्यै पाप गर्नुभएन्। परमेश्वरले हामी विश्वासीहरूलाई धर्मीको रूपमा गणना गर्नुहुन्छ, किनकि उहाँले हामीलाई हाम्रा सबै पापहरू क्षमा गर्नुहुन्छ र हामीलाई धर्मी येशूको रूपमा स्वीकार गर्नुहुन्छ। (परमेश्वरसँग पूर्ण धार्मिकता छ, जहाँ हामी गणना/प्रतिस्थापन धार्मिकता प्राप्त गर्दछौं।)","न्याय, पवित्र, असल",,,
t,दङ्गा,"उत्पात,दङ्गाफसाद ",,"दङ्गा तब हुन्छ जब भीड वा भिड हिंसात्मक हुन्छ, अरूलाई वा उनीहरूको सम्पत्तिलाई हानी गर्ने प्रयास गर्दछ।",,,,GC 7/7/2019
n,रोम,"रोमीहरु, रोमी",,"रोम इटाली भनिने देशको राजधानी थियो र हो। येशूको समयमा, रोमले संसारको धेरै भाग जितेको थियो। रोमको साम्राज्यले येशूभन्दा लगभग १०० वर्ष अघिदेखि येशूको ७०० वर्ष पछिसम्म धेरै देशहरूमा शासन गऱ्यो। यद्यपि रोमीहरूले हरेक ठाउँमा असल नियमहरू ल्याए, तिनीहरूले भारी करहरू लगाए र सबैलाई आफ्ना देवताहरूको सम्मान गर्न बाध्य पारे। रोमीहरूले आफ्ना राजाहरू/सिजरहरू दैवी देवताहरू हुन् भन्ने विश्वास गर्थे। यहुदीहरूले विशेष गरी रोमीहरूलाई घृणा गरे अनि रोमीहरूले अन्ततः इस्राएललाई नष्ट गरे। रोमले धेरै सडकहरू निर्माण गऱ्यो र देशहरूलाई एकअर्कासँग युद्ध गर्नबाट रोकेको थियो। यसले येशूको बारेमा सुसमाचारलाई ३०० वर्षसम्म धेरै छिटो फैलिन अनुमति दियो।",,,,
n,रुथ,,,रूथ मोआबकी एउटी (अन्यजाति) स्त्री थिइन्। उनी एउटी विधवा थिइन् जसको विवाह नाओमीका दुई छोरा मध्ये एकसँग भएको थियो। रूथ नाओमीसित इस्राएल गइन् जहाँ बोअज नामक एकजना असल मानिसले उनीसँग विवाह गरे। तिनीहरूको छोरा राजा दाऊद र येशूको पूर्वज बन्यो।,,,GC 19-Feb-2019,
t,शबाथ,,विश्राम; काम गर्न रोक्नु; शबाथ दिन (K);,"शबाथ एउटा हिब्रू शब्द हो जसको अर्थ विश्राम वा काम बन्द गर्नु हो। संसार सिर्जना गरेपछि, परमेश्वर (र पछि मोशाको व्यवस्था) ले प्रत्येक हप्ताको सातौँ दिनलाई सामान्य परिश्रम नगरी विश्रामका लागि विशिष्ट रूपमा विश्रामदिनको रूपमा निर्धारण गरे। भोज र चाडपर्वहरू पनि विश्रामदिनका दिनहरू थिए। (येशूको समयमा, यहूदीहरूले विश्रामदिनहरूमा गतिविधि विरुद्ध धेरै नियमहरू थपेका थिए। येशूले प्रायः ती नियमहरू तोडेका थिए।)", आराम,,,
t,बलिदान,"बलिदानहरु, बलिदान गरिएको","offer of a slaughtered animal;
giving your life or goods to another (G);gift that is habitually cooked (R); ","बलिदान भनेको कुनै पनि महँगो चीज हो जुन कसैले मार्छ वा जलाउँछ वा परमेश्वरको सम्मान गर्न (राख्छ/दिन्छ)। यद्यपि मोशाको व्यवस्थाले इस्राएलीहरूलाई पापको मूल्य चुकाउन बलिदान गर्न बाध्य तुल्यायो, परमेश्वरलाई धन्यवाद दिन जो कोहीले पनि बलिदान गर्न सक्थे। (किनकि येशू पापको लागि अन्तिम बलिदानको रूपमा मरेका छन्, इसाईहरूले परमेश्वरको पूजा, प्रशंसा, धन्यवाद र आफ्नै शरीरलाई जीवित पवित्रताको रूपमा प्रस्ताव गर्छन्।)",,,,
n,सदुकी,सदुकी,,"सदूकीहरू धनी, उच्च-वर्गका यहुदीहरू थिए जो यरूशलेम मन्दिरका प्रभारी थिए। तिनीहरू यहुदी धार्मिक नेताहरूको हिस्सा थिए। तिनीहरू मोशाको व्यवस्थामा नभेटिएका नियमहरू पालना गर्ने बारे फरिसीहरूसँग असहमत थिए। (सदूकीहरूले मृतकहरू समयको अन्त्यमा उठ्नेछन् भन्ने विश्वास गर्थे, तर त्यो भन्दा पहिले कोही पनि मृत्युबाट उठ्न सक्ने कुरा अस्वीकार गर्थे।)"," फरिसी,  शास्त्री",This could be removed:  (They also believed that angels exist but denied that angels appeared to humans.) (Hilkka),,
t,सन्त,सन्तहरु,"कोही एक जस्लाई परमेश्वरले शासन गर्नु हुन्छ,कोही एक जस्लाई येशूले शासन गर्नु हुन्छ(G); ", सन्तको अर्थ पवित्र व्यक्ति हो जो येशूमा विश्वास गरेर परेमेश्वरको हो। प्रेरितहरूले प्रायः ईसाईहरूलाई सम्बोधन गर्थे जसलाई उनीहरूले सन्तका रूपमा पत्रहरू लेखे।,"इसाई,  विश्वासी, चेलाह",,GC 08-Feb-19,
n,सामरिया,"सामरिहरु, सामरि",,"सामरिया प्राचीन इस्राएलको उत्तरी क्षेत्र थियो, र पछि रोमको प्रान्त बन्यो। अश्शूरीहरूले येशूभन्दा लगभग ६०० वर्ष अघि सामरियाबाट यहूदीहरूलाई निर्वासित गरेपछि, तिनीहरूले सामरियामा बस्नका लागि मूर्तिपूजकहरूलाई ल्याए। यी सामरीहरूले यहुदी धर्ममा परिवर्तन गरे, तर यहुदीहरूले सामरीहरूलाई कहिल्यै वास्तविक यहुदीहरूको रूपमा स्वीकार गरेनन् किनभने तिनीहरूले अन्यजातिहरूसँग अन्तर्विवाह गरेका थिए र केहीले आफ्ना देवताहरूको पूजा गरे जबकि केहीले इस्राएलका परमेश्वरको पूजा गरे। यहूदियाका यहूदीहरूले सामरीहरूलाई तुच्छ ठाने।",,"Samaritan, member of a community of Jews, now nearly extinct, that claims to be related by blood to those Jews of ancient Samaria who were not deported by the Assyrian conquerors of the kingdom of Israel in 722 bce. (Hilkka)",,
n,शिमशोन,शिमशोन,,"शिमशोन येशूभन्दा लगभग ११०० वर्ष पहिले बाँचे। उनको नामको अर्थ सूर्य हो। उनी परमेश्वरप्रति समर्पित हुनु पर्ने थियो, तर उनी न्यायाधीशहरूको समयमा अवज्ञाकारी नेता थिए। परमेश्वरले शिमशोनलाई ठुलो शारीरिक शक्ति दिनुभयो जसले इस्राएलका धेरै शत्रुहरूलाई मारे। यद्यपि, उनले एक मूर्तिपूजक महिलासँग विवाह गरे जसले उनलाई धोका दिए, जसले उनलाई परमेश्वरको अवज्ञा गर्न र आफ्नो शक्तिको उपहार गुमाउन बाध्य बनायो।",,,,
n,शमूएल,,,शमूएल येशूभन्दा लगभग ११५० वर्ष पहिले बाँचेका थिए। उनको नामको अर्थ परमेश्वरको नाम हो। शमूएल इस्राएलमा एकजना महान् अगमवक्ता बने र उनले नै शाऊल र दाऊदलाई इस्राएलका राजाहरूका रूपमा अभिषिक्त गरे।,,,,
t,पवित्रीकरण,"पवित्रीकरण गरिएको, पवित्रीकरण गर्नु","साँचोरुपमा कसै एकलाई परमेश्वरको आज्ञाकारी हुने बनाउने (G); 
सफा (W);","पवित्रीकरणको अर्थ केही वा कसैलाई बढी पवित्र बनाउनु, वा आफूलाई, केही वा कसैलाई परमेश्वरलाई समर्पित गर्नु हो। परमेश्वरको पवित्र आत्माले इसाईहरूलाई तिनीहरूमा वास गरेर पवित्र पार्छ।","न्यायी, शुद्ध, पवित्र",,GC 15-Feb-2019,
t,न्यायीक सभा,,भेट (R); मानिसहरुको भेट (R); अगुवाहरुको जमघट (W);,"येशूको समयमा, न्यायीक सभा यहूदी धर्म र मामिलाहरूमा ७१ जना मानिसहरूको शासक परिषद थियो। तिनीहरूको नेतृत्व यहुदी प्रधान पुजारीले गरेका थिए। (महासभाले फैसला गर्यो कि येशू मर्नु पर्छ, र पछि पावल मर्नु पर्छ।) (यानहेड्रिनले येशूलाई रोमीहरूलाई क्रूसमा टाँस्नका लागि पठाए।)",,,"In 2018, the Sanhedrin in again active in Israel. ",
n,सफिरा,,,"सफीरा र उनका पति हननिया पहिलो इसाईहरू मध्येका थिए। तिनीहरूले केही जग्गा बेचे र गरिब इसाईहरूलाई सहयोग गर्न पैसाको केही भाग ल्याए। तर जब उनीहरूले जग्गा कति पैसामा बेचेका थिए भनेर झूट बोले, तिनीहरू मरे। (सफीरा नामको अर्थ सफायर, एउटा बहुमूल्य ढुङ्गा हो।)",,,GC 19-Feb-19,
n,सारा,,,"सारा अब्राहामकी पहिलो पत्नी थिइन्। यद्यपि उनी धेरै वर्षदेखि बाँझी थिइन्, परमेश्वरले उनको बुढेसकालमा छोरा जन्माउने वाचा गर्नुभयो। परमेश्वरले उनको नाम साराईबाट सारामा परिवर्तन गरीदिनुभयो, जसको अर्थ विचित्र हुन्छ, जसको अर्थ राजकुमारी हो, पुत्र इसहाकको जन्म हुनु अघि।", साराई,,,
n,साराई,,,साराई अब्राहामकी पहिलो पत्नी थिइन् जो इसहाककी आमा बनिन्। परमेश्वरले साराईको नाम सारामा परिवर्तन गरिदिनु भयो। (सराईको अर्थ झगडा गर्ने हो भने साराको अर्थ राजकुमारी हो।), सारा,,GC 15-Feb-2019,
n,शैतान,दुष्ट ,"दुष्ट(G);
परमेश्वरको शत्रुर;
दुष्ट आत्माहरुको प्रमुख (G);
अरुहरुलाई दोष लगाउने आत्मा;
शैतान (W)","शैतानको अर्थ अपराधी वा विरोधी हो। शैतान एक शक्तिशाली, दुष्ट आत्मा वा शैतान हो जसले मानिसहरूलाई गलत गर्न प्रलोभन दिन्छ, त्यसपछि उनीहरूलाई परमेश्वरको सामु दोष दिन्छ। तर, येशूले विश्वासीहरूलाई परमेश्वरका सामु रक्षा गर्नुहुन्छ। (अन्ततः, येशूले शैतानलाई सदाका निम्ति आगोको तालमा फ्याँक्नुहुनेछ।)"," दुष्ट आत्मा,  बालजिबुल",Seytaane not helpful in PNG.,"In Hebrew, he is ha-satan = the accuser. The Book of Revelation alone makes Satan = Serpent = Dragon = Devil.",
n,शाउल,,,"त्यहाँ शाऊल नामका दुई जना मानिसहरू थिएः (१) एक अग्लो, सुन्दर देखिने मानिस जसलाई इस्राएलले येशूभन्दा ११०० वर्ष पहिले आफ्नो पहिलो राजा बन्न रोजेको थियो। (२) एक यहूदी फरिसी जसले इसाईहरूलाई मार्न खोज्यो। पछि उनी एक इसाई र एक प्रेरित बने, पावल नाम प्रयोग गरेर अन्यजातिहरूमा सुसमाचार लिएर गए। (हिब्रू नाम शाऊलको अर्थ मागेको हो।)",,,GC 08-Mar-2019,
t,उद्धारकर्ता,,"Cause-live One (R); the who saves/delivers (us) (G); 
","परमेश्वर इस्राएलका मुक्तिदाता हुनुहुन्थ्यो, जसले प्रायः उनीहरूलाई उनीहरूका शत्रुहरूबाट उद्धार गर्नुहुन्थ्यो। येशू सबै मानिसहरूका लागि मुक्तिदाता हुनुहुन्छ, जसले शैतानको शक्तिबाट, परमेश्वरको क्रोध र न्यायबाट, अनन्त मृत्युबाट, र नरकबाट, विश्वासका साथ उहाँलाई बोलाउने सबैलाई उद्धार गर्नुहुन्छ। ( नयाँ नियमले भन्छ कि इसाईहरू सुरक्षित छन्।)",,,,
t,राजदण्ड,,"शासन गर्ने दण्ड (G);
",राजदण्ड एउटा दण्ड वा बल हो [राजदण्डमा] जुन राजाहरूले कानुन वा निर्णयहरू गर्दा आफ्नो हातमा समात्छन्। राजदण्ड शाही अधिकारको प्रतीक हो।,,,GC 08-Mar-2019,
t,शास्त्री,शास्त्रीहरु,"मानिसहरुको शिक्षक (G);
cultural law expert;
person who teaches people cultural law; teacher of the laws (R);
an educated person who can write documents/books {for others);
repeater (W)","शास्त्रीहरू ती थिए जसले बाइबलको प्रतिलिपिहरू बनाए, जसले बाइबल अध्ययन गरे, र जसले अरूलाई बाइबल सिकाए। येशू र पृथ्वी मण्डलीको समयमा, धेरै यहूदी शास्त्रीहरूले येशू र उनका प्रेरितहरूको विरोध गर्न फरिसीहरूसँग सामेल भए।","यहुदी धर्म गुरु,  फरिसी, 
 सदुकी",,,
t,चर्मपत्र,चर्मपत्रहरु,"खुल्ला पुस्तक; 
खुल्ला कागज (G);
","चर्मपत्र छालाको लामो टुक्रा (वा प्यापिरस) हो जसमा मानिसहरूले शब्दहरू लेख्छन्। तिनीहरूले यसलाई भण्डारण गर्न चर्मपत्रलाई बे, र यसबाट पढ्नका लागि यसलाई खोल्ने गर्थ्य। पुस्तकहरू एउटा किनारमा एकसाथ बाँधिएका कागजका धेरै साना टुक्राहरू हुन्। चर्मपत्र एउटा पुरानो रूप वा पुस्तक बनाउने तरिका हो। चर्मपत्र एउटा खोल्ने पुस्तक हो। पुस्तक भनेको स्ट्याक गरिएका पृष्ठहरूको समतल चर्मपत्र हो।","बाइबल, बुक",,GC 23-Feb-2019,
t,समुन्द्र,सागर,धेरै पानी/नदि (G); ,पृथ्वीको आधाभन्दा बढी भाग गहिरो नुनिलो पानीले ढाकिएको छ। गहिरो पानीको फराकिलो भागलाई समुद्र वा महासागर भनिन्छ। पुरुषहरूले पानीमा तैरने जहाज भनिने ठुला डुङ्गाहरूमा समुद्र पार गर्न सक्छन्।,"नदी,  पानी",,GC 19-Feb-19,
t,सेप्टुआजिन्ट,,,"सेप्टुआजिन्ट, जसको अर्थ ७० हो, पुरानो नियम हो जुन ग्रीकमा अनुवाद गरिएको छ। येशूको लगभग ३३० वर्ष पहिले, ग्रिकहरूले इस्राएल र मिश्रलाई जितेका थिए जहाँ धेरै यहुदीहरू बसोबास गर्थे। जब यहुदीहरूले ग्रिक बोल्न थाले, तिनीहरूमध्ये ७० जनाले पुरानो नियमलाई हिब्रूबाट ग्रिकमा अनुवाद गरे। (नयाँ नियमले प्रायः हिब्रूको सट्टा सेप्टुआजिन्टका पदहरू उद्धृत गर्दछ।)",,,"That is more or less the tradition. Reality may be a little different, for there were also other Greek translations of the Tanakh.",
t,नोकर,नोकरहरु,एक जो अरु कशैको लागी काम गर्छ (G); ,"एकजना सेवकले अरू कसैलाई सहयोग गर्छ वा काम गर्छ। सेवकहरू (१) तलबका लागि काम गर्ने मानिसहरू हुन सक्छन्, (२) बन्दी दास वा ऋणी हुन सक्छन् जो कुनै तलबका लागि काम गर्न बाध्य छन्, (३) आफ्नो मालिकका लागि स्वतन्त्र रूपमा काम गर्ने मानिसहरू हुन सक्छन् किनभने उनीहरूले उनीहरूलाई माया गर्छन्। शक्तिशाली मानिसका लागि काम गर्ने सेवकहरू गरिब मानिसहरू भन्दा बढी महत्त्वपूर्ण थिए जो सेवक थिएनन्। अगमवक्ताहरू र इसाईहरूलाई प्रभुको सेवक भनिन्छ किनभने तिनीहरूले स्वतन्त्र रूपमा प्रभुको सेवा गर्छन् जो तिनीहरूको मालिक हो।", दास,,GC 07-Feb-19,
t,लाज,"लजित, लाजहुनु, लाजपुर्ण","be ashamed (G); 
",लाज एक भावना वा भावना हो जुन अपराध बोधबाट आउँछ। अरूलाई लज्जित गर्नु भनेको उनीहरूले गरेका खराब कार्यहरू बताउनु हो। मानिसहरूले लाज वा लाज महसुस गर्छन् जब उनीहरूले केही गलत गरेनन् वा जब तिनीहरू गलत वा नराम्रो साबित हुन्छन्। येशूले हाम्रो लाज हटाउनका लागि मर्नुभयो ताकि हामी पूर्वनिर्धारित र प्रिय महसुस गर्न सकौं।,"दोश, क्षमादिनु",This is true in guilt culture:Humans feel shame or ashamed when they strongly wish they had not done something wrong.  BUT in shame culture people feel shame when they lose face/are proved wrong/bad.,GC 23-Feb-2019,
n,शेकेम,,,"शकेम नामक एक दुष्ट व्यक्तिले याकूबकी छोरी दिनालाई बलात्कार गरेपछि, उनका भाइहरूले उनलाई मारे।
कनानीहरूको एउटा कुललाई शकेम भनिन्थ्यो।
त्यहाँ शकेम नामको एउटा सहर थियो जुन इस्राएलका सातवटा ""शरणका सहरहरू"" मा परिणत भयो जहाँ अभियुक्त हत्याहरू सुरक्षाका लागि भाग्न सक्थे।
(शकेम नामको अर्थ जीवन हुन सक्छ।)",,,GC 19-Feb-19,
t,भेडा,,"sipsip (K); sip (R); deer-like animal (G); 
","भेडा कुकुरभन्दा ठुला शान्त र लाजालु स्वभावका जनावर हुन्। तिनीहरू बाख्रा जस्तै हुन्छन् तर मोटो पुच्छर हुन्छ। तिनीहरू बगाल वा गोठमा बस्छन् र लामो कपाल/फर/ऊन बढाउँछन्। मानिसहरूले भेडापालनन् गर्छन्, कपडा बनाउन तिनीहरुको ऊन काट्छन्, र कहिलेकाहीँ तिनीहरूको मासु खान्छन्। इस्राएलीहरूले प्रायः परमेश्वरको उपासना गर्न भेडाहरू बलि चढाउँथे। नर भेडालाई राम भनिन्छ।  भेडीलाई इव भनिन्छ। भेडाको बच्चालाई थुमा भनिन्छ।  बप्तिस्मा दिने यूहन्नाले येशूलाई परमेश्वरको थुमाको नाम दिए। येशूले आफूलाई गोठालो भन्नुभयो र हामीलाई आफ्ना भेडाहरू भन्नुभयो।","गोठालो, बाख्रा",,Sheep herding folk will chuckle at this.,
t,गोठालो,गोठालोहरु,"one who takes care of sheep (G); एक जस्ले भेडाहरुको हेरचाह गर्छ
","भेडा वा बाख्राको नेतृत्व गर्ने र सुरक्षा गर्नेहरूलाई गोठालाहरू भनिन्छ। येशूले आफूलाई हाम्रो असल गोठालो भन्नुहुन्छ, किनकि उहाँले हामीलाई परमेश्वरकहाँ लैजानुहुन्छ र हाम्रो हेरचाह गर्नुहुन्छ।"," भेडा, बाख्रा",,GC 23-Feb-2019,
n,शिलोह,,,"शीलोह सामरिया प्रान्तको एउटा पुरातन पर्खालले घेरिएको सहर थियो, जहाँ इस्राएलीहरूले आफ्नो पुरानो उपासनाको तम्बु राखेका थिए। धेरै इस्राएलीहरूले परमप्रभुको उपासना गर्न शीलोहको वार्षिक तीर्थयात्रा गरे।




",,,,GC 7/7/2019
n,शिलोह,,,"शीलो यहूदा प्रान्तको एउटा सहर थियो जहाँ इस्राएलका मानिसहरू कनानमा बसोबास गरेपछि करारको सन्दुकसहित पुरानो उपासना तम्बू राखिएको थियो। अगमवक्ता शमूएल शीलोबाट आएका थिए।




",,,GC 07-Feb-19,
t,पानी जहाज,जहाजहरु,"big canoe (G);
","जहाजहरू धेरै ठुला डुङ्गाहरू हुन् जसले यात्रु र कार्गो लामो दूरीसम्म बोक्छन्, र समुद्र वा फराकिलो तालहरूमा यात्रा गर्छन्।","जिर्ण, डुङ्गा",,GC 19-Feb-19,
n,सिदोन,,,"सीदोन एक धनी, मूर्तिपूजक, शत्रु शहर थियो, समुद्र नजिकै, इस्राएलको उत्तरमा, जहाँ तिनीहरूले अन्य देवताहरूको पूजा गर्थे। दुष्ट रानी ईजबेल सीदोनबाट आएकी थिइन्। एक पटक येशू एकजना विधवा र उनकी एउटी छोरीलाई सहयोग गर्न त्यहाँ जानुभएको थियो। (सिदोन नामको अर्थ माछाको सहर हो।) ",,,GC 19-Feb-2019,
n,सिन,सिय्न,,सिन एउटा उजाडस्थानको नाम थियो जहाँ इस्राएलीहरू मिश्रबाट निस्केपछि धेरै महिनासम्म बसे।,,,What they ate there can be learned from the story.,
n,सिलास,,,"सिलास यरूशलेमबाट आएका थिए। उनले पावलसँग धेरै सहरहरूमा यात्रा गरे जहाँ तिनीहरूले नयाँ मण्डलीहरू स्थापना गरे (प्रेरित १५,१६,१७,१८) (सिलास नामको अर्थ ""वनपाल"" हो।)",,,,GC 7/7/2019
t,चाँदी,,"कडा मह (G); 
","चाँदी एक चम्किलो, महँगो धातु हो जुन कप, भाँडा, कचौरा र पैसाको सिक्का बनाउन प्रयोग गरिन्छ।", सुन,,GC 19-Feb-2019,
n,सिमोन,सिमियोन,,"सिमोन नामका धेरै मानिसहरू थिए, अर्को तरिका भनेको नाम सिमोन हो। प्रेरित पत्रुसलाई सिमोन र केफास भनिन्थ्यो।",,,GC 08-Mar-2019,
t,पाप,"पाप गराइ, पापहरु,  पाप गरिएको,  दुष्टता,  दुष्ट, "," खराब गराई/सोचाई सोचाइ; खराब व्यबहार (R);
( परिणाम मा) दोष;
परमेश्वरलाई मन नपर्ने काम गर्नु/चाहनुt;
खराब गर्न जानु/गलत बाटोहरु;
परमेश्वरको दृष्टिमा खराब गर्नु (G);
खराबकुराहरु (G); 
","परमेश्वरलाई अप्रसन्न पार्ने प्रत्येक मानव कार्य पाप हो। परमेश्वरको व्यवस्था उल्लङ्घन गर्ने पापहरू अपराध हुन्। मानव कानुन उल्लङ्घन गर्ने पापहरू अपराध हुन्। बाल्यकालमा बाँच्ने सबै मानिसहरूले पाप गर्छन्। जब कुनै व्यक्तिले परमेश्वरको कुनै पनि आज्ञा तोड्छ, त्यो पाप हो। चाहे त्यो मानिसको नजरमा सानो होस् वा ठुलो, यो अझै पनि परमेश्वरको नजरमा पाप हो। (किनकि येशू हाम्रा पापहरूका कारण आफ्नो क्रूसमा मर्नुभयो, परमेश्वरले हाम्रा सबै पापहरू क्षमा गर्न सक्नुहुन्छ।




", उचित,,,
n,सिनै,"सिनै पहाड, पहाड सिनाई।",,"परमेश्वरले मोशालाई अरबको सिनै नामक पर्वतमा भेट्नुभयो, जहाँ परमेश्वरले ढुङ्गामा दस आज्ञा लेख्दिनुभएको थियो, र इस्राएलीहरूसँग एउटा करार गर्नुभएको थियो।",,,Some researchers now believe that Sinai is Jebel-Musaa (Mt. Moses) in Saudi Arabia.,
n,सिसेरा,,,"सीसरा एक कनानी सेनाका सेनापति थिए जसले दबोरा न्यायाधीश हुँदा इस्राएलीहरू विरुद्ध लडे। जब सीसरा भाग्यो र एक महिलाको तम्बूमा लुक्यो, उनले उसलाई मारीन्। उनको नाम जाएल थियो।",,,,GC 7/7/2019
t,दास,"दास, स्थायी दास","एक व्यक्ति जस्ले पैसा विना काम गर्छ/विना भुक्तानी(G); 
","पुरातन समयमा, धेरैजसो कुट्रीहरूमा दुई प्रकारका नागरिकहरू थिएः स्वतन्त्र मानिसहरू जो अर्को मानिससँग सम्बन्धित थिएनन्, र दास वा दासहरू जो अरू कसैसँग सम्बन्धित थिए जसलाई उनीहरूले तलब बिना सेवा गरे। केही दासहरू युद्ध बन्दी थिए, अरूलाई दास बनाइयो किनभने उनीहरूले आफ्नो ", नोकर,increase cell size to show the definition.,GC 07-Feb-19,
t,सर्प,"सांप, सर्पहरु,  सर्पहरु",,"सर्प लामो, पातलो जनावर/जनावर हो जसको खुट्टा वा खुट्टाहरु हुँदैन। केही सर्पले अन्य जनावरलाई विषले फालेर मार्छन्। अरूले आफूलाई अर्को जनावरको वरिपरि लपेटेर निचोडेर मार्छन्।",अजिङ्गर,,GC 15-Feb-2019,
n,सदोम,सदोमीहरु,," सदोम त्यो सहरको नाम थियो जहाँ लोत र उनको परिवार गमोराह नामक सहर नजिकै बस्थे। सदोम र गमोराका मानिसहरूले भयानक यौन पापहरू गरे। यस कारणले गर्दा, परमेश्वरले यी सहरहरूलाई आगोले नष्ट गरे।",,,,
n,सोलोमन,,,"सोलोमन, जसको नामको अर्थ शान्ति हो, राजा दाऊदका छोराहरू मध्ये एक थिए। बतशेबा सोलोमनकी आमा थिइन्। दाऊदपछि सोलोमन राजा भए, र उनले नै यरूशलेममा परमेश्वरको पहिलो मन्दिर निर्माण गरे। सोलोमनले आफूलाई परमेश्वरको सामुन्ने नम्र तुल्याएपछि परमेश्वरले उनलाई बुद्धिमान र अत्यन्त धनी बनाउनु भएको थियो। (यद्यपि, पछि सोलोमनले धेरै पत्नीहरूसँग विवाह गरेर र उनीहरूलाई मूर्तिपूजक देवताहरूको पूजा गर्न अनुमति दिएर पाप गरे।)",,,,
t,परमेश्वरको पुत्र,परमेश्वरको पुत्र,"God in human form; Child of God (R, W);
a man who is God; God!;
God's Son (G) (Mark 15:39);
","इस्राएलमा, परमेश्वरले राजाहरूलाई आफ्ना छोराहरू र आफूलाई तिनीहरूको पिता भन्नुहुन्थ्यो। यसरी, 'परमेश्वरको पुत्र' राजाहरूका लागि उपाधि बन्यो, र 'परमेश्वरको पुत्र' मसीहा वा ख्रीष्ट भनिने महान राजाको उपाधि बन्यो। (नयाँ नियमले येशू परमेश्वरको पुत्र हुनुहुन्छ र येशू मानव शरीरमा जन्मेका परमेश्वर हुनुहुन्छ भनेर प्रकट गर्दछ।)","मानिसको पुत्र,  मसिह",,"GC: Theologians go through all kinds of contortions to make biblical titles fit their metaphysical speculations. Whilst Jesus is truly human and well as truly God, that is not the main purpose of the title.",
t,मानिसको पुत्र,मानिसको पुत्र,"son of a human; Child of Man (R);
Man's Son (G); 
the Human One;
the Heavenly Man;","अगमवक्ता दानियलले एकपटक स्वर्गमा 'मानिसको पुत्र' जस्तो देखिने, संसारका सबै राष्ट्रहरूमाथि परमेश्वरबाट ठुलो अधिकार भएको व्यक्तिको दर्शन देखेका थिए। उहाँको भावी राज्य र शासन कहिल्यै अन्त्य हुने छैन वा नष्ट हुने छैन। येशूले प्रायः आफूलाई मानिसको पुत्र भन्नुहुन्छ, ताकि उहाँ आफै दानियलको दर्शनमा मानिस हुनुहुन्छ जो स्वर्गबाट मानव शरीरमा आउनुभएको छ भनेर सिकाउनु भयो। (प्रकाशको पुस्तकले येशूलाई धेरै पटक विश्वासीहरूको बीचमा मानिसको पुत्र र काट्ने वा कटनी गर्नेको रूपमा वर्णन गर्दछ।","परमेश्वरको पुत्र,  मसिह
",,"GC: Theologians go through all kinds of contortions to make biblical titles fit their metaphysical speculations. Whilst Jesus is truly human and well as truly God, that is not the main purpose of the title.
GC: Smoothed out the syntax a bit.",
t,भाला,,"long arrow (G);
",भालाहरु हतियारहरू हुन् जसमा लामो काठको शाफ्ट र धारदार बिन्दु हुन्छ। सिपाहीहरूले युद्धमा शत्रुहरूमाथि भाला फ्याँक्ने वा फ्याँक्ने गर्थे।,,,GC 08-Mar-2019,
t,आत्मा,"आत्माहरु, आत्मा,  आत्माहरु",creature (W);,"आत्माहरू जीवित प्राणीहरू हुन् जुन हामी मानिसहरूका लागि अदृश्य छन्। परमेश्वर अनन्त आत्मा हुनुहुन्छ। अन्य आत्माहरू परमेश्वरद्वारा सिर्जना गरिएका तल्लोतहका आत्माहरू हुन्। स्वर्गदूत र दुष्ट आत्माहरू आत्मा हुन्। प्रत्येक मानिस आत्मा र दृश्य शरीर दुवै हुन्। जब मानिस मर्छ, तिनीहरूको आत्मा बन्छ, जबसम्म यसले नयाँ शरीर पाउँदैन।"," दुष्ट आत्मा, angelस्वर्गदुत",Other gods -> Other spirits,GC 23-Feb-2019,
t,लठ्ठि,लठ्ठिहरु,,"लौरो हिँड्दा समात्ने बलियो काठको लठ्ठि हो, जसले रक्षात्मक हतियारको रूपमा काम गर्न सक्छ।",,,,GC 7/7/2019
n,स्टेफनस,,,"स्टेफन पहिलो इसाईहरू मध्ये एक थिए जो पवित्र आत्माले भरिएको (राम्रोसँग नियन्त्रित) एक बुद्धिमान अगुवाको रूपमा परिचित थिए। उनले अरूलाई खाना बाँडे, र साहसपूर्वक येशूको बारेमा बोले। जब उनले केही यहुदी नेताहरूलाई आफ्नै पापको सम्झना गराए, उनीहरूले उनलाई ठुला ढुङ्गाले प्रहार गरेर मारे। (स्टिफन नामको अर्थ मुकुट हो।)",,He served food to others -> He distributed food to others,GC 19-Feb-2019,
t,कडा पिया,अलकोहल,"fermented manioc juice, any drink that causes drunkenness (G);
crazy water (U); ",कडा पेय कुनै पनि तरल पेय हो जसमा रक्सी समावेश हुन्छ।,"वियर, दाखमध्य, ",other language: crazy water (urt),GC 15-Feb-2019,
t,गन्धक,गन्धक,सल्फा(K),सल्फर पहेँलो रङको पदार्थ हो जुन उज्यालो ज्वाला र कडा गन्धले जलन्छ। यसलाई कहिलेकाहीँ गन्धक भनिन्छ।,,,,
t,तरवार,तरवारहरु,"लामो चक्कु/लामो ब्लेड (G);
"," तरवारहरू बलियो, लामो चक्कुहरू हुन् जसलाई सिपाहीहरूले युद्धमा लड्न प्रयोग गर्थे। तरवार युद्ध गर्ने र अपराधीहरूलाई सजाय दिने राजाको शक्तिको प्रतीक पनि हो।",,,GC 08-Mar-2019,
t,अञ्जीरको रुख,,"अञ्जीरको रुख; रुख (R);
फलरुख",साइकामोर एक प्रकारको अन्जीर (फल) रूख हो। यसमा फराकिलो शाखाहरू छन् जुन चढ्न सजिलो छ र प्रायः यात्रुहरूलाई छाया प्रदान गर्न सडक किनारमा रोपिएको थियो। यसको काठ इन्धन र फर्निचरका लागि प्रयोग गरिन्थ्यो।,,,,
t,सभाघर,,"धोषणा गर्ने भवन;
यहुदीहरु एक ठाउँमा जम्मा हुने स्थान / जम्मा हुने स्थान(G);
आराधना गर्ने घर(R); ","सभाघरको अर्थ सँगै आउनु हो। सभाघरहरू धार्मिक सभा घरहरू हुन् जहाँ यहुदीहरू बाइबल पढ्न, एकअर्कालाई सिकाउन, प्रार्थना गर्न र परमेश्वरको आराघना गर्न भेला हुन्छन्। (इसाई सभा गर्ने ठाउँहरूलाई मण्डली वा चर्च भनिन्छ।)"," मन्दिर,  वेदी",Christian synagogues -> Christian meeting places,,
n,सिरियाली,"सिरिया, सिरियालीहरु",,"सिरिया इस्राएलको उत्तर-पूर्वमा रहेको देश थियो र अझै पनि छ। सिरिया र इस्राएलल प्रायः एकअर्काविरुद्ध युद्धमा गए, र तिनीहरू अझै पनि गर्छन्। अगमवक्ता एलीशाले उनलाई कुष्ठरोगबाट निको पारेपछि नामान नामक एक सिरियाली सैन्य अधिकारीले परमप्रभुलाई मार्न थाले।",,,GC 07-Feb-19,
t,सन्दूक,"पवित्र पाल, भेटहुने पाल,जम्मा हुने पाल","skin/leather house of God;
house-like building (not made of durable material) (G); 
skin prayer-tent; house of canvas (ie tent) (R); ","वासस्थानको अर्थ ठुलो वासस्थान हो। परमेश्वरले प्राचीन इस्राएलीहरूलाई एउटा सुन्दर, पोर्टेबल बासस्थान निर्माण गर्न आदेश दिए, ताकि उनको उपस्थिति तिनीहरूसित बस्न र छाउनी लगाउन सकियोस्। साथै तिनीहरूले उजाडस्थानमा यात्रा गर्दा राम्ररी उहाँको आराधना गर्न सकून्। (सोलोमनले यरूशलेममा मन्दिर निर्माण गरेपछि, बासस्थानको अब आवश्यकता थिएन; मन्दिरले बासस्थानलाई प्रतिस्थापन गऱ्यो। येशूले बासस्थान र मन्दिर दुवैलाई प्रतिस्थापन गर्नुभयो।)"," मन्दिर, 
 सभाघर",,Explicitating the materials might make the word impossible to translate.,
n,ताबोर,ताबोर पहाड,,"ताबोर उत्तरी इस्राएलको एउटा पर्वत हो। यसले केही इस्राएली जातिहरू बिचको सीमाहरू चिह्नित गऱ्यो।




",,,GC 07-Feb-19,
n,तामार,,, तामार राजा दाऊदकी छोरी र दाऊदको छोरा अबशालोमकी बहिनी थिइन्।,,,GC 08-Mar-2019,
t,करउठाउनेहरु,करउठाउनेहरु,ones who get/carry fees (R); taxer (W);,"रोमीहरूले इस्राएल कब्जा गरेपछि, तिनीहरूले यसलाई यहूदिया भनेर बोलाए र सबैमाथि भारी कर लगाए। केही यहूदी/यहुदीहरूले रोमीहरूका लागि कर सङ्कलन गरे, पैसाको केही भाग आफ्ना लागि राखे। अधिकांश मानिसहरूले कर सङ्कलन गर्नेहरूलाई पापी भन्दै घृणा गर्थे।",,,,
t,शिक्षा,"शिक्षक, शिक्षा दिदै, शिक्षा दिएको, शिक्षादिनु,तालिम",make read (W);,"""सिकाउनु वा तालिम दिनु भनेको अरूलाई उपयोगी वा साँचो कुरा बताउनु हो जबकि तिनीहरूलाई त्यो सत्यलाई कसरी पालन गर्ने वा लागू गर्ने भनेर देखाउनु हो। येशूले आज्ञा दिनुभयोः ""जाऊ अनि अरूलाई मेरा आज्ञाहरू पालन गर्न सिकाउ।""




","preach, prophet",,GC 15-Feb-2019,
t,मन्दिर,"मन्दिरहरु,
परमेश्वरको भवन,
परमेश्वरको घर","big house/building of God (G); 
house of God;
meeting place for God and people;
big/primary worship house/place (P); house of giving (K); inside the fence of the house of giving (K); magnify-place (W);","मन्दिर परमेश्वर (प्रभुहरु) र मानिसहरू भेट्ने ठाउँ हो। यहुदीहरूका लागि, यरूशलेममा अवस्थित एउटा मात्र मन्दिर थियो। यहीँ तिनीहरूको ईश्वरको उपासना केन्द्रीकृत थियो। ऐतिहासिक रूपमा, त्यहाँ केवल केही [यहूदी] मन्दिरहरू छन्ः (१) उजाडस्थानमा मोशाले बनाएको छालाको तम्बू वासस्थान; (२) यरूशलेममा राजा सोलोमनले बनाएको भव्य ढुङ्गा र सुनको मन्दिर र बेबिलोनले नष्ट गर्यो; (३) नहेम्याह र जरूब्बाबेलको अधीनमा यरूशलेम शहरसँगै सानो मन्दिर पुनर्निर्माण गरियो र त्यसपछि राजा हेरोदले येशूको जन्म हुनु अघि विस्तार गरे। यो मन्दिर रोमीहरूले ७० ए.डि. मा नष्ट गरेका थिए। (४) येशूको शरीर एउटा ""मन्दिर"" (ईश्वर र मानवजातिको मिलन भएको ठाउँ) थियो। (५) नयाँ नियमले सिकाउँछ कि मसीहीहरू अब परमेश्वरको मन्दिर हुन्, किनकि तिनीहरूमा उहाँको आत्मा वास गर्दछ।
मन्दिरहरू मूर्तिपूजक देवताहरूको मूर्तिहरूका लागि घरहरू हुन्।




","सभाघर,  वेदी",Hilkka: move this sentence to the end: Temples are houses for idols of pagan gods.... Start with: Temple is the place where…,"GC 11-Mar-2019
Shortened edit.","Temples are houses in which people pray to their gods and offer sacrifices. Pagans set up idols in their temples. God told the Israelites to set up a portable tent. Later God ordered Solomo to build a temple at Jerusalem. After the Israelites brought pagan idols into God's temple, he sent the Babylonians to destroy that first temple. Jesus body was a temple. After Israel crucified Jesus, God sent Roman armies to destroy their second temple. Since then, God says that Christians are his temple, because the Holy Spirit dwells in them."
t,धन्यावाद,"धन्यावादी, कृतज्ञताl, आभार","to tell someone something they have done is good (G); 
be happy with someone (because they gave you something) (U); ","कसैलाई धन्यवाद दिनु भनेको व्यक्तिहरूले तपाईँका लागि के राम्रो काम गरेका छन् भन्ने कुरा बताउनु हो। पूरानो करारमा, विश्वासीहरूले परमेश्वरलाई उपहार दिएर धन्यवाद दिन्छन्; नयाँ करारमा हामी परमेश्वरलाई उहाँका असल कार्यहरू सुनाएर धन्यवाद दिन्छौँ।","प्रशसा, आदार",be happy with someone (because they gave you something (urt)),"GC 23-Feb-2019 (In the NT, grace and thanks are the same Greek word.)",
t,सिंहासन,राजाको राजगद्धी,"sitting place of the leader (G); 
","सिंहासन एउटा कुर्सी थियो जसमा राजाहरू महत्त्वपूर्ण मामिलाहरू निर्णय गर्दा बस्छन्। सिंहासन पनि एउटा प्रतीक हो जसको अर्थ राजत्व वा राजासँग भएको अधिकार हो। स्वर्गको सिंहासनको अर्थ स्वर्ग र पृथ्वीमा शासन गर्ने परमेश्वर हो।




","राज्य, साम्राज्य,  प्रदेश, भुमी",,GC 07-Feb-19,
n,तिमोथी,,,"तिमोथी एसिया माइनरका थिए। जब उनी जवान थिए, उनले पावलसँग धेरै शहरहरूमा यात्रा गरे जहाँ उनीहरूले नयाँ मण्डलीहरू सुरु गरे (प्रेरित १६,१७,१८,१९,२०) पछि पावलले तिमोथीलाई पत्रहरू लेखे, मण्डलीहरू कसरी पालन गर्ने भनेर निर्देशन दिए। (तिमोथी नामको अर्थ ""परमेश्वरको आदर"" हो।)",,,,GC 7/7/2019
n,तितस,,,"तीतस पावलको साथमा क्रेट गए जहाँ तिनीहरूले मण्डलीहरू सुरु गरे। जब पावल गए, तीतस मण्डलीका नयाँ नेताहरूलाई तालिम दिन त्यहाँ बसे। पछि, पावलले उनलाई एउटा पत्र लेखे।",,,,GC 7/7/2019
t,चिहान,"चिहानहरु, समाधि",rock hole (G),"चिहान एउटा गुफा हो जहाँ शवहरू गाड्नका लागि राखिएको थियो। यहुदीहरूले आफ्ना मृत मानिसहरूलाई चिहानमा गाडे, त्यसैले चिहान उनीहरूको चिहान हो।",,,,
t,शहर,गाउँ,"town (G); 
",गाउँ वा सहर भनेको त्यस्ता अन्य समूहहरूबाट अलग पारिवारिक घरहरूको सानो समूह हो। गाउँ वा सहर सहरभन्दा सानो समूह हो। , शहर,,GC 08-Feb-19,
t,ढुकुटी,ढुकुटीहरु,,खजाना भनेको पैसा वा महँगो वस्तुहरू एकै ठाउँमा राख्नु हो।,,,,
n,उज्जाह,,,"राजा दाऊदले करारको पेटी कब्जा गरिसकेपछि यरूशलेममा लैजानका लागि गोरुगाडीको व्यवस्था गरे। (यो करारको पेटी बोक्नका लागि परमेश्वरले निर्दिष्ट गरेको तरिका थिएन।) जब गोरुहरू अड्किए, उज्जाहले बक्सलाई स्थिर गर्न आफ्नो हात बक्समा राखे। तुरुन्तै, प्रभुको आगोले उज्जाहलाई मारे, किनकि परमप्रभुले कसैलाई पनि पेटी छुन निषेध गर्नुभएको थियो। (उज्जा नामको अर्थ बल हो।)",,,,
n,वश्ती,,,रानी वश्ती पर्सियाका राजा जेर्क्सिसकी पहिलो पत्नी थिइन्। राजाले उनलाई पदच्युत गरे र एस्तरलाई आफ्नो नयाँ रानी बनाए। (फारसी नाम वश्तीको अर्थ सुन्दर हो।),,,GC 08-Mar-2019,
t,दाखरुख,"दाखरुख, दाखबारी, दाखरुख, दाखरुखहरु",,"दाख एउटा बोट हो जसले अङ्गुर भनिने फल फलाउद छ। दाखबारी एउटा बगैँचा हो जहाँ तिनीहरूले अङ्गुरका बिरुवाहरू उमार्छन्। मानिसहरूले ढुङ्गाको बाड़ले दाखबारीहरूको रक्षा गरे अनि तिनीहरूको सुरक्षा गरे। बाइबलमा, परमेश्वरले इस्राएललाई आफ्नो दाखबारी भन्नुभएको छ, र येशूले आफूलाई दाखको बोट र आफ्ना चेलाहरुलाई दाखका हाँगाहरू भन्नुहुन्छ।","अङ्गुर,  दाखमध",,,
t,कन्या,कुमारी,केटी (W);,"कुमारीहरू पुरुष वा महिला हुन्, जवान वा वृद्ध, जसले कसैसँग कहिल्यै यौन सम्बन्ध राखेका छैनन्। राजाको दरबारमा कुमारीहरू राजाकी पत्नी वा उपपत्नी बन्ने प्रतीक्षामा रहेका युवतीहरू हुन्थे।"," महिला, पत्नी",,GC 07-Feb-19,
t,दर्शन,दर्शन,"to see as in a dream (G); what appeared (W);
","दर्शन एउटा सपना हो जुन कसैले नसुतकै समयमा देख्छ। दर्शनमा, कसैले व्यक्ति वा चीजहरू देख्न सक्छ जुन सामान्यतया अदृश्य हुन्छन्। दानियल र प्रकाशको पुस्तकले भविष्यका घटनाहरूको बारेमा धेरै दर्शनहरू वर्णन गर्दछ। प्रेरित पावलले येशूलाई धेरै दर्शनहरूमा देखे।", सपना,,GC 07-Feb-19,
t,पर्खनु,"पर्खिएको, पर्खनु, पर्खिदै",,अरूलाई पर्खनु भनेको तिनीहरू नआउन्जेल तपाईँ जहाँ हुनुहुन्छ त्यहीँ बस्नु हो। कुनै कुराको लागि पर्खनु भनेको त्यो नभएसम्म हेरिरहनु हो। येशू फर्कने पर्खाइ गर्नु भनेको उहाँलाई प्रसन्न पार्ने तरिकामा बाँच्नु हो ताकि उहाँ आउनुहुनेछ भन्ने आशामा उहाँले हामीलाई इनाम दिनुहुनेछ।, आराम,,GC 23-Feb-2019,
t,दुष्ट,दुष्टता,चलाख (W);,.दुष्टता नराम्रो हो जसले हानि पुऱ्याउँछ। दुष्ट मानिसहरू ती हुन् जसले अरूलाई हानि पुर्याउँछन् किनभने उनीहरूले परमेश्वरका नियमहरू बेवास्ता गर्छन्।,,,GC 15-Feb-2019,
t,श्रिमति,पत्नीहरु,"one whom he has/is-with (G);
lady (W);","पत्नी भनेको एउटी महिला हुन जसले पुरुषसँग विवाह गर्छिन्। धनी पुरुषका एकभन्दा बढी पत्नी हुन सक्छन्। राजाकी पहिलो पत्नीलाई रानी भनिन्छ। उनको विवाहको दिन, पत्नीलाई दुलही भनिन्छ। पत्नीहरू बाहेक, राजाहरूका उपपत्नीहरू पनि हुन सक्छन् जसका छोराहरू राजा बन्न सक्दैनन्।","रखेल, महिला, कुमारी",,GC 08-Mar-2019,
t,उजाडस्थान,मरुभूमि,,"उजाडस्थानले भूमि वा क्षेत्रहरूलाई वर्णन गर्दछ जहाँ मानिसहरू सामान्यतया बस्दैनन् किनभने यो धेरै सुख्खा र उजाड, जङ्गली क्षेत्र हो।",,,,GC 7/7/2019
t,दाखमध,,"fermented maioc juice, any drink that causes drunkenness (G);
",अङ्गुरबाट प्रशोधित किण्वित रस (दाखरस समावेश गर्दछ) प्रायः पानीसँग पातलो हुन्छ। यहुदीहरूले विवाहमा र उनीहरूको वार्षिक निस्तारपर्बको भोजमा पाहुनाहरूलाई दाखरस पिउँथे। प्रभुको रात्रिभोजमा खाइने दाखरसले येशूको मृत्युको सम्झना गराउँछ।,"बीयर, अलकोहोल कडा पिय, दाखरस","Juice from grapes , often diluted with water. When fermented, wine contains alcohol. -> Fermented juice from grapes (contains alcohol),  often diluted with water. ",GC 07-Feb-19,
t,स्त्री,महिलाहरु,,महिलाहरू स्त्री मानिसहरू हुन्। परमेश्वरले पुरुष र महिलाहरूलाई विवाहमा र पृथ्वीको हेरचाहमा समान साझेदारका रूपमा सृष्टि गर्नुभयो। विवाहित महिलालाई पत्नी भनिन्छ। आफ्नो मालिकका कारण सन्तान जन्माउने दास महिलालाई उपपत्नी भनिन्छ। यदि उनले यौन सम्बन्ध राखेको छैन भने विवाह अघि एउटी युवतीलाई कुमारी भनिन्छ।,"पत्नी, रखेल, कुमारी", a young woman is called a virgin if she is has not had sex and is not pregnant. ->  a young woman is called a virgin if she has not had sex. ,GC 08-Mar-2019,
t,संसार,,atmosphere / cosmos; संसार(R); addina (W from Ar);," संसारको कहिलेकाहीँ अर्थ (१) भौतिक पृथ्वी जसमा सबै प्राणीहरू बस्छन् हुन्छ।
अन्य समयमा संसारको अर्थ (२) राष्ट्रहरू र सरकारहरू जसले परमेश्वरको विरुद्ध विद्रोह गर्छन्।
","पृथ्वी, स्वर्ग",,,
t,आराघना,,"calling on / praying to God; worship (R);
praising God;
giving God honor;
bowing (hitting knees on ground or breaking leg joints) before God;
doing work/service for God;
always doing what God wants you to (G);
magnify (W)","आराधनामा परमेश्वर (वा देवताहरू/मूर्तिहरू) लाई सम्मान गर्न मानिसहरूले गर्ने प्रत्येक कार्य वा गतिविधि समावेश छ। यसरी, त्यहाँ धेरै तरिकाहरू छन् जसमा हामी परमेश्वरको आराधनागर्छौं, हाम्रो शरीरको स्थितिबाट, एक अर्काको सेवा गरेर, धर्मशास्त्र सिकाएर र सिक्दै, गीत र वचनहरूद्वारा, प्रार्थना गरेर र तत्काल आवश्यकताहरू पूरा गर्न दिएर।","प्रार्थना, प्रशंसा",always doing what God wants you to (G); ???,,
n,जेर्क्सस, आहाशुरस,,फारसी राजाहरूको उपाधि। जेर्क्सस द ग्रेट ४८६-४६५ ईसा पूर्वमा फारसी साम्राज्यको पाँचौं राजा थिए। उनलाई अहासूरस पनि भनिन्थ्यो। (अहासूरस नामको अर्थ प्रमुख हो।),राजा,,GC 08-Mar-2019,
n,यहोवा,"प्रभु, यहोवा","परमेश्वर पिता (महान) ; अति उच्च परमेश्वर; यहोवा; म हुँ
","यहोवा नामको अर्थ उहाँ हुनुहुन्छ वा उहाँ जो अस्तित्वमा हुनुहुन्छ छ हो। आफ्नो बारेमा कुरा गर्दा यहोवाले भन्नुहुन्छ कि उहाँको नाम म हुँ हो। प्रस्थान 3:14
परमेश्वर कुनै नाम होइनन्। हिब्रू र केही भाषाहरूमा (प्रमुख) परमेश्वर वा सबैभन्दा उच्च परमेश्वर भनिन्छ।",प्रभु,,,
t,खमीर,,is (transliteration) (R); lewer (W from Fr);,"खमीर रोटी बनाउन प्रयोग गरिने पदार्थ हो। यसले पकाउनुअघि पिठो फुलिन्छ। ठुलो मात्रामा रोटी बनाउन थोरै खमीर मात्र चाहिन्छ। (खमीर एउटा सानो बिरुवा हो जसले पिठो र चिनी खपत गर्दछ, हावाका फोका रोटीको पिठोमा छोड्छ।)




",रोटी,,,
n,जक्कै,"ज्याक्,जखायस, जक्कै",,"जखायस नामको अर्थ सफा, शुद्धन हो । जखायस रोमन सरकारका लागि काम गर्ने यहुदी कर सङ्कलनकर्ता थिए, जो अरूलाई धोका दिएर धनी बनेका थिए। येशूलाई भेटेपछि, उनले आफ्ना बेइमान कार्यहरूबाट पश्चात्ताप गरे।",,,,
n,जकरिया,,, यहाँ जकरिया नामका धेरै मानिसहरू थिए। एकजना उत्तरी इस्राएलका राजा थिए। अर्को पुजारी यहोयादाका छोरा थिए जसले राजा योआशको शासनकालमा प्रभुको आत्मा उनीमाथि आएपछि भविष्यवाणी गरेका थिए। योआसले उनलाई ढुङ्गा हानेर मारेका थिए। अर्को प्रभुको अगमवक्ता थिए जसले आफ्नो नामको पुस्तक लेखे। अर्को यूहन्ना बप्तिस्मा दिनेका पिता थिए। (जकरिया नामको अर्थ प्रभुको सम्झना गराउनु हो।,,,GC 07-Feb-19,
n,सिद्कियाह,,,राजा योआसका छोरा राजा सिदकियाहले दक्षिणी इस्राएलको यहूदामा शासन गरे। बेबिलोनको सेनाले उनलाई बन्दी बनायो र ख्रीष्टभन्दा ५८६ वर्ष अघि उनलाई अन्धा बनायो। सिदकियाह नामक अर्का व्यक्तिले अगमवक्ता मीकायाहले बोलेको सन्देशको विरोध गरे। सिदकियाह नामको अर्थ प्रभु धर्मी हुनुहुन्छ भन्ने हो।,,,GC 07-Feb-19,
n,जिउस,,,"जिउस मुख्य ग्रिक देवताको नाम हो, जुन रोमन देवता जुपिटरसँग मिल्दोजुल्दो छ। अर्को देवता/आत्मा उनको सन्देशवाहक मानिन्थ्यो। उनको नाम हर्मेस थियो। जब मूर्तिपूजकहरू इसाई बने, तिनीहरूले जिउसको मूर्तिहरूको पूजा गर्न छोडे, र येशूको नामबाट परमेश्वरलाई बोलाउन थाले।",,"Zeus, who is also called Jupiter, is the name of the chief Greek and Roman god. -> Zeus is the name of the chief Greek god, identical to Roman god Jupiter. ","Both European and Semitic philosophers made out Zeus and El to be the same God that the Hebrews worshipped. Thus, some pagans turned from their idols, honouring God through his human incarnation, Jesus.",
n,सियोन,,,"सियोन एउटा पाहाडको प्राचीन नाम थियो जसमा यरूशलेम सहर अवस्थित छ। सियोन (१) शब्दले कहिलेकाहीँ यरूशलेमलाई जनाउँछ, (२) अन्य पटक यसले स्वर्गलाई जनाउँछ (जहाँ परमेश्वर हुनुहुन्छ) र (३) कहिलेकाहीँ नयाँ यरूशलेमलाई जनाउँछ।",यरुशलेम,,"The consonants of Tsîwn can mean marker stone, along a road or at a grave site.",
