, term -Hindi,Alternate forms and synonyms.- Hindi,Other language examples (back translations),Meaning notes. Definitions. - Hindi,Related (but different) terms - Hindi,,,,,,,,,,,,,,,,,,,,,,,
n,??????,,Ibraam (W),?????? ?? ??????? ?? ???? ???????? ?? ??? ??? ??????? ??? ?? ???? ???? ??? ???? ?????? ?????? ?? ????? ?? ??? ???? ?? ????? ??? ??? ??? ???????? ?? ???? ??? (?????? ??? ?? ???? ?? ???? ?????),????????,,,,,,,,,,,,,,,,,,,,,,,
n,???????,,,"??????? ???? ???? ?? ???? ????? ????? ?? ????? ???? ?? ??? ?? ??? ????, ?? ?? ???? ????? ?? ?? ???? ???? ???? ?? ?????? ???????????? ?? ?????? ?? ?? ?? ?? ?? ??? ??? ???? ?? ??????? ?? ??????? ?????(??????? ??? ?? ???? ?? ????? ?? ?????)",,,,,,,,,,,,,,,,,,,,,,,,
n,???????,,,??????? ???? ???? ?? ????? ????? ?? ????? ???? ???? ??? ???????? ?? ???? ?? ???? ???? ?????? ?? ??? ???? ?? ??? ??? ???? ?? ??????? ??????? ????(??????? ??? ?? ???? ?? ????? ?? ?????),,,,,,,,,,,,,,,,,,,,,,,,
n,????,,,????? ??????? ????? ??? ?? ?????? ?? ?,,,,,,,,,,,,,,,,,,,,,,,,
n,???? ,,,"???? ?? ???????? ??????? ?? ????? ????? ?? ????, ????? ?? ???????? ?? ???? ???? ?? ??? ????? ?? ??? ???? ?? ??? ??? ??????, ?? ????? ?? ????? ?? ??????????? ?? ??? ?? ?? ???? ?? ???? ???? ?????? ????? ???? ??? ???? ? ???? ???????? ????? ????? ?? ???? ??? ???? ?? ????? ?? ???? ?????? ?? ??? ??? ?? ?????? ?????? ?? ???? ??? ? ",,,,,,,,,,,,,,,,,,,,,,,,
n,???,,Aadama (W),"???  ????? ???? ???? ?? ???? 4000 ???? ????? ????? ?? ???? ???? ????? ?? ???? ???????? ?? ????? ???????? ??? ?? ???? ????? ????? ?? ???????? ?? ????? ??????? ??, ????? ??? ???????? ?? ???? ???? ?????? ???? ?? ????? ??? ???? ??, ??????? ???? ???????? ?? ????? ???? ???? ???",?????,,,,,,,,,,,,,,,,,,,,,,,
n,??????????,,,"?????????? ???? ???? ?? ???? ??????? ??? ?? ?? ??? ?? ???? ????? ?? ???, ?? ?????????? ?? ???? ???? ?? ????? ??, ????? ???? ?? ????? ?? ?? ??????? ?? ???? ???? ????? (?????????? ??? ?? ???? ?? ???? ????? ?? ????? ???)",,,,,,,,,,,,,,,,,,,,,,,,
n,?????????? ,"????,??????,??????",,?????-????? ??????? ?? ?? ????? ???? ?? ???? ????? ?? ??????????? ?? ?? ???? ????? ?? ??? ???? ???? ?? ??? ?? ??? ?? ???,,,,,,,,,,,,,,,,,,,,,,,,
n,?????????,"????,??????,??????",,"???? ??????? ?? ????, ?????????, ""??????? ?? ????"" ?????? ???? ????? ??????? ??? ???????? ???? 41 ?? 44 ?? ??? ???? ?????? ?? ???? ???? ????? ?? ??? ?? ??????? ??? ????? ?? ????? ??? ?",,,,,,,,,,,,,,,,,,,,,,,,
n,????????,,,"?? ????? ?? ??? ???????? ??? ?? ?????? ??????? ??? ??????????? ??, ????? ???? ??, ?? ?? ??????? ??? ???? ??? (????? ??? ?? ???? ????? ?? ??? ???)",,,,,,,,,,,,,,,,,,,,,,,,
n,?,,,? ?? ????? ??? ?? ?? ???????? ??????? ?? ???? ???? ???? ????? ?? ??? ??? ?? ? ???????? ?? ????? ?? ?? ????? ???? ????? ???????? ???? ?? ? ?? ?????? ???? ?? ???????? ?? ?????? ?? ??? ??? ??? ???? ???? ??? ??? ???? ?,,,,,,,,,,,,,,,,,,,,,,,,
n,??????,"???????, ??????????, ?????? ??????? ",,?????? ??????? ?? ????? ??? ?? ???? ??? ?????? ?? ???? ?? ??? ?? ??? ?? ???? ?? ??? ???? ????? ?? ???? ??? ????? ?????? ?? ???? ??????? ?? ??? ?? ???-??? ??????? ?? ????? ??? ?? ?????????? ???? ???,,,,,,,,,,,,,,,,,,,,,,,,
n,??????,,,"?????? ???? ???? ?? ???? ????? ??? ?????? ?? ???? ?? ???? ????? ?? ??? ???????? ????, ???? ??? ???? ??? ??????? ?? ?????? ?? ??? ????? (?????? ??? ?? ???? ?? ???????)",,,,,,,,,,,,,,,,,,,,,,,,
n,??????? ,,,"?? ???? ??? ??? ?????????? ?? ??? ??????? ??: (1) ??????? ??? ?? ?????  ?? ????? ?? ??? ????? ?? ???? ?? ???; (2) ?????? ??? ?? ????? ????? ???? ?? ???????? ????; (3) ?? ??????? ??? ?? ??????? ????? ???? ?? ????????? ?? ????? ???? ??? (???????  ??? ?? ???? ?? ""????? ????? ???? ??? "")",,,,,,,,,,,,,,,,,,,,,,,,
n,??????????,,,?????????? ????  ?? ??? ??  ? ?? ????? ???? ?? 12 ????????? ?? ?????? ?? ??? (?????????? ??? ?? ???? ??????? ?? ?),,,,,,,,,,,,,,,,,,,,,,,,
n,????????,,,"???????? ????? ?? ?????????????? ?? ?? ????? ????? ?? ????????? ??? ????? ????  ??????? ?? ??? ??? ???? ???? ?? ? ?? ??????? ??????????? ?? ???? ????? ??? ????? ??, ????? ?????? ???? ????? ??? ????? ?? ?????? ??? ????? ?? ?",,,,,,,,,,,,,,,,,,,,,,,,
n,???????,,,"???????, ???????? ?? ??? ?? ? ?? ??? ?? ????? ?? ????????? ????? ?? ?????? ??? ???? ??????? ???? ??? ????? ?? ??? ??? (??????? ??? ?? ???? ?? ""?????""?)",???????? ,,,,,,,,,,,,,,,,,,,,,,,
n,??????????,,, 465-424 ??? ????? ??? ?????????? ?????? ????????? ?? ??? ???? ?? ? ?? ???? ?? ???? ?? ??????? ?? ????? ??? (?????????? ??? ?? ???? ?? ?? ???? ?? ??? ???? ???? ???),,,,,,,,,,,,,,,,,,,,,,,,
n,???????,,,"???????,???? ????? ?? ??? ???? ??, ???????? ?? ???? ???? ?? ??? ?? ????? ?????? ?? ????? ???? ?????? ??? ???? ?? ??? ????? ?? ?",?????,,,,,,,,,,,,,,,,,,,,,,,
n,???? ,,,"???? ??? ?? ?? ????????? ??? ???? ??? ? ?? ????? ?? ?????? ????? ??, ?? ????? ????? ?? ???? ???? ?? ???? ???",,,,,,,,,,,,,,,,,,,,,,,,
n,???????? ,,,"???????? ?? ???? ??? ?????? ?? ????? ????? ???????? ????? ??? ???????? ???? ???? (????? ?????/?????) ?? ???? ???? ?? ??? ???? ???? ??? ??? ??????????? ?? ???????? ?? ????????? ????? ????? ?? ??????? ??? ????, ??????? ?? ????? ??? ???? ????? (????? ?????) ?? ????????? ?? ??? ??????? ???? ?? ?",,,,,,,,,,,,,,,,,,,,,,,,
n,?????? ,????????,,?????? ?? ????????? ??????? ?? ????? ??? ????? 738 ??? ?????? ??????? ?? ?????? ???? ?? ? ?????? ?? ??????? ?? ???? ??????? ?? ??? ???????????? ??????? ???? ?,,,,,,,,,,,,,,,,,,,,,,,,
n,,,,"??????? ?? ????? ???? ?? ????? ???? ?? ????? ?? ??? ???? ???? ?? ????? ?? ????? ?? ??? ?? ???? ???? ?? ???? ?? ???? ??? ???? ????? ?? ???? ?????? ?? ????? ????? ???? ???? ?? ???, ???? ???? ??? ????? ?? ????? ???? ?? ????? ???",,,,,,,,,,,,,,,,,,,,,,,,
n,??????,"???????,????????",,,,,,,,,,,,,,,,,,,,,,,,,,
n,??? ,,,"??? ?? ????? ????? ?? ??? ?? ????? ?????? ?? ???? ?? ??????? ???? ??? ???-??? ???????? ?? ??????????? ?? ????? ???? ????? ??, ??????? ?? ??? ?? ???? ???? ?? ??? ???????? ?? ???? ???? ???",???????,,,,,,,,,,,,,,,,,,,,,,,
n,??????? ,"????????, ??????? ?? ??? ",,"??????? ?? ??????? ??? ?? ??? ??, ????? ??????? ????? ???? ???? ?? ???? 3000 ???? ???? ??? ?? ? ??????? ?? ?????? ?? ?? ???? ????? ?? ???? ??????? ?? ? ?? ??????? ?? ???? ?? ??????? ?? ?????? ?? ????, ?? ???? ?? ??????????? ?? ???? ????? ?????? ?? ??????? ??? ???? ?? ??? ????? ??? ?? ?? ??? (???? ?? ??? ?? ??????? ??? ??,  ?? ???????????? ?? ?????? ??? ??????? ???? ?? ???? ???? ??? ?? ????? ???? ??? ???) ??????? ?? ??? ??? ?? ?? ??? ????? ?? ??? ??? ?? ?? ???? ???? ??? ???? ?? ?? ????????? ???????? ?? ?????? ?? ?? ???? ????? ??????? ????? ?????, ??? ???-??? ??????????? ??? ?? ?? ???? ????? ?? ?????? ??? ????? ???? ???? ?? ???? ???????? ???? ?? ???? ???? ???? ???????? ??? ?? ???? ?? ???? ?? ?",,,,,,,,,,,,,,,,,,,,,,,,
n,?????,,,  ????? ????? ???? ???? ?? ???? 1500 ???? ???? ????? ??? ? ????? ?? ?????? ???? ???? ???? ??????????? ?? ?? ???? ?? ??? ??? ???? ?? ? ???? ???????? ?? ??? ????? ??  ???? ????? ???????? ?? ??????????? ?? ????? ?? ??? ????? ?? ???? ????? ?? ??? ???????? ?? ????? ?? ???? ??? ?? ?????? ??? ???  ,,,,,,,,,,,,,,,,,,,,,,,,
n,??????,,,"?????? ??????? ?? ????  ????? ??? ?? ?? ??? ?? ?????  ?? ???? ????????? ?? ??????? ?? ??? ????, ?? ??? ??? ?? ?????  ?? ????? ????? ?? ??? ????????? (??????) ?? ???? ?? ?? ????? ?? ??????????? ?? ?? ??????? ???? ???? ?? ???? ?? ?? ?? ??? ?? ? (?????? ??? ?? ???? ?? ?????????? ?? ?????) ?",,,,,,,,,,,,,,,,,,,,,,,,
n,????? ,,,??????? ??? ???? ???? ?? ???? ?????  ???? ?????  ?? ? ????? ?? ????? ??? ??????????? ?? ??????? ???? ?? ???? ??????? ?? ????? ?,,,,,,,,,,,,,,,,,,,,,,,,
n,??????,,,"??????, ???? ???? ?? ???? ?? ?? ????? ???????? ?? ??????? ????? ??? ?? ?? ??? ???? ??? ??? ?? ???? ???? ???? ?? ??? ????? ??? ???? ??? ??? ??? ?? ?? ??? ??? ? ???? ?? ???????? ?? ????? ??? ???? ????, ??? ?????? ?? ????? ????? ???????? ?? ???? ?? ???? ????? ?? ??? ????? ???? ?? ?????? ?? ???? ???? ????? ?? ???? ???? ? ???? ?? ??? ?????? ?? ????? ??????? ???? ???? (?????? ??? ?? ???? ?? ???? ?? ??? ?? ?????)",,,,,,,,,,,,,,,,,,,,,,,,
n,????????,,,???????? ????? ????? ??? ?? ????? ??? ??? ??? ??? ??? ???? ??????? ?? ????? ????? ????,,,,,,,,,,,,,,,,,,,,,,,,
n,???????? ,,,????????  ??????? ?? ????? ???? ??? ???? ?????? 539 ??? ????? ??? ??? ?? ???????? ?? ??????? ?? ???? ??????? ??? (???????? ??? ?? ???? ?? ??? ???? ?? ????? ???? ???),,,,,,,,,,,,,,,,,,,,,,,,
n,????????? ,,,"?????????  ????? ???? ???? ?? ???? 2000 ???? ???? ???? ?? ? ????????? ????? ?? ???? ??????? ??? ???? ???? ?? ? ?? ??????, ????????? ??????? ?? ???? ??????? ??? ?? ?? ?? ?????? ???",,,,,,,,,,,,,,,,,,,,,,,,
n,????? ,,,"????? ?? ??????? ???????? ?? ??? ???? ??? ?? ??? ???, ????? ???? ??? ?? ??? ????? ?? ????, ????? ???? ?? ???????? ?? ?? ?? ????? ?",,,,,,,,,,,,,,,,,,,,,,,,
n,??????,,,"???? ????? ?? ??? ?????? ??? ???? ??????? ?? ??? ???? ?? ???? ?? ??? ?? ??? ???? ?? ? ???? 5:2 ?? ?????????? ?? ?? ?? ??????? ?? ?? ???? ?????  ????, ?? ???? ?? ???? ??????? ??? ??? ??? (??????? ??? ?? ???? ?? ???? ?? ?? ?)",,,,,,,,,,,,,,,,,,,,,,,,
n,?????,,,"????? ?? ??? ???????? ????? ?? ????? ?????? ?? ???? ??? ????? ????? ?????? ????? ?? ???? ?? ????? ?? ?????? ?? ??? ?? ????? ?? ??? ??? ?? ????????? ??, ????? ???? ????? ?? ????? ??? ??? ?? ???? ??? ?? ??????, ?? ???? ???? ?? ???? ???? ?? ?????? ?? ????",,,,,,,,,,,,,,,,,,,,,,,,
n,???? ,,,???? ?? ????? ?? ?? ???? ??? ???? ?????? ?? ???? ??? ???????? ???? ??? ?????? ???? ?? ??? ????? ?? ?????? ?? ????-???? ?? ??? ??? ?? ???? ?? ???????? ???? ?? ????  ??? ???? ???,,,,,,,,,,,,,,,,,,,,,,,,
n,???????,,,"??????? ???? ?? ??? ?? ? ?? ?? ??????? ????  ?????? ???? ?? ?????? ???, ??????? ?? ????? ??? ??????? ?? ?? ???? ?????? ???? ??? ??? (??????? ??? ?? ???? ?? ""???? ?? ??? "")",,,,,,,,,,,,,,,,,,,,,,,,
n,???,,,"????? ???? ???? ?? ???? 4000 ???? ????, ??? ?? ????? ?? ???? ?? ??????? ?? ??? ??? ?? ????? ?? ? ??? ?? ???????? ?? ??? ???? ????, ?????? ????? ?? ????? ?? ???????? ?? ??? ?? ??????, ?? ??? ??????? ?? ??? ?? ???? ???? ??? ????? ?? ??? ???? ?","?????, ???, ?????",,,,,,,,,,,,,,,,,,,,,,,
n,????? ,,,????? ?? ???? ??????? ??? ?? ?? ?? ??????? ???? ?? ???? ?? ???????? ???? ?? ??? ???? ?? ? ?? ?? ????? ?? ?? ????? ?? ?? ????? ?? ?? ???????? ???????? ?? ???? ??????? ?? ???? ??? ? ???????? ?? ?? ????? ????? ?? ???? ??????? ?? ????? ??? ???? ??????? ?? ??? ???????? ?????,,,,,,,,,,,,,,,,,,,,,,,,
n,???? ,"?????, ????????",,"???? ?? ???? ?? ??? ?? ???? ???????? ?? ??????? ?? ????? ?? ???? ???????? ????? ?? ??? ???? ?? ???? ???? ??? ???? ?? ??????? ??? ??????? ?? ???? ?? ???? ??, ???? ?? ?? ?????? ?? ????????? ??? ???? ???",,,,,,,,,,,,,,,,,,,,,,,,
n,???? ,"????,????, ?????, ??????,",,???? ?? ??? ?? ????? ?? ?? ??? ?? ??? ???? ???????? ?????? ?? ??????/???????? ?? ???? ??? ????? ?? ??? ???? ???? ?????? ?? ????? ???? ???,,,,,,,,,,,,,,,,,,,,,,,,
n,,???????,,"??????? ?? ????? ?? ??? ??? ???? ?? ???? ????? ?? ??? ????? ?? ??? ??????? ???, ?? ????  ??????/???? ???? ?? ?????? ??? ??? ??? ???",,,,,,,,,,,,,,,,,,,,,,,,
n,???????,???????????,,"??????? ????? ???? ??? ?? ?? ???? ?????? ??? ??? ?? ???? ?? ?????????? ??? ??, ???? ???? ?? ??? ?????????? ??? ????? ?? ??????? ??? ?? ????? ?????? ???? ??? ?? ??????????? ?? ???? ???? (????????? ?? ??? 18)?",,,,,,,,,,,,,,,,,,,,,,,,
n,?????????? ,,,"?????????? ?? ???? ???? ?? ??????? ?? ????? ????? ?? ????????? ?? ??? ????? ?? ???? ??? ?? ????????? ???? ?? ??? ???? ?? ?????? ?? ??? ??? ? ?? ?????????? ?? ??????? ?? ??????? ?? ???? ?? ???? ?? ???? ??? ????? ????, ?? ?? ???? ???-????? ????? ?? ??????? ????? ?? ??? (?????????? ??? ?? ???? ???? ???)",,,,,,,,,,,,,,,,,,,,,,,,
n,??????,,,?????? ?? ?????-????? ??? ????? ?????? ?????? ?? ???? ?????? ????? ??? ?? ?? ?? ? ?? ?????? ??????? ?? ??????? ??? ??? ?? ? ?????? ?? ??? ???? ???? ??????? ?? ????? ???? ???? ????? ??? ? ???? ?? ??????? ?? ??? ????? ??? ??? ?? ????? ??? ?? ?,,,,,,,,,,,,,,,,,,,,,,,,
n,?????????,,," ????????? ?? ???? ??????? ?? ?? ??????? ?? ????? ?? ??????? ?? ???? ?? ???????? ?? ??????? ??? ???? ??? ???? ?? ? ???? ????????? ?? ???? ?? ???????? ?? ????? ?? ???? ????, ?? ??????? ??????? ??? ???, ??? ?? ?? ?? ???????? ???? ?? ??? ??? ???? ?? ??? ???? ??? ???????? ?? ????????? ?? ????? ?? ???? ??????, ?? ??? ????????? ?? ?????? ?????? (????????? ??? ?? ???? ?? ""???????? ???? ????????? ??""?)",,,,,,,,,,,,,,,,,,,,,,,,
n,,,,"?????? ?????? ????????? ?? ???? ???? ??, 550-486 ?.??. ???? ????????? ?? ??????? ??? 539 ?.??. ??? ??????? ?? ???? ??????? ??? (?????? ??? ?? ???? ?? ?? ?????? ???? ???)",,,,,,,,,,,,,,,,,,,,,,,,
n,,,Dawuda (W from Arabic),"??????? ?? ????? ???? ????, ???? ?? ???? 800 ??? ???? ???? ??? ?? ?? ?????? ????? ?? ????? ?? ??? ?????? ?? ??? ??? ?????? ??????? ??? ???? ????? ?? ??? ?? ????, ?????? ?? ??? ????? ??? ??? ?? ?? ???? ???? ???? ???? ???? ??? ???????? ?? ????? ?????? ???, ?? ???????? ?? ???? ???? ???? ?? ???? ???? ????? ??????? ?? ???? ??????? ???? ???? ???? ?? ???? (?????) ??? (???? ??? ?? ???? ?? ??????)",,,,,,,,,,,,,,,,,,,,,,,,
n,????? ,,,"????? ????????? ?? ??????? ?? ????? ?? ???????? ??????????? (????? ???????????) ??? ???? ?????? ??, ????? ?? ????? ?? ????? ???? ????? ?? ???? ?? ??????? ????? ???? ?? ???? ????? (????? ??? ?? ???? ""????????"" ???)",,,,,,,,,,,,,,,,,,,,,,,,
n,????? ,,,"????? ??? ?? ?? ????????? ???: (1) ?????? ?? ???, ?? ????? ?? ??? ?? ??, ?? (2) ??????????? ?? ?? ???? ????? ?????? ???? ??????? ?? ???? ?????? (????? ??? ?? ???? ""??????????"" ?? )",,,,,,,,,,,,,,,,,,,,,,,,
n,????? ,,,"????? ?? ??????? ?????? ?? ????? ?????? ?? ????? ???? ??? (????? ??? ?? ???? ""?????"" ?? )",,,,,,,,,,,,,,,,,,,,,,,,
n,???????????,,,??????????? ??? ?? ?? ??????? ??? (1) ?? ?????? ??? ?? ?? ????? ?? ?? ??????? ???? ?? ???? ?? ???? ???? ??? ???? ??? ?? ????? ??? ????? ?? ????? ?????? ???? ????? ?? (2) ????? ?? ????? ?? ????? ????? ????????? ?? (3 ??????? 1)?,,,,,,,,,,,,,,,,,,,,,,,,
n,,,,????? ?? ?????? ???? (??????) ?? ??? ?? ????? ???? ?????? ??? ?? ??? ???? ????,,,,,,,,,,,,,,,,,,,,,,,,
n,???,,,"??? ?? ?????? ????? ?? ??? ??, ?? ???? ???? ?????? ?????,???? ??? ?? ????? ???????? ?? ??????? ??? ???? ?? ???? ???????? ???? ??????? ?? ????? ???????? ?? ????? ??,",,,,,,,,,,,,,,,,,,,,,,,,
n,????,,,"???? ?? ??? ?? ???? ???? ?? ???? ??????? ?? ????? ?? ?? ?? ?? ??? ????? ??? ???? ??????? ?? ???? ???? ?? ?? ??????? ?? ????? ?? ?? ??? ???? ?? ????""???"" ?? ?",,,,,,,,,,,,,,,,,,,,,,,,
n,?????,?????????,Misra (W from Arabic),"?????, ??????? ?? ?????? ??? ????? ?? ??? ??? ???????? ??? ?? ?????? ?? ????? ??? ??? ???? ?? ????? ?? ??? ????? ?? ??????? ?????? ?? ??????? ?? ???? ?????",,,,,,,,,,,,,,,,,,,,,,,,
n,????????,,,"????????, ????? ?? ??? ??? ?? ?? ???????? ?? ?? ???? ??? ??? ??? ?? ??? ?? ?? ???? ???? ?????? ?? ??? (???????? ??? ?? ???? ?? ""???? ???????? ???? ???"")",,,,,,,,,,,,,,,,,,,,,,,,
n,???,,,"??????? ??? ?????? ???? ?? ????, ??? ???? ??? ????? ?? ???? ??? ???? ??????????? ????? ?? ????-???? ???? ?? ???? ????? ???? ?? ????, ??????? ???? ???? ???? ?????? ??? (??? ??? ?? ???? ?? ""???? ?????????"")",,,,,,,,,,,,,,,,,,,,,,,,
n,???????? ,,Ilyass (W),"???????? ???? ???? ?? ???? 800 ???? ???? ???? ??? ?? ???????? ?? ?? ????????????? ??, ????? ?????????? ?? ????? ???? ?? ??????? ??? ?????????? ???? ???? ??? ????? ?? ??????? (????? ?? ?????? ???? ?? ?? ???????? ?? ???? ????? ???? ???? ?? ??????? ?? ??? ???? ????? ?? ?????? ?? ??? ????? ?? ????) (??????? ???????? ???? ???? ?? ?????? ??? ???????? ???? ???) (???????? ??? ?? ???? ?? ""????? ?? ???????? ???"")",,,,,,,,,,,,,,,,,,,,,,,,
n,?????,,Alyaasa (W),????? ???? ?? ???? 800 ???? ???? ???? ??? ?? ??????????? ???????? ?????? ??????? ???????? ?? ?? ??????????? ??? ????? ?? ???????? ?? ?? ???? ??????? ??? ???,,,,,,,,,,,,,,,,,,,,,,,,
n,???????,,,"??????? ??? ?? ?? ????? ??? ???????, ????? ?? ??? ?? ??????????? ????? ?? ???? ??? (?????? ??? ?? ???? ?? ""????? ?????? ????"")",,,,,,,,,,,,,,,,,,,,,,,,
n,??????,???????? ,,"??????, ????? ????? ??? ?????? ?? ?????? ?? ???? ??? ?? ???? ????? ?? ?? ????????? ???? ??? ?? ??????? ???? ??? ??? ???? ???????? ?? ?? ???? ????? ????????????? ??? ???? ?? ?? ??????? ?? ????? ???????? ?? ?? ???? ???? ???",,,,,,,,,,,,,,,,,,,,,,,,
n,??????,,,"?????? ????? ?? ?? ??????? ??? ???? ????? ??? ?????? ??????? ?? ?? ????? ?? ?????? ???? (?????? ??? ?? ???? ?? ""??????"")",,,,,,,,,,,,,,,,,,,,,,,,
n,?????????,?????????,,"????????? ??? ???????? ??????? ?? ???????? ?? ???? ???? ??, ?? ???? ???? ?? ???? 300 ??? ???? ??? ???????? ?????? ?? ????? ?? ???? ?? ?? ?? ???? ??? ???? ??? ???? ?? ???? ???? ??????",,,,,,,,,,,,,,,,,,,,,,,,
n,????,,Esawu (W),"????, ???? ???? ?? ???? 1900 ???? ???? ??? ??????? ?? ????? ????? ?? ??????? ????? ?? ????? ??? ???? ?? ????? ??? ????, ?? ???? ????? ??,???? ????????????? ???? ??????? ?? ?????? ???? ??? ????? ?? ??? ????? (????? ?? ????? ???????? ?? ???? ?? ????? ????? ???????)",,,,,,,,,,,,,,,,,,,,,,,,
n,?????? ,,,"?????? ?? ????? ???? ?? ????? ????-???? ???? ????? ??? ??????? ?? ???? ??? ?????? ???? ???????? ?????? ?????? ?? ???? ?? ???? ???? ???? ?? ???, ???? ?? ???????? ?? ?????? ?? ?????? (?????? ??? ?? ???? ?? ""????""? ???? ????? ??? ?????? ?? ????? ???? ?? ""????? ???"" ?????? ??????? ?? ????? ???? )",,,,,,,,,,,,,,,,,,,,,,,,
n,?????,,Awa (W from Arabic),"?????,???? ???? ?? ???? 4000 ??? ???? ??? ????? ??? ?? ????? ?? ?? ??? ???????? ?? ???? ??? ??? ?? ????? ?? ??? ?? ????? ?? ??????, ?? ???????? ???????? ?? ????? ?? ??????? ????? ?? ??, ??? ?????? ?? ??? ???? ? ??? ??? ?? ?????? ????? ?? ???? ?????",,,,,,,,,,,,,,,,,,,,,,,,
n,???????,,,"???????, ??? 52 ?? 60 ?? ??? ??????? ?? ???? ???????? ??? ?? ?????? ???? ???? ?? ????, ???? ????? ?? ??????? ?? ??? ??? ?? ??? ?? ???? ?? ??? ?? ???? ????? ?? ???????? ?? ????? ?? ???? ??? ?????? ??? ???? ?? ?? ???? ????",,,,,,,,,,,,,,,,,,,,,,,,
n,?????? ,,,???  62 ??? ?????? ?? ??????? ?? ??? ??????? ?? ???? ???????? ???? ???? ????? ?? ??????? ?? ??????? ??? ?? ?? ????? ?? ?? ???? ????? ?? ??? ?? ?????? ???? ?? ??? ????? ?? ??? ???? ??? ?????,,,,,,,,,,,,,,,,,,,,,,,,
n,?????,,,"?????, ???? ??? ?? ??? ?? ?? ??????? ?? ???? ???? ?? ???-????? ??? ???? ?? ?? ???? ?? ???? ???? ???",,,,,,,,,,,,,,,,,,,,,,,,
n,,,,"????, ??????? ?? ?????? ??? ??? ?? ??????? ?? ?? ""???? ?? ???"" ???? ?? ???? ???? ??? ?? ????? ??? ??? ?? ??? ??? ???? ???? ??????? ??? ???? ????",,,,,,,,,,,,,,,,,,,,,,,,
n,,,,"?????, ??????????? ????? ?? ?? ???? ??? ?? ??? ???? ?? ??????? ??????? ??, ???? ????? ?? ???? ?? ??? ???? ??, ????? ?????? ??? ?????",,,,,,,,,,,,,,,,,,,,,,,,
n,????,?????????,,"?? ????? ?? ???????? ???? ?? ?????? ?? ??? ??, ?? ???? ???? ?? ?? ?????????? ??? ??? (????????? ?? ????? ?? ???? ???? ???? ??? ????? ?????? ?? ???? ???)",,,,,,,,,,,,,,,,,,,,,,,,
n,????,?????????,,"?????????, ???? ??? ?? ????? ??? ??, ????????? ????? ?? ???? ???? ?? ??? ????? ??????? ???? ?? ???, ???? ?? ???? ?? ???? ?? ?????? ???? ??? ??????? ???????? ???????? ?? ????? ??? ?? ??, ?? ????????? ?? ?????? ???? ?? ?? ?? ???? ??? ????? ??????? ?? ??, ?????? ?? ?????? ??? ????? ???",,,,,,,,,,,,,,,,,,,,,,,,
n,?????,,,"????? ???? ???? ?? ???? 1200 ???? ???? ??? ?? ?? ????? ?? ?? ?? ???? ?????? ???? ?? ????? ?? ???? ???? ?? ??????? ???? ?? ???, ??????????? ?? ???? ?? ????????? ?? ???? (???????? ?? ?? ???? ???? ?? ???? ??? ???? ?? ?? ??? ???)",,,,,,,,,,,,,,,,,,,,,,,,
n,????? ,,,"?????, ???? ?? ??? ?? ??? ?? ???? ??????? ?? ????? ??? ?? ???? ?? ????? ???? ??? ???? ?? ????? ???? ????? ?? ?? ???????? ?? ??? ???? ?? ???? ?? ?? ???? ?? ???? (???? ???? ?? ???? ?? ???? 2000 ??? ????)?",,,,,,,,,,,,,,,,,,,,,,,,
n,?????,,,"????? ????? ?? ?? ??? ??? ????? ?? ???????? ??? ????? ??? ?? ???? ???? ???? ?? ???? 350 ??? ????, ????? ?? ??????? ?? ?? ???? ????? ?? ???? ??????? ?? ??? ????? ?? ????????? ????? ?? ????? ?? ?????? ???? ????? ?? ????? ????? ? ?? ???? ?? ???????? ?????? ??? ???? ?? ???? ?????? ?????? ???? ??, ??????? ?? ??? ?? ???????? ???? ???",,,,,,,,,,,,,,,,,,,,,,,,
n,?????,,,"???? ???? ?? ???? 2000 ??? ????, ????? ???? ??? ?? ??????? ?? ????? ???? ?? ?? ??? ?? ???? ??? ?? ???? ?? ??? ?? ??? ????? ???? ??? ??, ?? ???? ??????? ?? ????? ?? ??? ???? ?? ??? ???, ?? ????? ?? ?? ????? ?? ???? ???? ????? ??? ??????? ??? ???? (????? ??????? ?? ????? ???? ?? ???? ???????? ?? ???? ?? ??????? ?? ???? ?? ???? ???? ??? ???? ??? ???, ???? ?? ??????? ?? ?? ????? ?? ???? ???? ????? ??? ????? ??? ???? ????? ??? ????? ?? ????? ???? ???????? ?? ???? ???)",,,,,,,,,,,,,,,,,,,,,,,,
n,?????,,,"?????, ??????? ?? ???? ???? ???? ?????????? ???? ???? ?? ???? ??? ?? ?????? ???? ??????? ?? ??? ???? ??????? ?????, ?? ????? ?? ??????? ?? ?????? ????????? ?? ??? ???????? ?? ??? ????? ?? ????? ?????",,,,,,,,,,,,,,,,,,,,,,,,
n,?????,,,"?????, ??????? ?? ??-????? ??? ?? ?? ???? ???? ??? ????? ?? ????????? ???? ??, ?? ?? ???? ??? ????? ???? ??? ???? ????? ??? ?? ?? ????? ?? ???? ???? ?? ??????? ?? ??????????? ???? (????? ??? ?? ???? ?? ""???????""?)",,,,,,,,,,,,,,,,,,,,,,,,
n,????? ,,,????? ?? ??????? ???? ?? ????? ???? ?? ???????? ?? ?????? ???? ???,,,,,,,,,,,,,,,,,,,,,,,,
n, ????? ,,,"???? ????? ??? ?? ???? ?? ??? ?? ?? ????? ??? ?? ?? ??? ?? ??? ?????, ??????? ?? ??? ?? ??? ?? ???? ??? ????? ??? ?? ?? ??? ?? ?? ???? ?????? ?? ???? ?? ?????? ??? ???",,,,,,,,,,,,,,,,,,,,,,,,
n,???????,"???????,?????,????????","Jew-people; Jew-talk;
","??????? ?? ???? ?? ??????? ?? ???? (???? ?????) ?? ???? ????, ??????? ???????? ?? ???? ????? ??????? ???? ??? ?????????? ?? ??? ??? ???????? ??? ??? (?? ???????? ?? ????? ?? ??? ????? ??????? ?? ????) ?? ???? ??? ???? ????? ??? ??? (??????? ???? ?? ???????? ????? ??? ???? ??)?",,,,,,,,,,,,,,,,,,,,,,,,
n,??????? ,,,??????? ??? ?? ?? ????? (???) ??? ??????? ?? ????? ?? ???? ??? ??????? ?? ??? ???????? ?? ?????? ??? ???? ???? ????? ????? ?? ??????? ??? ???? ???? ???,,,,,,,,,,,,,,,,,,,,,,,,
n,??????,,,"??????, ???? ??? ?? ??? ???? ??, ?? ?????? ?? ???? ????? ??, ????? ???? ??? ???????????? ?? ????? ???? ?? ?? ???? ??????? ?? ??? ????????? ?? ??? ???? ???",,,,,,,,,,,,,,,,,,,,,,,,
n,??????? ,,,"??????? ?? ?????? ?? ????????? ??? ?? ??????? ??????? ?? ??????? ?? ??? ??????? ?? ???? ????? ??? ????? ?? ??? ???? ?? (1) ??????? ??? ??????? ???? (??? ??? ???? ???? ??, ?? ??? ???? ??), (2) ???? ??? ??????? ??????? (????? ?? ??? ???? ???? ?? ???? ?????? ?? ??? ??), 3) ??????? ??? ??????? ????????? ????? (????? ???? ?? ?????????? ?? ??? ???? ???? ?? ????????? ??????? ?? ?????) ?? (4) ??????? ??? ??????? ????????? ??????? (????? ?? ??? ???? ???? ?? ????? ??????? ??? ???? ??)?",,,,,,,,,,,,,,,,,,,,,,,,
n,????? ,,,"????? ???? ???? ?? ???? 1900 ???? ???? ??? ????? ?? ????? ?? ????? ???? ??? ???????? ?? ??????? ?? ???? ???? ?? ?? ???? ????? ???? ??? ???? ????? ????? ?? ????? ?? ?? ???? ??????? ?? ????? ???????? ?? ?????? ???? ?? ??? ?????? ??? (?? ???? ?? ???????? ?? ?? ???? ???? ?? ?? ?? ????? ?? ???? ????, ??????? ?? ???? ?? ?? ????? ??, ?? ?? ??? ????? ????? ??? ?? ???? ?? ""?????"")",,,,,,,,,,,,,,,,,,,,,,,,
n,??????,,,"?????? ???? ???? ?? ???? 800 ???? ???? ???? ??? ???? ????? ????? ?? ?????? ?? ??? ?? ?? ?????? ?? ?????? ????, ?????? ????? ?? ???? ??? ?? ????????????? ???? ???? ???? ?? ??? ?? ?????? ?? ???? ???? ??? ???? ???",,,,,,,,,,,,,,,,,,,,,,,,
n,????? ,,,"????? ?? ????? ???? ?? ????? ???? ??????????? ?? ???????? ???? ??? ????? ?? ????????? ???? ??, ??????????? ?? ????? ?? ???? ?? ????? ??? ??? ?????",,,,,,,,,,,,,,,,,,,,,,,,
n,?????,,,"????? ???? ???? ?? ???? 1850 ???? ???? ??? ?? ????? ?? ????? ?? ??????? ?? ???? ??? ?? ????? ?? ???????? ?? ?? ??? ?? ?????? ????, ?? ??? ?? ??? ?? ??? ??? ????, ???????? ??????? ?? ???? ????? ??????? ?? ???? ??????? ?? ?????? ???? (?? ??????, ??????????? ?? ???-??? ????? ?? ????? ??? ???? ???)",,,,,,,,,,,,,,,,,,,,,,,,
n,????,,,"???? ?? ???? ?????? ?? ????? ??? ??????? ??? ???? ??, ?????? ???????? ?? ??? ???? ???-????? ??? ?? ????? ???????? ???? ?? ????, ?? ???? ???? ?? ???? ??? ??? ??, ???? ???? ???? ??? ??? ??? ????? (???? ??? ?? ???? ?? ""????? ?? ????? ??""?)",,,,,,,,,,,,,,,,,,,,,,,,
n,????? ,,,"????? ??? ?? ?? ??? ??? ????? ?? ?? ??????? ??? ????? ??????? ???? ???? ?? ??? ????? ?? ?? ??? ??? ????? ?? ??? ?? ??????? ?? ????????? ?? ????? ?? ???? (????? ?? ??????? ???? ?? ""????"" ?? ????? ???? ?? ""??????? ????????""?)",,,,,,,,,,,,,,,,,,,,,,,,
n,???????,"????????,???????",,"???????, ???? ??????? ?? ???????? ?? ??? ???? ??, ????? (??????? ???????) ?? ???? ??, ?? 598 ??? ????? ?? ??????? ?? ???? ?? ??????? ??? ?? ?????? ?? ?? ?? ?????? ?? ???? ???",,,,,,,,,,,,,,,,,,,,,,,,
n,??????? ,,,"???? ???? ?? ??????? ?? ???? ?? ???? ?????, ??????? ??????? ?? ????? ??? ??????? ??? ???? ????? ?? ???? ???? ?? ????? ???? ?????? ?????? ???? ???? ?? ??????",,,,,,,,,,,,,,,,,,,,,,,,
n,??????,,,"??????, ???? ???? ?? ???? 1700 ???? ????? ????????? ?? ??? ??? ???? ??? ?? ??????????? ?? ???? ?? ??????? ??? ?? ??? ???? ?? ?? ?? ????",,,,,,,,,,,,,,,,,,,,,,,,
n,????????,,,"???????? ???? ???? ?? ???? 600 ???? ????? ???? ??, ?? ??? ?? ???? ?? ?? ??? ?? ??????? ?????? ??????? ?? ????? ???? ??? ??? ?? ???????? ?? ?? ??????????? ?? ????? ??????????? ?? ???? ????? ???????, ?? ???????? ???? ?? ??? ???, ?? ?????? ??????? ?? ?? ??????? ?? ??? ??????? ?? ?????? ?? ????? ?? ?????? 70 ?????? ?? ??? ???? ??? ??????",,,,,,,,,,,,,,,,,,,,,,,,
n,????? ,,,"????? ???? ?? ?? ??????, ??????? ?? ???? ??? ?? ??? ??? ?? ?? ????? ?? ???? ????? ???? ??? ????? ?? ???? ??? ?? ???? ????? ?? ??????????? ?? ???????? ?? ????????? ??? ?? ????? ??? ???????? ?? ????? ?? ??????? ???? ????",,,,,,,,,,,,,,,,,,,,,,,,
n,??????? ,,,"???? ??????? ?? ?????? ?? ???, ???? ????? ?? ????? ??? ??? ???? ??????? ?????? ??? ?? ???? ???, ???? ?? ??????? ???? ??? ??????? ?? ??????????? ?? ??????? ? ???? ?? ???? ????, ?? ??? ???? ????? ???? ????????? ?? ?????? ???? ????? ?? ?????? ???? ?? ???, ?? ??? ?? ?? ???? ?? ??? ????? ?? ?? ??? ????? ?? ?????? ??? ??????? ?? ????? ???? ???",,,,,,,,,,,,,,,,,,,,,,,,
n, ??????? ,,,"???? ???? ?????? ??????? ?? ?????? ???? ?? ???, ?? ??????? ?? ??????? ?? ???? (??????? ??? ?? ???? ?? ""????? ?? ????"") ???? ??????? ?? ??????? ??? ???????? ?? ??? ?? ????? ??????? 1000 ?????? ??, ??????? ??? ???????? ?? ??? ?????? ?? ????? ???? ??? ???? ??????? ?? ????? ??? ??????? ????? ??, ??????? ?? ?? ?????? ?? ????? ??? ??????? ?? ?? ??? ???? ???? ??? ?? ???? ????? ????",???????,,,,,,,,,,,,,,,,,,,,,,,
n,????,,,"????, ???? ???? ?? ???? ??, ?? ???? ???? ?? ?????? ??? ?????? ???? ???, ??????????? ?????? ?? ???? ?? ?? ????? ?? ???????, ???? ?? ???? ?? ???? ?????",,,,,,,,,,,,,,,,,,,,,,,,
n,????,"???, ???? ","Yeesu in Roman script, Isaa in Arabic script (W);","(?? ????????? ?? ????? ?? ????? ?? ???? ????? ?? ??? ???? ?? ???) ????, ????? ???? ?? ""???????? ????? ??"" ??????? ???? ????? ?? ???? ????? ?? ??????? ???? ?? ???? ???? ??? ????? ?? ???????? ??? ?? ???? ???? ??? ??? ???????? ??, ??????? ???????????? (???? ???? ?? ??????? ???, ????? ????? ?? ???? ???? ?????? ???, ??? ??? ??? ?? ????? ?? ???, ?? ?? ?????? ??? ??? ??? ?? ???? ?? ?? ?? ??? ??????? ?? ?????? ?? ????? ???? ?? ?? ????? ?? ???? ???? ?? ??? ?????? ???? ?? ??? ?? ????? ?? ????????? ??? ??)? ???? ?? ?? ?? ??? ???? ???????? ???: ???? ????, ?????, ???????? ?? ?????, ?????? ?? ?????, ???? ?? ??????",,,,,,,,,,,,,,,,,,,,,,,,
n,?????? ,????,,"?????? ??????? ?? ?? ???? ?? ????? ??? ???? ???? ??? ???? ?? (??????? 4:18)? ???? ?? ???? 1400 ??? ????? ??? ?????? ?? ?? ?????? ?? ????? ???? ??? (???? ??? ?? ???? ?? ""????? ?? ?????""?)",,,,,,,,,,,,,,,,,,,,,,,,
n,????? ,,people (a tribe) called Jews; sons of Israel (W);,"?????, ??????? ?? ????? ?? ???? ??, ??????? ??????? ?? ??? ???? ??? ?? ????? ???? ??? ??? ???? ??, ????? ?????? ????? ??? ???? ??? ???????? ?? ""???????? ?? ???"" ??? ???? ?? ??????? ???????? ?? ?????? ?? ??????? ?? ??? ??? ???? ?? ????? ?????? ?? ?? ????? ?? ????? ?????? ?? ????? ?????? ?? ????? ????? ??????",,,,,,,,,,,,,,,,,,,,,,,,
n,????,,,???? ?? ?????? ?? ???? ?? ???? ?? ?????? ??????? ???,,,,,,,,,,,,,,,,,,,,,,,,
n,????,????,,"????, ???? ???? ?? ???? 800 ???? ????? ????? (??????? ???????) ?? ???? ??? ???? ?????? ??? ???? ????? ?? ???? ??, ?????? ??????????? ??? ???? ???? ??? ??? ?? ???? ????",,,,,,,,,,,,,,,,,,,,,,,,
n,??????,,,"???? ??? ????, ?????? ?? ????????, ???, ????????? ?? ??? ????? ??? ?? ???????? ?? ???? ???? ???? ??? ?? ?? ????? ?? ???? ?????? ?? ??? ????, ?? ?? ???? ????? ?? ???? ???? ??????? ?? ?? ?? ????? ????? ?? ???? ?????, ????? ?????? ????? ?? ?? ?? ?? ??? ????? ??, ????? ?? ???????? ?? ????? ????? ?? ?? ?? ???? ???? ????? ??? ??? ??? ?? ?? ???? ?? ???, ?? ???????? ?? ???? ????????? ?? ?? ???? ?? ????, ?? ???? ?? ?? ????? ????",,,,,,,,,,,,,,,,,,,,,,,,
n,???????,,Yowanna (W),"??????? ??? ?? ???? ?? ""???????? ?? ???????""? ????? ??? ??????? ??? ?? ?? ????? ??? ????  ???: (1) ???????? ???? ???? ,????? ????? ?? ???????? ?? ?? ????? ?? ??????? ??, (2) ???? ?? ?? ??????? ?? ???? ?? ???? ????? ??? ????? ??? ?? ?? ?? ?? ????? ????????, ?? ???? ?? ???? ??????? ??? ?? ????????????? ????, (3) ?????? ?? ????? ??? ??????? ????? ????? ?? ???????? ????, (4) ???? ?? ????, (5) ?? ??????? ?? ??????????",,,,,,,,,,,,,,,,,,,,,,,,
n,????,,,"????, ???? ???? ?? ???? 800 ???? ????? ???? ??? ???? ??? ?? ???? ?? ?????, ?? ?????? ??  ?????? ?? ???????? ?? ?? ??????????? ?? ????? (??????? ??) ????? ??? ????? ?? ???????? ???? ?? ??? ?????? ??? (???? ?? ?? ??? ??? ?? ?? ?? ????? ???? ?????? ?? ??? ??? ??? ????? ?? ?????, ???? ???? ??? ??? ?? ?? ???? ???? ?? ??? ??? ??? ?? ????? ??? ???? ???? ???) ???????? ?? ???? ?? ?????? ?? ???-??? ???? ???? ?? ?? ?? ????? ?? ??? ??? ???????? ?????",,,,,,,,,,,,,,,,,,,,,,,,
n,???????,,,"??????? ???? ???? ?? ????? ??? ?? ?? ???? ???? ????? ????? ?? ??? ?? ???? ?? ??????? ????? ??? ???? ??, ?? ???? ???? ????? ?? ???? ???? (??????? ??? ?? ???? ?? ""????? ?? ?????"")",,,,,,,,,,,,,,,,,,,,,,,,
n,????,,,"???? ??????? ?? ?????? ??? ?????? ?? ?? ????? ?? ??? ??, ???? ????? ?? ????? ???-???? ????",,,,,,,,,,,,,,,,,,,,,,,,
n,????,????  ??? ,,"???? ?? ???? ??? ?? ??? ?? ?? ??????? ??? ????? ?? ?????? ?? ?? ???? ??? ????  ??? ?? ?????? ??? ????? ???? ???? ??, ???? ?????? ??? ?? ????? ??? ???? ???",,,,,,,,,,,,,,,,,,,,,,,,
n,?????,,,"????? ??? ?? ?? ????? ???: (1) ????? ?? ????????? ?????, (2) ????? ?? ???, (3) ???? ???? ?? ?? ???, (4) ?? ??? ????? ???? ????? ???? ???? ?? ???? ?? ?????? ??,??? ?
????? ?? ????? ????? ?? ???? ???? ?? ???? 1800 ???? ???? ????? ??? ?? ??? ?? ??? ??? ??? ???? ??? ??, (?? ?? ????? ??? ?? ?????????? ??????? ?? ??? ???? ?? ????? ?? ?????? ?? 400 ?????? ?? ???? ?? ??? ?? ???)? (????? ??? ?? ???? ?? ""?? ???????"")",,,,,,,,,,,,,,,,,,,,,,,,
n,????? ,,,"????? ???? ????  ?? ???? 1400 ???? ???? ???? ??? ???? ??? ?? ???? ?? ""???????? ????? ??""? ?? ?? 12 ??????? ??? ?? ?? ?? ??????? ???? ?? ???? ???? ??? ???? ?? ?????? ?? ???, ????? ??????????? ?? ????? ???, ?? ?? ?? ???????? ???? ?? ???? ??????? ???? ?? ??? (???? ???, ""???? ?? ??? ?? ???? ?????? ?? ??? ??, ?? ????? ?? ?????? ???????"")
(????? ??? ?? ???? ?? ""????? ????? ??""? ???? ??? ?? ????? ??? ?? ?? ?? ??? ???)",,,,,,,,,,,,,,,,,,,,,,,,
n,????? ,,,"????? ????? ?? ???? ????? ??? ?? ?? ??? ???? ??? ?? ??? ??? ??? ?? ????? ?? ???????? ????? ?? ?????? ???? 
???? ?????? ?? ??? ?? ??? ??, ?????? ?????? ?? ??????? ??? ???? ??, ???? ?? ??????? ?????? ?? ?????? ??? ????? ?? ????? ??? ?????? ??? ???? ??? (????? ??? ?? ???? ?? ""??????"" ?)",,,,,,,,,,,,,,,,,,,,,,,,
n,???????,,,??????? ?? ?????? ?? ????? ?? ??? ?? ???? ????? ?? ????? ???? ???  ,,,,,,,,,,,,,,,,,,,,,,,,
n,??????,,,"??????? ?? ????? ???? ?? ??? ?? ???, ???? ?????? ??? ?? ?? ??? ?? ???? ??, ????? ?? ????? ???? (?????? ??? ?? ???? ??? ?? ???? ????? ?? ???? ???)",,,,,,,,,,,,,,,,,,,,,,,,
n,???? ,,,"???? ?? ???? ?? ????? ?? ????? ????? ??? ?????, ???????? ?? ????? ?? ???? ????, ?? ???? ?? ???? ???? ???? ???? ??? ??? ???? ??? ????? ?? ???",,,,,,,,,,,,,,,,,,,,,,,,
n,????? ,,,"????? ????? ?? ???? ??, ?????? ?? ???, ?? ????? ??? ???? ??? ????? ??? ?? ????? ?? ???? ?? ?? ????? ?? ???????? ?????",,,,,,,,,,,,,,,,,,,,,,,,
n,???? ???,???? ????,,"????  ??? ?????? ??????? ??? ???? ????? ???? ?? ?? ???? ????? ??, ???? ?? ?????? ??? ?????? ?? ?? ???? ???",,,,,,,,,,,,,,,,,,,,,,,,
n,????,"???????, ????",from the clan of Lewi (R); from the clan of Liwai (K),"????, ????? ?? ???? ????? ??? ?? ?? ??, ?? ???? ??? ?? ???????? ????? ?? ?????? ??? ??????? ???, ?????? ??????? ?? ?? ??????? ?? ????? ??? ???? ?? ??? ?? ??? ???? ?? ?????? ??? ????? ?? ???? ??? ????? ????? ???????? ???? ??, ??? ?? ???? ??? ???? ??? (?????? ?? ??? ???? ???? ????  ??? ?? ????? ????? ?? ???)",,,,,,,,,,,,,,,,,,,,,,,,
n,???,,,"??? ??????? ?? ????? (??? ?? ????) ??? ??? ??????? ?? ??? ???? ??? ????? ?? ????? ??????? ?? ??? ??????? ?? ???? ???? ?? ??, ?? ?? ??? ?? ??? ??????? ?? ???? ??? ???? ????, ???? ??? ???? ??? ???? ??? ???? ???? (??? ???????? ?? ???????? ?? ?????? ???, ?? ??????????? ?? ?????? ???)",,,,,,,,,,,,,,,,,,,,,,,,
n,,,,,,,,,,,,,,,,,,,,,,,,,,,,
n,??????,,,"??????, ????? ?? ?? ????? ??? ???? ??? ??????, ??????? ?? ?? ????? ?? ?????? ???? (?????? ??? ?? ???? ?? ""??? ?????"")",,,,,,,,,,,,,,,,,,,,,,,,
n,?????  ,,,"?????  ?? ?? ???? ??? ??? ?????? ?????  ??? ?? ?? ???? ????? ??????? ??, ?? ???? ?? ????? ??, ????? ?? ????????  ???? ?? ???  ?? ???  ??  ???????? ????? ??? ??? ???",,,,,,,,,,,,,,,,,,,,,,,,
n,?????,,,"????? ??? ?? ???? ?? ""?????"" ?? ""?????"" ? ?????? ?? ??? ????  ???, ?? ??????? ?? ??? ????? ??, ?????? ???? ?? ??? ?? ????? ?? ?? ?????? ?? ????? ???? ???? ?? ?????? ?? ??? ?? ?? ????? ??? ???? ??, ?? ?????? ?? ???? ???? ????",,,,,,,,,,,,,,,,,,,,,,,,
n,?????,,,"?????,  ???? ???? ?? ??? ?? ?? ???? ???? ??, ?? ????-???? ???? ??, ?? ???? ?? ??? ???? ????? ???? ?? ??? ??????, ?? ?? ????? ?????? ???? ??? ????? ?? ???? ?? ???? ?? ???? ??? ?? ???????? ??  ????? ?????",,,,,,,,,,,,,,,,,,,,,,,,
n,???? ,???? ??? ,,"???? ?? ????? ?????? ??? 7??? ??? ??? ????? ???, ???????? ??? ??? ?? ?? ????? ????? ????? ??????? ?? ???? ???? ?? ??? ???????? ?? ??? ????? ??? ????? ???? ???? ?? ???? ???",,,,,,,,,,,,,,,,,,,,,,,,
n,??????????  ,,,"??????????  ?? ???? ?? ""???? ???? ?????? ???? ???? ??""? ?? ???? ?? ???? ??, ?? ?????? ?? ?? ???? ???? ???????? ?? ???? ???? ??? ???? ?? ??? ??????? ?? ???????? ????, ????? ??? ??? ?? ?????? (????? ??? , ?? ????? ??????) ????? ??????? ??????????   ?? ????  ?????? ?? ??, ?? ???? ?? ???  ???? ?? ?? ???? ??  ????  ????? ?? ???? ?? (??? ?? ????? ???? ???? ????????  ?? ??? ????? ?? ??? ?? ???? ???? ?? ???)",,,,,,,,,,,,,,,,,,,,,,,,
n,????????? ,,,"????????? ?????? ?? ???? ??? ???? ??? ???? ??? ??? ?? ??? ???? ?? ???? ???? ?? ???, ???? ????????? ?? ???? ???????? ???",,,,,,,,,,,,,,,,,,,,,,,,
n,???? ,,,"???? ???? ???? ?? ???? ??? ?????? ?? ????? ???? ??, ????? ???? ???? ?? ??, ?? ?? ???? ???? ?? ???? ?? ??? ??? ?? ????? ???, ?? ????  ??????? ?? ?????? ?? ??? ??? ??, ?? ???? ??? ?????? ???? ??? ????? ???? ????",,,,,,,,,,,,,,,,,,,,,,,,
n,???????,???????????,,"???????, ??????? ?? ????? ????? ?????? ?? ???? ???? ??? ??????? ?? ????? ?????-?????? ??? ??? ??, ???? ???? ????? ?? ????? ?? ??? ??????? ?? ????? ?? ????? ?? ??????????? ??? ???? ??? ?? ??????? ?? ??? ??? ??????? ?? ???? ???? ?? ????? ??? ???????? ?? ????? ?? ???? ???? ???? ??????????? ?? ????? ?? ??? ???? ???",,,,,,,,,,,,,,,,,,,,,,,,
n,?????? ,,,?????? ???? ?? ????? ?? ??? ??? ?? ?? ??????? ????? ???? ?? ?? ??????????? ?? ??? ?????? ???,,,,,,,,,,,,,,,,,,,,,,,,
n,???? ,????? ,,"???? ??????? ?? ????? ??? ?? ???? ??? ???? ?? ???? ????? ??, ?? ????  ??? ?? ??? ??????? ?? ??????-????? ??? ???? ??? ???? ??? ????? ???? ?????? ?? ??? ????  ????? ????? ?? ???? ???? ??? ??? ?? ????? ?? ?? ???? ????  ?? ???? ?? ?????? ????",,,,,,,,,,,,,,,,,,,,,,,,
n,?????,,,"????? ?? ???? ????? ?? ?? ??? ???-???? ??? ???? ???? ???? ???? ??? ????? ???, ????? ????? ?? ????????? ?? ????? ???? ?????? ?? ??? ?????? ??? ??????? ??? ??? ??????????? ?? ???? ?????? ?? ??? ???? ????? ?? ???? ?????? ??????? (????? ??? ?? ???? ?? ""??? ?? ????""?)",,,,,,,,,,,,,,,,,,,,,,,,
n,???????,,,??????? ?? ????? ????? ?? ?? ?????? ???? ?????? ?? ??? ??? ??? ???? ??? ???? ???? ???? ????? ??? ?????? ?? ????-???? ?? ??????  ?? ???? ???? ?????? ?? ??????? ?? ???? ??????? ???? ?? ??? ???? ?????,,,,,,,,,,,,,,,,,,,,,,,,
n,????,,Musa (W from Ar),"????, ???? ???? ?? ???? 1450 ??? ???? ???? ??? ???? ???? ????? ??? ?? ?????? ????? ?????? ??? ??? ??, ????? ?????? ????? ?? ?? ????????? ?? ??? ?? ???? ?? ? ???? ?? 40 ??? ?? ???? ??? ????? ???? ???? ??, ????? ???????? ?? ?????? 80 ??? ?? ???? ??? ????? ???? ??? ????, ???? ?? ?????? ????? ?? ???? ?? ?? ????? ???????? ?? ???? ?? ???? ????? ????? (????????? ?????? ????  ?? ???? ??????? ?????)?",,,,,,,,,,,,,,,,,,,,,,,,
n,?????,,,"?????, ???? ???? ?? ???? 800 ??? ???? ?????? ??? ??? ???? ??, ???? ?? ??????? ?? ?????? ??? ?? ?? ???? (???-?????) ??, ????? ????, ?? ??? ??? ??? ?? ? ??????????? ????? ?? ??? ???? ??? ??? ????? ?? ??? ???? ????? ?? ??? ???? ?? ??? ?? ???, ?? ??????? ?? ????????? ??? ??????? ???? ???? (???? ????  ?? ???????? ?? ??? ??  ?? ????????? ?? ??????? ???? ????? ???? ?? ????? ?? ???? ???? ??  (????? ??? ?? ???? ?? ""???????"")",,,,,,,,,,,,,,,,,,,,,,,,
n,????? ,,,"????? ??????? ?? ?? ????? ?? ?? ???? ??? ?? ??? ???? ??? ?? ??, ???? ??? ?? ????? ?? ??? ?? ??? ?? ??????? ??? ?? ???",,,,,,,,,,,,,,,,,,,,,,,,
n, ????? ,,,"?? ????? ?? ??? ????? ??? ????? ???? ?? ???? ??????? ??? ?? ?? ??? (????? ??? ?? ???? ?? ""????????  ???? ??""?)",,,,,,,,,,,,,,,,,,,,,,,,
n,?????,,,"?????, ????? ?? ????? ??? ????? ?????? ?? ?? ???? ??? ????? ?? ????? ?? ??? ?????, ????? ?? ???? ?? ????? ??? ???? ?? ??? ?? ????",,,,,,,,,,,,,,,,,,,,,,,,
n,??????????? ,,,"??????????? 605 ?? 562 ??? ????? ?? ??????? ?? ?? ???-???? ???? ??? ???? ??????????? ?? ??? ?? ?????? ?? ?????? ?????? ?? ??? ??????? ??? ????, ?? ??? ??? ??????? ?? ???????? ?? ??????? ????? (??????????? ??? ?? ???? ?? ""??? ???? ???? ?? ????? ????"")",,,,,,,,,,,,,,,,,,,,,,,,
n,???????? ,,,"???????? ?????? ????????? ??? ?? ????? ???? ??????? ??? ???? ?????????? ?? ???????? ?? ???? 445 ??? ????? ??? ?????? ?? ??? ?? ????? ?? ??? ????? ???? ??? (???????? ??? ?? ???? ?? ""????? ???? ???? ??""?)",,,,,,,,,,,,,,,,,,,,,,,,
n,??? ???,??? ,,??? ??? ???? ????? ??? ?? ????? ?? ?? ???? ?? ?? ??? ?? ??????? ?? ?????? ???? ??? ????????? ??? ??? ?? ???? ?? ?????? ????? ????? ??? ???????? ?? ???? ?? ??? ??? ?? ???? ?? ??? ??? ????? ?? ????? ?? ??? (??? ??? ?? ????? ??????? ?? ?????????? ??? ??? ????? ???),,,,,,,,,,,,,,,,,,,,,,,,
n,????? ,????????? ,,"????? ?????? ??? ?? ?? ???? ?????????? ??? ??? (?????? ?? ????? ???? ??????? ?? ??? ?? ??? ???? ???? ???) ???? ???? ?? ???? 800 ???? ?????, ???????? ?? ????? ?? ????? ?? ??????? ???? ?? ??? ??? ???? ?? ???? ?? ?? ?????? ???? ???? ?? ??? ??? ???? ?? ????? ?????, ?? ?? ???? ?? ???????? ????? ?? ????, ???????? ?? ?????? ????? ?? ???? ?? ?? ??? ???? ??? ???? ????? (?? ???????? ???????? ????, ?? ???? ?? ???? ???? ???, ??????? ?? ????? ?? ?? ????? ????? ?? ??? ?? ???)
???? ?? ???? ?????? ????? ?? ?? ???????? ?? ??? ??? ????? ?? ??? ?? ?????",,,,,,,,,,,,,,,,,,,,,,,,
n,???,,,"???, ???? ???? ?? ???? 2000 ???? ???? ???? ??? ???? ??? ?? ???? ?? ""???? ?? ????"" ?? ?????, ????? ???? ???? ??? ?? ??? ?? ?? ???????? ?? ??? ?? ?? ???? ???? ??? ????? ?? ???? ????? 120 ??? ???, ???????? ?? ??????? ?? ????? ?? ??? ?? ?????? ?? ?? ??? ??? ?? ???? ??? ???????? ?? ????? ?? ???? ?? ???? ???? , ????? ??? ????? ?? ????? ???? ??, ????? ?? ????? ?? ?? ??? ?? ???? ?? ?? ???? ?? ???? ?? ?? ???  (?? ??????, ?? ????? ??? ??? ??? ?? ???? ????? ?? ???? ????)",,,,,,,,,,,,,,,,,,,,,,,,
n,????-???? ,,,"???? ???? ?? ?? ??? ????-???? ?? ?? ??? ???? ?? ?????? ??? ??, ?? ????? ?? ????-???? ?? ?????? ????? ?? ???? ???? ?? ?????? ??????? ?? ???, ?? ???? ????-???? ?? ???? ?? ???????? ??????? ????? (????-???? ??? ?? ???? ?? ""???? ?? ????""?)",,,,,,,,,,,,,,,,,,,,,,,,
n,?????,,,"????? ???? ?? ?? ????? ?????? ??, ????? ????? ????? ?? ?? ??????? ??? ?? ?? ?? ??? ???",,,,,,,,,,,,,,,,,,,,,,,,
n,????? ,,,"???? ?? ????? ?? ?? ???????? ?? ??? ????? ??????? ???? ??? ???? ?? ????? ???? ?? ???, ?? ?? ??????? ?? ??? ?? ??? ?? ????? ???? ???? ???????? ?????? ?? ?? ?? ????????? ???? ???? ?? ?????? ???? ?? ???? ???? ??? ????? ?? ???? ???? ???? ????? ?? ?? ???? ???? ?? ?? ?????? ????? ?? ?? ???? ?? ?????? ???? (????? ??? ?? ???? ?? ""????""?)",,,,,,,,,,,,,,,,,,,,,,,,
n,?????,??????,,"?????? ?? ????? ?????? ??? ??? ????? ?????? ??????? ???, ???????? ??????? ?? ??? ?????? ???? ?? ?????????? ?? ???? ??????? ??? ?????? ????????? ?? ??????? ?????? ?? ?????? ?? ??????? ??? ?? ???? ?????",,,,,,,,,,,,,,,,,,,,,,,,
n,???? ,???? ,,"???? ?? ?????? ?? ???? ???? ?? ??? ???? ??? ?? ???? ?? ???? ?? ????? ???? ?? ??? ??????, ?? ???? ?? ???? ??? ????? ???? ?? ????? ????, ???? ?? ???? ????????? ??? ?? ?? ??? ???? ?? ???? ?? ???? ?? ?????? ?? ?????????? ?? ??? ???????? ?? ???????? ?????? ???? ???? ??????? ?? ???-???????? ?? ??????????? ?? ???????? ?????? ???? ???? ??????? ????? ???? ?? ????? ?? ?? ???? ?? ?? ???? ????? (???? ??? ?? ???? ?? ""???????"")",,,,,,,,,,,,,,,,,,,,,,,,
n,????? ,,"Jewish religious leader;
Farasi;
","????? ????? ???????? ?? ?????? ?? ?? ???? ?? ???????? ?? ???? ???? ?? ??? ?? ?????? ?? ???? ???? ??? ?? ?? ???????? ?? ???????? ???? ?? ?? ?? ?????? ?? ???? ???? ??? ???? ???? ???? ??? ???? ?? ?????? ?????? ???, ??????? ?? ????? ??? ???? ??, ????? ??? ??????? ???? ???? ??? (?? ????? ???? ?? ???? ????????? ?? ????? ???? ??, ???-??? ??????? ?? ???????? ?? ???? ?? ?? ??? ????? ???)",,,,,,,,,,,,,,,,,,,,,,,,
n,????????? ,,,"????????? ??? ?? ?? ??? ??? ????? ?? ?? ???????? ???? ??? ????? ???? ?? ???? ??????? ??? ?? ?? ??, ?? ???? ?? ???? ????????? ??? ?? ?? ???? ????????? ?? ???????? ?? ???? ?? ??? ?? ???, ??? ?? ?? ?????????? ??????? ?? ???",,,,,,,,,,,,,,,,,,,,,,,,
n,??????? ,"???????, ??????????",,"??????? ??????? ??????? ??? ???? ???? ?????????? ????? ??? ?? ???-??? ??????????? ?? ??????? ????? ???? ??? ??????, ????? ??? ?? ?? ??????? ?????? ?? ????? ???? ???",,,,,,,,,,,,,,,,,,,,,,,,
n,???????,,,"??? ????? ???? ?????? ?? ??? ??, ??????? ??????? ?? ??????? ???? ?????? ??? ?? ????? ?????? ?? ???? ?? ???????? ????, ?? ??????? ???? ?? ???? ?? ?????? ?? ??? ????? ?? ???, ??????? ?? ????? ?? ?? ???? ??????? ?? ?? ??? ???? ??? ???",,,,,,,,,,,,,,,,,,,,,,,,
n,?????? ,,,"?????? ????? ?? ?? ??????? ?? ??? ??? ???? ????? ?? ????? ?? ??? ?? ????? ?? ??? ??? ??? ??? ??? ??? ????? (??????  ??? ?? ???? ???? ""???????? ??? ""???? ???)",,,,,,,,,,,,,,,,,,,,,,,,
n,????????????,???????? ,,"????????????, ???? ???????? ?? ??? ???? ??, ??????? ?? ????? ??? ?? ??? ?? ????? ?? ????????? ????? ?? ????? ?? ?????? ??? ????????? ??????? ???? ??? ??? ?? ??? (????? ??? ???????? ??? ?? ???? ""??????"" ???? ???)",,,,,,,,,,,,,,,,,,,,,,,,
n,????? ,,,"????? ?? ???? ?? ???? ?? ???? ?? ?????? ????? ?? ?? ???????? ??? ?? ?? ?? ??? ????? ??? ?? ????? ?? ????????? ?? ??? ??? ????? 2:18 ??? ???? ??? ????? ????? ?? ??? ?????? ?? ??? ???????? ???? ??? ??? ???????? 31:15 ???, ??????? ??? ?????? ?? ????? ??? ??? ??, ?? ????? 2:18 ???, ?????? ??? ?????? ?? ????? ??? ??? ??, ?? ?? ???? ???? ?? ??? ?????? ?? ??? ???? ????",,,,,,,,,,,,,,,,,,,,,,,,
n,?????,,,"????? ?? ????? ??????, ?? ????-???????? ?? ?? ?????? (???? ?? ????? ?? ??????) ?? ?? ???? ???? ?? ???? 1400 ??? ???? ????? ??? ??? ???? ??? ?? ???? ???? ?? ???? ???? ??????????? ?? ????? ?? ?????, ?? ??? ??????? ?? ???????? ?? ??????? ?? ???, ????? ???? ???????? ??????? ?? ????? ?? ????? ??? ??? ??? ?????, ??? ?? ?????? ????? (????? ?? ??????? ????? ???? ?? ??? ?? ???)",,,,,,,,,,,,,,,,,,,,,,,,
n,?????,,,????? ???? ???? ?? ???? 1800 ??? ???? ???? ???? ?? ??????? ?? ???? ????? ?? ????? ?? ???? ?? ????? ??? ?? ??????? ????? ?? ??? ????,,,,,,,,,,,,,,,,,,,,,,,,
n,????????,,,"???????? ???? ??????? ?? ?? ????? ????? ??? ??????? ?? ?????? ?? ???, ???????? ???? ???? ????? ?? ???? ?? ???? ??? ?? ????? ?? ??? ???? ??????? ????, ?? ????? ?? ??????? ?? ???? ?? ????? ?? ????? ??? ??? ???? ???????? ?? ??????? ??? ????? ?? ???? ????, ???? ??????? ???? ??? ??? ??????? ?? ???? ???? (???????? ??? ?? ???? ?? ""????? ?? ??????? ????""?)",,,,,,,,,,,,,,,,,,,,,,,,
n,?????,,,"?????, ????? ?? ??? ?? ????/???? ???? ????? ??? ????? ??????? ?? ???? ??????? ??? ?? ?? ?? ?????? ???? (????? ??? ?? ???? ??, ????, ?? ??????)",,,,,,,,,,,,,,,,,,,,,,,,
n,??? ,???????,,"??? ???? ???? ??? ?? ??????? ?? ?? ??? ???? ?? ??? ??, ??? ?? ?????? ?? ??????? ??????? ?? ???? ??????? ?? ?? ??? ??? ????????? ?? ???? ?? ???? 100 ???? ????? ?? ???? ???? ?? 700 ???? ??? ?? ?? ????? ?? ???? ????? ?????? ???? ??? ?? ??? ????? ????? ???, ??? ?? ???????? ???? ?? ???? ?? ??? ?? ???? ??????? ?? ?????? ???? ?? ??????? ??? ??????? ?? ????? ???? ?? ???? ????/????? ????? ????? ??? ????? ????? ??? ?? ??????? ?? ???? ???? ??, ?? ????? ??????? ?? ??????? ?? ???? ?? ????? ??? ?? ?? ?????? ?????? ?? ????? ?? ??-????? ?? ??????? ????? ???? ?? ????? ???? ???? ?? ???? ??? ???????? 300 ?????? ?? ???? ????? ?? ??? ????",,,,,,,,,,,,,,,,,,,,,,,,
n,???,,,??? ???? ?? ?? (???-?????) ?????? ??? ?? ?? ????? ?? ????? ????? ????? ?? ?? ??????? ??? ?? ?? ?? ??? ??? ??? ????? ?? ??? ??????? ?? ???? ????? ??? ?? ?? ??? ???? ?? ???? ????? ????? ???? ????? ???? ???? ?? ???? ?? ?????? ????,,,,,,,,,,,,,,,,,,,,,,,,
n,????? ,,,"????? ???, ????-?????? ????? ?? ?? ??????? ????? ?? ?????? ???? ??? ?? ????? ??????? ?????? ?? ?????? ??? ?? ???????? ?? ?? ?????? ?? ????? ?? ???? ??? ????? ?? ?? ???? ?? ???????? ??? ???? ??? (????? ????? ?? ?? ??? ??? ??? ??? ??? ?? ??????, ????? ?? ?? ??? ?? ????? ???? ?? ?? ???? ???? ??? ?? ?????? ?? ?? ?? ???? ???)",,,,,,,,,,,,,,,,,,,,,,,,
n,???????,?????,,"??????? ??????? ??????? ?? ?? ?????? ??????? ??, ?? ??? ??? ??? ?? ?? ?????? ?? ???? ?? ???? ???? ???? 600 ???? ????? ?????? ?? ???????? ?? ??????? ?? ????????? ?? ???? ??, ??? ?? ??????? ??? ??????????? ?? ???? ?? ??? ?? ??? ??? ?? ????? ????? ???? ??? ????????? ?? ??, ????? ???????? ?? ???????? ?? ??? ?? ???? ????? ???? ???? ??????? ???????? ??????????? ?? ??? ????? ???? ?? ?? ??? ???? ??????? ?? ???? ???? ?? ???? ??? ??????? ?? ???????? ??? ??????? ?? ????? ???????? ?? ????? ????? ???",,,,,,,,,,,,,,,,,,,,,,,,
n,??????,,,"?????? ???? ???? ?? ???? 1100 ???? ????? ???? ??? ???? ??? ?? ???? ?? ""?????""? ??? ???????? ?? ????? ??????? ???? ????? ??, ????? ????????? ?? ??? ??? ?? ?? ?????????? ???? ??? ???????? ?? ?????? ?? ???? ???? ??????? ????? ??, ????? ??????????? ?? ?? ??????? ?? ??? ????? ???????, ???? ?? ???????? ?????? ?? ????? ???? ????? ??? ???? ?? , ????? ???? ???? ???????? ?? ????? ???? ???? ?? ???? ????? ?? ???  ?? ?????",,,,,,,,,,,,,,,,,,,,,,,,
n,????? ,,,"????? ???? ???? ?? ???? 1150 ???? ????? ???? ??? ???? ??? ?? ???? ?? ""???????? ?? ???""? ????? ??????? ??? ?? ???? ????????????? ???, ?? ???? ?? ???? ?? ???? ?? ??????? ?? ???? ?? ??? ??? ???????? ?????",,,,,,,,,,,,,,,,,,,,,,,,
n,?????? ,,,"?????? ?? ???? ??? ??????? ???? ????? ??? ?? ??? ???????? ??? ????? ???? ?? ?? ???? ?? ??? ?????? ???? ????? ?? ??? ?? ??? ????? ????? ?? ???????? ????? ????? ?? ???? ?? ???? ??? ??? ????, ?? ???? ??? ?? ??? (?????? ??? ?? ???? ?? ""????"", ?? ????? ??????)",,,,,,,,,,,,,,,,,,,,,,,,
n,???? ,,,"???? ??????? ?? ???? ????? ??? ??????? ?? ?? ?????? ?? ???? ???, ??? ?? ???????? ?? ???? ???? ???? ?? ?? ??????? ??? ?? ????? ?? ???? ????? ???????? ?? ???? ??? ????, ????? ???? ?? ???????, ?? ????? ????, ????? ???? ?? ?????????, ?? ????, ???? ???? ?? ???? ???? ??? ?????, ?????, ???? ?????",,,,,,,,,,,,,,,,,,,,,,,,
n,????,,,"????, ??????? ?? ???? ????? ?? ?? ????? ?? ??? ???? ???????? ?? ???? ?? ??? ????? ???? ?? ????? (???? ?? ???? ?? ???????, ???? ???? ?? ???? ?? ??????????)",,,,,,,,,,,,,,,,,,,,,,,,
n,?????,????? ?????,"crooked mouth (G);
enemy of God;
chief leader of the evil spirits (G);
spirit who accuses others;
Seytaane (W)","????? ?? ???? ?? ???? ????? ???? ?? ??????? ????? ?? ????????? ????? ????? ?? ????? ?? ?? ???????? ?? ??? ??? ???? ?? ??? ???????? ???? ?? ?? ??? ???????? ?? ????? ?? ?? ???? ????? ??? ???????, ???? ???? ???????? ?? ????? ??????????? ?? ???? ???? ???? (?????, ???? ????? ?? ????? ?? ??? ?? ?? ??? ??? ??? ??????)",,,,,,,,,,,,,,,,,,,,,,,,
n,????,,,"???? ??? ?? ?? ????? ??: (1) ?? ????, ????? ????? ???? ???? ???? ??????? ?? ???? ???? ?? 1100 ??? ???? ???? ???? ???? ???? ??? (2) ?? ????? ????? ?? ???? ????? ?? ????? ????? ??? ??? ??? ?? ?? ????  ?? ??????? ?? ??? ?? ????? ??? ?? ??????????? ?? ???????? ???????? ???? (??????? ???? ?? ???? ??? ?? ???? ??, ""????? ???""? )",,,,,,,,,,,,,,,,,,,,,,,,
n,????,,,"???? ??? ?? ?? ????? ??????? ?? ????? ?? ???? ???? ?? ??? ???????? ????, ????? ??? ???? ?????? ?? ??? ??? ?????
???????? ?? ?? ??? ?? ???? ??? ???? ???
???? ??? ?? ?? ??? ?? ?? ??????? ?? ??? ""??? ?????"" ??? ?? ?? ?? ???? ????? ?? ????? ??????? ?? ??? ??? ???? ???
(???? ??? ?? ???? ""????"" ???)",,,,,,,,,,,,,,,,,,,,,,,,
n,????,,,"????, ??????? ?????? ?? ?? ??????? ??? ??, ???? ???????? ???? ?????? ?????? ???? ???? ??? ?? ???????? ??? ????? ?? ?????? ???? ?? ??? ?? ??? ???? ?? ??????????? ???? ???",,,,,,,,,,,,,,,,,,,,,,,,
n,???? ,,,"???? ????? ?????? ?? ?? ??? ?? ???? ??????????? ?? ???? ??? ???? ?? ???, ???? ?? ????? ?? ??? ?????? ?????? ????? ??? ??? ??? ??????????? ????? ???? ?? ???",,,,,,,,,,,,,,,,,,,,,,,,
n,????? ,,,"????? ?? ??????, ??????????, ??????? ?? ????? ??? ??, ?? ?????? ?? ???, ??????? ?? ????? ??? ????? ??, ???? ?? ???? ??????? ?? ???? ???? ??? ????? ???? ??????? ????? ?? ??? ?? ??? ???? ???? ?? ????? ?? ???? ???? ???? ?? ??? ???? ?? ??? ???? ???? (????? ??? ?? ???? ?? ""??????? ?? ????""? )",,,,,,,,,,,,,,,,,,,,,,,,
n,??? ,????,,??? ?? ???? ?? ??? ?? ???? ???????? ????? ?? ????? ?? ??? ?? ?????? ?? ??? ???,,,,,,,,,,,,,,,,,,,,,,,,
n,????? ,,,"????? ??????? ?? ??? ?? ????? ?? ??? ?? ????? ??? ??? ???? ?? ????????? ??????? ?? ??? (????????? ?? ??? 15, 16, 17, 18)? (????? ??? ?? ???? ?? ""?-?????""?)",,,,,,,,,,,,,,,,,,,,,,,,
n,?????,???? ,,"????? ??? ?? ?? ??? ??, ???? ????? ?????? ??? ????? ?? ???? ???? ??????? ???? ?? ????? ?? ???? ??? ???? ???",,,,,,,,,,,,,,,,,,,,,,,,
n,????? ,????? ????? ,,"???????? ?? ??? ??? ????? ???? ????? ?? ???? ?? ??????? ??, ???? ???????? ?? ????? ?? ???????? ?? ?? ??????? ?????, ?? ??????????? ?? ??? ?? ???? ??????",,,,,,,,,,,,,,,,,,,,,,,,
n,????? ,,,"????? ?? ????? ??????? ?? ????? ??????????? ?? ??????? ????? ???? ?? ?? ????? ?????? ??? ?? ????? ????? ?? ?????? ?? ???? ??? ??? ???, ?? ?? ?????? ?? ??? ??? ?????  ?? ?????? ?? ??? ???? ???",,,,,,,,,,,,,,,,,,,,,,,,
n,???? ,?????????? ,,"???? ?? ??? ?? ??? ?? ???? ??? ?? ???? ?????? ???? ??, ?? ????? ???? ??? ?? ??? ??? ???? ?? ????? ?? ????? ?? ????? ??? ??? ??? ??? ?? ???? ???????? ?? ?? ????? ?? ?? ?? ???? ?? ?????",,,,,,,,,,,,,,,,,,,,,,,,
n,???????,,,"???????, ????? ??? ?? ???? ?? ?????, ???? ???? ?? ??????? ??? ?? ?? ??? ?????? ??????? ?? ??? ??? ???? ?? ??? ??????? ???? ??? ?? ???? ?? ??????? ??? ???????? ?? ??? ???? ????? ??????? ??????? ??????? ?? ???????? ?? ????? ??? ?? ???? ????, ????? ???????? ?? ??? ????????? ?? ???? ????? ?????? (???????, ??? ??? ??????? ?? ?? ???????? ?? ????? ???? ?? ?????? ?????????? ??????? ?? ???? ???? ?? ?????? ???? ??? ?????)",,,,,,,,,,,,,,,,,,,,,,,,
n,????????,,,"???????? ?? ????? ???????? ??? ?? ?? ?? ??????? ?? ????????? ???? ?? ??? ??? ???? ???? ??, ?? ?????? ????? ?? ???????? (???? ?????? ?????????) ??? ?? ?????? ?? ???? ?????? ?? ?? ???? ?? ???? ??? ?????? ?? ????? ??? ?? ???????? ??? ????? ?????? ?? ???? ????? ?? ????? ?????, ?? ???????? ?????? ????-???? ??????? ?? ????? ??? ????? (???????? ??? ?? ???? ?? ""?????""?)",,,,,,,,,,,,,,,,,,,,,,,,
n,?????? ,??????? ,,"?????? ???? ?? ?????? ?? ?????-????? ??? ????? ?? ??? ?? ?? ?? ?? ??? ?????? ?? ??????? ????? ??-????? ?? ????? ????? ???? ??, ?? ?? ?? ???? ???? ????? ??? ?? ?? ??????? ????? ??????? ?? ??????????? ????? ?????? ???? ?? ?????? ????? ?? ??? ????? ?? ?????? ???? ???",,,,,,,,,,,,,,,,,,,,,,,,
n,?????,????? ????? ,,????? ?????? ??????? ??? ?? ????? ??? ?? ??? ???????? ????? ?? ??? ?? ???? ?? ??????? ???? ???,,,,,,,,,,,,,,,,,,,,,,,,
n,?????,,,????? ???? ???? ?? ?????? ?? ???? ?? ????? ??????? ?? ??? ???,,,,,,,,,,,,,,,,,,,,,,,,
n,????????? ,,,"????????? ????? ????? ?? ???? ???? ??? ????????? ???, ?? ????? ?? ??? ?? ????? ??? ??? ???? ?? ????????? ???? ?? ??? ?? ??????? ?? ??? (????????? ?? ??? 16, 17, 18, 19, 20)? ??? ??? ????? ?? ????????? ?? ???? ????, ?????? ??? ????????? ?? ?????? ???? ?? ????? ????? ???? (????????? ??? ?? ???? ?? ""???????? ?? ??? ????""?)",,,,,,,,,,,,,,,,,,,,,,,,
n,?????,,,"????? ????? ?? ??? ?????? ??? ???? ???????? ????????? ???? ???? ????? ?? ???? ?? ???, ????? ?? ??????? ????? ?? ?????????? ???? ?? ??? ???? ????? ??? ???, ????? ?? ??? ?? ???? ?????",,,,,,,,,,,,,,,,,,,,,,,,
n,?????,,,"???? ???? ?? ???? ???? ?? ???? ?? ?????? ?? ??????? ?? ???? ?? ??? ?? ???????? ?? ???????? ???? ???? (???????? ?? ???? ?? ?????? ?? ?? ???? ?? ??? ?? ????? ???? ????? ???) ?? ??? ??????? ??, ?? ????? ?? ?????? ?? ??????? ?? ??? ?? ?? ??? ???? ??? ????, ????? ?? ?? ?? ????? ?? ??? ????, ??????? ????? ?? ???? ?? ?? ?????? ?? ???? ?? ??? ???? ??? (????? ??? ?? ???? ?? ""??????"")",,,,,,,,,,,,,,,,,,,,,,,,
n,????,,,"???? ????, ?????? ???? ??????? ?? ???? ????? ???? ???? ?????? ???? ?? ?? ?? ??? ???? ?????? ?? ???? ?? ???? ?????? (?????? ??? ???? ?? ???? ?? ""??????"")",,,,,,,,,,,,,,,,,,,,,,,,
n,??????????,???????,,"?????????? ?????? ?????? ?? ????? ??? ?????????? ????, ?????? ????????? ?? ??????? ???? ??, ?? 486-465 ??? ????? ?? ???? ???? ??? ??? [???????] ??????? ?? ??? ???? ??? (??????? ??? ?? ???? ?? ""?????""?)",,,,,,,,,,,,,,,,,,,,,,,,
n,????? ,"?????,????? ","the (Chief) God; the Most High God; Yawe; I AM
","????? ??? ?? ???? ?? ""?? ??"" ?? ""?? ?? ???????? ??? ??""? ???? ???? ??? ??? ???? ??? ????? ?? ??? ?? ???? ??? ""??? ???"" ??? ??????? 3:14?
???????? ??? ??? ???? ??? ??????? ?? ??? ?????? ??? ??? ""??????"" ???????? ?? ""????????? ????????"" ??? ???? ???",,,,,,,,,,,,,,,,,,,,,,,,
n,????? ,,,"????? ??? ?? ???? ?? ""??????, ??????"" ????? ???? ????? ?? ??? ??? ???? ???? ?? ????? ?? ???? ???? ???? ??, ?? ?????? ?? ???? ???? ???? ??? ??? ???? ?? ????? ?? ???, ???? ???? ??????? ??? ????? ?? ???????? ?????",,,,,,,,,,,,,,,,,,,,,,,,
n,???????,,,"??????? ??? ?? ?? ??? ??? ????? ?? ?? ?????? ?????? ?? ???? ??? ????? ???? ??????? ?? ????? ??, ????? ???? ???? ?? ??????? ??? ?????????? ?? ?? ?? ????? ?? ????? ?? ?? ???? ??? ???? ?? ??? ???????? ???? ???? ???? ??? ?? ?? ????? ?? ??????????? ?? ????? ???? ??? ?? ?? ?????? ???? ??? ?? ?? ??????? ???????? ???????? ?? ???? ??? (??????? ??? ?? ???? ?? :????? ????? ???? ???""?)",,,,,,,,,,,,,,,,,,,,,,,,
n,??????????,,,"???? ???? ?? ?????, ???? ??????????, ??????? ??????? ??? ????? ?? ???? ???? ??? ???? ???? ?? ???? 586 ???? ????? ? ??????? ?? ???? ?? ??? ???? ??? ???? ?? ???? ????? ???? ???? ?????????? ??? ?? ?? ???? ??????? ?? ??????????? ??????? ?? ????? ?? ????? ????? (?????????? ??? ?? ???? ?? ????? ????? ??""?)",,,,,,,,,,,,,,,,,,,,,,,,
n,?????,,,"????? ????? ?????? ????? ?? ??? ??, ?? ???? ????? ?????? ?? ???? ??? ??? ???? ???? ?? ?? ?? ?? ????? ?????/????? ???? ??? ??? ???? ??? ?????? ??? ?? ?? ?? ?????? ???? ???? ????  ??? ?????  ?? ??, ?? ???????? ????? ?? ????????? ?? ???? ???? ??? ?? ????, ?? ???? ???? ?? ??? ?? ???????? ?? ??????? ???? ?? ?????",,,,,,,,,,,,,,,,,,,,,,,,
n,??????? ,,,"??????? ?? ????????? ??? ?? ?? ?? ??????? ??? ?? ??? ?? ??????? ??? ??? ??? ??????? ???? (1) ??? ??????? ?? ??????? ??, (2) ??? ?????? (?? ????? ???? ???????? ??) ??, ?? (3) ??? ?? ??????? ???",,,,,,,,,,,,,,,,,,,,,,,,
n ,?????,,,"????? ??? ?? ?? ??? ??? ??????????? ????? ????? ???? ???? ?? ??? ????? ?? ????? ???? ??? ??? ???? ?? ???? ????? ?? ??? ????? ???? (????? ??? ?? ???? ??, '?? ???? ???')",,,,,,,,,,,,,,,,,,,,,,,,
n 102,?????,,Abel (W),"????? ???? ???? ?? ??? ?? ???? 4000 ???? ????, ??? ?? ????? ?? ???? ?? ??????? ?? ??? ??? ?? ????? ??? ??? ?? ???????? ?? ??? ???? ????, ?????? ????? ?? ????? ?? ???????? ?? ??? ?? ??????, ?? ??? ??????? ?? ??? ?? ???? ???? ??? ????? ?? ??? ?????",,,,,,,,,,,,,,,,,,,,,,,,
n 117,?????,,,"????? ???? ???? ?? ??? ?? 1500  ????  ????, ???? ?? ???? ??? ????? ?? ??????????? ?? ????? ?? ???? ??????? ??? ???? ?? ??? ?? ?? ? ??? ??? ???????? ?? ????? ?? ??????? ?? ???? ??????? ?? ??? ??? ??????? ?????",,,,,,,,,,,,,,,,,,,,,,,,
n 117,???????,,Ibraayma (W),"?????? ????? ???? ???? ?? ???? 2000 ???? ???? ????? ?? ???????? ?????? ?? ???????? ?? ??????????? ?? ??????? ????,???????? ?? ??? ????? ????? ???? ?? ???? ??? ????? ???????? ?? ???? ????? ???? ?? ""?? ????????? ?? ????""?(??????? ?????? ?? ????? ???? ?? ??? ????? ???? ??, ???????? ?? ?????? ?? ???? ???? ?? ?? ?? ?? ??????? ?? ????????? ?? ?????? ?? ??????)??????? ??? ??????????? ?? ???? ??????? ?? ?????? ?? ????(?????? ??? ?? ???? ?? ???? ?????)",,,,,,,,,,,,,,,,,,,,,,,,
t,????????,"????,??????,??????",,?????????? ?? ???? ?????? ?? ???????? ??? ??? ???? ?? ,"?????,????, ?????, ????",,,,,,,,,,,,,,,,,,,,,,,
t,??????,"??????,?????,????","binding talk;
promise how to act;
his words were not different from (were the same as) the other’s words (G); ","?? ?? ??????? ?? ??? ??-????? ?? ??? ???? ?? ???? ???? ???, ?? ?? ?? ?????? ???? ??? ?? ????? ??? ?? ????? ?? ?? ?? ???? ?????? ?","????, ????,?????????",,,,,,,,,,,,,,,,,,,,,,,
t,??????? ?? ????? ,,which was made of stone (R),??????? ?? ?????  ?? ??? ?????? ?? ?????? ?? ????? ??? ?????? ?? ??? ??? ???? ????,,,,,,,,,,,,,,,,,,,,,,,,
t,???? ,"??????,???","to become the friend of (G);
fight on the same side
","?? ?? ??? ?? ?????? ???? ?????? ?? ????? ????? ???? ?? ??? ???? ???? ???, ?? ?? ?? ?????? ??? ???? ????",,,,,,,,,,,,,,,,,,,,,,,,
t,???,???????,"perfume (W);
one thing which smells good which is called aalo (R)","??? ?? ????? ??? ?? ???? ??, ????? ????? ????? ????? ?? ??? ????? ??? ???? ???? ???
??? ????? ?? ??? ?? ???? ????? ???? ?? ??, ????? ????? ???? ????? ?? ??? ???? ???? ???",,,,,,,,,,,,,,,,,,,,,,,,
t,,,"first; beginning (P);
Alpa (K)","?????? ?????? ???????? ?? ???? ????? ??? ?? ""?"" ?? ??? ????? ??. ????????????? ?? ?????? ???? ?? ?????? ???? ??, ??????? ?? ????? ?? ????? ?? ??? ????? ????? (????? ???? ???? ?????? ??)?",?????,,,,,,,,,,,,,,,,,,,,,,,
t,????,"???????,???????","sacrifice table/platform;
slicing place;
place for offering (something);
platform of cooking gift/offering (R); 
where sacrifices are made (P, W);","???? ??????? ?? ???? ?? ??? ?? ??? ?? ??????? ??? ??, ??? ?? ??? ???????? ?? ??? ?????? ???? ???????? ?? ??????? ?? ???? ???? ????? ??? ?? ??? ???, ??????? ??? ???? ????? ??? ?? ???? ????? ?? ???? ???? ?","???????? ????,
???? ????,??????,
??????",,,,,,,,,,,,,,,,,,,,,,,
t,???? ,,"amin; may it be (P, W);
it is true!;
aamen (R)","???? ?? ???????  ???? ?? ????? ???? ?? ???, ?? ?? ??, ??? ?? ?? ??????? ???? ???, ?? ??? ?? ??",,,,,,,,,,,,,,,,,,,,,,,,
t,?????????,"??????,???????,????????,???,???????????,","spirit messenger obedient to God (whom God sent);
leg/messenger person from God/above/heaven;
one from God's living place (G);
ensel (K); God's helper (P); malaka (W from arabic)","????????? ?? ?????? ???? ?? ????? ???? ????????? ???? ??? ?? ????? ???????? ?? ??? ????? ????? ?? ???? ?? ?? ?? ???? ????? ?? ?????? ????? ??, ?? ?? ????? ?? ????? ?????? ?? ???? ?? ?? ?? ?????? ???? ??? ???? ?? ? ????? ??????? ???-??? ??????????? ?? ??? ??? ????? ???? ???? ?????? ??? ????????? ???? ???? ????? ?? ??? ?? ?????? ?? ????? ???? ??, ? ?? ???? ?????? ?? ?????? ?? ? ",,,,,,,,,,,,,,,,,,,,,,,,
t,??????,"?????? ????, ????????,??? ???? ????","to pour olive oil on one to make him king, chief, true chief (G);
","?????? ?? ???? ?? ????????? ??? ?? ???? ?? ??? ????? ?? ??? ??????? ????, ????? ?? ????? ????",,,,,,,,,,,,,,,,,,,,,,,,
t,??????? ,,"sent one/person;
one that Christ sends (G);
runner (W);
person for sending from a place (person sent on a mission) (D);
Christian leader chosen by God;
first Christian leaders; 
aapostolo (R)",??????? ?? ?????? ???? ?? ????? ???? ?? '?????? ?? ??? ???? ???'? ???????? ?? ???? ?? ???? ??????? ?? ??? ??? ????? ??? ????? ???? ?? 12 ????????? ?? ???? ??????? ???? ?????? ?? ???? ???? ??? ????? ?? ??? ????? ????????? ?? ?? ?? ????????? ???? ???? ?? ??? ??????? ??? ???? ???? ??????? ?? ????????? ?? ?????,,,,,,,,,,,,,,,,,,,,,,,,
t,?????????,,"place of meeting which is called Areoopagus (K);
meeting place called Areopugas (P);","?????????, ????? ?? ????? ??? ?? ?????? ?? ??? ??? ?????? ?? ??? ?? ???? ?? ?????? ?? ?????? ???? ??? ???? ??? ?? ????????? ?? ??? ???? ???",,,,,,,,,,,,,,,,,,,,,,,,
t,???? ?? ?????? ,???? ?? ?????? ,"box of agreement (W);
box of agreement (tying) (R);
box for covenant/promise;
covenant box; 
sacred chest; the box in which the first writing of the power was kept (P);","???? ?? ?????? ???? ?? ???? ?? ????? ?? ????? ?? ????? ??? ???? ???? ????? ?? ??????? ???, ??? ?? ???????? ?? ??????? ?? ??? ???? ?? ?????? ???? ??? ???? ?? ??????? ???? ????",,,,,,,,,,,,,,,,,,,,,,,,
t,,,"gathering together of (G);
","???? ???? ?? ???? ??? ???? ?? ?????? ???? ?? ?? ????? ?? ????? ????? ?????? ?? ??? ????? ???? ???, ?? ?? ??????? ??? ?? ?? ?????? ??? ????? ????",,,,,,,,,,,,,,,,,,,,,,,,
t,,,,,,,,,,,,,,,,,,,,,,,,,,,,
t,,,,,,,,,,,,,,,,,,,,,,,,,,,,
t,???????? ????,"????????,  ???????? ???? , ???????? ????,???????? ???? ,???????? ???????? ","to pass (a person) under/through water (D);
dip in water (W);
(to symbolize death to an old life and the start of a new life);
initiate / initiation;
cause to have oneself bathed (becoming followers of Jesus the True Chief)(G);
baptais (K);",???????? ?? ?????? ???? ?? ????? ???? ?? ???? ?? ????? ?? ???? ??? ????? ?????? ????? ?? ??? ???????? ???? ?????? ?? ?? ??? ?? ??? ??? ???????? ???? ???? ??????? ?? ?? ???????? ?? ???????? ???? ?? ????? ?? ???? ?? ????????? ?? ??? ??? ???? ?? ???? ????????? ?? ???????? ???? ?? ?????? ?????? ????? ????? ?? ???? ????? ???? ?? ????? ?? ???????? ???? ??? ?? ???? ?? ????? ???? ????,,,,,,,,,,,,,,,,,,,,,,,,
t,??,,"grain;
baali (R)","?? ????? ???? ?? ?? ???? ??? ???? ??? ?? ?? ???? ????? ??, ??????? ?? ????? ?? ????? ????? ???",,,,,,,,,,,,,,,,,,,,,,,,
t,???? ,,wild animals … bea (R),"???? ?? ???? ????, ?????? ?? ????? ???? ????? ?? ?? ?????? ??? ???? ??? ???? ?????? ???? ???, ???? ?????? ???? ?? ???? ???? ???? ???, ?? ?????? ?? ??? ???? ??? ?? ????? ?? ??? ???? ???? ???? ???? ??? ?? ?? ???? ???? ?? ?? ????? ???? ?? ????? ?? ???? ???? ??, ?? ?? ?? ???? ?? ???? ???? ???",,,,,,,,,,,,,,,,,,,,,,,,
t,????,,"fermented maioc juice, any drink that causes drunkenness (G);
",??? ??? ???? ?? ??? ?? ??? ?????? ????? ?????? ??? ??????? ???? ???,,,,,,,,,,,,,,,,,,,,,,,,
t,??????,?????????,"intelligence from God;
thinking the same about things that God does (G);
knowledge/wisdom (R); 
the knowing well of things (G);
","?????? ?? ???? ?? ???? ?? ???? ????? ?? ????? ?? ?? ?? ??? ????? ???????? ??????? ?? ?? ?? ??? ???? ??????? ?? ??? ?????? ?????? ??, ??? ?? ?????? ???? ??? (??????, ???? ?? ??? ?? ???? ??? ?? ???)",,,,,,,,,,,,,,,,,,,,,,,,
t,????? ,,"the Word of God (G); Paper of God (W)
","????? ?? ???? ?? ???????? ?? ?? ?????????, ?? ?? ???????? (?? ??? ??? ???)? ?????? ????? ??? ?????? ?? ?? ???? ?? ???????? ???, ??????? ?? ????? ?????? ?? ???? ??? ?? ???-??? ????? ?? ???? ??, ????? ??? ???????? ?? ????? ?????? ??????? ???? ?????? ??? ?? ???? ?? ????",,,,,,,,,,,,,,,,,,,,,,,,
t,???????? ???? ,???????? ,"(1) calling God's good onto (someone);
(2) coming/falling on (coming to someone's aid/help/support or showing grace to someone);
speak well / to say good things about (G); cause-blessed/fortunate (R); barke (W from Arabic)","???????? ???? ?? ???? ?? (1) ?????? ?? ????? ???? ????, (2) ???? ??? ????? ???? ?? ????? ????, (3) ???? ??? ????? ??????? ????, ?? (4) ?????? ????? ?????? ????? ?????????  ???? ???????? ???? ???, ?? ?? ?????? ?? ???????? ???? ????",,,,,,,,,,,,,,,,,,,,,,,,
t,??? ,,"blood (G);
","??? ?? ??????? ???? ?? ???? ??, ????? ????? ???? ???????? ?? ??????? ???? ?? ???? ??? ??? ?? ???? ?? ???? ?? (?) ????? ?????? ??? ??? ??? ?? ??? ??????, (?) ????? ?????? ?? ?????, ?? (?) ????? ?? ???? ?? ??????? '????? ?? ???' ?? ???? ?? ????? ?? ?????",,,,,,,,,,,,,,,,,,,,,,,,
t,???,????,"kanu (transliterated from canoe) (G);
","???, ????? ?? ??? ?? ?????? ?? ??? ???????? ??? ???? ???? ????? ?? ???? ?? ??? ?? ??????? ???? ??? ????????? ????? ????? ?? ??? ???? ???? ????? ?? ???? ???? ??? ???? ??? ????? ?? ???? ??? ???? ?? ???? ???? ???? ??? ??? ??? ???? ?? ?? ???? ???? ????? ?? ???? ????? ???? ???",,,,,,,,,,,,,,,,,,,,,,,,
t,??????,????????,"paper (G, W);
","???????? ?????/???????? ?? ????? ?? ????? ???? ??? ??????? ?? ?????? ?? ?? ??? ????? ???? ??? ??????? ?????/????? ?? ???/????? ?? ?? ???? ??? ?? ??? ???? ??? ??????? ?????? ?? ????? ???? ??? ?????? ?? ???? ????? ?? ?? ??? ?? ???? ?? ????? ??? ??? ?? ?????? ??, ???? ?????? ?? ??????? ?????? ???????? ?? ?????? ?? ?? ?????? ???",,,,,,,,,,,,,,,,,,,,,,,,
t,???? ,,"that which we eat / our food (tapioca, pancake) (G);
sago (PNG);","???? ?? ?????? ?? ???? ?? ?? ???? ??? ???? ?? ???? ?? ?? ????? ?? ????? ???? ??? ????? ??? ????? ?? ??? ???? ?? ?? ???? ??? ??? ???? ??? ???? ? ??, ?? ?? ???? ?? ??????? ?? ???? ??? ??? ????? ??? ???? ????????? ?? ???? ??? ???? ?? ????? ??? ??? ???? ??? ???? ???? ?? ???? (???? ???? ????? ???? ??), ???? ?? ???? ?? ""???? ?? ????"" ??? ???? ???
????? ?????? ?? ?? ?? ????? ?????? ?? ???? ???",,,,,,,,,,,,,,,,,,,,,,,,
t,????,,salfa (K),???? ?????????? ?? ????? ???? ???? ???????? ?????? ??? ???????? ???? ?? ???? ?? ???? ?????? ???,,,,,,,,,,,,,,,,,,,,,,,,
t,????? ,????,"redish metal (hard rock) (G);
","????? ?? ???? ????, ?????? ?????? ??? ?? ?????, ????? ?? ??? ?? ?????? ?? ???? ???? ????? ?? ?????? ???, ??? ?????, ?????? ?? ????? ????? ?? ???? ?? ???? ???? ???",,,,,,,,,,,,,,,,,,,,,,,,
t,??????? ,??????? ???? ???? ,make (G);,"???? ???? ?? ??????? ???? ?? ???? ?? ??? ???? ?? ????? ?????? ?? ????? ?? ???? ??, ??????-?????? ???? ??? ?? ?????? ????? ?? ??????? ?? ?????? ??????? ???? ?? ???? ?? ?????? ?????? ??????",,,,,,,,,,,,,,,,,,,,,,,,
t,??? ,????? ,"kamel-animal; kamel (K); gimel (W from Arabic)
",??? ?????? ?? ???? ?? ???? ???? ???? ??? ??? ?? ????? ?? ???? ???? ??? ??? ?? ???? ???? ??? ?? ????? ?? ??????? ????? ???? ???,,,,,,,,,,,,,,,,,,,,,,,,
t,??????????,,jewel; konilian (K)' precious stone (W),"?????????? ?? ?????? ?? ??????, ??? ??? ?? ????? ???",,,,,,,,,,,,,,,,,,,,,,,,
t,?????,"?????, ????????? ","cut-cut wood carefully to make something (G);
",???? ???? ?? ?????? ?? ???? ?? ??? ???? ?? ???? ?? ??? ??? ??????? ?? ?????? ??? ????? ?? ????? ?? ????????? ?????? ????,,,,,,,,,,,,,,,,,,,,,,,,
t,??????? ,??????? ,"chief of soldiers (G); battle leader (W)
","??????? ?? ???? ????? ??????? ???? ?? ?? 100 ??????? ?? ?? ???? ??????? ??? ??? ?????? ??? ???? ?? ??????? ?? ???? ""100"" ???? ???",,,,,,,,,,,,,,,,,,,,,,,,
t,??????? ,???????? ,tied up (G);,???????? ?????? ???? ?? ????? ?? ??? ????? ?? ??? ???? ??? ?? ??? ??? ????? ???? ???? (???-??? ???????? ?? ???????? ????????? ?? ???-??????? ???? ?????? ????? ?? ?????? ?? ????????? ???? ?? ??? ???? ???? ??),,,,,,,,,,,,,,,,,,,,,,,,
t,??,???? ,"chariot (transliterated) (G);
",?? ???? ??? ?? ???? ???? ?? ?????? ???? ???? ???? ??? ??????? ????? ?????? ???? ???? ?? ?????????? ??????? ???? ??? ?????? ???? ???,,,,,,,,,,,,,,,,,,,,,,,,
t,???? ,?????,,"???? ?? ?????? ?? ???? ???: (1) ??? ???? ?????????, ???? ???? ?? ?????? ?? ???? (2) ??????? ?? ?????? ??? ???????? ?? ??????? ?? ????? ???? ????",,,,,,,,,,,,,,,,,,,,,,,,
t,????,"????????, ?????",al-Masih (W),"???? ??? ??? ???? ??, ???? ?? ????? ?? ????? ???? ?? ????????? ?????? ???? ???, ???????? ???? ?? ???? ?? ??????????? ?? ??????? ??? ?? ?????? ???? ??? ?? ???? ???, ???????? ?? ???? ?? ???? ?????? ????? ?? ?????? ????? ???????, ???? ??? ???? ???? ?? ?????? ???? ???? ?????? ?? ?? ??? ?? ??? ??? ???? ???? ??? ????? ??? '????' ?? ?????? '?? ???? ????? ??? ?? ???????? ?? ???? ???? ?? ?? ?? ?? ??? ????' ?? ??? ??? ???? ?? ???? ???",,,,,,,,,,,,,,,,,,,,,,,,
t,"????, ????? ","?????, ???????? ","group of those who believe (Jesus);
Christ-followers; Christ’s one (R)
those who follow al-Masih (W)","???? ?? ??????? ???? ?? ""???? ????"", ?? ""???? ?? ???????"", ?? ?? ???? ?? ?????? ?? ???????? ?? ???? ???? ????
????? ??????? ?? ?? ??? ?? ????? ???? ??? ?? ??? '???' = ?????? ???, ?? ???????? ?? ???; '????????' = ?? ?? ???? ??? ??????? ???? ???; '?????' = ?? ?? ???? ?? ??????? ?? ???? ???? ???; '???-???' = ?? ?? ??-????? ?? ????? ???? ???; '????' = ?? ?? ?? ??? ?????? ???? ???",,,,,,,,,,,,,,,,,,,,,,,,
t,???????,???????,"Gathering of believers (W); people of faith (R); people of worship (K)
","???? ?? ?????????? ?? ???????? ?????? ?? ??????? ??, ?? ??? ???? ????????? ?????, ?????? ?? ?? ?????? ???, ???? ?? ??????? ???? ???? ????? ??????? ?? ???? ?? ??? ?? ???? ???",,,,,,,,,,,,,,,,,,,,,,,,
t,??????? ,??????? ,sinamon (R); kinamon (K);,??????? ?? ??????? ????? ?? ?? ?? ??? ??? ?? ???? ?? ??? ?? ???? ??? ??? ??? ??? ?????? ?????? ?? ?????? ???? ?? ???? ?? ??????? ?? ??? ???????? ???? ???? ???,,,,,,,,,,,,,,,,,,,,,,,,
t,???? ,???? ???? ,circle cut; cut around (R);,"????? ?? ????? ?? ???? ?? ???? ???? ???? ?? ?????????? ??? ???????? ?? ??? ???????? ??????? ?? ???? ?????? ?? ??? ???? ???? ?? ???? ???? ??, ?? ??????? ?? ??? ?? ?? ???????? ?? ?????? ???? ?? ????? ??????? ???? ?? ???? ???, ???????? ?? ??? ????? ?? ???????? ??????? ?? ??? ??????? ???? ?? ?????? ???? ??? ?????, ???? ?????? ???????? ??? ?? ?? ?????? ?? ??? ???? ???? ?? ?? ???? ???? ?? ???????? ?? ??????? (????) ?????? ?? ????? ?? ???, ??????? ?????? ?????? ???? ?? (??????????? 2:11-13; ??????? 4:11; 1 ??????????? 7:18)? ???? ?????, ???????? ?? ???????? ?? ?? ???? ?? ????? ????? ???????? ?? ?????? ???",,,,,,,,,,,,,,,,,,,,,,,,
t,??? ,?????,"big town (G, W);
","??? ??? ????? ???? ??? ?? ??????????? ???? ???; ????? ??? ???? ???? ??? ????? ???? ????? ???? ??; ???? ???????? ?? ???? ?? ???? ???? ???? ????? ?? ?????? ???, ??? ????? ?? ???? ?? ??????? ?? ???? ???? ???? ???? ??, ????? ????? ?? ????? ?????? ??????? ????? ?? ????? ???? ???",,,,,,,,,,,,,,,,,,,,,,,,
t,????? ,????? ???? ,clear (K); clean (R);,"???? ?? ???? ?? ??????, ???????? ?? ???????? ?? ???? ???? ?? ???? ?????????? ????? ???? ?? ?????? ?????? ????? ??? ??? ????????? ?? ???? ???? ??? ?? ??????? ?? ?????? ?? ???? ??? ???? ?? ???? ?? ?????? ??? ??? ?? ??? ?????????? ??? ?? ?????? ?? ???? ???
?? ???? ?? ??????, ???? ?? ????, ?? ??????????? ??, ????? ????? ??????? ?? ?????? ??, ??? ????? ?? ?????????? ?? ????? ???? ??? (???? ??????? ?? ??????? ?? ????? ?? ????????? ???? ??? ??? ??? ?? ????? ???? ??????)",,,,,,,,,,,,,,,,,,,,,,,,
t,?????,"?????,??????? ",,"????? ?? ??? ???? ?? ?? ?? ???? ?????? ?? ????? ?? ??? ???? ??? ????? ?? ??? ???? ?? ?? ?????? ?? ???? ??, ???? ?? ??????? ?? ???? ?? ????????",,,,,,,,,,,,,,,,,,,,,,,,
t,???????,??????,"one-who-is-like-a-wife (G);
","??? ??? ??????? ?? ?? ?????? ?? ????????? ?? ????? ???? ??: ???????? ????? ?????? ?? ??????????? ??????? ?? ???? ??, ?? ?????? ????? ?????? ?? ??????????? ??????? ???? ?? ???? ???",,,,,,,,,,,,,,,,,,,,,,,,
t,????? ,????? ???? ,,"????? ?? ???? ?? ???? ?? ??????? ?????? ??????, ???-??? ?????????? ?? ??? ???? ?? ???? ????? ????????? ????????? ?? ????? ???? ???, ???????? ?? ??????????? ?? ???????? ?? ????? ???? ?? ?? ??? ???? ??? ?? ???????? ???? ?????",,,,,,,,,,,,,,,,,,,,,,,,
t, ??????? ???? ," ???????,  ??????? ???? ","tell (G); accept (W)
",??? ??????? ???? ?? ???? ?? ?? ???????? ?? ???? ???? ?? ???? ??? ???? ??? ??? ??? ??????? ???? ?? ??????? ???? ?? ?? ???? ??? ??? ???? ?? ????? ???????? ?? ????? ?? ??? ???? ?? ??????? ???? ?? ???? ?? ?? ?? ???????? ?? ??? ????? ?? ??????? ???? ????,,,,,,,,,,,,,,,,,,,,,,,,
t,??? ,"???, ???????, ","earth / land (G); 
",??? ?? ???? ??????? ????? ???? ?? ???? ??? ?? ????? ??? ?? ???? ????? ?? ?? ???? ??? ??? ?? ??????? ?? ??? ?? ???? ???,,,,,,,,,,,,,,,,,,,,,,,,
t,?????,?????,the wood;  tree cross (K); boards that they cross (W);,"????? ?? ????? ????? ????????? ?? ????? ???? ?? ????? ?? ?? ?????? ??? ???? ??? ???? ??????? ?? ???-????? ?? ????? ?? ?????-??? ?? ??? ?? ???? ????? ?? ???? ?? ????? ?? ???? ???? ?? ?? ???? ???? ??, ??? ??? ???? ?? ??? ???? ???? ??? ????? ????? ?? ???? ???? ?? ????? ?? ???? ?? ???, ???????? ????, ?? ??????? ???? ???, ????? ???? ???? (???? ?? ????? ???? ?? ?? ??? ?????? ?? ?? ???? ?? ?? ???? ??????? ?? ???? ???? ???? ??? ???? ???)",,,,,,,,,,,,,,,,,,,,,,,,
t,??? ,??? ???? ,"say really bad things to/about (G);speak bad about (R); (strong) anger of God (R); cause harm; punish;
","??? ???? ???? ????? ?? ????? ????? ?????? ????/??? ???? ??? ???????? ?? ?? ??? ?? ??? ???? ?? ?? ????? ???? ?? ????? ???? ????  ???????? ?? ??????? ???? ?? ?? ??? ????, ???? ?? ???? ????? ?? ??? ??  ????????  ?? ??? ?? ???? ?? ????",,,,,,,,,,,,,,,,,,,,,,,,
t,????? ,,,"????? ???? ????? ???? ???, ?? ???? ?????? ?? ???? ???? ???, ?? ????????? ?? ???? ???, ??????? ?? ??? ???? ???, ?? ?? ??? ????? ?? ??????? ???? ????",,,,,,,,,,,,,,,,,,,,,,,,
t,?????? ,"????, ??????, ?????? ",,"?????? ?? ?? ?????? ???: (1) ??????? ??????, ?? ????? ????? ????? ???? ?? ???? ???? ??, (2) ????? ??????, ???? '????? ??????' ??? ???? ??, ?????? ?????? ?? ????? ?? ????? ?? ??? ??? ???? ???? ??, (3) ?????? ??????, ?????? ???????? ?? ???? ?? ?????? ????? ???? ???? ??, (??????? ??? ?? ??? ???? ??, ?? ??? ?????? ??? ?? ??? ???? ??? ?? ?? ???? '??? ???? ?? ???? ????' ?? ???????? ???) ?? (4) ??? ??? ???? ?? ????? ????, ???? ???????? ?? ?????? ????? ?? ?????? ?? '????? ?? ??? ????' ??? ???? ???",,,,,,,,,,,,,,,,,,,,,,,,
t,???????? ,???????? ,,???????? ?? ??????? ????? ?? ???? ???? ????? ???? ??? ??? ?? ???? ???? ?? ?????? ?? ???? ???? ???? ???,,,,,,,,,,,,,,,,,,,,,,,,
t,??????????,"????? ?????, ??????, ????? ???????, ?????, ???????","spirit rebellious to God; 
evil creature (W);
bad spirit (G);demon (R);","???????????? ?? ??????? ??? ????????? ???? ??????????? ???????? ?? ??????? ??????? ???? ??? ?? ?? ???????? ??? ????? ?? ???? ??? ?? ?? ?? ???? ????? ?? ?????? ?? ???? ??? ?? ???????? ?? ????? ???? ?????, ???? ??????? ?? ???? ???? ???, ?? ?? ???? ??? ???? ?? ????? ???? ???? ????? ????? ?????????? ??? ???? ?? ???? ?????????? ?? ????????????/???????????? ?? ??????? ?? ????? ?? ???",,,,,,,,,,,,,,,,,,,,,,,,
t,?????,???????,"learner; student (lit. child of learning) (R); 
ones in training (apprentice);
ones I (Jesus) teach (G);
student (but not like in a classroom);
Christian;
ones who follow /obey Jesus; ","????? ?? ???? ??? ?? ???? ?? ????????? ?? ???? ???? ???? ???? ?? ?? ????? ??? ???? ???? ??????? ?? ????? ?? ?? ?? ?? ??? ??? ???? ?????? ?? ???? ?? ????? ?????, ?????? ???????? ??? ?? ???? ??????? ?? ???? ???? ???????",,,,,,,,,,,,,,,,,,,,,,,,
t,??? ,???,"horse-pig/animal; dongki (R)
small horse; pack-animal (W); animal (called) donki",??? ???? ?????? ???? ????? ??? ??? ?? ??? ????? ?? ???? ???? ??? ??? ???? ?? ??? ?? ?? ?? ?????? ????,,,,,,,,,,,,,,,,,,,,,,,,
t,????? ,??????? ? ????,"believe weakly (G); waver (W);
","????? ?? ???? ?? ???? ???? ?? ???? ??? ??????? ? ????, ?? ???? ??? ??? ?? ??????? ? ???? ?? ?? ? ???? ???????? ?? ????? ?? ????? ???? ?? ???? ?? ???? ??? ?? ????? ?? ?? ????? ?? ??????? ? ????? ????? ???? ?? ???? ?? ???? ???? ?? ?????? ?? ??????????? ?? ???? ??? ?????? ?? ????? ?????",,,,,,,,,,,,,,,,,,,,,,,,
t,????,????,large lizard; big snake (K); draagon (R);,"?????? [ ??????,???? ]???????? ???? ?? ????????? ???? ???? ???????? ?? ????? ????? ?? ?????? ????? ??? ???? ?? ??????? ?? ?????????, ?????, ????????? ?? ????? ??? ????? ?? ???? (????) ?? ??? ?? ???? ???? ?? ???? ???? ???????? ?? ???????? ?? ????? ?????? ?? ??? ?????? ????? ????????????? ?? ?????? ??? ???? ?? ????? ?? ?????? ?? ????? ?? ??? ??? ???????? ???? ??? ???",,,,,,,,,,,,,,,,,,,,,,,,
t,???? ,???? ,"dream (G);
",???? ?? ???? ??? ?? ??????? ???? ??? ????? ?? ????? ??? ????????  ?? ?????? ???-??? ????? ??? ????? ?? ??? ???? ??? ???????? ?? ????? ?? ????????? ?? ??? ??? ????? ?? ???? ????? ?? ?????? ?? ?? ????? ????? ?? ??? ??????? ???,,,,,,,,,,,,,,,,,,,,,,,,
t,?????? ,,"land;
this ground;
ground (G);","?????? ?? ???? ?? (1) ?? ???? ?? ????? ??? ?? ?? ?????? ???? ???, (2) ???? ?? ???? ?? ?? ????, (3) ??? ?? ??????, ?? (4) ?????? ?? ?????? ??????",,,,,,,,,,,,,,,,,,,,,,,,
t,??????? ,??????? ,"older men (G); leaders (W)
","??????? ?? ????? ??? ???? ??? ????? ????? ??? ??? ???? ??? ?? ????? ????? ????? ???? ??????? ????? ?? ????? ?? ??? ??? ????? ??? ?? ?????????? ?????? ?? ?????? ???? ??? ????????? ??? ??? ??????? ???? ??? ??????? ??????? ?? ????, ?? ????? ?? ???? ??? ???? ???",,,,,,,,,,,,,,,,,,,,,,,,
t,?????? ,????????,,"?????? ???? ????????? ?? ???? ?? ???????? ???? ???? ??, ?? ???? ?????? ?? ???? ???? ??? ??? ??? ???? ?????? ?? ???????? ?? ????? ????? ????",,,,,,,,,,,,,,,,,,,,,,,,
t,????????? ,????? ,"all divisions of his land (G); 
","?? ????????? ?? ?????, ??????? ??/?? ????????? ?? ?? ????? ???? ???? ?? ??? ?? ?? ???????? ???? (??????) ?? ?????? ???? ??? ????? ?? ??? ??? ?????, ??????? ?? ??? ??????????? ?? ?????? ???",,,,,,,,,,,,,,,,,,,,,,,,
t,?????? ,???????? ,"castrated; man (R); 
unmarried man, caused to be that way (G); 
chamberlain (W);","?????? ?? ??????? ???? ?? ????? ????????/?????????? ?? ???? ??? ??? ?????????? ??????? ???-??? ????? ?? ???? ??? ???, ???? ?????? ?????, ?? ??? ?????????? ??? ???? ???? ????? ?? ?? ??? ?? ???-??? ???? ??? ?? ???????? ?? ????? ???? ?? ??????? ????? ?? ????? ??????? ?? ?????? ????? ?? ????? ???? ???",,,,,,,,,,,,,,,,,,,,,,,,
t,???? ,"?????, ????, ???????",,???? ????? ?? ??? ????? ??? ??????? ???????? ??? ???? ??; ???? ??? ?? ??? ?? ???????? ?? ?????? ?? ??????? ???? ???; ???? ??????? ?????? ?????? ??? ?? ????? ?? ???? ?? ???? ??? ????? ?? ???? ????? ???? ?? ??? ??????? ???? ????,,,,,,,,,,,,,,,,,,,,,,,,
t,??????? ,"???????, ?????","saying yes (to someone or something; agreeing; accepting; trusting as true);
trust; belief (R); belief (W); heart/liver (inner being) hangs on something (PNG)","??????? ?? ???? ?? (1) ???? ?? ??????? ????, (2) ???????? ?? ???? ?? ????? ????, ?? (3) ???? ?? ????? ??????? ????? ?????? ?? ?? ????? ?????? (??????) ?? ???, ???????? ?? ????? ?? ????? ????? ?? ?? ?? ?? ?? ???? ??????????? ?? ??????? ???? ????",,,,,,,,,,,,,,,,,,,,,,,,
t,????? ,,fast (R); ,"????? ?? ???? ?? ??? ??? ?? ??? ? ????? ????? ??? ????????, ???? ?? ???????? ?? ????? ???????? ?? ?????? ?? ??? ??? ????? ???? ??? ???? ???-??? ????? ?? ????????? ?? ??? ??? ????? ???? ????",,,,,,,,,,,,,,,,,,,,,,,,
t,???? ,"????, ??? ","a magnification (W);  remember (W); 
big meal / food; big day of worship (K); feast (R); 
big dance (festival) / big eating (feast) (G);
","?????? ??? ?????? ???? ??? ?????? ??? ???? ????????? ???? ?? ??? ????? ???? ??? ????? ??, ???? ???? ??? ???? ?? ????? ???? ??? ??????????? ?? ??? ?????? ?????? ????? ?? ??? ?? ???? ???, ?? ?????? ???????? ?? ???? ?? ??? ???? ?? ??? ?????? ???? ??? ??????????? ?? ??????? ??? ??? ??? ?????? ????? ????? ????",,,,,,,,,,,,,,,,,,,,,,,,
t,?????? ?? ????,"???????, ????? ?? ????","purification (W); feast when they remembered the day when they opened the house of giving (R); 
a big day of worship so that they would remember the day when they opened the house of giving (K)
","???? ???? ?? 165 ???? ?????, ??????????? (????????) ?? ???? ????? ?? ???? ??????? ?? ???? ?? ???? ?? ??? ???? ????????  ?? ??????? ?? ????? ????? ?? ??????? ????? ?? ????????? ?? ""???????????"" ???? ????",,,,,,,,,,,,,,,,,,,,,,,,
t,??????????? ?? ????,??????????? ,day of Pentikos (R); ,"??????????? ?? ???? ?? ????? ?? ??? ????? ?? ?? ????? ???, ??????? ??? ???? ?? 50 ??? ??? ??? ??? ??????????? ?? ???, ??? 33 ???, ?????? ????? ???? ??? ?? ??? ?? ???? ?? ???? ??? ??????? ???? ???",,,,,,,,,,,,,,,,,,,,,,,,
t,??????? ?? ????,"????????? ?? ????, ?????? ?? ????",day of worship of the Jews which they call the feast of shelters (R); big days of worship of shelters (K); big day for worship called feast of tents,"??????? ?? ????? ??? ?? ??? ???? ???? ???? ?????-???? ??, ????? ??? ??? ???? ?? ???? ????? ???? ?? ???? ???????? ?? ?????? ??? ?? ?????? ?? ??????? ??????? ??? ???? ???, ????????? ???? ??? ????? ??? ????? ??? ??????? ??? ????? ???",,,,,,,,,,,,,,,,,,,,,,,,
t,??? ?? ????,???,feast of go past (R); big day of worship of Go Past (K); ,"????? ?? ?????? ??? ??? ?? ??????? ???? ?? ?????, ????? ???? ???????? ?? ????? ?? ?????? ?? ????? ?? ??? ?????? ???? ?? ???, ???????? ?? ??????? ?? ?? ?? ?? ????? ?? ?? ?? ?? ???? ???? ???? ?? ??? ????? ?? ??? ???? ??? ??????, ????? ?? ???? ?? ???? ?? ????? ?? ????? ???? ??? ???? ??????? ?? ???? ?? ???????? ????, ??? ???? ???? ?? ?????? ??????? ???? ?? ????? ????",,,,,,,,,,,,,,,,,,,,,,,,
t,?????? ???? ?? ????,?????? ????,feast of bread no yeast in it (R); big day of worship of bread no yeast in it (K); ,"?????? ???? ?? ??????? ????? ??? ?? ???? ?? ??? ??? ????? ?? ???? ??? ?? ??? ????? ???, ????? ??? ???? ???? ???? ???? ???? ???, ???? ?? ??? ?? ???? ?? ???? ???? ?????? ????? ?? ??? ????? ?? (???? ????? ?? ?????? ????? ???? ???? ?? ??????? ???? ?? ?? ??? ???? ????)?",,,,,,,,,,,,,,,,,,,,,,,,
t,??????? ,"????, ???????, ?????",,"??????? ????? ??? ???? ??? ?? ??? ???? ???? ?? ??? ???? ??? ?? ????? ?? ?????? ???? ???? ??? ?? ??? ?? ?????? ?? ??? ??? ?? ??? ???? ?? ???? ???? ??????? ??? ??? ??????? ??????? ???? ???, ?????? ??? ?? ???? ?? ????? ???",,,,,,,,,,,,,,,,,,,,,,,,
t,?????,?????,fig (R); ,????? ?? ?????? ?? ????? ????? ??? ???? ?? ???? ???? ???? ???,,,,,,,,,,,,,,,,,,,,,,,,
t,????? ,"?????, ????? ????? ???","the one who doesn't really know things (G); 
","????? ?? ?? ?? ?????? ?? ??????? ?? ?????? ?? ???/????????????/???? ????? ???? ??? ???????? ????? ?? ?? ????? ???????? ????, ?????? ????? ?? ???? ????? ?????? ??????? ?? ?????? ????? ??????? ?? ????????? ????? ?? ??? ???? ????? ???",,,,,,,,,,,,,,,,,,,,,,,,
t,????? ,"????? ????, ????? ??? ??? ",erase (R); put arm around their shoulders (S-I);,"????? ???? ?? ???? ?? ?? ????? ?? ????? ? ???? ?? ????? ???? ????????? ??? ???? ?? ?? ?????? ?? ??? ????? ????? ??, ??? ????? ?? ??? ???? ??, ?????? ???? ??? ?? ??? ???????? ?? ????????? ????? ???? ?????",,,,,,,,,,,,,,,,,,,,,,,,
t,???,"????, ???",,"???? ???? ?? ????? ?? ???? ?? (1) ???? ???? ????? ??? ???? ?? ???? ???? ????? (?????? ?? ???, ?????? ?? ???? ???? ?? ??? ???? ????? ?? ???? ??), ?? (2) ????? ?? ?? ?? ???? ??? ?? ??? ?????",,,,,,,,,,,,,,,,,,,,,,,,
t,?????? ?,?????????,fox (G); ,"?????? ?? ????? ????? ?? ?? ???? ?????? ???? ???? ?? ?? ????? ????? ???, ??? ????, ?????? ???? ?? ? ?????? ???? ???? ???? ???? ?????? ?????? ?? ??? ????? ?? ????? ???? ?? ?? ????, ???? ?? ????? ???? ???? ??????? ?? ?? ???? ??? ??? ??????????? ???????, ??????, ?????????? ?? ?????? ???? ????? ?? ????? ???? ?? ??? ?????? ?? ?????? ????????? ??? ??? ???? ???? ?????? ?? ???, ??? ??? ????? ????? ??, ?? ??? ?????? ??? ?? ???? ??? ???? ??????? ?? ?????? ??? ???? ??, ????? ???? ?? ?? ??????? ????? ?? ?????? ??? ?? ????? ???",,,,,,,,,,,,,,,,,,,,,,,,
t,?????,,"sticky substance whose smoke smells good (R); 
 powder cooked/burned and its smoke smells good and it is called insens (K)","????? ?? ???? ?? ?? ?? ??? ?? ??????? ????? ??? ??? ????? ?? ?? ???? ????? ??? ??? ???????? ?? ??? ??? ?? ???? ????? ??, ????? ?? ????? ????? ???",,,,,,,,,,,,,,,,,,,,,,,,
t,?????,?????,fire (W);,"????? ?? ??? ?? ???? ????? ???? ?? ?????? ????? ?? ??? ???? ???? ????? ???? ??? ??????? ???? ???? ??, ???? ????? ?? ?????? ?? ??????? ?? ????? ?? ??? ?????? (??????? ?? ??? ???? ?? ????? ??? ????? ???? ??? ??????? ???? ???) (???????? ????? ?? ???? ???? ?????? ?? ????? ???? ?? ??? ???????? ?? ????? ???? ???)",,,,,,,,,,,,,,,,,,,,,,,,
t,???????? ,???????????,"who is not a Jew (W); 
people who are not Jews (R); ","???????? ?? ??? ???? ?? ??????? ??? ?? ? ?? ???????? ??? ?? ? ?? ?????? ???? ?? ??? ???, ??????? ???????? ???? ??????? ?? ????????? ?? ???? ???? ??? (???? ?? ?????? ????? ?? ????, ???????? ???? ????????? ?? ??? ???????? ????????? ??? ???? ???? ??? ????? ????? ?? ???? ???? ???)
???-???, ?? ???? ??? ???????? ???? ?? ?????? ??????? ???? ??? ??? ????? ?? ??? ???? ???? ?? ?? ????? ??? ??????? ???? ???? ?? ????? ?? ??????? ???? ????",,,,,,,,,,,,,,,,,,,,,,,,
t,?????,"??????????, ?????????? ????","light;
greatness;
praise (give glory to God);
strength and/or beauty (G);
allah (W); decoration/beauty (R);","????? ?? ???? ?? (1) ???? ?????, (2) ??????? ??????, (3) ???????, ?? (4) ????? ?? ?????????",,,,,,,,,,,,,,,,,,,,,,,,
t,???? ,??????? ,deer-like animal with long hair (G); ,"??????? ?? ????? ????? ??? ????? ???? ?? ??? ??? ???? ???? ??????? ????? ?????? ?? ??? ?? ?? ???? ??? ???? ???? ?????? ?? ???? ???? ?? ?? ????? ??, ???? ??????? ?? ???? ??? ?? ?? ????? ???? ??? ????? ?? ???????, ??????? ????? ??? ???? ??, ???? ?????? ?? ????? ??? ?? ??????? ????????? ?? ?????? ????",,,,,,,,,,,,,,,,,,,,,,,,
t,????????  ,?????? ?????,"eternal one;
Creator; 
the God who lives / has lived forever (G); God (R); Allah (W);","????????  ?? ????, ?????? ????? ?? ????? ?? ??? ?? ??? ????? ????????? ?? ???? ?? ??? ????????   ?????? ?? ?????? ?? ???? ???? ??? ???? ??? ?? ???? ??????? ?? ??????? ???? ???? ?? ?????? ???? ?? ???? ???? ??? (???? ???? ???? ??? ????? ????????   ???? ???) (??? ?? ???? ????????   ?????? ?? ??? ???, ???? ????? ?? ??? ???, ????? ??? ????)",,,,,,,,,,,,,,,,,,,,,,,,
t,???? ,??????,,???? ?? ????? ?????? ?????? ??? ????? ???????? ?? ??? ?????? ?? ????? ????? ?? ??? ???? ???? ??????????? ?? ???? ?? ????? ?????? ???? ?? ???? ??? ??? ???? ???? ?? ?????? ???? ??? ??? ????? ???? ?? ??? ??? ???? ???? ?? ?? ?? ?? ???? ???? ????? ?? ?? ?? ?? ???? ? ??? ?? ???? ????? ??? ? ?? ????,,,,,,,,,,,,,,,,,,,,,,,,
t,?????,,"good (G);
","??? ???? ?? ???? ?? ??????? ?? ""?????"" ???? ??? ???? ?? ???, ?????, ???????, ????? ?? ?????? ????? ???? ""??????????"" ?? ""???"" ???? ?? ???? ?? ???????? ?? ??? ????? ????? ???? ?? ???? ?????? ?? ???? ?????",,,,,,,,,,,,,,,,,,,,,,,,
t,???????? ,???????? ,"Good Report (W);
beautiful speech (G);good telling (R); 
 good talk (K);","???????? ?? ???? ?? ??? ??????? ?? (???? ?? ????????? ??) ????? ?? ?? ???????? ?? ??? ?? ????? ?? ????? ???? ?? ?? ?????? ????? ???? ???? ?? ?? ???????? ???? ??? ?? ???? ?? ??????? ???? ???, ?? ????? ?? ???, ???? ???, ??? ??? ??? ?? ???, ?? ?? ????????????????? ?? ????? ????",,,,,,,,,,,,,,,,,,,,,,,,
t,????????,,"ruling person (of a region);
chief (of the people in a country) (G);big leader from the government (R); kilifa (W from Arabic)",???????? ?? ??????? ???? ??? ?? ???? ??????? ?? ??????? ?? ???? ??? ?? ???? ???? ???? ???? ???? ?? ??? ?? ???? ????? ???? ???,,,,,,,,,,,,,,,,,,,,,,,,
t,??????? ,?????,"forgive; make good;
coming/falling onto (to help/aid/show mercy to someone);
and nobody pays for it (W);
pity and patience (for people) (G);love/pity (K); like (K)
","??????? ?? ????? ?? ?? ???????? ?? ???????? ?? ??? ???? ??, ????? ?????? ?? ???? ????? ???? ??, ???? ???? ?? ????? ??, ???? ????? ???? ???? ??? ?????? ???? ??, ???? ???? ???? ???? ?? ????? ???? ??, ?? ???? ???? ????? ????? ??? ?? ???? ???",,,,,,,,,,,,,,,,,,,,,,,,
t,????? ,????? ,wine seeds (R); ,"????? ?? ?????? ?? ?? ?? ?? ???? ?? ????, ????? ??? ?? ???? ??? ???? ?? ?? ???? ???? ???? ??? (????? ??? ???? ????? ??? ??? ???? ????? ????? ?? ?? ???? ???? ???? ?? ???? ?? ??? ?? ????)",,,,,,,,,,,,,,,,,,,,,,,,
t,?????,??????,"the condition of having done something bad (G); 
that deseriving death (W);","???????? ?? ???? ?? ???? ?? ??? ????? ????? ?? ?? ????? ??? ???? ??????? ?? ???? ?? ????? ??? ????? ????? ??? ?? ??? ??????? ???????? ?? ?????? ?? ??????? ???? ??, ?? ?? ???? ????? ???? ?? ???? ??? ??? ???? ?????????? ?? ?????? ???? ???? ?????? ???????? ?? ?????? ???? ?? ???? ??? ????? ??, ???? ??????? ?? ????????? ????? ???? ???",,,,,,,,,,,,,,,,,,,,,,,,
t,??? ,,ice stones; frozen rain stones,??? ???? ?? ??? ??? ?????? (????) ???? ??? ?? ???? ?? ????? ?? ??? ????? ???; ???? ??? ??? ??????,,,,,,,,,,,,,,,,,,,,,,,,
t,?????? ,"??????, ?????","the Above;
sky;
way up high (G); heaven (R); ","?????? ?? ???? ?? ?? ?? ??? ?? ????? ?? ?????? ?? ??? ??, ?????? ???, ????, ????, ???????? ?? ?????? ??? ?? ???? ???? ???? ??? ?????? ????? ????",,,,,,,,,,,,,,,,,,,,,,,,
t,???? ,????,,"???? ????? ?? ?? ???? ??, ????? ??? ?? ??? ???? ????? (???-?????) ????? ??????? ??? (??????) ?? ??? ???? ??? ?? ???? ?????? ????? ?? ??? ????? ?? ??? ??? ???? ?????? ???? ????",,,,,,,,,,,,,,,,,,,,,,,,
t,??????? ,????? ???? ,leader of the giving to God ones (R); head man of priests (U),"??????? ??? ?????? ?? ???? ???? ??? ??????? ?? ??????? ??????? ?? ???? ????? ?? ????? ?? ??? ?????? ????? ??? ???? ?? ?????? ??, ???? ?? ???? ?? ????? ?? ????? ?? ??? ???????? ?? ?????? ?????? ???",,,,,,,,,,,,,,,,,,,,,,,,
t,?????? ,"????????, ????????, ","unique;
set apart / special / sacred; 
pure or having no sin/guilt/moral fault;
belonging to God (associated with God);
staying away from bad things/deeds (G);
Pure (W); belonging to God (R); clean (R); straight (k);","?????? ?? ???? ?? (1) ?????, ??????, (2) ????? ???? ???; (3) ????????, ?????? ?? ?????; ???; ????? ?? ??????? ?? ???? ???????, ?? (4) ????? ?? ????? ???????? ???? ?? ?????? ??? ??? ??, ?? ????? ????? ?? ?????? ????? ??? ??? ??? (????? ??????? ?? ??? ???? ??, ????? ???? ?? ?????? ????)",,,,,,,,,,,,,,,,,,,,,,,,
t,?????? ?????,"???????? ?? ?????, ???? ?? ?????, ???? ?? ?????, ???????? ?? ?????? ?????","God's Spirit;
God's breath;
the Attractive/Good Spirit (G);
Spirit of Jesus;
The Pure Breath (W); Straight Spirit (R); bright/perfect breath/wind (U)","??????? ???????? ?????? ??, ?? ???????? ????? ??, ????? ????? ???????? ?? ?????? ????? ???? ??? ???? ???? ????? ??? ??? ????? ??? ???????? ??, ???? ?? ?????? ????? ?????? ??? ??? ????? ??? ???????? ???? (???? ?? ???? ???? ?? ?? ?????? ????? ?? ????? ?? ??? ??? ????? ?? ???? ??? ??????? ???? ????)",,,,,,,,,,,,,,,,,,,,,,,,
t,??????,"??????, ????????","honor / speak well of (G); 
stay under authority / have first place / lift up/praise name of / make happy (U)t","???? ?? ???????? ???? ?? ????? ?? ?? ??? ??????? ????? ???? ?? ????? ??, ?? ???? ??????? ?? ????, ?????? ?? ?????? ?? ????? ?????? ?????? ???",,,,,,,,,,,,,,,,,,,,,,,,
t,???? ,?????,,"????? ????, ?????? ?? ???? ?????? ???? ????? ???? ??? ??? ?? ????? ????? ?? ???? ???? ?????? ????? ?? ?? ?????? ?? ??? ???? ?? ??? ???????? ???? ?? ???? ??? ????? ?? ???? ?? ???? ???, ????? ????? ?? ?? ??? ?? ???? ?? ???? ?? ???? ???? ????",,,,,,,,,,,,,,,,,,,,,,,,
t,???????,,osaana (R); praise / be happy with (U);,"""???????"" ?? ??????? ?? ?? ????? ???? ???? ?? ?????? ??? ???????? ??? ???? ???? ?? ""???????? ??? ????? ???!""?",,,,,,,,,,,,,,,,,,,,,,,,
t,???????,,(little) tree called isop (K); ,"??????? ?? ?????? ?? ???? ??? ??????? ?? ?????? ??? ?? ??? ??? ??????? ?? ????? ?????? ??, ??? ?? ??? ?? ????? ?? ?????? ?? ??????? ?? ???? ?? ???????? ?? ?????? ??? ?????? ?? ?????",,,,,,,,,,,,,,,,,,,,,,,,
t,?????? ,????????? ? ??????? ,"(carved/man-made) image worshipped by people;
image;
false god (G, K);
carving (W, R)","????????? ??? ??????? ??? ????? ???? ??? ???????? ?? ?? ??????? ???? ???? ?????? ?? ???????, ???????? ??? ???? ?? ?? ???? ??? ???? ?? ???????????? ???? ?? ?? ????? ?? ????? ???? ????? ??? ??? ????? ?? ????? ?? ????????? ????? ???? ????? ?? ????? ???? ?? ??? ????? ?? ????? ?????? ??? ??? ????? ???? ??, ????? ?? ?????? ?? ????????? ???? ???, ?? ????? ?? ???????? ???? ????????? ????????",,,,,,,,,,,,,,,,,,,,,,,,
t,????????,,"sticky substance whose smoke smells good (R); 
 powder cooked/burned and its smoke smells good and it is called insens (K)",???????? ???? ???? ?? ?? ?? ???? ?? ??? ?? ?? ????? ?? ???? ????? ???? ??? ?? ???? ???? ??????? ?? ???? ???? ??? ???????? ????? ????,,,,,,,,,,,,,,,,,,,,,,,,
t,????,,,"???? ?? ????? ???? ?? ?? ????, ??????, ????? ???????? ?? ?? (?????? ?????? ????? ???? ????) ?? ??????? ????? ?? ??? ?????? ???",,,,,,,,,,,,,,,,,,,,,,,,
t,??????? ,???????? ,,"???????? ????? ?? ???? ???, ????? ??? ??????? ????? ????????, ??????? ???? ??? ?? ????? ??? (???? ?? ?????? ???? ?? ???, ?? ????????? ?? ???? ??????? ?? ??? ??????? ????) ??? ?? ?? ????? ??? ??? ???? ?? ???, ?????? ????? ?? ???????? ?? ??????? ????? ?? ????? ??? ???? ????",,,,,,,,,,,,,,,,,,,,,,,,
t,???,"???, ???????, ???, ??? ??? ???","place where one is emprisoned (G);
","??? ?? ??????? ?? ???? ?? ?? ?? ???? ???? ?? ???? ??????? ????????? ?? ???? ????? ?? ????? ????? ?? ??? ???? ???? ????? ?? ????? ?? ??? ???, ???? ?? ??????? ?? ??? ??? ?? ????? ?? ??? ?? ??? ??? ??? ???? ??? ??? ??? ??? ??? ??????? ?? ???? ??? ???? ??? ??? ?? ??????? ?? ?????? ???? ???? ??????? ?? ???? ??? ???? ???",,,,,,,,,,,,,,,,,,,,,,,,
t,????,"????, ???? , ???? ",stone (R); beads (R); stones you pay big money (U);,???? ??????? ????? ?? ????? ????? ???? ??? ????? ???? ???? ??????? ???? ??? ??????? ?? ??????? ???? ???? ?? ???? ????? ?? (?? ??????? ?? 12 ??????? ?? ?????? ??)? ????????????? ?? ?????? ??? ?? ??????? ?? ????? ?????? ?? ??? ??????? ?? ??? ??? ???? ??? ???,,,,,,,,,,,,,,,,,,,,,,,,
t,????? ??????? ??????,"??????? ????, ????? ??????? ????","leaders of Jews who believe in God (G); 
","????? ??????? ?????? ??? ??????, ?????, ???????? ?? ?????? ????? ??, ????? ??? ?????? ?? ???????? ?? ?????? ?? ????? ?? ???? ???? ???? ??? ??? ???? ??? ??? ?? ???? ???? ?? ???????? ???? ?? ?? ???? ?? ???? ???????? ?? ?????? ???????? ?? ????? ???? ???",,,,,,,,,,,,,,,,,,,,,,,,
t,?????????,???????????,"leader of the Jews in Kanaan land (G); 
man (who) decides (solution for) or resolves disputes/talks (U);","??????? ??? ???, ??????? ??? ???? ???? ?? ????, ????????? ?????? ?? ???? ???? ??? ?? ??????????? ?? ?????? ?? ??????? ?? ???-??????? ?? ???????, ???? ?? ?? ????? ??? ??????? ?? ??????? ???? ?? ?? ?????? ???
????? ????, ?????? ???? ???? ???
?????? ??? ???, ????????? ????? ?? ????? ??? ????? ?????? ???? ?? ?????? ???? ???? ???",,,,,,,,,,,,,,,,,,,,,,,,
t,?????????,"?????, ???????????, ????????, ???? ??????","one is held to be good in (God's) presence (G);
Set someone right (W); call them straight ones (R); call them straight in his eyes (R);
tell correctly people's works (G);
","????? ?? ???? ?? ??????? ?? ?????? ?? ???? ????? ?? ?????? ??????? ??????? ?? ???? ???? ??? ?? ?????? ????????? ????? ?? ?????? ?????? ?? ????? ???? ??? ???????? ?????? ?? ?? ?? ???? ?????? ?? ?????? ????? ?? ???????? ?? ??? ???? ??? ???????? ?? ????? ?? ????? ?? ????????? ????? ?? ?? ??????? ?? ??? ???? ????? ?? ??????? ???? ???? ??????? ????? ????? ???? ?????? ??? ?? ????? ??????? ??, ?? ????? ??????? ?? ?? ?? ???? ????????? ?? ????? ??? (???????? ?? ????? ?? ????????? ???? ?????? ?? ???? ?????? ???? ?? ????? ???? ????)",,,,,,,,,,,,,,,,,,,,,,,,
t,???,??????? ,"doing good to people (G); 
",??????? ?? ???? ?? ?????? ?? ????? ??????? ?? ???? ????,,,,,,,,,,,,,,,,,,,,,,,,
t,???? ,"??????, ???? ","ruler/authority person;
Chief (G); king (R);
","???? ???? ?????? ?? ???? ????? ?? ??????? ?? ???????? ???? ??? ???? ??? ??? ??????? ???? ???? ?? ???? ????? ?? ??? ??? ???? ??? (??? ???????, ????? ?? ????????? ???? ?????? ?? ???-??? ???????? ?? ????? ?? ??????? ??, ????, ??? ???? ???? ?? ????? ???? ??; ????? ???? ???? ?? ????? ???? ??; ?? ?????????? ?? ???? ???? ?? ???????? ??? ??)?",,,,,,,,,,,,,,,,,,,,,,,,
t,????? ,"?????, ?????????, ",,"????? ?? ??? ??????? ?? ?????? ???? ???? ?? ????? ?? ???? ???? ??? ????????? ?? ????? ???? ?? ???? ?? ???? ???? ??????? ?? ??????? ?? ???? ???? ??? ???-??? ""???????"" ???? ????? ?? ?????? ???? ???",,,,,,,,,,,,,,,,,,,,,,,,
t,???????? ?? ?????,"?????? ?? ?????, ???????? ?? ?????","realm of God;
How God rules [reigns] over everything;
God's ruling of people (G); government of God (R); ","???????? ?? ????? ???? ????? ?? ???? ?????? ???????? ?? ???? ???? ????? ???? ????? ????? ???: ????, ??????? ?? ???? ??, ?? ?? ????? ??? ??? ?? ???????? ?? ????? ?? ?????? ?? ????? ???????? ?? ????? ??? ?? ??? ????? ??? ?? ???? ?? ?????? ?? ??????, ????? ??? ???? ???? ?? ??? ??? ???? ???? ?? ??? ??????? ???? ????
???-??? ""???????"" (???? ?? ??????) ???? ?? ?????? ????? ?? ?????? ?? ??? ??? ???? ???? ???",,,,,,,,,,,,,,,,,,,,,,,,
t,?????,"?????, ?????",the real knowing of things (G);,"????? ?? '?????' ?? ???? ?? ???? ?? (1) ?? ?? ??? ???? ??? ??? ?? ???? ??? ?? ????? ???? ??? ??? ?? ???? ???; (2) ??? ????? ?? ??? ??????? ??? ?? ????? ???; (3) ???? ?? ??? ???? ?? ????? ?? ??????? ???? ?? ???? ????; ?? (4) ?? ??? ????? ???? ?????
?????? ?? ???? ?? ?? ????? ?? ????? ????? ??????? ?? ??? ???? ??? ???? ???? ???",,,,,,,,,,,,,,,,,,,,,,,,
t,???????? ?? ?????,???????? ?? ?????,"adolescent man sheep of God (K); young/small sheep of God (R, W)","??????? ???????? ???????? ?? ???? ?? ???????? ?? ?????? ???, ??????? ?? ????? ?? ?? ???? ?????? ?? ??? ??? ??????, ???? ???????? ?? ???????? ?? ????? ????? ?? ????? ?????? ???? (????????????? ?? ?????? ???? ?? ?? ?????? ???? ?? ?? ???? ??? ??, ????? ??? ?? ????? ?? ??? ???)",,,,,,,,,,,,,,,,,,,,,,,,
t,???????? ,"????, ??????",,"???????? ???? ?? ??? ?? ???? ???? ??, ?? ?? ?? ?? ?? ???? ????? ?? ????? ?? ????? ???? ??, ??? ???? ???? ?? ???????? ???? ???",,,,,,,,,,,,,,,,,,,,,,,,
t,???? ,"??????, ???",earth/land (G);,"???? ?? ???? ?? ???? ?? (1) ?? ????? ??? ?? ?? ???? ???, (2) ?? ?????? ?????? ?? ??? ???? ???, (3) ?? ??? ?????? ?? ???? ???, ?? (4) ?????? (????? ???? ?? ?? ???) ?? ??????? ?? ?? ??? ???? ???",,,,,,,,,,,,,,,,,,,,,,,,
t,???? ?? ???????? ,???????? ,the words of Moses of long ago (G); instructions from God through Moses; Way of Moses (W);,"???????? ??? ?? ???? ?? ??????? ??? ?? ???????? ?? ??????????? ?? ??? ???? ?? ???? ??? ???????? (1) ???? ?? ??????? ?? ???? ??? ????? ?? ?? ???????? ?? ??????? ???? ???, ?? (2) ???? ?????? ?? ?? ?? ????? ???? ???? ???????? ????? ??, ????? ???? ???????? ??? ??????? ?? ???? ??? ?? ??? ???? ??? (???? ??? ???? ?? ??????? ?? ???? ???? ???? ??? (?????? ?? ????? ????? ?? ?? ??????? ???? ??), ???????? ?? ???? ???? ?????)",,,,,,,,,,,,,,,,,,,,,,,,
t,????,?????? ,ones who guide you (G); head man (U),"???? ?? ???? ?? ?? ?????? ?? ??? ?????? ??? ???? ????????? ?????? ?? ???? ?? ?????? ??? ???? ??? ?? ????????? ?????? ?? ??????, ???????? ?? ?????? ??? ???? ??? ???? ?? ????????? ???? ?????? ?? ?????? ?? ?????-?????? ???? ???",,,,,,,,,,,,,,,,,,,,,,,,
t,????,"?????, ????? ????",lepra (R),"????? ??? ?? ????? ????? ??? ??? ?? ??? ?? ?????? ????? ?? ????? ??? ???? ??? ????? ?? ?????? ??? ?? ??? ?? ?????? ????? ?? ?????? ?? ??? ???? ????? ??? (??????? ?????? ??? ????? ?? ??? ???? ???? ??, ????? ???? ?? ???????? ?? ??? ???? ??? ?????? ??? ???)",,,,,,,,,,,,,,,,,,,,,,,,
t,??? ,???,laion (K); large cat / jaguar (G); simba (W);,"??? ???? ????, ?????, ?????? ????????? ??? ?? ???? ???? ??????? ?? ????? ?? ???? ???... (???? ??? ??? ???? ?? ???? ???? ???? ??? ?? ???? ?? ???? ????) (??? ?????? ???? ??? ?? ????? ?? ??? ???? ????) (?????? ?? ????? ????? ????? ?? ?? ???? ???) (???? ?? ????? ?? ????? ?? ??? ??? ???? ???)",,,,,,,,,,,,,,,,,,,,,,,,
t,????? ,,,"????? ????? (???-?????) ????? ??? ???? ????, ???, ???, ??? ?? ????, ??????? ??? ???? ???? ?? ??? ?? ??? ???? ??? ?? ???? ??????? ????? ?? ??? ???? ?????? ???? ????",,,,,,,,,,,,,,,,,,,,,,,,
t,????????? ,??????,,????????? ????? ???? ??? (???? ??????) ???? ??? ?? ???? ??? ??? ????? ?? ???? ????? ?? ???? ?? ???? ???? ??? ??? ???? ?? ??? ????????? ???? ????,,,,,,,,,,,,,,,,,,,,,,,,
t,????? ,,Most High God; Big/Great person; the owner/boss of all people (G); rich & important man (R); big (K); Owner (W);,????? ?? ???? ?? (1) ??????? ??????????? ?????; (2) ???? ?? ????? ?? ??????; (3) ???; (4) ?? ????? ?? ???? ??????? ?? ???? ???? ??; ?? (5) ??????? ???? ?????? ?? ??????,,,,,,,,,,,,,,,,,,,,,,,,
t,,,"Most High God;
Big/Great person;
the owner/boss of all people (G); rich & important man (R); 
 big (K); Owner (W);
",,,,,,,,,,,,,,,,,,,,,,,,,
t,????? ,"????? ????, ?????? ",Want (W);,"????? ?? ???? ?? ?? ?? ?????? ?? ??? ???? ?? ??????? ???? ???? ?? ????? ??? ?? ?? ????? ??? ????? ???????? ?? ???? ????? ?? ??? ???? ?? ????? ???? ????? ????, ?? ?? ??-????? ?? ????? ???????? ?? ???? ????, ?????? ?? ??? ? ???????? ???, ??-????? ?? ????? ???? ???? ????? ???? ?? ?? ????????? ????? ?? ???? ????? ?? ??? ???? ?? ??? ????-???? ????? ?? ????? ???? (?? ????? ?? ????? ????)?",,,,,,,,,,,,,,,,,,,,,,,,
t,??????,,sky watchers (W);star men; star knowers (G); men who studied the stars; lords of knowledge (W);,????? ??? ????????? ????? ???????? ?? ??????? ??????? ?? ??????? ?? ????? ?? ??? ???? ?? ????? ?? ?????? ???? ???,,,,,,,,,,,,,,,,,,,,,,,,
t,????? ,,"maanaa (R);
food which falls from the sky (G); 
","????? ?? ???? ?? ?? ???????? ?? ??????????? ?? ????? ?? ???? ?? ??? 40 ??? ?? ???? ???? ?? ????? ???? ??? ??????? ???? ???, ????? ?? ???? ?? ""?? ???? ???""? ?? ???? ???? ???? ???? ???? ???? ??? ???? ??? ???? ?? ??? ?? ??????, ?? ???? ???????? ???? ????? ?? ??-??? ?? ????? ?? ????? ?????? ???? ??? (????? ?? ????? ????? ???? ??, ????? ?? ????? ???? ?? ???? ???)",,,,,,,,,,,,,,,,,,,,,,,,
t,???,?????,love/pity (R),"???, ????????? ?? ??????? ?? ????? ????? ???? ???? ????? ??? ???????? ???? ????????? ?? ?????????? ?? ?????? ???? ??? ?????? ??? ???? ?? ?? ??????? ?? ???? ???? ?? ??? ???? ?? ?????? ??? ??????",,,,,,,,,,,,,,,,,,,,,,,,
t, ????? ,??????? ,"The King (whom) God promised to send;
Our Truly Important Chief (G); the appointed man (U); 
Al-Masih (W); Kaarisito (R); Mesaia (K)
","??????? ???? ????? ?? ?????? ???? ??????? ?? ?????? ???????? ???? ??? ????? ?? ?????? ???? ?? ??? ???, ?????? ?? '????????' ??? ???? ?? ??????? ???? ??????????? ?? ???? ??? ?? ??? ?????? ??? ????? ?? ?? ???? ?? ??? ???, ???? ?? ????, ????? ?? ???????? ?? ???????? ??? ??? ???",,,,,,,,,,,,,,,,,,,,,,,,
t,??????? ,"???????, ???????","something that caused people to be surprised (G); 
","??????? ?? ?? ??? ?? ?? ???? ???????? ?? ?? ???? ??? ???? ?? ?? ?????? ?? ??? ??????? ??? ?? ?? ???????????, ?? ???? ??????? ?? ?? ?????? ?? ??? ??????? ?? ???? ?? ?? ?? ???????? ?? ??? ???? ????????? ?? ????? ?? ??????? ?? ??? ???? ??? ??????? ??? ????, ?? ?? ???? ???? ???",,,,,,,,,,,,,,,,,,,,,,,,
t,?????,,mastad (K),"????? ?? ?????? ?? ????? ???? ?? ????? ????-???? ??? ???? ???? ?? ???? ???? ?? ???? ???? ???? ?? ??? ??, ""??? ???????? ??????? ??? ?? ???? ?? ????? ?? ??, ?? ??? ??????? ?? ?? ???? ???? ???""",,,,,,,,,,,,,,,,,,,,,,,,
t,?????,,sticky substance of perfume called mira (R); good smelling sap of a tree called mira (K); sap that smells (W),"????? ?? ??? ???? ?? ?????, ??????? ?? ?? ??? ???? ??? ????? ??? ????? ?? ???????? ??? ?? ??? ?? ???? ??, ??????? ?? ???? ???? ??? ??? ???? ?? ????? ??????? ?? ??????? ???? ???? ????? ?? ???? ?? ??????? ??? ?? ????? ?? ???????? ???? ???",,,,,,,,,,,,,,,,,,,,,,,,
t,???? ,,perfume called naad (R); good smelling liquid called nad (K);,????  ?? ????? ????? ?? ?? ???????????? ???? ???? ?? ?? ?? ???? ??? ?? ??? ?? ????? ?? ????? ?? ????? ????? ?? ???? ???? ?? ????? ?? ?????? ?????,,,,,,,,,,,,,,,,,,,,,,,,
t,???????,???????,"people (G); kingdom (W);
",?? ??????? ??? ?? ??? ???? ??? ?? ?? ??? ???? ???? ?? ??? ???? ???? ???? ????? ?? ???? ?????? ????? ??????? ???? ???? ????????? ?? ???????? ???? ?????? ????? ?? ??????? ???? ????,,,,,,,,,,,,,,,,,,,,,,,,
t,??? ,"???, ????, ?????????","promise (R); 
to truly declare what one is going to do (G);
bind talk (U);",??? ?? ???? ???????? ?? ?????? ?? ????? ???? ??? ?? ????? ???? ???,,,,,,,,,,,,,,,,,,,,,,,,
t,?????,"?????, ????? ?? ???",tree of oliwa (R),????? ?? ?????? ?? ?? ???? ???? ???? ??? ?????? ????? ?? ?? ???? ???? ?? ??? ???? ????? ?? ??? ?? ??? ????? ?? ??? ?? ????? ???? ????? ?? ??? ????? ?? ???? ?? ?? ?? ?????? ??????? ???? ???? ??? ????? ?? ??? ?? ????? ???? ????? ?? ??? ???? ???? ?? ?? ????? ?? ??? ?? ??? ??? ????? ???? ??? ????????????? ?? ????????? ?? ?? ?????? ?? ??? ?? ????? ?? ??? ????? ???? ?????? ????? ????? ????? ??????? ?? ??? ?? ?????? ?? ??? ?? ?? ???? ???? ????? ??? ???? ??? ?? ?? ????? ?? ?????? ?? ?? ?????/???? ???,,,,,,,,,,,,,,,,,,,,,,,,
t,????? ,"????, ???",Omegaa (R); finisher; ,"????? ????? ???????? ?? ????? ????? ?? ??? ??? ????? ?? ???? ?? ???? O? ????????????? ?? ?????? ??? ???? ?? ?????? ?? ?????, ???? ???? ?? ??? (??????, ??????????? ?? ??????????) ??? ??? ???",,,,,,,,,,,,,,,,,,,,,,,,
t,??? ???? ,??? ???? ,"the big house of the real cheif (G); 
",?? ???? ?? ???? ???? ??.,,,,,,,,,,,,,,,,,,,,,,,,
t,??????,,God's gathering place (W); Paradais (k); God's living place (G); ),"?????? ?? ?????? ???? ?? ????? ???? ?? ""????? ??????"" (?????????? ?? ??? ?? ?????? ???? ??????? ?? ????? ????? ?? ??? ???? ???) ?? ???? ???, ?????? ?? ???? ?? (1) ?????? ??? ?? ????? ???? ?????? (???) ???????? ???? ???, ?? (2) ?????? ?? ?? ?????? - ?????? ???? ???????? ????? ?? ??? ????? ???????",,,,,,,,,,,,,,,,,,,,,,,,
t,???? ,,"valuable stone inside a clamshell (R), egg of kina shell (R); (valuable) stone inside a clamshell (K); a very good stone called per (G); ","???? ?? ????? ???? ?? ?? ?????? ?? ??? ??? (?? ??????? ??? ??? ???? ???, ?? ??? ?? ??? ?? ???? ??? ?? ???? ??? ???? ??, ?? ?? ?? ?????? ???? ?????? ?? ????? ???? ??? ?? ??? ?? ?? ??? ?? ???? ?? ???? ??? ? ??? ????, ??? ?? ?????? ???? ?? ????, ??? ?? ???? ????? ??? ???????? ???? ????)",,,,,,,,,,,,,,,,,,,,,,,,
t,?????,?????,Pero (in Egypt) (K); king over Egypt; head man of Egypt (U),????? ?? ??? ?? ?? ??????? ????????? ???? ?????? ?? ???? ??? ???????? ????? ?? ?? ????????? ??? ?? ??? ??? ????? ?? ??? ?? ?? ??????? ????????? ???? ?????? ?? ???? ??? ???????? ????? ?? ?? ????????? ??? ?? ??? ??? ????? ?? ???? ??? ????? ?????? ?????? ?? ???? ??? ????? ?????? ???????,,,,,,,,,,,,,,,,,,,,,,,,
t,"????, ",????,,"????, ??????? ?????? ?? ??? ???? ??, ???? ?? ??, ?????? ????? ???? ??? ?? ???? ??? ?? ?? ???? ??? ?? ???? ????? ?? ?? ???? ?? ??? ????? ??? ????? ???? ???? ???? ???????? ?? ???? ?? ?????? ??????????? ?? ???? ?? ???? (???? ?? ????) ???? ?? ??? ???? ??? ???",,,,,,,,,,,,,,,,,,,,,,,,
t,??????? ,??????? ,,??????? ??? ?? ?????? ?? ??????? ?? ????? ?? ?? ??? ??? ?? ????? ?? ????????? ?????? ????? ???,,,,,,,,,,,,,,,,,,,,,,,,
t,????,,water (G); ,????? ?? ?? ?? ???? ??????? ????? ???? ?? ?????? ????? ?? ??? ???? ??? ???? ???,,,,,,,,,,,,,,,,,,,,,,,,
t,?????,,place near the door (G); ,?? ?? ???? ????? ?????? ?? ??? ?? ????,,,,,,,,,,,,,,,,,,,,,,,,
t,???????,???????,"to speak well of (G); 
magnify (W);","??????? ?? ???? ?? ?? ?? ?????? ?? ????? ??? ?? ???? ?? ?? ???? ????? ??? ??? ???? ?? ???????? ?? ?????? ?? ????? ???? ??? ?? ???? ????? ??????????? ?? ????? ???? ????? ???? ????? ????? ?? ????? ?? ?????? ?? ???????? ?? ?????? ???? ???, ?? ????? ??? ?? ?? ????? ???? ???",,,,,,,,,,,,,,,,,,,,,,,,
t,????????? ,"?????????, ????????? ???? ??, ????????? ?? ??? ??, ????????? ??","to speak to God (G); 
plead (W);","????????? ?? ???? ?? ???? ????????? ?????? ?? ????? ?? ??? ???? ?? ???? ????? ????? ???? ?? ??????? ?? ????? ?? ?? ?? ?? ???? ?? ??? ?? ?????? ???? ???, ????? ???????? ?? ????????? ?????",,,,,,,,,,,,,,,,,,,,,,,,
t,????? ???? ,"??????, ?????, ????? ????","tell God's beautiful word (G); 
",????? ???? ?? ???? ?? ?????? ?? ??? ????? ???? ?? ??? ????? ?????? ?? ???????? ???? ? ???? ???,,,,,,,,,,,,,,,,,,,,,,,,
t,???? ,???? ,"giving to God one (R); priest (transliterated) (G); 
sacrificer (W);","???? ??????? ???? ???? ??? ?? (1) ?????? ?????? ???, (2) ???????? ?????? ???, (3) ??????? ??? ????????? ???? ???, (4) ????? ?? ?????? ???? ???, ?? (5) ????? ?? ???? ??????? ?? ??????? ???? ????",,,,,,,,,,,,,,,,,,,,,,,,
t,???? ,"????, ???? ????","placing a thing by words / mouth;
tell what one is going to do in the future (G); promise (R);","???? ?? ????? ??? ???? ?? ????? ???? ??? ??? ???? ?? ?? ?? ??? ??? ?????? ???????? ????? ??? ????? ????? ???? ???? ???? ??? ???????? ?? ??? ???? ????? ???? ???, ???? ?? ??????? ?? ???? ??? ???? ?? ???? ???? ???? ""??? (????) ??? ???? ????? ?? ???? ????? ???, ?? (????) ??? ?? ??????""",,,,,,,,,,,,,,,,,,,,,,,,
t,??????????,?????????????,talk of prophet (R); speak words from God (W);,"????????????? ?? ????? ??? ?? ???????? ?? ???? ??????? ?? ?????? ?? ????? ?? ??? ????? ??? ???? ??? ????????????? ??????? ?? ???????? ???? ?? ??????? ???? ???, ??? ????????????? ?????????? ?? ?????? ?????? ???? ???, ?? ??? ????????????? ?????? ?? ?????? ?? ???? ??? ????? ???? (????? ??? ??????? ????????????? ????)",,,,,,,,,,,,,,,,,,,,,,,,
t,?????????? ???? ,"?????????? ????, ?????????? ??, ?????????? ???? ??",talk of prophet (R); touch God's words (W),"?????????? ???? ????????  ?? ?????? ?? ????? ??, ?????? ?? ?????? ???? ??, ?????? ?????? ???? ??, ?? ?????? ????? ??? ??? ???? ??? (????? ?????????? ???? ???? ??????? ?? ???? ???, ????? ?????? ?? ???? ?? ?????? ????? ??? ???? ????? ??????)",,,,,,,,,,,,,,,,,,,,,,,,
t,???????????,?????????????,"teller of God's word (G); 
person to whom God gives words (D); 
God's mouth (spokesperson);
a human messenger for God or gods/idols;
way-goer (W); poropet (K)","??????????? ?? ????? ?? ?????? ???? ??? ??????? ????? ?? ???? ????? ???? ?? ?? ?? ????? ?? ????? ??? ???? ???? ??? ??????? ????????????? ?? ?????? ???? ?? ???????? ?????? ???? ??????????? ??? ????? ????? ??? ????? ?????? ????? ?? ?????? ?? ??? ????? ??? (???? ????????????? ?? ??????? ?? ???? ???, ????? ?????? ????? ?? ??? ????? ????? ???? ??????)",,,,,,,,,,,,,,,,,,,,,,,,
t,???,,Songs of Dewid (R); song (G); ,"??? ??????? ???? ??? ???? ??????? ?? ??? ???? ???? ?????, ??? ?? ?? ?????? ?? ????? ?????? ??? ???-??? ?????? ?? ?????? ???? ??????? ???? ??? ????? ??? ??????, ?????????, ?????, ???, ?????? ?? ????????????? ?????? ?? ?? ???? ???? (????? ?? ???? ????? ???? ?????? ??? ??? ???? ????)",,,,,,,,,,,,,,,,,,,,,,,,
t,,,"clean (R); not any dirty behaviour (R); 
behaviour straight in God’s eyes (K), no dirtiness in it (K);",,,,,,,,,,,,,,,,,,,,,,,,,
t,????? ,,"my Teacher; Teacher (R, W);",????? ?? ???? ?? ???? ????? ???????? ????? ???????? ?? ????? ?? ?????? ??? ???? ??? ???? ???? ???? ?? ?? ??????? ????????? ????? ??????? ??? ???? ??? ???? ???????? ?? ????? ?? ????? ??? ???? ???,,,,,,,,,,,,,,,,,,,,,,,,
t,??? ???? ,,Red Sea (R);,"???/??? ???? ????? ?? ???? ???? ???? ???? ?? ??? ????? ??? ?? ???????? ????? ?? ???? ?? ??? ??? ??, ?? ???????? ?? ???? ??? ?? ???? ?? ???? ?????? ???? ???
??? ???? ??? ?? ?????? ??? ???? ?? ???? ??, ??????? ?????? ??? ??? ????? ???? ??? ???? ???",,,,,,,,,,,,,,,,,,,,,,,,
t,???????,"???????, ??????","land (G);
","???? ??? ?? ???? ????? ?? ??? ?? ??????? ???????, ??????? ?? ??????? ?????? ??? ?????? ?? ??????? ???? ?? ????? ??????, ??? ?? ????? ????????? ???? ???",,,,,,,,,,,,,,,,,,,,,,,,
t,???????? ,"???????? ????, ???????? ?? ??? ??, ???????? ???? ??","turning away from wrong things/action and turning to God;
be sad about the bad things you have done. Stop doing them. (G);
think-turn (R); ","???????? ?? ???? ?? ????? ?????? ???? ??? ?????; ???? ??????? ??? ????? ????? ?? ?????? ???????? ???? ???, ?? ?? ???????? ?? ????? ????? ?? ??? ???? ????????? ?? ??????? ?? ????? ?? ????? ???? ???? ?? ???????? ???????? ???? ???, ?? ?? ???????? ???? ???? ??????? ?? ???? ? ???? ?? ????? ???? ???, ?? ?? ??????????? ?? ?????? ? ???? ?? ????? ???? ??? ?? ???? ?????? ???? ????",,,,,,,,,,,,,,,,,,,,,,,,
t,???????,"??????? ????, ??????? ???? ??, ??????? ?? ??? ??",,"??????? ?? ???? ?? ???? ????? ?? ????? ????? ???????? ?? ???????? ?? ??????, ??? ?? ???? ?? ??? ?? ?? ?????? ?? ?????? ??? ??????? ???? ?????? ??? ??????? (1) ??????????? ?? ???? ??????? ?? ?????? ?? ??, ?? (2) ??????????? ?? ?????? ?? ???? ?? ?????? ?? ?? ?? ???????? ???? ??????? ?? ??????????? ?? ??????? ?????",,,,,,,,,,,,,,,,,,,,,,,,
t,???,"?????????, ??????","being true/right/worthy in God's eyes;
very good (G);straight (R, W);
good ones (G);
","???????? ????? ?? ??????? ?? ????? ??? ???? ?? ?? ???, ????? ?? ?????????? ??? ???? ????? ?? ??????? ???? ???? ??? ?? ???????? ?? ????? ???? ?? ??? ??? ???? ????? ???????? ?? ??????????? ?? ????? ????? ??, ??????? ?? ????? ??? ????? ?? ????? ???? ?? ?? ???? ????? ???? ?? ????? ????? ??? (???????? ?? ??? ????? ????????? ??, ???? ???? ??????/??????????? ????????? ??????? ???? ???)",,,,,,,,,,,,,,,,,,,,,,,,
t,???? ,"????, ????",,???? ?? ???? ?? ?? ???? ?? ???? ????? ?? ???? ?? ?? ?????? ?? ?? ???? ??????? ?? ?????? ???????? ?? ????? ???? ???,,,,,,,,,,,,,,,,,,,,,,,,
t,??????? ?? ??? ,,rest; cease work; Day of Sabat (K);,"?????? ?? ??????? ???? ?? ????? ???? ?? ??????? ?? ??? ??? ????? ????? ?? ???? ?? ???, ???????? ?? (?? ??? ??? ???? ?? ???? ??) ???????? ?????? ?? ?????? ??? ?? ??????? ?? ???, ??????? ??????? ?? ??? ????, ????? ????? ??? ?? ??????? ?? ??? ?????? ?? ??? ????? ????? ???? ?? ??????? ?? ?????? ?? ??? ??? (???? ?? ??? ???, ???????? ?? ?????? ?? ??? ??? ? ???? ?? ?? ?? ???? ??? ??? ??? ???? ????? ?? ?????? ?? ?????? ???)",,,,,,,,,,,,,,,,,,,,,,,,
t,?????? ,??????,"offer of a slaughtered animal;
giving your life or goods to another (G);gift that is habitually cooked (R); ","?????? ??? ?? ????? ????? ?? ???? ??? ??????? ????? ?? ?????? ??? ??? ????, ??? ?? ?? ???? ?? (?? ??/??)? ??????? ???? ?? ???????? ??? ??????????? ?? ????? ?? ?????????? ?? ??? ?????? ?????? ?? ???????? ??, ??? ?? ??? ?? ????? ?? ??????? ???? ?? ??? ?????? ???? ???? ??? (????? ???? ????? ?? ??? ????? ?????? ?? ??? ??? ??? ???, ????? ???? ????? ?? ??????, ??????, ??????? ?? ???? ???? ?? ????? ?????? ?? ??? ??? ?????? ???? ????)",,,,,,,,,,,,,,,,,,,,,,,,
t,???,?????,"one whom God rules, one whom Jesus rules (G); ",??? ?? ???? ?? ?? ?????? ??????? ?? ???? ??? ??????? ?? ?????? ?? ????? ?? ????? ??? ??????? ????? ?? ??????? ?? ??? ???? ??????? ???? ?? ??????? ?? ???? ????? ???,,,,,,,,,,,,,,,,,,,,,,,,
t,?????? ???? ,??????,"make one a person who really obeys God (G); 
cleans (W);","?????? ???? ?? ???? ?? ???? ???? ?? ??????? ?? ?? ???? ?????? ?????, ?? ????? ??, ???? ???? ?? ??????? ?? ???????? ?? ??????? ????? ???????? ?? ?????? ????? ???????? ??? ????? ???? ?????? ?????? ???? ???",,,,,,,,,,,,,,,,,,,,,,,,
t,??????,,meeting (R); people of meeting (R); gathering of leaders (W);,"???? ?? ??? ???, ????? ???? ?? ?????? ?? ???? ???? ???? 71 ??????? ?? ?? ?????, ?????? ??? ???? ??????? ????? ??????? ???? ??? (?????? ?? ????? ?????? ?? ???? ?? ????????? ???? ???? ?????, ?? ??? ??? ????? ?? ?? ????????? ???? ????) (?????? ?? ???? ?? ??????? ?? ??? ???? ???? ?? ??? ???? ?? ???? ????)",,,,,,,,,,,,,,,,,,,,,,,,
t, ???????????,,"Cause-live One (R); the who saves/delivers (us) (G); 
","???????? ??????????? ?? ??????????? ??, ????? ?????? ????? ???? ??????? ?? ?????? ???? ??? ???????? ?? ??????????? ??, ?? ????? ?? ????? ??, ???????? ?? ????? ?? ????? ??, ????? ?????? ??, ?? ??? ?? ?? ??? ?? ????? ?? ?? ??????? ?? ??? ??? ??????? ???? (??? ???? ?? ?? ??? ???? ???? ?? ?? ???? ???? ???? ????)",,,,,,,,,,,,,,,,,,,,,,,,
t,???-???,,"ruling stick (G);
",???-??? ?? ???? ?? ???? [???? ?? ????] ???? ?? ???? ???? ????? ????? ?? ?????? ???? ??? ???? ????? ??? ???? ???? ?????? ???? ?????? ?? ?????? ???,,,,,,,,,,,,,,,,,,,,,,,,
t,????,"??????,???????? ","teacher of people (G);
cultural law expert;
person who teaches people cultural law; teacher of the laws (R);
an educated person who can write documents/books {for others);
repeater (W)","???????? ?? ??? ?? ?? ????? ?? ???????????? ????? ??, ????? ?? ?????? ???? ?? ?? ?????? ?? ????? ?????? ??? ???? ?? ????????? ??????? ?? ??? ???, ?? ????? ???????? ???? ?? ???? ????????? ?? ????? ???? ?? ??? ???????? ?? ??? ??? ???",,,,,,,,,,,,,,,,,,,,,,,,
t,????? ??? ????? ?? ??????,????? ??? ????? ?? ??????,"a rolled up book; 
paper rolled up (G);
",??????? ????? (?? ?????) ?? ?? ???? ?????? ???? ?? ??? ?? ??? ???? ????? ??? ?? ??? ?????? ???????? ???? ?? ?? ??? ??? ????? ????? ??? ??????? ????? ?? ?? ????-???? ?????? ???? ??? ?? ?? ?????? ?? ???? ???? ???? ??????? ????? ????? ?? ?? ?????? ????? ?? ??? ??? ??????? ?? ????? ??? ????? ???? ??? ????? ?? ??? ?? ???? ??? ???? ?????? ?? ??? ???? ???,,,,,,,,,,,,,,,,,,,,,,,,
t,???? ,?????? ,big water/river (G); ,"?????? ?? ??? ?? ??????? ?????? ???? ???? ???? ?? ??? ??? ???? ???? ?? ??????? ??????? ?? ?????? ?? ??????? ???? ???? ?????? ???? ?? ????? ???? ???? ?????, ??????? ????? ???? ???, ?? ?????? ??? ?????? ?? ???? ????",,,,,,,,,,,,,,,,,,,,,,,,
t,???????????,,,"???????????, ????? ???? ?? 70, ?????? ???? ?? ?????? ???? ??? ?????? ??? ???? ???? ?? ???? 330 ???? ?????, ????????? ?? ??????? ?? ????? ?? ???? ??????? ??, ???? ???? ?? ????? ???? ??? ?? ???????? ?? ?????? ???? ????? ???? ????, ?? ????? ?? 70 ?? ?????? ???? ?? ?????? ?? ?????? ???? ??? ?????? ????? (?? ???? ??? ????? ?????? ?? ???? ??????????? ?? ????? ?????? ?? ???? ????)",,,,,,,,,,,,,,,,,,,,,,,,
t,???? ,??????,one who works for someone (G); ,"?? ????  ???? ?? ?? ??? ???? ?? ?? ???? ??? ??? ???? ??? ???? (1) ?? ??? ?? ???? ??? ?? ???? ?? ??? ???? ???, (2) ?? ???? ??? ?? ???????? ?? ???? ?? ???? ???? ???? ?? ??? ???? ?? ??? ????? ???? ???? ??, (3) ?? ??? ?? ???? ??? ?? ???? ?????? ?? ??? ???????? ??? ?? ??? ???? ??? ??????? ?? ???? ????? ???? ???? ?? ????????? ??????? ?? ??? ??? ???? ???? ???? ?? ???? ????? ?? ??????? ?????????? ?? ?? ???? ???? ??? ????????????? ?? ??????? ?? ????? ?? ???? ??? ???? ?? ??????? ?? ????? ??, ?? ???? ?????? ???, ???????? ??? ?? ???? ???? ????",,,,,,,,,,,,,,,,,,,,,,,,
t,????,"????????, ???????? ???? ??, ???????","be ashamed (G); 
",???? ?? ??? ????? ?? ??? ?? ?? ???????? ?? ??????? ???? ??? ?????? ?? ???????? ???? ?? ???? ?? ???? ?????? ??? ?? ???? ??????? ?? ???? ??? ?????? ?????? ?? ????????? ?? ????? ????? ???? ??? ?? ?? ?????? ?? ????? ??? ?? ???????? ??? ??? ? ???? ???? ?? ?? ?? ??? ?? ???? ????? ???? ???? ???? ????? ????????? ??? ???? ?? ??? ????? ??? ??? ???? ?? ????? ?? ????? ?? ????? ?? ?????,,,,,,,,,,,,,,,,,,,,,,,,
t,??? ,,"sipsip (K); sip (R); deer-like animal (G); 
","?????? ???? ?? ??????? ????? ???? ???, ??????? ?? ????? ?? ??????? ???? ???? ???, ????? ???? ???? ???? ???? ??? ?? ???? ?? ???? ??? ???? ??? ?? ???? ???? ???/??/?? ???? ???? ????? ???? ????? ???, ????? ????? ?? ??? ???? ?? ????? ???, ?? ???-??? ???? ???? ?? ???? ???? ???????? ????? ???????? ?? ?????? ?? ??? ?????? ?? ??? ?????? ??? ?? ???? ?? ????? ??? ???? ??? ???? ???? ?? ???? ??? ???? ??? ????? ???? ?? ????? ??? ???? ??? ??????? ???????? ???? ???? ?? ??????? ????????????? ?? ???? ?? ???????? ?? ????? ???? (???? ?? ??? ?? ?????? ??? ?? ???? ???? ?????? ????)",,,,,,,,,,,,,,,,,,,,,,,,
t,?????,???????,"one who takes care of sheep (G); 
","?? ??? ?????? ?? ??????? ?? ?????? ?? ????? ???? ???, ?????? ?????? ??? ???? ??? ???? ?? ??? ?? ????? ????? ?????? ???, ??????? ?? ???? ???????? ?? ??? ?? ???? ?? ?? ????? ?????? ???? ???",,,,,,,,,,,,,,,,,,,,,,,,
t,???? ,?????? ,"big canoe (G);
","???? ???? ???? ????? ???? ??? ?? ????????? ?? ??? ?? ???? ???? ?? ?? ???? ???, ?? ?????? ?? ????? ????? ?? ???? ???",,,,,,,,,,,,,,,,,,,,,,,,
t,?????,,"hard money (G); 
","????? ?? ??????, ????? ???? ?? ????? ????? ??, ?????, ????? ?? ?????? ????? ?? ??? ???? ???? ???",,,,,,,,,,,,,,,,,,,,,,,,
t,??? ,"??? ????, ???, ??? ????, ???????, ?????,","bad doings/thinking; bad behaviour (R);
(resulting in) guilt;
doing things that God does not like/want;
following bad/wrong ways;
doing something that God thinks is bad (G);
not-good thing (G); 
","?? ?????? ????? ?? ???????? ?? ???????? ???? ??, ??? ??? ???????? ?? ?????? ?? ??????? ???? ???? ???, ??????? ???? ?????? ?????? ?? ??????? ???? ???? ???, ????? ???? ??? ?????? ?? ???? ?? ?? ????? ???? ???, ??? ???? ???? ?? ?? ??? ??????? ???????? ?? ???? ????? ?? ??????? ???? ??, ?? ?? ??? ??? ???? ?? ?????? ?? ?????? ??? ???? ?? ?? ????, ???????? ?? ?????? ??? ?? ??? ?? ??? (??????? ???? ????? ????? ?? ???? ????? ?? ???, ????? ???????? ????? ??? ????? ?? ????? ?? ???? ????)",,,,,,,,,,,,,,,,,,,,,,,,
t,????? ,"???, ????????","one who works for nothing/without pay (G); 
","??????? ??? ???, ??????? ????? ??? ?? ?????? ?? ?????? ???? ??: ???????? ??????? ?? ???? ?? ?? ???? ???? ??, ?? ??? ?? ????? ??? ?? ???? ?? ?? ???? ?? ?? ????? ?? ???? ???? ?? ???? ???? ??? ??? ??? ????? ???? ???? ??, ???? ???? ?? ????? ????? ????? ???? ?? ??????? ?? ???? ???? ???? ???? ???? ??? ??? ??? ??? ???? ????? ??? ???? ??, ?? ?? ???? ?????? ???? ???? ???",,,,,,,,,,,,,,,,,,,,,,,,
t,???? ,"????, ????",,"???? ????, ???? ?????/????? ???? ??? ????? ??? ?? ???? ???? ????? ??? ???? ????? ??????? ?? ???? ???? ??? ???? ???? ??? ????? ??????? ?? ???? ????? ?? ?????? ?? ?????? ????? ??? ???? ????",,,,,,,,,,,,,,,,,,,,,,,,
t,???????? ?? ????? ,???????? ?? ????? ,"God in human form; Child of God (R, W);
a man who is God; God!;
God's Son (G) (Mark 15:39);
","??????? ???, ???????? ?? ?????? ?? ???? ????? ?? ????? ?? ???? ???? ???? ?? ??????, '???????? ?? ?????' ?????? ?? ??? ?? ????? ?? ???, ?? '???????? ?? ?????' ?? ???? ???? ?? ??? ?? ????? ?? ??? ???? ????? ?? ???????? ??? ???? ??? (??? ???? ????? ???? ?? ?? ???? ???????? ?? ????? ??, ?? ???? ?? ???? ???? ??? ????? ???????? ????)",,,,,,,,,,,,,,,,,,,,,,,,
t,?????? ?? ????? ,"?????? ?? ?????, ???????? ?? ?????, ???? ?? ?????","son of a human; Child of Man (R);
Man's Son (G); 
the Human One;
the Heavenly Man;","??????????? ????????? ?? ?? ??? ?????? ??? ???? ??? ??????? ?? ????? ???? ?? '?????? ?? ?????' ???? ????? ??, ?? ???? ???????? ?? ?? ?? ????? ?? ??? ??????? ?? ???? ?????? ??????? ??? ???? ???? ????? ?? ???? ??? ?????? ?? ???? ???? ????? ???? ?? ????? ????? ?? ?????? ?? ????? ??? ???? ?? ?????? ?? ??? ?? ?? ????? ????????? ?? ????? ?? ??????? ?? ?? ???? ??? ??? ?????? ?? ??? ??? (????????????? ?? ?????? ??? ???? ?? ?? ??? ?????? ?? ????? ?? ??? ???, ??????????? ?? ??? ?? ?? ???? ???? ???? ?? ??? ??? ????? ???? ??? ???)",,,,,,,,,,,,,,,,,,,,,,,,
t,????,,"long arrow (G);
",???? ??? ?????? ???? ??? ?????? ?? ???? ????? ?? ??? ?? ?? ?????? ???? ???? ??? ????? ????? ??? ???????? ?? ???? ????? ?? ?????? ?? ??? ???? ???????? ???? ???,,,,,,,,,,,,,,,,,,,,,,,,
t,?????? ?????,"????? ?????, ??????, ????? ???????, ?????, ???????",creature (W);,"??????? ????? ?????? ??? ?? ?? ???????? ?? ??? ?????? ???? ????? ?????? ????? ??? ???? ??????? ????? ?????? ??????? ???? ??????? ???? ?????? ?? ?????? ??????? ???? ???????? ?????? ?? ????? ?? ?? ???????? ???? ????? ??? ?? ?????? ?? ???? ??, ?? ???? ????? ?? ?? ??? ?? ???? ?? ?? ?? ??? ??? ???? ???? ??? ?????",,,,,,,,,,,,,,,,,,,,,,,,
t,???? ,?????? ,,"???? ????? ?? ?? ????, ????? ?????? ???? ?? ???? ??? ??????? ???? ??? ?????? ??, ?? ?? ????????? ?????? ?? ??? ??? ??? ?? ???? ???",,,,,,,,,,,,,,,,,,,,,,,,
t,????? ??? ,????,"fermented manioc juice, any drink that causes drunkenness (G);
crazy water (U); ",????? ??? ??? ?? ??? ??? ?? ?????? ??????? ???? ???,,,,,,,,,,,,,,,,,,,,,,,,
t,????,????,salfa (K),???? ?? ???? ?? ???? ??? ?? ?????? ?? ?? ??? ?? ?? ??? ???? ?? ?? ???? ??? ???? ??? ???? ???,,,,,,,,,,,,,,,,,,,,,,,,
t,?????,??????? ,"long knife/machete (G);
","??????? ??????, ???? ???? ???? ??? ????? ???????? ????? ????? ??? ???? ??? ????? ???? ?? ????? ???? ?? ????????? ?? ???? ???? ?? ????? ?? ?? ?????? ???",,,,,,,,,,,,,,,,,,,,,,,,
t,????,,"fig tree; tree (R);
fruit tree",???? ?? ?????? ?? ????? (??) ?? ???? ??? ???? ?????? ???? ??? ???? ??? ??? ?? ????? ???? ???? ?? ?? ??? ????? ?????? ?? ?????? ????????? ?? ???? ?????? ???? ?? ??? ????? ???? ??? ???? ????? ?? ????? ???? ?? ??????? ????? ?? ??? ???? ???? ???,,,,,,,,,,,,,,,,,,,,,,,,
t,????????,,"house for proclaiming;
place where Jews gathered together / gathering place(G);
house of worship (R); ","???????? ?? ???? ?? ?? ??? ???? ???????? ??????? ??? ???? ???? ??? ???? ????? ????? ?????, ??-????? ?? ?????? ????, ????????? ???? ?? ????? ?? ?????? ???? ?? ??? ??????? ???? ???? (???? ??? ?????? ?? ???? ?? ???? ??? ???? ???)",,,,,,,,,,,,,,,,,,,,,,,,
t,????? ,"?????? ?????, ??? ?? ?????, ","skin/leather house of God;
house-like building (not made of durable material) (G); 
skin prayer-tent; house of canvas (ie tent) (R); ","????? ?? ???? ?? ???? ?????? ???????? ?? ??????? ??????????? ?? ?? ?????, ?? ???? ????? ????? ????? ?? ???? ???? ??, ???? ???? ???????? ???? ??? ?? ??? ?? ???? ??? ???? ??? ???? ??? ??, ???? ?? ???? ??? ?????? ???? ??? ???? ???? ?????? ?? ????? (?? ??????? ?? ??????? ??? ?? ????? ??????, ?? ????? ?? ?????? ???? ???; ????? ?? ????? ?? ??? ?? ??? ???? ?? ????? ?? ????? ????? ?? ??? ?? ???)",,,,,,,,,,,,,,,,,,,,,,,,
t,?? ?????? ???? ,?? ?????? ???? ,ones who get/carry fees (R); taxer (W);,"??????? ?? ??????? ?? ?????? ???? ?? ???, ??? ??????? ??? ???? ?? ??? ?? ???? ?? ??? ???? ??? ?????/????? ??????? ?? ??? ?? ?????? ?? ?? ???? ??? ?????? ???? ??? ?? ???? ??? ????????? ??? ?? ?????? ????? ?? ????? ???? ?? ?? ?????? ???? ???? ???",,,,,,,,,,,,,,,,,,,,,,,,
t,?????? ,"??????, ??????, ??????, ?????? ??, ?????????? ????",make read (W);,"?????? ?? ?????????? ???? ?????? ?? ??? ?????? ?? ????? ??? ????? ?? ?? ??? ?? ?????? ?? ?? ?????? ?? ?? ?? ?????? ?? ???? ???? ???? ?? ??? ???? ???? ????? ???? ?? ????? ??: ""??? ?? ?????? ?? ???? ??????? ?? ???? ???? ?????? ???? ?????""",,,,,,,,,,,,,,,,,,,,,,,,
t,?????,"?????,
????????  ?? ??,","big house/building of God (G); 
house of God;
meeting place for God and people;
big/primary worship house/place (P); house of giving (K); inside the fence of the house of giving (K); magnify-place (W);","????? ?? ????? ?? ???? ????? (?????) ?? ??? ????? ???? ???????? ?? ???, ??????? ??? ????? ???? ?? ?? ????? ??? ???? ?? ???? ????? ?? ?????? ???????? ??? ???????? ??? ??, ???? ??? ?? [?????] ????? ??? ???: (1) ???? ??? ???? ?????? ??????? ????? ?? ?????; (2) ??????? ??? ???? ??????? ?????? ??????? ?? ??????? ?????? ???? ???? ??? ????? ????? ?? ???? ?? ?????; (3) ???????? ?? ?????????? ?? ??????? ??? ??????? ??? ?? ??? ???????????? ???? ????? ?? ??? ???? ?? ???? ?? ??? ???? ???? ??????? ?????? ???? ??????? ???? ???? ?? ????? ?? 70 ????? ??? ??????? ?? ???? ?? ???? ??? (4) ???? ?? ???? ?? ""?????"" ?? (?? ??? ????? ???? ????? ?? ?????? ???? ??)? (5) ??? ???? ?????? ?? ?? ???? ?? ????? ?? ????? ???, ??????? ???? ????? ????? ????? ???? ???
????? ?????????? ??????? ?? ????????? ?? ?? ???? ????",,,,,,,,,,,,,,,,,,,,,,,,
t,???????,"?????, ??????, ????????","to tell someone something they have done is good (G); 
be happy with someone (because they gave you something) (U); ","???? ?? ??????? ???? ?? ???? ?? ?? ????? ?? ?? ??????? ?? ???? ??? ???? ????? ??? ???? ??? ?????? ???? ???, ???????? ???? ?????? ???????? ?? ??????? ???? ???; ?? ???? ???, ?? ???????? ?? ????? ??????? ?? ???? ??? ????? ???? ??????? ???? ????",,,,,,,,,,,,,,,,,,,,,,,,
t,??????? ,???? ?? ?????? ,"sitting place of the leader (G); where the chief sits
",??????? ?? ?????? ???? ?? ??? ?? ???? ?????????? ?????? ?? ????? ???? ??? ????? ??? ??????? ?? ?????? ?? ?? ????? ???? ?????? ?? ???? ?? ??? ????? ?????? ???? ??? ?????? ?? ??????? ?? ???? ?? ????? ?? ?????? ?? ?????? ?? ???? ???? ???,,,,,,,,,,,,,,,,,,,,,,,,
t,???? ,"??????, ????",rock hole (G),"???? ?? ???? ???? ?? ???? ????? ?? ??????? ???? ??? ????? ???? ?????? ?? ?????? ??? ??????? ??, ????? ???? ???? ???? ???? ??, ???? ???? ??? ???? ????",,,,,,,,,,,,,,,,,,,,,,,,
t,?????,???? ,"town (G); 
","???? ?? ?????, ?????? ?? ???? ?? ?? ???? ???? ???? ?? ?? ???? ?????? ?? ??? ???? ??? ???? ?? ?????, ??? ?? ???? ???? ???? ???",,,,,,,,,,,,,,,,,,,,,,,,
t,?????,?????,,????? ?? ?? ?? ????? ????? ??? ?? ?? ????? ?? ??? ???? ????,,,,,,,,,,,,,,,,,,,,,,,,
t,"??? , ??? ","?????, ????? ?? ???, ????? ?? ???, ????? ?? ?????",,"??? ?? ??? ???? ?? ?? ????? ???? ?? ???? ???? ??? ??? ?? ???? ?? ????? ???? ?? ???? ????? ?? ????? ???? ???? ???? ??? ????? ?? ???? ????? ????? ?? ????? ???? ??? ????? ???, ???????? ?? ??????? ?? ???? ??? ?? ???? ??? ??, ?? ???? ????? ?? ?? ?????? ?? ???? ?????????? ?? ?????? ?? ?????? ???? ????",,,,,,,,,,,,,,,,,,,,,,,,
t,??????? ,??????? ????????,girl (W);,"??????? ?? ????? ?? ??????? ???? ???, ???? ?? ?????, ????????? ??? ???? ?? ??? ??? ????? ???? ????? ???? ?? ??? ???, ??????? ?? ???????? ???? ??? ?? ???? ?? ????? ?? ??????? ???? ?? ??????? ?? ??? ???? ????",,,,,,,,,,,,,,,,,,,,,,,,
t,????? ,???? ,"to see as in a dream (G); what appeared (W);
","????? ?? ?????? ?? ?? ??? ??????? ????? ??? ????? ??? ????? ???, ??????? ??? ?????????? ?? ??????? ?? ??? ???? ?? ?? ????? ?? ?????? ???? ???? ????????? ?? ????????????? ?? ???????? ??? ?????? ?? ?????? ?? ???? ??? ?? ??????? ?? ????? ??? ??????? ????? ?? ???? ?? ?? ??????? ??? ?????",,,,,,,,,,,,,,,,,,,,,,,,
t,??????? ???? ,"??????? ????, ??????? ???? ??",,"?????? ?? ??????? ???? ?? ???? ??, ?? ?? ?? ? ???, ???? ?????? ???? ???? ?? ??????? ???? ?? ???? ??, ?? ?? ?? ???? ? ?? ???, ?? ?? ???? ??????? ???? ????? ???? ?? ????? ?? ??????? ???? ?? ???? ??, ?? ??? ???? ????? ?? ??????? ??? ???? ?? ???? ???????? ????, ?? ?? ?????? ???? ?? ?? ??????",,,,,,,,,,,,,,,,,,,,,,,,
t,????? ,??????? ,crooked (W);,??????? ?? ????? ?? ?? ?????? ???????? ??? ????? ??? ?? ??? ?? ???????? ?? ?????? ?? ??????? ???? ?????? ?? ?????? ???????? ????,,,,,,,,,,,,,,,,,,,,,,,,
t,?????,????????,"one whom he has/is-with (G);
lady (W);","????? ?? ?????? ???? ?? ????? ????? ???? ????? ?? ???? ??? ??? ??????? ?? ?? ?? ??????? ???????? ?? ???? ???? ???? ?? ???? ????? ?? ???? ??? ???? ??? ????? ?? ???, ????? ?? ?????? ??? ???? ??? ???????? ?? ?????, ?????? ?? ?????? ?? ?? ???? ??? ????? ????? ???? ???? ?? ?????",,,,,,,,,,,,,,,,,,,,,,,,
t,?????? ???????,????????? ,,"?????? ??????? ?? ???? ?? ??????? ?? ????? ???? ?? ???? ?????? ????? ?? ???? ???? ??? ??????? ?? ???? ????? ?? ????? ??, ?? ????? ??????? ???",,,,,,,,,,,,,,,,,,,,,,,,
t,????,,"fermented maioc juice, any drink that causes drunkenness (G);
","??????? ?? ??????? ?? (?????? ??????? ???? ??), ????? ???? ??? ?????? ???? ???? ???? ??? ????? ??? ??????? ??? ?? ???? ??????? ??? ???? ?? ????? ???????? ?? ???? ?????? ??? ????? ??? ??? ????? ?? ???? ???? ?? ?????? ?? ??? ?????? ???",,,,,,,,,,,,,,,,,,,,,,,,
t,?????,??????? ,,"??????? ?? ????????? ?? ???? ???? ????? ?? ?????? ?? ????? ?? ????? ?? ?????? ?? ?????? ??? ???? ??????? ????? ??? ??????? ?????? ?? ????? ??? ???? ??? ???? ?? ???? ?????? ?? ??? ????? ???? ???? ??, ??? ??????? ??? ???? ??? ????? ?? ????, ??? ???? ????? ?? ??? ????? ???? ???? ???, ?? ??? ??????? ??? ???? ???",,,,,,,,,,,,,,,,,,,,,,,,
t,????? ,,atmosphere / cosmos; world (R); addina (W from Ar);,"????? ?? ???? ???-??? (1) ????? ?????? ???? ?? ??? ?? ??? ?????? ????? ???? ????
???-??? ????? ?? ???? (2) ?? ??????? ?? ??????? ???? ??? ?? ???????? ?? ??????? ??????? ???? ????",,,,,,,,,,,,,,,,,,,,,,,,
t,?????? ,,"calling on / praying to God; worship (R);
praising God;
giving God honor;
bowing (setting knees on ground or breaking leg joints) before God;
doing work/service for God;
always doing what God wants you to (G);
magnify (W)","?????? ??? ?? ?? ?????? ?? ??????? ????? ?? ?? ?????? ????? (?? ???????/?????????) ?? ?????? ???? ?? ??? ???? ???? ?? ??????, ?? ????? ?? ?????? ?? ?????? ?? ???? ???, ???? ??????? ?????? ??, ??-????? ?? ???? ????, ????????? ?? ????? ?? ?????, ????? ?? ??????? ?? ??????, ????????? ???? ?? ????????? ???????? ?? ???? ???? ?? ??? ??? ?????",,,,,,,,,,,,,,,,,,,,,,,,
t,????? ,,is (transliteration) (R); lewer (W from Fr);,????? ?? ??? ?????? ?? ????? ???????? ????? ????? ??? ???? ???? ??? ?? ??? ???? ?? ???? ??? ?? ???? ???? ??? ??????? ?????? ??? ????? ????? ?? ??? ?? ????? ?? ????? ?? ?????? ???? ??? (????? ?? ???? ???? ?? ?? ??? ?? ???? ?? ???? ????? ?? ??? ??? ??? ?? ??????? ?????? ???),,,,,,,,,,,,,,,,,,,,,,,,
t ,??????? ,??? ????,,"??????? ?? ???? ?? ???? ?? (1) ?? ??? ????? ??? ???? ?? ?? ?? ??????? ???? ?? ?? ?? ????? ???, ?? ???? ?? ??????? ????? ????, (2) ?????? ?? ??????? ????, ?? (3) ?? ???? ??? ?? ???? ????? ????? ??????? ???? ??? ?? ?? ?? ?? ???? ??? ?? ???????? ?? ??? ????? ??????? ?? ???? ???? ??? ?? ??? ??????? ???? ???",,"Key Term Database including back translation contributions from the following languages: Daasanach (D), Wolof (W), Guajajara (G), Kandas (K) and Ramoaaina (R). © 2019 Wycliffe Bible Translators, Inc.",,,,,,,,,,,,,,,,,,,,,,
t 100,???? ,"?????, ????? ??","cause-be/sit (R); 
make (G);
","???? ?? ???? ?? ??? ??? ?????? ???????? ?? ????? ?? ??? ????? ????????? ?? ???? ?? ??? ?? ?? ???? ?? ??????? ???? ???, ?? ???????? ???? ??? ????? ??? ???????? ?? ??? ?? ??? ?????? ?? ?? ?? ?????? ???????",,,,,,,,,,,,,,,,,,,,,,,,
t 107,????,????,"promising a thing with mouths together (promising each other something) (D);
strong promise;
agreement (W); agreement (tying) (R); 
my new words about what I am going to do (G) (Heb 8:8);
binding talk (PNG);
","?????? ?? ?????????? ?? ?????? ?? ??? ?? ????? ?????? ???? ??? ?? ??-????? ?? ??? ???? ?? ???? ???? ???? ???????? ?? ?? ????? ?? ??????? ?? ??? ?????? ??????? ???????? ?? ??????????? ?? ???? ???? ?? ???? ????, ??? ?? ???? ?????? ?? ???? ??????? ???? ?? ?? ??? ?? ???? ???? ?? ??? ?? '??' ???? ????? ?? ?? ???? ??????? ?? ???? ???? ????",,,,,,,,,,,,,,,,,,,,,,,,
,,,,,,,,,,,,,,,,,,,,,,,,,,,,
,,,,,,,,,,,,,,,,,,,,,,,,,,,,
,,,,,,,,,,,,,,,,,,,,,,,,,,,,
,,,,,,,,,,,,,,,,,,,,,,,,,,,,
,,,,,,,,,,,,,,,,,,,,,,,,,,,,
,,,,,,,,,,,,,,,,,,,,,,,,,,,,
,,,,,,,,,,,,,,,,,,,,,,,,,,,,
,,,,,,,,,,,,,,,,,,,,,,,,,,,,
,,,,,,,,,,,,,,,,,,,,,,,,,,,,
,,,,,,,,,,,,,,,,,,,,,,,,,,,,
,,,,,,,,,,,,,,,,,,,,,,,,,,,,
,,,,,,,,,,,,,,,,,,,,,,,,,,,,
,,,,,,,,,,,,,,,,,,,,,,,,,,,,
,,,,,,,,,,,,,,,,,,,,,,,,,,,,
,,,,,,,,,,,,,,,,,,,,,,,,,,,,
,,,,,,,,,,,,,,,,,,,,,,,,,,,,
,,,,,,,,,,,,,,,,,,,,,,,,,,,,
,,,,,,,,,,,,,,,,,,,,,,,,,,,,
,,,,,,,,,,,,,,,,,,,,,,,,,,,,
,,,,,,,,,,,,,,,,,,,,,,,,,,,,
,,,,,,,,,,,,,,,,,,,,,,,,,,,,
,,,,,,,,,,,,,,,,,,,,,,,,,,,,
,,,,,,,,,,,,,,,,,,,,,,,,,,,,
,,,,,,,,,,,,,,,,,,,,,,,,,,,,
,,,,,,,,,,,,,,,,,,,,,,,,,,,,
,,,,,,,,,,,,,,,,,,,,,,,,,,,,
,,,,,,,,,,,,,,,,,,,,,,,,,,,,
,,,,,,,,,,,,,,,,,,,,,,,,,,,,
,,,,,,,,,,,,,,,,,,,,,,,,,,,,
,,,,,,,,,,,,,,,,,,,,,,,,,,,,
,,,,,,,,,,,,,,,,,,,,,,,,,,,,
,,,,,,,,,,,,,,,,,,,,,,,,,,,,
,,,,,,,,,,,,,,,,,,,,,,,,,,,,
,,,,,,,,,,,,,,,,,,,,,,,,,,,,
,,,,,,,,,,,,,,,,,,,,,,,,,,,,
,,,,,,,,,,,,,,,,,,,,,,,,,,,,
,,,,,,,,,,,,,,,,,,,,,,,,,,,,
,,,,,,,,,,,,,,,,,,,,,,,,,,,,
,,,,,,,,,,,,,,,,,,,,,,,,,,,,
,,,,,,,,,,,,,,,,,,,,,,,,,,,,
,,,,,,,,,,,,,,,,,,,,,,,,,,,,
,,,,,,,,,,,,,,,,,,,,,,,,,,,,
,,,,,,,,,,,,,,,,,,,,,,,,,,,,
,,,,,,,,,,,,,,,,,,,,,,,,,,,,
,,,,,,,,,,,,,,,,,,,,,,,,,,,,
,,,,,,,,,,,,,,,,,,,,,,,,,,,,
,,,,,,,,,,,,,,,,,,,,,,,,,,,,
,,,,,,,,,,,,,,,,,,,,,,,,,,,,
,,,,,,,,,,,,,,,,,,,,,,,,,,,,
,,,,,,,,,,,,,,,,,,,,,,,,,,,,
,,,,,,,,,,,,,,,,,,,,,,,,,,,,
,,,,,,,,,,,,,,,,,,,,,,,,,,,,
,,,,,,,,,,,,,,,,,,,,,,,,,,,,
,,,,,,,,,,,,,,,,,,,,,,,,,,,,
,,,,,,,,,,,,,,,,,,,,,,,,,,,,
,,,,,,,,,,,,,,,,,,,,,,,,,,,,
,,,,,,,,,,,,,,,,,,,,,,,,,,,,
,,,,,,,,,,,,,,,,,,,,,,,,,,,,
,,,,,,,,,,,,,,,,,,,,,,,,,,,,
,,,,,,,,,,,,,,,,,,,,,,,,,,,,
,,,,,,,,,,,,,,,,,,,,,,,,,,,,
,,,,,,,,,,,,,,,,,,,,,,,,,,,,
,,,,,,,,,,,,,,,,,,,,,,,,,,,,
,,,,,,,,,,,,,,,,,,,,,,,,,,,,
,,,,,,,,,,,,,,,,,,,,,,,,,,,,
,,,,,,,,,,,,,,,,,,,,,,,,,,,,
,,,,,,,,,,,,,,,,,,,,,,,,,,,,
,,,,,,,,,,,,,,,,,,,,,,,,,,,,
,,,,,,,,,,,,,,,,,,,,,,,,,,,,
,,,,,,,,,,,,,,,,,,,,,,,,,,,,
,,,,,,,,,,,,,,,,,,,,,,,,,,,,
,,,,,,,,,,,,,,,,,,,,,,,,,,,,
,,,,,,,,,,,,,,,,,,,,,,,,,,,,
,,,,,,,,,,,,,,,,,,,,,,,,,,,,
,,,,,,,,,,,,,,,,,,,,,,,,,,,,
,,,,,,,,,,,,,,,,,,,,,,,,,,,,
,,,,,,,,,,,,,,,,,,,,,,,,,,,,
,,,,,,,,,,,,,,,,,,,,,,,,,,,,
,,,,,,,,,,,,,,,,,,,,,,,,,,,,
,,,,,,,,,,,,,,,,,,,,,,,,,,,,
,,,,,,,,,,,,,,,,,,,,,,,,,,,,
,,,,,,,,,,,,,,,,,,,,,,,,,,,,
,,,,,,,,,,,,,,,,,,,,,,,,,,,,
,,,,,,,,,,,,,,,,,,,,,,,,,,,,
,,,,,,,,,,,,,,,,,,,,,,,,,,,,
,,,,,,,,,,,,,,,,,,,,,,,,,,,,
,,,,,,,,,,,,,,,,,,,,,,,,,,,,
,,,,,,,,,,,,,,,,,,,,,,,,,,,,
,,,,,,,,,,,,,,,,,,,,,,,,,,,,
,,,,,,,,,,,,,,,,,,,,,,,,,,,,
,,,,,,,,,,,,,,,,,,,,,,,,,,,,
,,,,,,,,,,,,,,,,,,,,,,,,,,,,
,,,,,,,,,,,,,,,,,,,,,,,,,,,,
,,,,,,,,,,,,,,,,,,,,,,,,,,,,
,,,,,,,,,,,,,,,,,,,,,,,,,,,,
,,,,,,,,,,,,,,,,,,,,,,,,,,,,
,,,,,,,,,,,,,,,,,,,,,,,,,,,,
,,,,,,,,,,,,,,,,,,,,,,,,,,,,
,,,,,,,,,,,,,,,,,,,,,,,,,,,,
,,,,,,,,,,,,,,,,,,,,,,,,,,,,
,,,,,,,,,,,,,,,,,,,,,,,,,,,,
,,,,,,,,,,,,,,,,,,,,,,,,,,,,
,,,,,,,,,,,,,,,,,,,,,,,,,,,,
,,,,,,,,,,,,,,,,,,,,,,,,,,,,
,,,,,,,,,,,,,,,,,,,,,,,,,,,,
,,,,,,,,,,,,,,,,,,,,,,,,,,,,
,,,,,,,,,,,,,,,,,,,,,,,,,,,,
,,,,,,,,,,,,,,,,,,,,,,,,,,,,
,,,,,,,,,,,,,,,,,,,,,,,,,,,,
,,,,,,,,,,,,,,,,,,,,,,,,,,,,
,,,,,,,,,,,,,,,,,,,,,,,,,,,,
,,,,,,,,,,,,,,,,,,,,,,,,,,,,
,,,,,,,,,,,,,,,,,,,,,,,,,,,,
,,,,,,,,,,,,,,,,,,,,,,,,,,,,
,,,,,,,,,,,,,,,,,,,,,,,,,,,,
,,,,,,,,,,,,,,,,,,,,,,,,,,,,
,,,,,,,,,,,,,,,,,,,,,,,,,,,,
,,,,,,,,,,,,,,,,,,,,,,,,,,,,
,,,,,,,,,,,,,,,,,,,,,,,,,,,,
,,,,,,,,,,,,,,,,,,,,,,,,,,,,
,,,,,,,,,,,,,,,,,,,,,,,,,,,,
,,,,,,,,,,,,,,,,,,,,,,,,,,,,
,,,,,,,,,,,,,,,,,,,,,,,,,,,,
,,,,,,,,,,,,,,,,,,,,,,,,,,,,
,,,,,,,,,,,,,,,,,,,,,,,,,,,,
,,,,,,,,,,,,,,,,,,,,,,,,,,,,
,,,,,,,,,,,,,,,,,,,,,,,,,,,,
,,,,,,,,,,,,,,,,,,,,,,,,,,,,
,,,,,,,,,,,,,,,,,,,,,,,,,,,,
,,,,,,,,,,,,,,,,,,,,,,,,,,,,
,,,,,,,,,,,,,,,,,,,,,,,,,,,,
,,,,,,,,,,,,,,,,,,,,,,,,,,,,
,,,,,,,,,,,,,,,,,,,,,,,,,,,,
,,,,,,,,,,,,,,,,,,,,,,,,,,,,
,,,,,,,,,,,,,,,,,,,,,,,,,,,,
,,,,,,,,,,,,,,,,,,,,,,,,,,,,
,,,,,,,,,,,,,,,,,,,,,,,,,,,,
,,,,,,,,,,,,,,,,,,,,,,,,,,,,
,,,,,,,,,,,,,,,,,,,,,,,,,,,,
,,,,,,,,,,,,,,,,,,,,,,,,,,,,
,,,,,,,,,,,,,,,,,,,,,,,,,,,,
,,,,,,,,,,,,,,,,,,,,,,,,,,,,
,,,,,,,,,,,,,,,,,,,,,,,,,,,,
,,,,,,,,,,,,,,,,,,,,,,,,,,,,
,,,,,,,,,,,,,,,,,,,,,,,,,,,,
,,,,,,,,,,,,,,,,,,,,,,,,,,,,
,,,,,,,,,,,,,,,,,,,,,,,,,,,,
,,,,,,,,,,,,,,,,,,,,,,,,,,,,
,,,,,,,,,,,,,,,,,,,,,,,,,,,,
,,,,,,,,,,,,,,,,,,,,,,,,,,,,
,,,,,,,,,,,,,,,,,,,,,,,,,,,,
,,,,,,,,,,,,,,,,,,,,,,,,,,,,
,,,,,,,,,,,,,,,,,,,,,,,,,,,,
,,,,,,,,,,,,,,,,,,,,,,,,,,,,
,,,,,,,,,,,,,,,,,,,,,,,,,,,,
,,,,,,,,,,,,,,,,,,,,,,,,,,,,
,,,,,,,,,,,,,,,,,,,,,,,,,,,,
,,,,,,,,,,,,,,,,,,,,,,,,,,,,
,,,,,,,,,,,,,,,,,,,,,,,,,,,,
,,,,,,,,,,,,,,,,,,,,,,,,,,,,
,,,,,,,,,,,,,,,,,,,,,,,,,,,,
,,,,,,,,,,,,,,,,,,,,,,,,,,,,
,,,,,,,,,,,,,,,,,,,,,,,,,,,,
,,,,,,,,,,,,,,,,,,,,,,,,,,,,
,,,,,,,,,,,,,,,,,,,,,,,,,,,,
,,,,,,,,,,,,,,,,,,,,,,,,,,,,
,,,,,,,,,,,,,,,,,,,,,,,,,,,,
,,,,,,,,,,,,,,,,,,,,,,,,,,,,
,,,,,,,,,,,,,,,,,,,,,,,,,,,,
,,,,,,,,,,,,,,,,,,,,,,,,,,,,
,,,,,,,,,,,,,,,,,,,,,,,,,,,,
,,,,,,,,,,,,,,,,,,,,,,,,,,,,
,,,,,,,,,,,,,,,,,,,,,,,,,,,,
,,,,,,,,,,,,,,,,,,,,,,,,,,,,
,,,,,,,,,,,,,,,,,,,,,,,,,,,,
,,,,,,,,,,,,,,,,,,,,,,,,,,,,
,,,,,,,,,,,,,,,,,,,,,,,,,,,,
,,,,,,,,,,,,,,,,,,,,,,,,,,,,
,,,,,,,,,,,,,,,,,,,,,,,,,,,,
,,,,,,,,,,,,,,,,,,,,,,,,,,,,
,,,,,,,,,,,,,,,,,,,,,,,,,,,,
,,,,,,,,,,,,,,,,,,,,,,,,,,,,
,,,,,,,,,,,,,,,,,,,,,,,,,,,,
,,,,,,,,,,,,,,,,,,,,,,,,,,,,
,,,,,,,,,,,,,,,,,,,,,,,,,,,,
,,,,,,,,,,,,,,,,,,,,,,,,,,,,
,,,,,,,,,,,,,,,,,,,,,,,,,,,,
,,,,,,,,,,,,,,,,,,,,,,,,,,,,
,,,,,,,,,,,,,,,,,,,,,,,,,,,,
,,,,,,,,,,,,,,,,,,,,,,,,,,,,
,,,,,,,,,,,,,,,,,,,,,,,,,,,,
,,,,,,,,,,,,,,,,,,,,,,,,,,,,
,,,,,,,,,,,,,,,,,,,,,,,,,,,,
,,,,,,,,,,,,,,,,,,,,,,,,,,,,
,,,,,,,,,,,,,,,,,,,,,,,,,,,,
,,,,,,,,,,,,,,,,,,,,,,,,,,,,
,,,,,,,,,,,,,,,,,,,,,,,,,,,,
,,,,,,,,,,,,,,,,,,,,,,,,,,,,
,,,,,,,,,,,,,,,,,,,,,,,,,,,,
,,,,,,,,,,,,,,,,,,,,,,,,,,,,
,,,,,,,,,,,,,,,,,,,,,,,,,,,,
,,,,,,,,,,,,,,,,,,,,,,,,,,,,
,,,,,,,,,,,,,,,,,,,,,,,,,,,,
,,,,,,,,,,,,,,,,,,,,,,,,,,,,
,,,,,,,,,,,,,,,,,,,,,,,,,,,,
,,,,,,,,,,,,,,,,,,,,,,,,,,,,
,,,,,,,,,,,,,,,,,,,,,,,,,,,,
,,,,,,,,,,,,,,,,,,,,,,,,,,,,
,,,,,,,,,,,,,,,,,,,,,,,,,,,,
,,,,,,,,,,,,,,,,,,,,,,,,,,,,
,,,,,,,,,,,,,,,,,,,,,,,,,,,,
,,,,,,,,,,,,,,,,,,,,,,,,,,,,
,,,,,,,,,,,,,,,,,,,,,,,,,,,,
,,,,,,,,,,,,,,,,,,,,,,,,,,,,
,,,,,,,,,,,,,,,,,,,,,,,,,,,,
,,,,,,,,,,,,,,,,,,,,,,,,,,,,
,,,,,,,,,,,,,,,,,,,,,,,,,,,,
,,,,,,,,,,,,,,,,,,,,,,,,,,,,
,,,,,,,,,,,,,,,,,,,,,,,,,,,,
,,,,,,,,,,,,,,,,,,,,,,,,,,,,
,,,,,,,,,,,,,,,,,,,,,,,,,,,,
,,,,,,,,,,,,,,,,,,,,,,,,,,,,
,,,,,,,,,,,,,,,,,,,,,,,,,,,,
,,,,,,,,,,,,,,,,,,,,,,,,,,,,
,,,,,,,,,,,,,,,,,,,,,,,,,,,,
,,,,,,,,,,,,,,,,,,,,,,,,,,,,
,,,,,,,,,,,,,,,,,,,,,,,,,,,,
,,,,,,,,,,,,,,,,,,,,,,,,,,,,
,,,,,,,,,,,,,,,,,,,,,,,,,,,,
,,,,,,,,,,,,,,,,,,,,,,,,,,,,
,,,,,,,,,,,,,,,,,,,,,,,,,,,,
,,,,,,,,,,,,,,,,,,,,,,,,,,,,
,,,,,,,,,,,,,,,,,,,,,,,,,,,,
,,,,,,,,,,,,,,,,,,,,,,,,,,,,
,,,,,,,,,,,,,,,,,,,,,,,,,,,,
,,,,,,,,,,,,,,,,,,,,,,,,,,,,
,,,,,,,,,,,,,,,,,,,,,,,,,,,,
,,,,,,,,,,,,,,,,,,,,,,,,,,,,
,,,,,,,,,,,,,,,,,,,,,,,,,,,,
,,,,,,,,,,,,,,,,,,,,,,,,,,,,
,,,,,,,,,,,,,,,,,,,,,,,,,,,,
,,,,,,,,,,,,,,,,,,,,,,,,,,,,
,,,,,,,,,,,,,,,,,,,,,,,,,,,,
,,,,,,,,,,,,,,,,,,,,,,,,,,,,
,,,,,,,,,,,,,,,,,,,,,,,,,,,,
,,,,,,,,,,,,,,,,,,,,,,,,,,,,
,,,,,,,,,,,,,,,,,,,,,,,,,,,,
,,,,,,,,,,,,,,,,,,,,,,,,,,,,
,,,,,,,,,,,,,,,,,,,,,,,,,,,,
,,,,,,,,,,,,,,,,,,,,,,,,,,,,
,,,,,,,,,,,,,,,,,,,,,,,,,,,,
,,,,,,,,,,,,,,,,,,,,,,,,,,,,
,,,,,,,,,,,,,,,,,,,,,,,,,,,,
,,,,,,,,,,,,,,,,,,,,,,,,,,,,
,,,,,,,,,,,,,,,,,,,,,,,,,,,,
,,,,,,,,,,,,,,,,,,,,,,,,,,,,
,,,,,,,,,,,,,,,,,,,,,,,,,,,,
,,,,,,,,,,,,,,,,,,,,,,,,,,,,
,,,,,,,,,,,,,,,,,,,,,,,,,,,,
,,,,,,,,,,,,,,,,,,,,,,,,,,,,
,,,,,,,,,,,,,,,,,,,,,,,,,,,,
,,,,,,,,,,,,,,,,,,,,,,,,,,,,
,,,,,,,,,,,,,,,,,,,,,,,,,,,,
,,,,,,,,,,,,,,,,,,,,,,,,,,,,
,,,,,,,,,,,,,,,,,,,,,,,,,,,,
,,,,,,,,,,,,,,,,,,,,,,,,,,,,
,,,,,,,,,,,,,,,,,,,,,,,,,,,,
,,,,,,,,,,,,,,,,,,,,,,,,,,,,
,,,,,,,,,,,,,,,,,,,,,,,,,,,,
,,,,,,,,,,,,,,,,,,,,,,,,,,,,
,,,,,,,,,,,,,,,,,,,,,,,,,,,,
,,,,,,,,,,,,,,,,,,,,,,,,,,,,
,,,,,,,,,,,,,,,,,,,,,,,,,,,,
,,,,,,,,,,,,,,,,,,,,,,,,,,,,
,,,,,,,,,,,,,,,,,,,,,,,,,,,,
,,,,,,,,,,,,,,,,,,,,,,,,,,,,
,,,,,,,,,,,,,,,,,,,,,,,,,,,,
,,,,,,,,,,,,,,,,,,,,,,,,,,,,
,,,,,,,,,,,,,,,,,,,,,,,,,,,,
,,,,,,,,,,,,,,,,,,,,,,,,,,,,
,,,,,,,,,,,,,,,,,,,,,,,,,,,,
,,,,,,,,,,,,,,,,,,,,,,,,,,,,
,,,,,,,,,,,,,,,,,,,,,,,,,,,,
,,,,,,,,,,,,,,,,,,,,,,,,,,,,
,,,,,,,,,,,,,,,,,,,,,,,,,,,,
,,,,,,,,,,,,,,,,,,,,,,,,,,,,
,,,,,,,,,,,,,,,,,,,,,,,,,,,,
,,,,,,,,,,,,,,,,,,,,,,,,,,,,
,,,,,,,,,,,,,,,,,,,,,,,,,,,,
,,,,,,,,,,,,,,,,,,,,,,,,,,,,
,,,,,,,,,,,,,,,,,,,,,,,,,,,,
,,,,,,,,,,,,,,,,,,,,,,,,,,,,
,,,,,,,,,,,,,,,,,,,,,,,,,,,,
,,,,,,,,,,,,,,,,,,,,,,,,,,,,
,,,,,,,,,,,,,,,,,,,,,,,,,,,,
,,,,,,,,,,,,,,,,,,,,,,,,,,,,
,,,,,,,,,,,,,,,,,,,,,,,,,,,,
,,,,,,,,,,,,,,,,,,,,,,,,,,,,
,,,,,,,,,,,,,,,,,,,,,,,,,,,,
,,,,,,,,,,,,,,,,,,,,,,,,,,,,
,,,,,,,,,,,,,,,,,,,,,,,,,,,,
,,,,,,,,,,,,,,,,,,,,,,,,,,,,
,,,,,,,,,,,,,,,,,,,,,,,,,,,,
,,,,,,,,,,,,,,,,,,,,,,,,,,,,
,,,,,,,,,,,,,,,,,,,,,,,,,,,,
,,,,,,,,,,,,,,,,,,,,,,,,,,,,
,,,,,,,,,,,,,,,,,,,,,,,,,,,,
,,,,,,,,,,,,,,,,,,,,,,,,,,,,
,,,,,,,,,,,,,,,,,,,,,,,,,,,,
,,,,,,,,,,,,,,,,,,,,,,,,,,,,
,,,,,,,,,,,,,,,,,,,,,,,,,,,,
,,,,,,,,,,,,,,,,,,,,,,,,,,,,
,,,,,,,,,,,,,,,,,,,,,,,,,,,,
,,,,,,,,,,,,,,,,,,,,,,,,,,,,
,,,,,,,,,,,,,,,,,,,,,,,,,,,,
,,,,,,,,,,,,,,,,,,,,,,,,,,,,
,,,,,,,,,,,,,,,,,,,,,,,,,,,,
,,,,,,,,,,,,,,,,,,,,,,,,,,,,
,,,,,,,,,,,,,,,,,,,,,,,,,,,,
,,,,,,,,,,,,,,,,,,,,,,,,,,,,
,,,,,,,,,,,,,,,,,,,,,,,,,,,,
,,,,,,,,,,,,,,,,,,,,,,,,,,,,
,,,,,,,,,,,,,,,,,,,,,,,,,,,,
,,,,,,,,,,,,,,,,,,,,,,,,,,,,
,,,,,,,,,,,,,,,,,,,,,,,,,,,,
,,,,,,,,,,,,,,,,,,,,,,,,,,,,
,,,,,,,,,,,,,,,,,,,,,,,,,,,,
,,,,,,,,,,,,,,,,,,,,,,,,,,,,
,,,,,,,,,,,,,,,,,,,,,,,,,,,,
,,,,,,,,,,,,,,,,,,,,,,,,,,,,
,,,,,,,,,,,,,,,,,,,,,,,,,,,,
,,,,,,,,,,,,,,,,,,,,,,,,,,,,
,,,,,,,,,,,,,,,,,,,,,,,,,,,,
,,,,,,,,,,,,,,,,,,,,,,,,,,,,
,,,,,,,,,,,,,,,,,,,,,,,,,,,,
,,,,,,,,,,,,,,,,,,,,,,,,,,,,
,,,,,,,,,,,,,,,,,,,,,,,,,,,,
,,,,,,,,,,,,,,,,,,,,,,,,,,,,
,,,,,,,,,,,,,,,,,,,,,,,,,,,,
,,,,,,,,,,,,,,,,,,,,,,,,,,,,
,,,,,,,,,,,,,,,,,,,,,,,,,,,,
,,,,,,,,,,,,,,,,,,,,,,,,,,,,
,,,,,,,,,,,,,,,,,,,,,,,,,,,,
,,,,,,,,,,,,,,,,,,,,,,,,,,,,
,,,,,,,,,,,,,,,,,,,,,,,,,,,,
,,,,,,,,,,,,,,,,,,,,,,,,,,,,
,,,,,,,,,,,,,,,,,,,,,,,,,,,,
,,,,,,,,,,,,,,,,,,,,,,,,,,,,
,,,,,,,,,,,,,,,,,,,,,,,,,,,,
,,,,,,,,,,,,,,,,,,,,,,,,,,,,
,,,,,,,,,,,,,,,,,,,,,,,,,,,,
,,,,,,,,,,,,,,,,,,,,,,,,,,,,
,,,,,,,,,,,,,,,,,,,,,,,,,,,,
,,,,,,,,,,,,,,,,,,,,,,,,,,,,
,,,,,,,,,,,,,,,,,,,,,,,,,,,,
,,,,,,,,,,,,,,,,,,,,,,,,,,,,
,,,,,,,,,,,,,,,,,,,,,,,,,,,,
,,,,,,,,,,,,,,,,,,,,,,,,,,,,
,,,,,,,,,,,,,,,,,,,,,,,,,,,,
,,,,,,,,,,,,,,,,,,,,,,,,,,,,
,,,,,,,,,,,,,,,,,,,,,,,,,,,,
,,,,,,,,,,,,,,,,,,,,,,,,,,,,
,,,,,,,,,,,,,,,,,,,,,,,,,,,,
,,,,,,,,,,,,,,,,,,,,,,,,,,,,
,,,,,,,,,,,,,,,,,,,,,,,,,,,,
,,,,,,,,,,,,,,,,,,,,,,,,,,,,
,,,,,,,,,,,,,,,,,,,,,,,,,,,,
,,,,,,,,,,,,,,,,,,,,,,,,,,,,
,,,,,,,,,,,,,,,,,,,,,,,,,,,,
,,,,,,,,,,,,,,,,,,,,,,,,,,,,
,,,,,,,,,,,,,,,,,,,,,,,,,,,,
,,,,,,,,,,,,,,,,,,,,,,,,,,,,
,,,,,,,,,,,,,,,,,,,,,,,,,,,,
,,,,,,,,,,,,,,,,,,,,,,,,,,,,
,,,,,,,,,,,,,,,,,,,,,,,,,,,,
,,,,,,,,,,,,,,,,,,,,,,,,,,,,
,,,,,,,,,,,,,,,,,,,,,,,,,,,,
,,,,,,,,,,,,,,,,,,,,,,,,,,,,
,,,,,,,,,,,,,,,,,,,,,,,,,,,,
,,,,,,,,,,,,,,,,,,,,,,,,,,,,
,,,,,,,,,,,,,,,,,,,,,,,,,,,,
,,,,,,,,,,,,,,,,,,,,,,,,,,,,
,,,,,,,,,,,,,,,,,,,,,,,,,,,,
,,,,,,,,,,,,,,,,,,,,,,,,,,,,
,,,,,,,,,,,,,,,,,,,,,,,,,,,,
,,,,,,,,,,,,,,,,,,,,,,,,,,,,
,,,,,,,,,,,,,,,,,,,,,,,,,,,,
,,,,,,,,,,,,,,,,,,,,,,,,,,,,
,,,,,,,,,,,,,,,,,,,,,,,,,,,,
,,,,,,,,,,,,,,,,,,,,,,,,,,,,
,,,,,,,,,,,,,,,,,,,,,,,,,,,,
,,,,,,,,,,,,,,,,,,,,,,,,,,,,
,,,,,,,,,,,,,,,,,,,,,,,,,,,,
,,,,,,,,,,,,,,,,,,,,,,,,,,,,
,,,,,,,,,,,,,,,,,,,,,,,,,,,,
,,,,,,,,,,,,,,,,,,,,,,,,,,,,
,,,,,,,,,,,,,,,,,,,,,,,,,,,,
,,,,,,,,,,,,,,,,,,,,,,,,,,,,
,,,,,,,,,,,,,,,,,,,,,,,,,,,,
,,,,,,,,,,,,,,,,,,,,,,,,,,,,
,,,,,,,,,,,,,,,,,,,,,,,,,,,,
,,,,,,,,,,,,,,,,,,,,,,,,,,,,
,,,,,,,,,,,,,,,,,,,,,,,,,,,,
,,,,,,,,,,,,,,,,,,,,,,,,,,,,
,,,,,,,,,,,,,,,,,,,,,,,,,,,,
,,,,,,,,,,,,,,,,,,,,,,,,,,,,
,,,,,,,,,,,,,,,,,,,,,,,,,,,,
,,,,,,,,,,,,,,,,,,,,,,,,,,,,
,,,,,,,,,,,,,,,,,,,,,,,,,,,,
,,,,,,,,,,,,,,,,,,,,,,,,,,,,
,,,,,,,,,,,,,,,,,,,,,,,,,,,,
,,,,,,,,,,,,,,,,,,,,,,,,,,,,
,,,,,,,,,,,,,,,,,,,,,,,,,,,,
,,,,,,,,,,,,,,,,,,,,,,,,,,,,
,,,,,,,,,,,,,,,,,,,,,,,,,,,,
,,,,,,,,,,,,,,,,,,,,,,,,,,,,
,,,,,,,,,,,,,,,,,,,,,,,,,,,,
,,,,,,,,,,,,,,,,,,,,,,,,,,,,
,,,,,,,,,,,,,,,,,,,,,,,,,,,,
,,,,,,,,,,,,,,,,,,,,,,,,,,,,
,,,,,,,,,,,,,,,,,,,,,,,,,,,,
,,,,,,,,,,,,,,,,,,,,,,,,,,,,
,,,,,,,,,,,,,,,,,,,,,,,,,,,,
,,,,,,,,,,,,,,,,,,,,,,,,,,,,
,,,,,,,,,,,,,,,,,,,,,,,,,,,,
,,,,,,,,,,,,,,,,,,,,,,,,,,,,
,,,,,,,,,,,,,,,,,,,,,,,,,,,,
,,,,,,,,,,,,,,,,,,,,,,,,,,,,
,,,,,,,,,,,,,,,,,,,,,,,,,,,,
,,,,,,,,,,,,,,,,,,,,,,,,,,,,
,,,,,,,,,,,,,,,,,,,,,,,,,,,,
,,,,,,,,,,,,,,,,,,,,,,,,,,,,
,,,,,,,,,,,,,,,,,,,,,,,,,,,,
,,,,,,,,,,,,,,,,,,,,,,,,,,,,
,,,,,,,,,,,,,,,,,,,,,,,,,,,,
,,,,,,,,,,,,,,,,,,,,,,,,,,,,
,,,,,,,,,,,,,,,,,,,,,,,,,,,,
,,,,,,,,,,,,,,,,,,,,,,,,,,,,
,,,,,,,,,,,,,,,,,,,,,,,,,,,,
,,,,,,,,,,,,,,,,,,,,,,,,,,,,
,,,,,,,,,,,,,,,,,,,,,,,,,,,,
,,,,,,,,,,,,,,,,,,,,,,,,,,,,
,,,,,,,,,,,,,,,,,,,,,,,,,,,,
,,,,,,,,,,,,,,,,,,,,,,,,,,,,
,,,,,,,,,,,,,,,,,,,,,,,,,,,,
,,,,,,,,,,,,,,,,,,,,,,,,,,,,
,,,,,,,,,,,,,,,,,,,,,,,,,,,,
,,,,,,,,,,,,,,,,,,,,,,,,,,,,
,,,,,,,,,,,,,,,,,,,,,,,,,,,,
,,,,,,,,,,,,,,,,,,,,,,,,,,,,
,,,,,,,,,,,,,,,,,,,,,,,,,,,,
,,,,,,,,,,,,,,,,,,,,,,,,,,,,
,,,,,,,,,,,,,,,,,,,,,,,,,,,,
,,,,,,,,,,,,,,,,,,,,,,,,,,,,
,,,,,,,,,,,,,,,,,,,,,,,,,,,,
,,,,,,,,,,,,,,,,,,,,,,,,,,,,
,,,,,,,,,,,,,,,,,,,,,,,,,,,,
,,,,,,,,,,,,,,,,,,,,,,,,,,,,
,,,,,,,,,,,,,,,,,,,,,,,,,,,,
,,,,,,,,,,,,,,,,,,,,,,,,,,,,
,,,,,,,,,,,,,,,,,,,,,,,,,,,,
,,,,,,,,,,,,,,,,,,,,,,,,,,,,
,,,,,,,,,,,,,,,,,,,,,,,,,,,,
,,,,,,,,,,,,,,,,,,,,,,,,,,,,
,,,,,,,,,,,,,,,,,,,,,,,,,,,,
,,,,,,,,,,,,,,,,,,,,,,,,,,,,
,,,,,,,,,,,,,,,,,,,,,,,,,,,,
,,,,,,,,,,,,,,,,,,,,,,,,,,,,
,,,,,,,,,,,,,,,,,,,,,,,,,,,,
,,,,,,,,,,,,,,,,,,,,,,,,,,,,
,,,,,,,,,,,,,,,,,,,,,,,,,,,,
,,,,,,,,,,,,,,,,,,,,,,,,,,,,
,,,,,,,,,,,,,,,,,,,,,,,,,,,,
,,,,,,,,,,,,,,,,,,,,,,,,,,,,
,,,,,,,,,,,,,,,,,,,,,,,,,,,,
,,,,,,,,,,,,,,,,,,,,,,,,,,,,
,,,,,,,,,,,,,,,,,,,,,,,,,,,,
,,,,,,,,,,,,,,,,,,,,,,,,,,,,
,,,,,,,,,,,,,,,,,,,,,,,,,,,,
,,,,,,,,,,,,,,,,,,,,,,,,,,,,
,,,,,,,,,,,,,,,,,,,,,,,,,,,,
,,,,,,,,,,,,,,,,,,,,,,,,,,,,
,,,,,,,,,,,,,,,,,,,,,,,,,,,,
,,,,,,,,,,,,,,,,,,,,,,,,,,,,
,,,,,,,,,,,,,,,,,,,,,,,,,,,,
,,,,,,,,,,,,,,,,,,,,,,,,,,,,
,,,,,,,,,,,,,,,,,,,,,,,,,,,,
,,,,,,,,,,,,,,,,,,,,,,,,,,,,
,,,,,,,,,,,,,,,,,,,,,,,,,,,,
,,,,,,,,,,,,,,,,,,,,,,,,,,,,
,,,,,,,,,,,,,,,,,,,,,,,,,,,,
,,,,,,,,,,,,,,,,,,,,,,,,,,,,
,,,,,,,,,,,,,,,,,,,,,,,,,,,,
,,,,,,,,,,,,,,,,,,,,,,,,,,,,
,,,,,,,,,,,,,,,,,,,,,,,,,,,,
,,,,,,,,,,,,,,,,,,,,,,,,,,,,
,,,,,,,,,,,,,,,,,,,,,,,,,,,,
,,,,,,,,,,,,,,,,,,,,,,,,,,,,
,,,,,,,,,,,,,,,,,,,,,,,,,,,,
,,,,,,,,,,,,,,,,,,,,,,,,,,,,
,,,,,,,,,,,,,,,,,,,,,,,,,,,,
,,,,,,,,,,,,,,,,,,,,,,,,,,,,
,,,,,,,,,,,,,,,,,,,,,,,,,,,,
,,,,,,,,,,,,,,,,,,,,,,,,,,,,
,,,,,,,,,,,,,,,,,,,,,,,,,,,,
,,,,,,,,,,,,,,,,,,,,,,,,,,,,
,,,,,,,,,,,,,,,,,,,,,,,,,,,,
,,,,,,,,,,,,,,,,,,,,,,,,,,,,
,,,,,,,,,,,,,,,,,,,,,,,,,,,,
,,,,,,,,,,,,,,,,,,,,,,,,,,,,
,,,,,,,,,,,,,,,,,,,,,,,,,,,,
,,,,,,,,,,,,,,,,,,,,,,,,,,,,
,,,,,,,,,,,,,,,,,,,,,,,,,,,,
,,,,,,,,,,,,,,,,,,,,,,,,,,,,
,,,,,,,,,,,,,,,,,,,,,,,,,,,,
,,,,,,,,,,,,,,,,,,,,,,,,,,,,
,,,,,,,,,,,,,,,,,,,,,,,,,,,,
,,,,,,,,,,,,,,,,,,,,,,,,,,,,
,,,,,,,,,,,,,,,,,,,,,,,,,,,,
,,,,,,,,,,,,,,,,,,,,,,,,,,,,
,,,,,,,,,,,,,,,,,,,,,,,,,,,,
,,,,,,,,,,,,,,,,,,,,,,,,,,,,
,,,,,,,,,,,,,,,,,,,,,,,,,,,,
,,,,,,,,,,,,,,,,,,,,,,,,,,,,
,,,,,,,,,,,,,,,,,,,,,,,,,,,,
,,,,,,,,,,,,,,,,,,,,,,,,,,,,
,,,,,,,,,,,,,,,,,,,,,,,,,,,,
,,,,,,,,,,,,,,,,,,,,,,,,,,,,
,,,,,,,,,,,,,,,,,,,,,,,,,,,,
,,,,,,,,,,,,,,,,,,,,,,,,,,,,
,,,,,,,,,,,,,,,,,,,,,,,,,,,,
,,,,,,,,,,,,,,,,,,,,,,,,,,,,
,,,,,,,,,,,,,,,,,,,,,,,,,,,,
,,,,,,,,,,,,,,,,,,,,,,,,,,,,
,,,,,,,,,,,,,,,,,,,,,,,,,,,,
,,,,,,,,,,,,,,,,,,,,,,,,,,,,
,,,,,,,,,,,,,,,,,,,,,,,,,,,,
,,,,,,,,,,,,,,,,,,,,,,,,,,,,
,,,,,,,,,,,,,,,,,,,,,,,,,,,,
,,,,,,,,,,,,,,,,,,,,,,,,,,,,
,,,,,,,,,,,,,,,,,,,,,,,,,,,,
,,,,,,,,,,,,,,,,,,,,,,,,,,,,
,,,,,,,,,,,,,,,,,,,,,,,,,,,,
,,,,,,,,,,,,,,,,,,,,,,,,,,,,
,,,,,,,,,,,,,,,,,,,,,,,,,,,,
,,,,,,,,,,,,,,,,,,,,,,,,,,,,
,,,,,,,,,,,,,,,,,,,,,,,,,,,,
,,,,,,,,,,,,,,,,,,,,,,,,,,,,
,,,,,,,,,,,,,,,,,,,,,,,,,,,,
,,,,,,,,,,,,,,,,,,,,,,,,,,,,
,,,,,,,,,,,,,,,,,,,,,,,,,,,,
,,,,,,,,,,,,,,,,,,,,,,,,,,,,
,,,,,,,,,,,,,,,,,,,,,,,,,,,,
,,,,,,,,,,,,,,,,,,,,,,,,,,,,
,,,,,,,,,,,,,,,,,,,,,,,,,,,,
,,,,,,,,,,,,,,,,,,,,,,,,,,,,
,,,,,,,,,,,,,,,,,,,,,,,,,,,,
,,,,,,,,,,,,,,,,,,,,,,,,,,,,
,,,,,,,,,,,,,,,,,,,,,,,,,,,,
,,,,,,,,,,,,,,,,,,,,,,,,,,,,
,,,,,,,,,,,,,,,,,,,,,,,,,,,,
,,,,,,,,,,,,,,,,,,,,,,,,,,,,
,,,,,,,,,,,,,,,,,,,,,,,,,,,,
,,,,,,,,,,,,,,,,,,,,,,,,,,,,
,,,,,,,,,,,,,,,,,,,,,,,,,,,,
,,,,,,,,,,,,,,,,,,,,,,,,,,,,
,,,,,,,,,,,,,,,,,,,,,,,,,,,,
,,,,,,,,,,,,,,,,,,,,,,,,,,,,
,,,,,,,,,,,,,,,,,,,,,,,,,,,,
,,,,,,,,,,,,,,,,,,,,,,,,,,,,
,,,,,,,,,,,,,,,,,,,,,,,,,,,,
,,,,,,,,,,,,,,,,,,,,,,,,,,,,
,,,,,,,,,,,,,,,,,,,,,,,,,,,,
,,,,,,,,,,,,,,,,,,,,,,,,,,,,
,,,,,,,,,,,,,,,,,,,,,,,,,,,,
,,,,,,,,,,,,,,,,,,,,,,,,,,,,
,,,,,,,,,,,,,,,,,,,,,,,,,,,,
,,,,,,,,,,,,,,,,,,,,,,,,,,,,
,,,,,,,,,,,,,,,,,,,,,,,,,,,,
,,,,,,,,,,,,,,,,,,,,,,,,,,,,
,,,,,,,,,,,,,,,,,,,,,,,,,,,,
,,,,,,,,,,,,,,,,,,,,,,,,,,,,
,,,,,,,,,,,,,,,,,,,,,,,,,,,,
,,,,,,,,,,,,,,,,,,,,,,,,,,,,
,,,,,,,,,,,,,,,,,,,,,,,,,,,,
,,,,,,,,,,,,,,,,,,,,,,,,,,,,
,,,,,,,,,,,,,,,,,,,,,,,,,,,,
,,,,,,,,,,,,,,,,,,,,,,,,,,,,
,,,,,,,,,,,,,,,,,,,,,,,,,,,,
,,,,,,,,,,,,,,,,,,,,,,,,,,,,
,,,,,,,,,,,,,,,,,,,,,,,,,,,,
,,,,,,,,,,,,,,,,,,,,,,,,,,,,
,,,,,,,,,,,,,,,,,,,,,,,,,,,,
,,,,,,,,,,,,,,,,,,,,,,,,,,,,
,,,,,,,,,,,,,,,,,,,,,,,,,,,,
,,,,,,,,,,,,,,,,,,,,,,,,,,,,
,,,,,,,,,,,,,,,,,,,,,,,,,,,,
,,,,,,,,,,,,,,,,,,,,,,,,,,,,
,,,,,,,,,,,,,,,,,,,,,,,,,,,,
,,,,,,,,,,,,,,,,,,,,,,,,,,,,
,,,,,,,,,,,,,,,,,,,,,,,,,,,,
,,,,,,,,,,,,,,,,,,,,,,,,,,,,
,,,,,,,,,,,,,,,,,,,,,,,,,,,,
,,,,,,,,,,,,,,,,,,,,,,,,,,,,
,,,,,,,,,,,,,,,,,,,,,,,,,,,,
,,,,,,,,,,,,,,,,,,,,,,,,,,,,
,,,,,,,,,,,,,,,,,,,,,,,,,,,,
,,,,,,,,,,,,,,,,,,,,,,,,,,,,
,,,,,,,,,,,,,,,,,,,,,,,,,,,,
,,,,,,,,,,,,,,,,,,,,,,,,,,,,
,,,,,,,,,,,,,,,,,,,,,,,,,,,,
,,,,,,,,,,,,,,,,,,,,,,,,,,,,
,,,,,,,,,,,,,,,,,,,,,,,,,,,,
,,,,,,,,,,,,,,,,,,,,,,,,,,,,
,,,,,,,,,,,,,,,,,,,,,,,,,,,,
,,,,,,,,,,,,,,,,,,,,,,,,,,,,
,,,,,,,,,,,,,,,,,,,,,,,,,,,,
,,,,,,,,,,,,,,,,,,,,,,,,,,,,
,,,,,,,,,,,,,,,,,,,,,,,,,,,,
,,,,,,,,,,,,,,,,,,,,,,,,,,,,
,,,,,,,,,,,,,,,,,,,,,,,,,,,,
,,,,,,,,,,,,,,,,,,,,,,,,,,,,
,,,,,,,,,,,,,,,,,,,,,,,,,,,,
,,,,,,,,,,,,,,,,,,,,,,,,,,,,
,,,,,,,,,,,,,,,,,,,,,,,,,,,,
,,,,,,,,,,,,,,,,,,,,,,,,,,,,
,,,,,,,,,,,,,,,,,,,,,,,,,,,,
,,,,,,,,,,,,,,,,,,,,,,,,,,,,
,,,,,,,,,,,,,,,,,,,,,,,,,,,,
,,,,,,,,,,,,,,,,,,,,,,,,,,,,
,,,,,,,,,,,,,,,,,,,,,,,,,,,,
,,,,,,,,,,,,,,,,,,,,,,,,,,,,
,,,,,,,,,,,,,,,,,,,,,,,,,,,,
,,,,,,,,,,,,,,,,,,,,,,,,,,,,
,,,,,,,,,,,,,,,,,,,,,,,,,,,,
,,,,,,,,,,,,,,,,,,,,,,,,,,,,
,,,,,,,,,,,,,,,,,,,,,,,,,,,,
,,,,,,,,,,,,,,,,,,,,,,,,,,,,
,,,,,,,,,,,,,,,,,,,,,,,,,,,,
,,,,,,,,,,,,,,,,,,,,,,,,,,,,
,,,,,,,,,,,,,,,,,,,,,,,,,,,,
,,,,,,,,,,,,,,,,,,,,,,,,,,,,
,,,,,,,,,,,,,,,,,,,,,,,,,,,,
,,,,,,,,,,,,,,,,,,,,,,,,,,,,
,,,,,,,,,,,,,,,,,,,,,,,,,,,,
,,,,,,,,,,,,,,,,,,,,,,,,,,,,
,,,,,,,,,,,,,,,,,,,,,,,,,,,,
,,,,,,,,,,,,,,,,,,,,,,,,,,,,
,,,,,,,,,,,,,,,,,,,,,,,,,,,,
,,,,,,,,,,,,,,,,,,,,,,,,,,,,
,,,,,,,,,,,,,,,,,,,,,,,,,,,,
,,,,,,,,,,,,,,,,,,,,,,,,,,,,
,,,,,,,,,,,,,,,,,,,,,,,,,,,,
,,,,,,,,,,,,,,,,,,,,,,,,,,,,
,,,,,,,,,,,,,,,,,,,,,,,,,,,,
,,,,,,,,,,,,,,,,,,,,,,,,,,,,
,,,,,,,,,,,,,,,,,,,,,,,,,,,,
,,,,,,,,,,,,,,,,,,,,,,,,,,,,
,,,,,,,,,,,,,,,,,,,,,,,,,,,,
,,,,,,,,,,,,,,,,,,,,,,,,,,,,
,,,,,,,,,,,,,,,,,,,,,,,,,,,,
,,,,,,,,,,,,,,,,,,,,,,,,,,,,
,,,,,,,,,,,,,,,,,,,,,,,,,,,,
,,,,,,,,,,,,,,,,,,,,,,,,,,,,
,,,,,,,,,,,,,,,,,,,,,,,,,,,,
,,,,,,,,,,,,,,,,,,,,,,,,,,,,
,,,,,,,,,,,,,,,,,,,,,,,,,,,,
,,,,,,,,,,,,,,,,,,,,,,,,,,,,
,,,,,,,,,,,,,,,,,,,,,,,,,,,,
,,,,,,,,,,,,,,,,,,,,,,,,,,,,
,,,,,,,,,,,,,,,,,,,,,,,,,,,,
,,,,,,,,,,,,,,,,,,,,,,,,,,,,
,,,,,,,,,,,,,,,,,,,,,,,,,,,,
,,,,,,,,,,,,,,,,,,,,,,,,,,,,
,,,,,,,,,,,,,,,,,,,,,,,,,,,,
,,,,,,,,,,,,,,,,,,,,,,,,,,,,
,,,,,,,,,,,,,,,,,,,,,,,,,,,,
,,,,,,,,,,,,,,,,,,,,,,,,,,,,
,,,,,,,,,,,,,,,,,,,,,,,,,,,,
,,,,,,,,,,,,,,,,,,,,,,,,,,,,
,,,,,,,,,,,,,,,,,,,,,,,,,,,,
,,,,,,,,,,,,,,,,,,,,,,,,,,,,
,,,,,,,,,,,,,,,,,,,,,,,,,,,,
,,,,,,,,,,,,,,,,,,,,,,,,,,,,
,,,,,,,,,,,,,,,,,,,,,,,,,,,,
,,,,,,,,,,,,,,,,,,,,,,,,,,,,
,,,,,,,,,,,,,,,,,,,,,,,,,,,,
,,,,,,,,,,,,,,,,,,,,,,,,,,,,
,,,,,,,,,,,,,,,,,,,,,,,,,,,,
,,,,,,,,,,,,,,,,,,,,,,,,,,,,
,,,,,,,,,,,,,,,,,,,,,,,,,,,,
,,,,,,,,,,,,,,,,,,,,,,,,,,,,
,,,,,,,,,,,,,,,,,,,,,,,,,,,,
,,,,,,,,,,,,,,,,,,,,,,,,,,,,
