,term,Alternate forms and synonyms.,Other language examples (back translations),Meaning notes. Definitions.,Related (but different) terms,other consultant suggestions / comments / entries,Galen's rationale,Galen's notes/drafts,,,,,,,,,,,,,,,,,,,,,,,
n 117,Aaron ,,,"1500 years before Jesus, Moses' older brother Aaron helped him lead the Israelites out of Egypt. God later appointed Aaron to be the first high or chief priest in Israel. ",,,"Since these are brief definitions of key terms to help with translation, they do not have to be enclopedic in scope, nor to provide bible verses. (My sentences in parentheses remain optional.)",,,,,,,,,,,,,,,,,,,,,,,,
n 102,Abel,,Abel (W),"Around 4000 years before Jesus, Adam's and Eve's first two sons were named Cain and Abel. Cain did not honour God, but Abel did. After God reproved Cain, Cain grew angry and killed his brother Abel.",,,In violation of my previous rationale.,,,,,,,,,,,,,,,,,,,,,,,,
t,Abimelech,king,,The Philistines called their kings Abimelech.,"Caesar, Pharaoh, king",,,,,,,,,,,,,,,,,,,,,,,,,,
n 117,Abraham ,,Ibraayma (W),"Abraham lived around 2000 years before Jesus. Because he believed God's promises, God declared him to be righteous. He also changed his name from Abram, which means Exalted Father, to Abraham, which means Father of many nations. Although his wife Sarai had no children, God promised that he would become an ancestor of many tribes and nations. And so he became the ancestor of all the Israelites and of other nations.",Abram,,GC 07-Feb-19,rev by JB 4/24,,,,,,,,,,,,,,,,,,,,,,,
n,Abram,,Ibraam (W),Abram was the man whom God later called Abraham when he made a covenant with him. Abram's wife was called Sarai whom God later renamed Sarah. (The name Abram means High or Exalted Father.),Abraham,,GC 07-Feb-19,,,,,,,,,,,,,,,,,,,,,,,,
n,Absalom,,,"Absalom was the third son of King David. His mother was Maacah. He was his father's favourite son. His name means Father of peace. But he was not a peaceful man; he killed David's first son, Amnon, and later rebelled against David and overthrew him to become king. Absalom died when he and some men fought against David's soldiers.
",,,GC 07-Feb-19,rev by JB 4/24,,,,,,,,,,,,,,,,,,,,,,,
n,Achaia,,,Achaia was a Roman province in the southern part of Greece. The cities of Athens and Corinth were in it.,,,,"GC 7/7/2019, rev by JB 4/24",,,,,,,,,,,,,,,,,,,,,,,
n,Achan,,,"Achan was an Israelite man who stole gold, silver and clothes that belonged to the Lord. When the Lord identified him as the sinner, the Lord told Joshua and the Israelites to kill Achan and his whole family by throwing stones at them.  This was for the purpose of making the other people fear doing bad things lest they also suffer similar consequences.",,,GC 07-Feb-19,,,,,,,,,,,,,,,,,,,,,,,,
n,Adam,,Aadama (W),"Adam lived about 4000 years before Jesus. Adam was the first human being whom God created. Because Adam and his wife Eve disobeyed God, all human beings must die. The Bible calls Jesus the Second Adam, because Jesus gives eternal life to human beings. ",Eve,,"The concept of transmitted sin remains pure theology, whereas Scripture relates Adam to human death, even for those who have not sinned in the same way as did Adam.",,,,,,,,,,,,,,,,,,,,,,,,
n,Adonijah,,,"Adonijah was one of King David's younger sons. When David was old, Adonijah tried to become king, but David declared that Solomon must become king. (The name Adonijah means My Lord is the LORD.)",,,GC 07-Feb-19,,,,,,,,,,,,,,,,,,,,,,,,
n,Adoni-Zedek,,,Adoni-Zedek was a Canaanite king of Jerusalem whom Joshua and the Israelites captured and put to death following a long battle.,,,,GC 7/7/2019,,,,,,,,,,,,,,,,,,,,,,,
t,agreement,agreements,"binding talk;
promise how to act;
his words were not different from (were the same as) the other’s words (G); ","When two persons or countries promise to help each other, they speak or write an agreement that tells what they will do.","covenant, promise",binding talk; promise how to act,GC 08-Feb-2019,,,,,,,,,,,,,,,,,,,,,,,,
n,Agrippa,,,"Agrippa, grandson of King Herod, was the last man to be called ""King of Judea"". He ruled between the years 41 and 44 under Roman authority. He once came to hear Paul at Caesarea.",,,,GC 7/7/2019,,,,,,,,,,,,,,,,,,,,,,,
n,Ahijah,,,"Several men were named Ahijah. One was a prophet in northern Israel, another a king, and another a priest at Jerusalem. (The name Ahijah means Brother of the Lord.)",,,GC 19-Feb-2019,,,,,,,,,,,,,,,,,,,,,,,,
n,Ai,,,Ai was a Canaanite city full of people that worshipped pagan gods. God revealed a plan to Joshua that helped the Israelite army to capture Ai and destroy it as a sacrifice to God.,,,GC 07-Feb-19,,,,,,,,,,,,,,,,,,,,,,,,
t,alabaster ,,which was made of stone (R),Alabaster is a soft kind or rock from which folk can carve bottles and jars. ,,,"Some call this 'soap stone.' In careful English, rock = material, and stone = clump of rock.",,,,,,,,,,,,,,,,,,,,,,,,
t,alliance,"alliances, ally, allies, allied","to become the friend of (G);
fight on the same side
","When two countries or armies agree to go to war against an enemy, they are in an alliance.",,fight on the same side,GC 08-Feb-2019,,,,,,,,,,,,,,,,,,,,,,,,
t,aloes ,aloe,"perfume (W);
one thing which smells good which is called aalo (R)","Aloe plants have sap, which is used to make skin cream or medicine.
Aloes is a sweet-smelling sap from wood, used to make perfume.",,"Aloe plants have sap, which is used to make skin cream or medicine.",Usage will be evident in each context.,,,,,,,,,,,,,,,,,,,,,,,,
t,Alpha,,"first; beginning (P);
Alpa (K)","Alpha is the first letter of the Greek alphabet. It looks like ""A"". The Book of Revelation calls Jesus The Alpha, because he is the God who created (who first began) everything good.",Omega,,,,,,,,,,,,,,,,,,,,,,,,,,
t,altar,altars,"sacrifice table/platform;
slicing place;
place for offering (something);
platform of cooking gift/offering (R); 
where sacrifices are made (P, W);","An altar is a table or rough platform made of (stacked) stones or of metal, upon which folk offer sacrifices to God. God ordered Israel to make an altar in their worship tent and, later, in their temple at Jerusalem.","sacrifice,
worship
",,"Refer to encyclopedias for the history of altars, to anthropology for the pagan use of altars, and to church tradition for ecclesial use of altars. Believers have an altar in heaven: Jesus.",,,,,,,,,,,,,,,,,,,,,,,,
t,amen,,"amin; may it be (P, W);
it is true!;
aamen (R)","Amen is an Hebrew word that means yes, it is true, I believe it, or so be it",,,Good as is.,,,,,,,,,,,,,,,,,,,,,,,,
n,Ammon,"Ammonites, Ammonite",,Ammon was a son of Abraham's nephew Lot. Ammon was born when Lot's daughter got him drunk and slept with him.  Ammon's descendants became the Ammonites who were sometimes enemies of Israel.  They worshipped idols.,,,GC 07-Feb-19,,,,,,,,,,,,,,,,,,,,,,,,
n,Amnon,,,"Amnon was King David's first son. After Amnon raped David's daughter Tamar, her brother Absalom killed Amnon. (The name Amnon means Faithful.)",,,GC 08-Mar-2019,,,,,,,,,,,,,,,,,,,,,,,,
n,Ananias,,,Three men were named Ananias in the New Testament: (1) a man in the early church in Jerusalem who died when he lied to God; (2) a Christian in Damascus who baptized Saul; (3) and a high priest in Jerusalem who opposed Jesus' apostles. (The name Ananaias means the Lord Answers.),,,GC 19-Feb-2019,,,,,,,,,,,,,,,,,,,,,,,,
n,Andrew,,,Andrew was a brother of Peter. They both became part of Jesus' 12 apostles. (The name Andrew means manly.),,,GC 08-Feb-2019,,,,,,,,,,,,,,,,,,,,,,,,
t,angel,angels,"spirit messenger obedient to God (whom God sent);
leg/messenger person from God/above/heaven;
one from God's living place (G);
ensel (K); God's helper (P); malaka (W from arabic)","Angel is a Greek word that means messenger. An angel is a spirit being who serves God. When God sends a spirit with a message for humans, it can appear to be a human being and speak a human language. Evil spirits sometimes appear as angels.  When people die, they do not become an angel.","demon,
prophet",arabic ref.,"Angels remain not a kind of creature, but a job description.
JB/CB disagree, thinking of them as spirit beings created by God. ",rev by JB 4/24,,,,,,,,,,,,,,,,,,,,,,,
t,anoint,"anoints, anointed","to pour olive oil on one to make him king, chief, true chief (G);
",To anoint means to appoint or choose or designate someone publically by pouring oil on them.,,,,,,,,,,,,,,,,,,,,,,,,,,,
n,Apollos,,,"Apollos was a Jew from Alexandria, Egypt. As a man who spoke eloquently, he was competent in understanding the meaning of the Hebrew Scriptures, so was able to teach Chirstians in Greek-speaking cities.",,,,GC 7/7/2019,,,,,,,,,,,,,,,,,,,,,,,
t,apostle,apostles,"sent one/person;
one that Christ sends (G);
runner (W);
person for sending from a place (person sent on a mission) (D);
Christian leader chosen by God;
first Christian leaders; 
aapostolo (R)","Apostle is a Greek word that means 'sent with authority''. God sent Jesus into the world as his Apostle. Jesus chose 12 apostles whom he sent to tell others about him. Churches also sent men and women, called apostles, to start new churches.","angel,
disciple,
prophet",,"Here is not the place to argue for or against Mattias, nor whether Paul be the real 12th apostle. Interestingly, in Acts 13, it was elders who sent apostles, and in 14 apostles who appointed elders. So it would seem problematic to argue for either kind of worker to have more authority than another. ",,,,,,,,,,,,,,,,,,,,,,,,
n,Aquila,,,"Aquila was husband of Priscilla. They were Jews from Rome who helped Paul to plant churches in Greece and in Syria. (The name Aquila means ""eagle"".)",Priscilla,,,GC 7/7/2019,,,,,,,,,,,,,,,,,,,,,,,
t,Areopagus ,,"place of meeting which is called Areoopagus (K);
meeting place called Areopugas (P);","Areopagus is the name of a hill in Athens, Greece. Teachers and city leaders used to meet on that hill. Their meeting was also called Areopagus.",,,,,,,,,,,,,,,,,,,,,,,,,,,
t,ark of the Covenant,"Covenant Box, Covenant Chest, Testimony Box","box of agreement (W);
box of agreement (tying) (R);
box for covenant/promise;
covenant box; 
sacred chest; the box in which the first writing of the power was kept (P);","The Ark of the Covenant represented the presence of God for the people of Israel. It was a wooden box or chest covered with gold. The figures of two angels were on the top of it. Inside it were the stone tablets upon which God wrote his Ten Commandments when he made a covenant or agreement with Israel. This chest was kept in the Tabernacle, and later in the Temple, in the inner-most room known as the Holy of Holies.",,"I would rather not use present tense, as then people would assume that the box is to be seen somewhere. If the article proves to be true, maybe then ok. But as Jesus made a new covenant with us, arc of the Covenant should not be emphasized.  (Hilkka)","Just today, a news article appeared, reporting that the Ark of the Covenant may actually reside in the Church of Saint Mary at Axum, Ethiopia. Since the ark was never reported to have been destroyed, we can speak of it in the present tense.",,,,,,,,,,,,,,,,,,,,,,,,
n,Artaxerxes,,,Artaxerxes was the 6th king of the Persian Empire 465-424 BC. He was grandson of Darius and son of Xerxes. (The name Artaxerxes means He rules with truth.),,,GC 08-Mar-2019,,,,,,,,,,,,,,,,,,,,,,,,
n,Artemis,,,"Artemis, also called Diana, is the name of an Greek and Roman goddess whose idol many people worshipped in a province called Asia.",Diana,,,,,,,,,,,,,,,,,,,,,,,,,,
n,Asaph,Asaf,,There were three men named Asaph in the Bible: One was Berachiah’s son whom King David chose to lead worship. This Asaph authored Psalms 50 and 73-83. His name means “gather”.,,,,,,,,,,,,,,,,,,,,,,,,,,,
n,Asenath,,,"Two women were named Asenath. One was Joseph's Egyptian wife, and the other was Jacob's daughter Dina's daughter.",,,GC 23-Feb-2019,,,,,,,,,,,,,,,,,,,,,,,,
n,Ashtoreth,,,"Ashtoreth was a carved idol used to worship a goddess (female god/deity) named Astart in pagan countries. Some Israelites sinned against the Lord by making Ashtoreth idols, which they often set along side idols of a god (male deity) named Ba'al. ",,,GC 19-Feb-2019,,,,,,,,,,,,,,,,,,,,,,,,
t,assembly,"gathering, assemblies, assembling","gathering together of (G);
","Wherever Christians come together to honor Jesus and show love one to another, they form a temporary gathering or a permanent assembly.","saints, church",,GC 15-Feb-2019,,,,,,,,,,,,,,,,,,,,,,,,
n,Assyria,"Assyrian, Assyrians",,Assyria was a powerful nation that invaded northern Israel in the year 738 before Christ. Assyrian soldiers treated their enemies cruelly.,,,GC 07-Feb-19,,,,,,,,,,,,,,,,,,,,,,,,
n,Athaliah,,,"Athalia was an evil queen who tried to kill Joash and stop him from being king.  She was daughter or grand-daughter of King Omri. She married king Jehoram of Judah. After he died, she tried to murder all of his sons.",,,GC 07-Feb-19,,,,,,,,,,,,,,,,,,,,,,,,
n,Athens,Athenians,,Athens was the largest city of ancient Greece. Athenians are people who live in or are from Athens.  The city was a place known for higher education and idol worship. The apostle Paul visited there on one of his missionary journeys (Acts 17),,,,GC 7/7/2019,,,,,,,,,,,,,,,,,,,,,,,
n,Baal ,"baals, Ba'al",,"Baal is the name of an evil god at whose idol many nations used to worship. God sometimes had to punish the Israelites, after they would forsake him to worship Baal.","Ba'al, Beelzebul",,"Ba'al is very well known in cuneiform texts, a kind of international deity with many local idols.",,,,,,,,,,,,,,,,,,,,,,,,
n,Babylon ,"Babylonian, Babylonians, Babylon's",,"Babylon is the name of an ancient city, founded about 3000 years before Jesus. She became a very powerful nation and the kings of Babylon conquered many other countries. When the Babylonian army captured Israel, they took many Israelites to dwell in Babylon for seventy years. The people of this nation acted very badly and disobeyed and rebelled against God. Therefore, the name is sometimes used symbolically to refer to an evil place, as Peter called Rome ""Babylon."" It can also refer to a place that God will destroy in the future, just as He destroyed the historical city. In the book of Revelation, Babylon will be completely destroyed.",,,"Actually, 70 years serving the kings of Babylon, part of which was spent in captivity.",rev by JB 4/24,,,,,,,,,,,,,,,,,,,,,,,
n,Balaam ,,,"Balaam lived around 1500 years before Jesus. Balaam was a pagan prophet who, to get money, pretended to speak for God. God ordered the Israelites to kill Balaam.  One time God spoke to Balaam through his donkey.",,,"In that era, pagan prophets not only spoke for the gods, but were believed to have persuasive power over gods. Thus, Balaam sold his services as one who could manipulate Yahweh.",,,,,,,,,,,,,,,,,,,,,,,,
t,baptize,"baptism, baptized, baptizes, baptizer","to pass (a person) under/through water (D);
dip in water (W);
(to symbolize death to an old life and the start of a new life);
initiate / initiation;
cause to have oneself bathed (becoming followers of Jesus the True Chief)(G);
baptais (K);",Baptize is a Greek word that means to wash in water or to dip in water. Jews and some pagans baptize as part of their worship. John baptized Jews who were waiting for Messiah to come. Jesus commanded his apostles to go make disciples by baptizing and teaching them. Christians baptize those who put their trust in Jesus.,,,"A symbolic initiation in/with water that Jesus commanded for those who repent of their sins to become Christians. There are many ways in which to baptize. To dip under/ bury in water and bring back up/out to signify death to old life and resurrected to new life, a new identity. There are a series of baptisms in the Bible: God brought Noah through the water to start a new life after the judgment flood. God (via Moses) rescused Israel from their slavery in Egypt and brought them through the water of the big sea to start a new life trusting him in the wilderness. God (via Joshua) led the new generation of Israel through the Jordan River to begin a new life obeying God in a new land. John dipped people in the waters of the Jordan River who were repenting from their sins and getting prepared for Kingdom life. Jesus went down into the waters of the Jordan River to be baptized by John and came out the other side to go into the wilderness for 40 days to show that he was re-playing Israel as the new Israel but doing it rightly, faithfully, in full obedience to God. Jesus commanded people who believe in him to be put under water to show that they have died and been buried to their old life of rebelling against God and have been raised up to a new life with a new identity as God's children.",,,,,,,,,,,,,,,,,,,,,,,,
n,Barabbas,,,"Barabbas was the name of the criminal whom Pilate freed when the Jewish crowd was demanding Jesus' death. Interestingly, Bar-Abbas meaning ""son of the father"" was set free while Jesus the Son of Father God was crucified.",,,,,,,,,,,,,,,,,,,,,,,,,,,
n,Barak ,,,"Barak was the fourth judge in Israel, before they had kings. Barak led the Israelites in war, defeating their enemies.",,,,,,,,,,,,,,,,,,,,,,,,,,,
t,barley ,,"grain;
baali (R)","Barley is a kind of grain like wheat. Poor folk used to make bread with Barley, because barley costed less than wheat.",,,,,,,,,,,,,,,,,,,,,,,,,,,
n,Barnabas,,,"Barnabas was one of the first Christians at Jerusalem. He brought Paul to meet the first apostles, and he later brought Paul to Antioch (in Syria) to make disciples. He and Paul also went together on mission to start new churches of new believers. (The name Barnabas means Son of Encouragement).",,,GC 19-Feb-2019,,,,,,,,,,,,,,,,,,,,,,,,
n,Bathsheba,,,"Bathsheba was the beautiful wife of Uriah, a soldier in king David's army. She once took a bath outside where king David saw her bathing. Later they slept together. David caused Uriah to die in battle, then married Bathsheba. God punished David for his sins and caused his first child with Bathsheba to die. Bathsheba's son Solomon became king after David. (The name Bathsheba means Daughter of Promise or Oath.)",,,GC 07-Feb-19,,,,,,,,,,,,,,,,,,,,,,,,
t,bear ,,wild animals … bea (R),"A bear is a very large, strong, hairy beast that dwells in forests. Bears are dangerous, have sharp teeth and long claws, can climb trees, and can kill people. Bears eat almost anything. When an adult bear stands up on two legs, it is taller than a man.",lion,,,,,,,,,,,,,,,,,,,,,,,,,,
n,Beelzebul,,,Beelzebul is another name for the evil god Baal. Some folk believe him to be chief over evil spirits.,Baal,,,,,,,,,,,,,,,,,,,,,,,,,,
t,beer,,"fermented manioc juice, any drink that causes drunkenness (G);
",Beer is a drink made from cooked grains which contains a small amount of alcohol. ,"wine, strong drink",,,,,,,,,,,,,,,,,,,,,,,,,,
n,Beersheba,"Be'er-sheva, Beersheva, ",,Beersheba was a water well and eventually a city in ancient Israel. Beersheba marked the southernmost boundary of cultivated land in Israel. It is the place where Abraham made a treaty with the Philistine king Abimelech. Be’er-sheva or Beersheba means “treaty well”.,,,,,,,,,,,,,,,,,,,,,,,,,,,
n,Belshazzar,,,Belshazzar was the last king of Babylon. He died in 539 BC when the Persians conquered Babylon. (The name Belshazzar means the god Bel preserves the king.),,,GC 08-Mar-2019,rev by JB 4/24,,,,,,,,,,,,,,,,,,,,,,,
n,Benjamin ,,,"Benjamin lived around 2000 years before Jesus. Benjamin was the youngest of Jacob's twelve sons. Thus, Benjamin was the ancestor of one of the twelve tribes of the Israelites.",,,The term Jew (Judean) does not appear in the Hebrew Scripture until the time of the Babylonian captivity.,,,,,,,,,,,,,,,,,,,,,,,,
n,Bethel,,,"Bethel is the name of a city in the central part of the land of Israel, originally called Luz. The book of Genesis tells of Jacob meeting God near that town, so he renamed that place Bethel, which means God's house.",,,GC 07-Feb-19,rev by JB 4/24,,,,,,,,,,,,,,,,,,,,,,,
n,Bethlehem,,,"Bethlehem is the name of a city a few kilometers south of Jerusalem in the region that was known as Judah. King David and his ancestors lived there, and Jesus was born there. (The name Bethlehem means house of bread.)",,,GC 07-Feb-19,rev by JB 4/24,,,,,,,,,,,,,,,,,,,,,,,
t,Bible,,"the Word of God (G); Paper of God (W)
","The Holy Bible is God's message to people. It is a collection of several books and letters written by over several thousand years. Many different people wrote parts, but they were all inspired and led by God's Spirit what to write. It is organized into two parts, the Old Testament and the New Testament. The Old Testament contains the history of God's relationship with the people of Israel. The New Testament tells the history of Jesus Christ and the teachings of his followers.","scroll, book",,GC 08-Feb-19,rev by JB 4/24,,,,,,,,,,,,,,,,,,,,,,,
t,blaspheme,"blasphemy, blasphemed, blaspheming, blasphemer",,"1. A bad, ungodly utterance or action concerning God or sacred things. 2. An act of cursing or dishonoring God. 3. The crime of assuming to oneself the rights or qualities of God. When Jesus presented himself to Israel as their awaited Messiah, some religious leaders accused him of blasphemy.",,,,,,,,,,,,,,,,,,,,,,,,,,,
t,bless,"blessing, blessed, blesses, blest","(1) calling God's good onto (someone);
(2) coming/falling on (coming to someone's aid/help/support or showing grace to someone);
speak well / to say good things about (G); cause-blessed/fortunate (R); barke (W from Arabic)","To bless means (1) to speak kind words to others, (2) to wish good to happen to them, (3) to do good to them, or (4) to give good things to them. God blesses us, and we bless others. To bless God is to praise him.",curse,arabic ref.,,,,,,,,,,,,,,,,,,,,,,,,,
t,blood,,"blood (G);
","Blood is the crimson fluid in people and animals. Without it the creature dies. Blood can also be used in a figurative way meaning a violent death or murder. The saying ""Blood on one's hands"" means guilty of murder.  Blood is also used to refer to Jesus' death on a cross. His blood has a spiritual effect of forgiving our sin. ","death, sacrifice",,Blood remains a powerful symbol of Jesus' sacrificial death. Translators must decide if the symbol should be retained or replaced with its meaning.,rev by JB 4/24,,,,,,,,,,,,,,,,,,,,,,,
t,boat,"dingy, canoe","kanu (transliterated from canoe) (G);
",A boat is a generic term for floating water vehicle used for transporting people and cargo.  Most boats are made from wood.  A ship is a very large boat.  A dingy is a small boat carried in a big boat or pulled behind a big ship.  ,ship,,GC 07-Feb-19,,,,,,,,,,,,,,,,,,,,,,,,
n,Boaz,,,"Boaz was a wealthy Israelite farmer who allowed the poor to glean grain that his harvesters left behind. He was a relative of Naomi's dead husband, so he married Ruth, Naomi's widowed daughter-in-law. Thus, he became an ancestor of King David and of Jesus.",,,,,,,,,,,,,,,,,,,,,,,,,,,
t,book,books,"paper (G, W);
","Books are leaves or sheets of paper or parchment fastened together on one edge. Scrolls are rolls of a long sheet of paper, animal skin or papyrus that readers must unroll. Book can mean a part of the Bible that has a name or title, such as Book of Isaiah. Book is also a symbol of God's memory.","scroll, Bible",,GC 08-Mar-2019,,,,,,,,,,,,,,,,,,,,,,,,
t,bread,,"that which we eat / our food (tapioca, pancake) (G);
sago (PNG);","Bread is a kind of food made from ground grains, baked till dry, that may contain yeast to make it soft. If bread does not contain yeast it has a hard or crisp texture. Bread is a basic food throughout the world that people eat every day. God sent something like bread called manna to the Israelites after they left Egypt while they were in the wilderness. Jesus described himself as the ""bread of life"", because he gives eternal life to those who trust in him.",manna,,"GC 15-Feb-2019
RR added some content.  OK?

GC 23-Feb-2019
A little wordy? Maybe drop the part about Bethlehem and include:

... Jesus was called the ""Bread of Life,"" because he gives eternal life to those who trust in him.

Manna has its own entry.",rev by JB 4/24,,,,,,,,,,,,,,,,,,,,,,,
t,brimstone,sulfur,salfa (K),"Brimstone is fiery material like lava from a volcano. It is an old word which refers to sulfur. Sulfur is an element from the earth which is yellow and has a bad odor. When it burns it melts and its fire is hot and blue colored. God will make brimstone to fall from the sky to the ground. In the end times, unsaved people will suffer in a fiery lake of burning sulfur.",,like lava from volcano,GC 29-Mar-2019,,,,,,,,,,,,,,,,,,,,,,,,
t,bronze,brass,"redish metal (hard rock) (G);
","Bronze is a hard, shiny metal made from a mixture of copper and tin. In biblical times, some tools, weapons and jewelry were made of bronze. In Moses' time, God commanded him to make a bronze serpent. In the book of Revelation, John saw a statue that appeared to be a son of man who had feet of bronze.",,,modified by CB - brass is not the same as bronze. I added occurrences of bronze in the OT and NT.,,,,,,,,,,,,,,,,,,,,,,,,
t,build,"builder, built",make (G);,"To build something means to make it bigger or better. To build a house means to make a new one, piece by piece. To build a person is to say something that helps them learn and encourages them to be a better person.","create, form, carve",,GC 23-Feb-2019,rev by JB 4/24,,,,,,,,,,,,,,,,,,,,,,,
n,Caesar ,"King, Pharaoh, Emperor",,"Caesar was the title that the Romans gave to their highest ruler (instead of calling them ""king"" or ""president""). Each Caesar was the emperor or ruler over all the territories that Rome conquered.","king, Pharaoh, Emperor",,,,,,,,,,,,,,,,,,,,,,,,,,
n,Caesarea,,,"There were two towns called Caesarea, both named in honor of the Roman emperors who were called Caesar, as the name means King's Town. One was on the Mediterranean Sea coast to the northwest of Jerusalem. It was built by the Romans. The other, known as Caesarea Philippi, was located north of the Sea of Galilee and was built by King Herod.",,,GC 08-Feb-2019   modified by CB 2024,rev by JB 4/24,,,,,,,,,,,,,,,,,,,,,,,
n,Cain ,,,"Around 4000 years before Jesus, Adam's and Eve's first two sons were named Cain and Abel. Cain was a farmer who gave an offering of his crops to God. However, God was not pleased with it and he favored Abel's offering over Cain's. Because Cain did not honour God correctly, God reproved him. So Cain grew angry and killed his brother Abel.","Abel, Adam, Eve",,modified by CB 2024,,,,,,,,,,,,,,,,,,,,,,,,
n,Caleb,,,"Caleb was one of the twelve spies whom Moses sent to observe the land of Canaan, the land Promised to Abraham, Isaac and Jacob. He and Joshua were the only two spies that believed the Israelites could conquer the Canaanites. God rewarded these two men for their faith and their bravery in battle.",,,"Caleb means dog, that is, faithful companion.  CB added more explanation to Canaan",,,,,,,,,,,,,,,,,,,,,,,,
t,camel,camels,"kamel-animal; kamel (K); gimel (W from Arabic)
","Camels are large pack animals, taller than horses and donkeys. They can carry heavy loads and people can ride on them. Camel hair can be used to make a rough cloth. ","donkey, horse",arabic ref.,modified by CB 2024,,,,,,,,,,,,,,,,,,,,,,,,
n,Canaan ,"Canaanite, Canaanites",,"Canaan was the name of the land that God promised he would give to the people of Israel to be their homeland. Much of Canaan became the land of Israel. Today, part of Canaan is called Palestine.",,,,,,,,,,,,,,,,,,,,,,,,,,,
t,carnelian ,,jewel; konilian (K)' precious stone (W),"Carnelian is a kind of rare, reddish-coloured stone. It is mentioned in Revelation 4:3.",,,,,,,,,,,,,,,,,,,,,,,,,,,
t,carve,"carver, carves, carved","cut-cut wood carefully to make something (G);
",To carve something means to cut it with tools in the form of something else. Men carve idols from stone or wood.,"create, build, ",,GC 23-Feb-2019,,,,,,,,,,,,,,,,,,,,,,,,
t,cast lots,"throw dice, draw lots",,A way of choosing someone in a group to perform a task after no one has volunteered for that task.,,,,,,,,,,,,,,,,,,,,,,,,,,,
t,centurion,centurions,"chief of soldiers (G); battle leader (W)
","A centurian was a Roman military officer who commanded up to 100 soldiers. Cente or century means ""100"" in some languages.",,,,,,,,,,,,,,,,,,,,,,,,,,,
t,chains,chain,tied up (G);,Chains are like a rope made from strong metal circles that are linked together. Sometimes chains were used to bind or restrain dangerous people like criminals and demoniacs.,"prison, rope","Do you need this as chains are used for other purposes, too?: Men used chains to bind criminals and demoniacs.",GC 07-Feb-19,,,,,,,,,,,,,,,,,,,,,,,,
t,chariot,chariots,"chariot (transliterated) (G);
","In Old and New Testament times, a chariot was a two-wheeled horse-drawn vehicle used in ancient wars and races. Kings and important officials traveled in chariots.",horses,,GC 07-Feb-19  modified by CB 2024,,,,,,,,,,,,,,,,,,,,,,,,
t,cherub,"cherubs, cherubim",,"There are two kinds of cherub: (1) Statues having wings, such as those atop the Ark of the Covenant. (2) Spirits that guard the throne of God in heaven. ",angel,,GC 07-Feb-19 A babylonian word employed by exhilic prophets.,,,,,,,,,,,,,,,,,,,,,,,,
t,Christ,"anointed, Messiah",al-Masih (W),"Christ is not a name. Christ is a Greek word, and Messiah is the same word in Hebrew. Both words mean 'anointed' or ‘chosen’. Christ or Messiah is what ancient Israelites often called their kings. In the OT it is one of many titles given to a great king who would one day be born as a descendent of King David. In the NT, the Christ or the Messiah is a title applied only to Jesus. In general, followers of Christ use the term ""Christ"" as a name without translating its meaning. In some verses ""the Christ"" may be translated as ""the King whom God promised would come one day"".",,arabic ref.,modified by CB 2024,,,,,,,,,,,,,,,,,,,,,,,,
t,Christian,"Christians, believer, believers","group of those who believe (Jesus);
Christ-followers; Christ’s one (R)
those who follow al-Masih (W)","Christian literally means ""little Christ"", or ""Christ follower"", those who follow Christ's example and teachings.  
The Bible describes Christians in many ways. They are 'saints', that is, holy ones, those who belong to God. They are 'believers', that is, those who have faith in Jesus. They are 'disciples', that is, those who obey Jesus' commandments. They are 'brothers and sisters', that is, those who love one another. And they are the  'church', that is, those who worship together.","saints, disciples, believer, apostle",arabic ref.,,rev by JB 4/24,,,,,,,,,,,,,,,,,,,,,,,
t,church,Church,"Gathering of believers (W); people of faith (R); people of worship (K)
","The word ""church"" is used in many ways. Many people only think of it as the building where people meet to worship God. It also means the group of people who believe in God who meet at that building. It also means several groups that are in an association, many times referred to as a denomination. Another way it is used is to refer to all the believers in God in a certain city, region or country. Finally, it also means all the believers in God in the whole world; they are also called the ""body of Christ.""","saints, assembly",,"No ! Never a building. And capital letters mean nothing in many of the world's scripts. Whilst some of Israel become members of the church, the church has never become Israel. ",rev by JB 4/24,,,,,,,,,,,,,,,,,,,,,,,
t,cinnamon,,sinamon (R); kinamon (K);,"Cinnamon is a fragrent spice made from the bark of a certain kind of a tree. It was mixed with oil that was used to anoint kings, or to prepare bodies for burial.",,,,,,,,,,,,,,,,,,,,,,,,,,,
t,circumcision,"circumcise, circumcised",circle cut; cut around (R);,"Circumcision is a ritual cut made on a boy's or a man’s penis which removes the foreskin from the end of the penis. God commanded circumcision for all Israelite men or baby boys as a signal that they were loyal to God's Old Covenant. In the New Testament, physical circumcision is no longer required to make known relationship or loyalty to God. Rather, it is used in a figurative way to explain how Christ has cut away the believer's fleshly (sinful) nature to give a new, righteous nature (Col. 2:11-13; Rom. 4:11; 1 Cor 7:18).  Also, baptism is now the sign of our loyalty to God's New Covenant.",,,modified by CB 2024,,,,,,,,,,,,,,,,,,,,,,,,
t,city,cities,"big town (G, W);
","Cities are towns that are well organized; towns are villages that have a government; villages are groups of familty homes.  In Bible times, cities where usually the largest gathering of homes and buildings, often with a strong protective stone wall around it.  ","town, village",,GC 08-Feb-19,,,,,,,,,,,,,,,,,,,,,,,,
t,clean,cleanse,clear (K); clean (R);,"In Jewish culture, clean did not mean washed, and unclean did not mean dirty. Rather, clean and unclean were ceremonial categories. Clean meant things or actions that God allows/permits. Clean things or persons may serve God in his tent or his temple. But God forbids unclean things or persons. Unclean things must be kept away from God’s tent or temple. Some unclean things or persons may be made clean by washing with water, by offering a sacrifice, by sprinkling them with blood, or by a message from God. You may translate clean by ‘ceremonially pure, acceptable, or allowed’. You may translate unclean by ‘ceremonially impure, unacceptable, or forbidden’. (Deuteronomy 14 talks about clean and unclean animals.)  For those who believe in Jesus, his blood cleanses them from all sin and defilement through their faith in him.","pure, forgive",People can defile themselves by serving idols. Contact with dead or blood can make ritually unclean. (Hilkka),,,,,,,,,,,,,,,,,,,,,,,,,
t,commandments,"command, commands, commandment, orders",,"A command is an order that a leader gives to others to obey. A commandment is a order that becomes permanent, such as the Ten Commandments, and Jesus' commandments.",law,,,GC 7/7/2019,,,,,,,,,,,,,,,,,,,,,,,
t,concubine,concubines,"one-who-is-like-a-wife (G);
","A concubine is another wife which a man may take for certain reasons, such as to provide a male heir in the case of a barren wife, to provide more children in general to enhance the family’s workforce and wealth, and to satisfy the man’s sexual desires.  The concubine did not have the same status as a regular wife, and her children usually would not receive an inheritance like the children of a regular wife would.",,, ,,,,,,,,,,,,,,,,,,,,,,,,
t,condemn,condemned,,"To condemn means to pronounce judgement against someone, sometimes ordering officials to punish them. Judges condemn criminals, God condemns angels and humans who sin and do not repent. ","bless, curse",,,GC 8 July 2019,,,,,,,,,,,,,,,,,,,,,,,
t,confess,"confessed, confesses, confessing","tell (G); accept (W)
",To confess is to say what God has said about something. To confess sins is to admit that we have done something God forbids. To confess Christ is to say we believe what God has said about him.,,,GC 15-Feb-2019,,,,,,,,,,,,,,,,,,,,,,,,
t,copyright ,license,,"WordLinks database designed and compiled by Robin Rempel.  Copyright 2022, Robin Rempel. Made available under a Creative Commons BY-NC-SA 4.0 International license.  
With acknowledgement and thanks to the following contributors of unpublished back translation (V-E) sample examples.  All used with permission or Fair Use for nonprofit, educational purposes.   
Sue Ness (Kenya) for Daasanach (D) back translations copyright 2019, SIL International.
Carl Harrison (Brazil) for Guajajara (G) back translations copyright 2019 SIL International.  Carl Harrison for Portuguese (P) back translations copyright 2019 Carl Harrison.
Robyn Davies (Papua New Guinea) for Ramoaaina (R) and Kandas (K) back translations copyright 2019, SIL International.  
Galen Currah (Senegal) for Wolof (W) back translations copyright 2019 WEC International and Galen Currah.  
Meaning notes and definitions copyright 2019 Galen Currah, ThD.  Used with permission.  
Special thanks to Hilkka Arminen, SIL translation consultant, for her expert review of the database and helpful editorial suggestions.     
Licensed under the terms of a Creative Commons Creative Commons BY-NC-SA 4.0 International license.        
",,"The © symbol was not utilized in this doc because it does not present properly when the xlsx doc is converted to a csv file and read in the SP software.  Instead, we are simply using the word ""copyright"" in the place of the © symbol.",,,"Key Term Database including back translation contributions from the following languages: Daasanach (D), Wolof (W), Guajajara (G), Kandas (K) and Ramoaaina (R). © 2019 Wycliffe Bible Translators, Inc.",,,,,,,,,,,,,,,,,,,,,,
n,Corinth,Corinthians,,Corinth was a large market city in the country called Greece.  It was a very pagan city full of people who worshipped many idols. Paul started a Christian churche at Corinth and wrote letters to the Corinthians (Acts 18).,,,,GC 7/7/2019; rev by JB 4/24,,,,,,,,,,,,,,,,,,,,,,,
n,Cornelius,,,"Cornelius was a Roman military officer who was a gentile (non-Jew). But he believed in God and prayed to him. God sent an angel to him telling him to call for Peter. When Peter came and told them about Jesus, Cornelius and his household and friends became the first gentile Christians. (The name Cornelius means Horn.)",,,GC 08-Feb-2019  revised by CB 2024,rev by JB 4/24,,,,,,,,,,,,,,,,,,,,,,,
t,country,"countries, nation, nations","earth / land (G); 
",A country is a very wide land where people make homes and may also have a government. A country may also be called a nation.,"kingdom, empire, province, land",,GC 15-Feb-2019,,,,,,,,,,,,,,,,,,,,,,,,
t 107,covenant,testament,"promising a thing with mouths together (promising each other something) (D);
strong promise;
agreement (W); agreement (tying) (R); 
my new words about what I am going to do (G) (Heb 8:8);
binding talk (PNG);
","Covenants are solemn agreements between two persons or groups who promise to help each other. God made covenants with several men and with the people of Israel. God promised to bless the Israelites, if they obeyed his laws. Jesus has made a ‘new’ covenant to give life to all who obey his commandments.","promise,
oath, agreement, alliance",binding tok (other language),Jesus' commandments include saving faith.,,,,,,,,,,,,,,,,,,,,,,,,
t 100,create,"created, creates","cause-be/sit (R); 
make (G);
",Create means to make something new. God created the world and all living things. God creates us new when we trust in Jesus. God will one day create a new heaven and a new earth.,"carve, build,
",,,,,,,,,,,,,,,,,,,,,,,,,,
t,cross,crosses,the wood;  tree cross (K); boards that they cross (W);,"Wooden crosses were a tool for torturing and killing violent criminals. The Romans would nail or tie a man's hands and feet to an upright wooden post with a wooden cross beam, then leave him to die. After Jesus died on a cross because of our sins, God forgives us who believe. (Jesus' cross also reminds us that we may have to suffer because of our faith in him.)",,,,,,,,,,,,,,,,,,,,,,,,,,,
t,curse,"curses, cursed, ","say really bad things to/about (G);speak bad about (R); (strong) anger of God (R); cause harm; punish;
",A curse is spoken words that are intended to inflict harm or misfortune on someone else or on someone's belongings. It is done with the belief that some force or power will make it happen. ,"bless, condemn","maybe rather than condemn, it would be 'punish, cause harm'",,rev CB 2024,,,,,,,,,,,,,,,,,,,,,,,
t,curtain,,,"Curtains are large cloths, suspended from their top edge, that cover windows, close doorways, or divide rooms in a house.",,,material' can be anything. Cloth seems more specific. Opening also seems a bit general.,,,,,,,,,,,,,,,,,,,,,,,,
n,Damascus,,,"Damascus, northeast of Israel, is one of the oldest cities in the world.  It remains the capital city of the nation of Syria. Jesus appeared to a man named Saul near Damascus. When Saul believed in Jesus he changed his name to Paul.",,,GC 19-Feb-2019,rev by JB 4/24,,,,,,,,,,,,,,,,,,,,,,,
n,Daniel,,,"Daniel was a young Jewish man when the Babylonians destroyed Jerusalem, taking many Jews captive to Babylon. Daniel, although he was a captive, he obeyed God all his life. He became an honest official, despite living and working in a pagan king's palace. God showed to Daniel the meaning of dreams, and revealed to him the future of nations.  (The name Daniel means ""God is my judge"".)",,,Jesus called Daniel a prophet (Mt 24:15) but the book of Daniel is not classed with the prophets but as a writing.,GC 8 July 2019,,,,,,,,,,,,,,,,,,,,,,,
n,Darius,,,"Darius was the 4th king of the Persian Empire, 550–486 BC. He conquered Babylon in 539 BC during the lifetime of Daniel. He made Daniel a governor in his kingdom, but later had to throw Daniel into the lions' den. (The name Darius means He holds goodness.)",,,GC 08-Mar-2019,,,,,,,,,,,,,,,,,,,,,,,,
n,David,King David,Dawuda (W from Arabic),"David, the second king of Israel, lived about 800 years before Jesus. He was a shepherd boy who gained a reputation as a valliant warrior. He also made music and songs, some of which have become psalms in the Bible. David remained faithful to God all his life, and God promised to him that his sons would rule over Israel forever. Jesus is a descendant (a son) of King David. (The name David means Beloved.)",king,,GC 07-Feb-19,,,,,,,,,,,,,,,,,,,,,,,,
t,death,"die, dead, dying, died",,"There are several kinds of death: (1) physical death, when our spirit leaves our body, (2) eternal death, called 'second death,' going to hell instead of to heaven forever, (3) spiritual death, not having God's life and Holy Spirit (Because Adam sinned, we all were born spiritually dead and need to be 'born again.') and (4) refusing to do wrong, called 'dying to self,' with help from God's Holy Spirit. ","blood, sacrifice",,,,,,,,,,,,,,,,,,,,,,,,,,
n,Deborah,,,"In the Old Testament two women were named Deborah: (1) the woman who had cared for Rebekah who died near Bethel, and (2) the one who was a prophetess and a leader of the Israelites during the years of the Judges. She led them to victory over their enemies the Canaanites. (The name Deborah means ""bee"".) ",,,-4,rev by CB 2024,,,,,,,,,,,,,,,,,,,,,,,
t,decree,decrees,,A decree is a formal law that a king pronounces. Everyone must obey their king's decrees.,"law, command",,,GC 8 July 2019,,,,,,,,,,,,,,,,,,,,,,,
n,Delilah,,,"Delilah was the Philistine woman who Samson, the legendary warrior and Israelite judge, married. She betrayed Samson by finding out the secret to his strength and then having his hair cut, which robbed him of his strength. (The name Delilah means delightful.)",,,GC 07-Feb-19,rev by CB 2024,,,,,,,,,,,,,,,,,,,,,,,
n,Demetrius,,,There were two men named Demetrius. (1) One was a sliversmith in the city of Ephesus who worsipped a goddess called Artemis. He brought charges against Paul in a city court. (2) The other was a Christian who had a good reputation (3 John 1).,,,,GC 7/7/2019,,,,,,,,,,,,,,,,,,,,,,,
t,demon,"evil spirit, demons, evil spirits, devil, demonized","spirit rebellious to God; 
evil creature (W);
bad spirit (G);demon (R);","Demons are spirits that have rebelled against God their Creator and do what is evil. They can inhabit and exercise power over human beings who disobey God, who serve other gods, or who choose to do evil. Satan is the chief demon. Jesus has given power to his followers to cast out demons / evil spirits.","angel, Satan",,Demons are never said to be fallen angels (messengers). The Rabbis taught that demons are the disembodied souls of the biblical Nephelim. Local cultures have their own beliefs about evil spirits.,rev by JB 4/24,,,,,,,,,,,,,,,,,,,,,,,
n,Diana,,,"Diana is the name of a Greek goddess (idol) worshipped by people in the city of Ephesus, among others.",idol,,,,,,,,,,,,,,,,,,,,,,,,,,
t,disciple,disciples,"learner; student (lit. child of learning) (R); 
ones in training (apprentice);
ones I (Jesus) teach (G);
student (but not like in a classroom);
Christian;
ones who follow /obey Jesus; ",Disciples are those who follow a teacher's instructions. Jesus had many disciples. He commanded his disciples to go make other disciples of Jesus in every country by baptizing them and teaching them to obey his commandments.,"apostle, Christian",,"GC: Longer notes contain a lot of fascinating information, yet do not necessarily help translators find an appropriate term to employ. ",,,,,,,,,,,,,,,,,,,,,,,,
t,donkey,"donkeys, ass","horse-pig/animal; dongki (R)
small horse; pack-animal (W); animal (called) donki",Donkeys are animals like horses but they are smaller and have long ears. People can ride them and they can also carry loads and pull a plow.,,other language: animal (called) donki (Hilkka),,rev by CB 2024,,,,,,,,,,,,,,,,,,,,,,,
t,doubt,disbelieve,"believe weakly (G); waver (W);
","Doubt means not to be sure about something, or not to believe somethng that does not seem to be true. To doubt God's promises means not to believe what he has said or revealed. When someone doubts they are suspicious or skeptical about the truth or reliability of something.","faith, believe",,GC 23-Feb-2019,rev by JB 4/24,,,,,,,,,,,,,,,,,,,,,,,
t,dragon,dragons,large lizard; big snake (K); draagon (R);,"Dragons are giant serpents or lizards. God's enemy Satan is called a dragon, because he is strong, frightening, destructive and evil. Satan took the form of a serpent when he misled the first humans to disobey God. In the Book of Revelation a dragon is used as a symbol or picture of Satan.",snake,,Dragons of various sizes certainly do live on earth.,rev by JB 4/24,,,,,,,,,,,,,,,,,,,,,,,
t,dream,dreams,"dream (G);
",Dreams are what one sees and hears while asleep. God or angels sometimes spoke to persons in dreams. God allowed Joseph and Daniel to tell the meaning of some dreams that were mysterious to those who saw them.,vision,,GC 07-Feb-19,,,,,,,,,,,,,,,,,,,,,,,,
t,earth,,"land;
this ground;
ground (G);","Earth means (1) the land or ground upon which we humans dwell, (2) everything below the sky, (3) dirt or soil, and (4) the underground abode of the dead.  ","world, heaven",,,,,,,,,,,,,,,,,,,,,,,,,,
n,Eden,,,"The Garden of Eden is the place where the first man, Adam, and the first woman, Eve, lived after they were created by God. When Adam and Eve disobeyed God and ate a forbidden fruit, God expelled from the garden.",,,GC 15-Feb-2019 rev'd by CB 2024,,,,,,,,,,,,,,,,,,,,,,,,
n,Edom,,,"Edom was a country where the descendents of Esau settled. It was southeast of the land of Israel, south of the Dead Sea. Edomites worshipped false gods and became enemies of Israel. Edom means ""red"".",,,GC 15-Feb-2019,rev by JB 4/24,,,,,,,,,,,,,,,,,,,,,,,
n,Egypt ,"Egyptians, Egyptian",Misra (W from Arabic),Egypt is a country to the southwest of Israel. The Israelites lived about four hundred years in Egypt where they became slaves. Egypt was almost always an enemy of Israel.,,"Arabic ref.
JB: the original had: ""Egypt ruled over the land of Israel for hundreds of years."" But when? So I changed it to ""enemy.""",,rev by JB 4/24,,,,,,,,,,,,,,,,,,,,,,,
t,elder,elders,"older men (G); leaders (W)
","Elders are older people whom others respect and obey. Elders often meet as a council that decides important matters. Churches have elders who are called overseers and servants, or pastors and deacons.",leader,,GC 23-Feb-2019,,,,,,,,,,,,,,,,,,,,,,,,
n,Eli,,,"Eli was a Jewish priest and for forth years was also the leader of Israel, called a judge. He served God at the tabernacle in the town of Shiloh (before Israel had a temple). He had two sons who were also priests, named Hophni and Phineas, but they were wicked. A boy named Samuel was brought to live and work in the tabernacle, so Eli raised him. He was a good person and grew to be a godly man. But God punished Eli's sons for their wickedness when they died in a battle on the same day. When Eli heard the news he fell, broke his neck and died. He was 98 years old. Then Samuel took his place as priest.",,,GC 07-Feb-19  rev'd by CB 2-24,rev by JB 4/24,,,,,,,,,,,,,,,,,,,,,,,
n,Elijah,,Ilyass (W),"Elijah lived around 800 years before Jesus. He was a  prophet of God, who boldly rebuked an evil king and all those who worshipped idols in Israel. The Book of Malachi says Elijah must return to prepare  Israel to welcome the coming Messiah appeared. John the Baptizer was like Elijah in many ways. (The name Elijah means the Lord is God.)",Elisha,Arabic ref.,GC 07-Feb-19,,,,,,,,,,,,,,,,,,,,,,,,
n,Elimelech,,,Elimelech was Naomi's husband. He was an Israelite who migrated to the country of Moab where he died. (The name Elimelech means My God is King.),,Elimelek is not a spelling found in any Enlish translation.,GC 19-Feb-2019,,,,,,,,,,,,,,,,,,,,,,,,
n,Elisha,,Alyaasa (W),Elisha lived around 800 years before Jesus. He was a prophet of God appointed by the prophet Elijah. Elisha performed more miracles than Elijah did.,Elijah,Arabic ref.,,,,,,,,,,,,,,,,,,,,,,,,,
n,Elkanah,,,"Elkanah was the husband to Hannah and father of the prophet Samuel. (The name Elkanah means ""God created"".) Two other men named Elkanah were in the Old Testament, but they are unimportant and little is known about them.",,,GC 07-Feb-19,rev by JB 4/24,,,,,,,,,,,,,,,,,,,,,,,
t,emperor,emperors,,"An Emperor was the king or highest ruler of an empire, ruling over lesser kings. Some countries considered their emperor to be divine, or a god.","King, Pharaoh, Caesar",,,,,,,,,,,,,,,,,,,,,,,,,,
t,empire,kingdom,"all divisions of his land (G); 
","An empire is an extensive group of multiple cities, states and/or nations over which one supreme ruler (an emperor) has authority. Babylon and Assyria and Rome were examples of empires in Bible times.","nation, country, region, emperor",,"GC 08-Feb-19
RR updated",,,,,,,,,,,,,,,,,,,,,,,,
n,Ephesus,Ephesians,,Ephesus was a big city near the sea in the region of Asia Minor (which is now part of the country of Turkey). The apostle Paul started a church there and later wrote a letter to it. Years later Jesus gave John a message for the church in Ephesus that he wrote in Revelation 2.,,,,"GC 7/7/2019
rev by JB 4/24",,,,,,,,,,,,,,,,,,,,,,,
n,Ephraim,,,Ephraim was the younger of Joseph's two sons. Ephraim became an ancestor of a tribe of Israel. (The name Ephraim means Fruitful.),,,GC 23-Feb-2019,,,,,,,,,,,,,,,,,,,,,,,,
n,Epicureans ,Epicurean,,The Epicureans followed the teachings of the philosopher Epicurus who lived around 300 years before Jesus. He taught that people should seek happiness in life while avoiding pain and fear.,,,,,,,,,,,,,,,,,,,,,,,,,,,
n,Esau,,Esawu (W),"Esau lived around 1900 years before Jesus. Abraham's son Isaac had twin sons named Esau and Jacob. Esau, who was the firstborn, foolishly sold his birthright to his brother Jacob. (Jacob's decendents became the Israelites, and Esau's decendents became the Edomites.)",Edom,arabic ref.,,,,,,,,,,,,,,,,,,,,,,,,,
n,Esther,,,"Esther was a Jewish orphan reared by her cousin Mordecai. After Persian king Xerses made Esther his new queen, she saved many Jews from death. (The name Esther means star. Her Jewish name Hadassah means myrtle tree.)",,,GC 08-Mar-2019,,,,,,,,,,,,,,,,,,,,,,,,
t,eunuch,eunuchs,"castrated; man (R); 
unmarried man, caused to be that way (G); 
chamberlain (W);",A eunuch was a man who had been castrated / immasculated. Pagan nations practiced this kind of mutilation at times on slaves or those to be trained for certain kinds of work such as official government service. It was not a Jewish custom since God's law forbids making men eunuchs.,servant,"take this out:  (Christian ministers who do not get married may be called eunuchs.) Other language examples to euphemistic, better to say: castrated. Chamberlain unknown in PNG. (Hilkka)",,,,,,,,,,,,,,,,,,,,,,,,,
n,Eve,,Awa (W from Arabic),"Eve and Adam were the first two people God created. Eve was the wife of Adam and the first mother of all human beings. When Satan tempted Adam and Eve, they disobeyed God. Since then, all human beings have also been sinning and must die.",Adam,Arabic ref.,"The Bible clearly teaches universal death as a result of our first parents' sin, but not some kind of transmitted sin.",rev by JB 4/24,,,,,,,,,,,,,,,,,,,,,,,
t,evil,"wicked, sinful, wickedness",,Evil things are everything that God forbids; evil people are those who disobey God's laws; evil spirits are invisible beings that cause people to thnk about evil and to do evil actions.,,,GC 15-Feb-2019,,,,,,,,,,,,,,,,,,,,,,,,
t,faith,"believe, believing, believes, believed, belief, trust","saying yes (to someone or something; agreeing; accepting; trusting as true);
trust; belief (R); belief (W); heart/liver (inner being) hangs on something (PNG)","Faith means (1) to believe truth, (2) to trust in God or Christ, and (3) to remain loyal to Jesus. Under both the Old and New Covenants (Testaments), God counts as righteous those who put their faith in him and his promises.","trust, doubt,
disbelieve",other language: heart/liver (inner being) hangs on smg,"Both the Hebrew 'amn and the Greek pistis include both belief and loyalty, according to their context.",,,,,,,,,,,,,,,,,,,,,,,,
t,fast,,fast (R); ,"To fast means not to eat for a time. Jews used to fast as a sign of repentance, sorrow, or humility before God. Christians sometimes fast as a form of prayer towards God.",,,,,,,,,,,,,,,,,,,,,,,,,,,
t,feast,"festival, feasts, festivals, feasted","a magnification (W);  remember (W); 
big meal / food; big day of worship (K); feast (R); 
big dance (festival) / big eating (feast) (G);
","Feasts are special meals with much good food and drinks. Usually a feast is served for a special occaision. The Israelites had feasts for yearly celebrations, when families come together to remember God’s goodness. They had to go to Jerusalem to keep certain feasts.",festival,,,,,,,,,,,,,,,,,,,,,,,,,,
t,Feast of Dedication,"Hannukah, Feast of Lights","purification (W); feast when they remembered the day when they opened the house of giving (R); 
a big day of worship so that they would remember the day when they opened the house of giving (K)
","The Feast of Dedication is a celebration by the Jews. Their enemies had captured their temple, but in the year 165 before Christ, the Jews recaptured the temple and dedicated it back to the Lord. Other names for this feast is Hannukah and the Festival of Lights.",,other language: why house of giving? (Hilkka),,rev by JB 4/24,,,,,,,,,,,,,,,,,,,,,,,
t,Feast of Pentecost,Pentecost,day of Pentikos (R); ,"Pentecost is another name for the Jewish Feast of Weeks. Pentecost means 50 and comes 50 days after the Jewish Passover. It is a celebration at the end of the grain harvest. After Jesus resurrected and ascended to heaven, on the day of Pentecost the Holy Spirit came to live in those who believe in Jesus. That day is considered to be when the Christian church was started.",,,"Astronomy-based calendars, along with better documentary studies, now situate the birth of Jesus around 2 BCE, and his ministry beteen 29 and 33 CE. If this causes indigestion, then remove the date reference.",rev by JB 4/24,,,,,,,,,,,,,,,,,,,,,,,
t,Feast of Shelters,"Feast of Tabernacles, Feast of Tents",day of worship of the Jews which they call the feast of shelters (R); big days of worship of shelters (K); big day for worship called feast of tents,"At the yearly Feast of Shelters in October or November, Jews rejoice because the harvest has been completed. They stay in temporary shelters for one week, to honour their ancestors who dwelt forty years in shelters while wandering in a wilderness.",,"tabernacle is too techincal, better to say tent  or garden shelter, in Pidgin haus win Hilkka)",,,,,,,,,,,,,,,,,,,,,,,,,
t,Feast of the Passover,Passover,feast of go past (R); big day of worship of Go Past (K); ,"During the yearly feast of Passover in March or April, Jews remember how their ancestors escaped from slavery in the country of Egypt. At that time God warned that he would send his angel to kill the eldest son of every house in Egypt, except where they would kill a lamb and smear its blood on their front door post. There where blood was found the angel passed over without harming anyone.",Feast of Unleavened Bread,,,,,,,,,,,,,,,,,,,,,,,,,,
t,Feast of Unleavened Bread,Unleavened Bread,feast of bread no yeast in it (R); big day of worship of bread no yeast in it (K); ,"The yearly feast of Unleavened Bread lasts for the seven days following the Festival of the Passover. During these seven days, the Jews eat bread with no yeast in it, to remember how their ancestors  escaped from Egypt (so fast that they had no time to wait to bake yeast bread).",Passover,,,,,,,,,,,,,,,,,,,,,,,,,,
n,Felix,,,"Felix was the Roman governor over Judea between the years 52 and 60. A dishonest man, he kept Paul in prison at Cesaria for two years. He once became alarmed when he heard Paul explain about God's judgement.",,,,GC 7/7/2019,,,,,,,,,,,,,,,,,,,,,,,
t,festival,"feast, festivals, feasts",,"Festivals are special days when people remember their past or honor God. People may eat a meal together as part of a feast. Israel has seven annual feasts, including the Feast of Passover.",,,GC 08-Mar-2019,,,,,,,,,,,,,,,,,,,,,,,,
n,Festus,,,"Festus as the Roman governor over Judea in the year 62 after Felix. He kept Paul in prison at Caesarea, until he sent Paul to Rome to be judged by the Caesar, the Roman emperor.",,,,"GC 7/7/2019
rev by JB 4/24",,,,,,,,,,,,,,,,,,,,,,,
t,fig,figs,fig (R); ,Fig is a kind of fruit tree. Its fruit is very sweet.,,,,,,,,,,,,,,,,,,,,,,,,,,,
t,fool,"foolish, fools, fooled","the one who doesn't really know things (G); 
","A fool is anyone who makes poor, stupid or bad choices, even when others warn him not to. God want fools to repent, to learn wisdom and to obey him. The book of Proverbs often contrasts foolish people and wise people.",wise,,GC 19-Feb-2019,,,,,,,,,,,,,,,,,,,,,,,,
t,forgive,"forgiven, forgives, forgiveness",erase (R); put arm around their shoulders (S-I);,"To forgive is to choose not to punish those who have sinned or disobeyed. When forgiven, those who did wrong no longer have guilt or shame for what they had done.","guilt, shame, cleanse, sanctify",,,,,,,,,,,,,,,,,,,,,,,,,,
t,form,"formed, forms",,"To form something means (1) to change its shape to look like something else (e.g. clay can be formed to look like an image of something), or (2) to bring people together in a new group.","carve,
 build,
",,GC 23-Feb-2019,,,,,,,,,,,,,,,,,,,,,,,,
t,fox,foxes,fox (G); ,"A fox is a wild animal like a small dog with beautiful fur, a bushy tail and sharp teeth.  Foxes hunt and eat small animals like rats, mice, snakes and rabbits.  Some cultures use the fox in a metaphorical way to describe attributes like beauty, cunning, wise or tricky.  For example, if a woman is beautiful, she might be called a fox.  King Herod was called a fox, meaning Herod was wiley or dangerously tricky.",,,modified by CB 2024,,,,,,,,,,,,,,,,,,,,,,,,
t,frankincense,,"sticky substance whose smoke smells good (R); 
 powder cooked/burned and its smoke smells good and it is called insens (K)","Frankincense is good smelling powder made of sap of a tree. When it is burned, it makes a sweet smell. Because the Jews had to bring it from a distance, it was expensive.",incense,good smelling powder made of sap of a tree (Hilkka),,,,,,,,,,,,,,,,,,,,,,,,,
t,furnace,kiln,fire (W);,A furnace is a place or large box with a very hot fire. It can be used to produce heat to warm an area or to make something. Bricks or pottery become hard when baked with a very hot fire. Metals such as silver or gold can be melted and purified with fire. A furnace can also be used to burn something. In some countries people burn the bodies of the dead.,,,,rev by JB 4/24,,,,,,,,,,,,,,,,,,,,,,,
n,Gadarenes,"Gadarene, Gadara, Gerasa, Gerasenes",,"Gadarenes refers to the people who live in the region of Gadara on the west side of Lake Galilee. Matthew used those names for the region and people, but Mark and Luke call the region Gerasa and the people who lived there Gerasenes. They were Gentile people and they raised and herded pigs. Jesus met two men there who were demon possessed and when he cast out the demons they went into a herd of pigs and the pigs rushed down the steep bank into the lake and died in the water. The people of the area were afraid of Jesus and wanted him to leave.",,,GC 08-Mar-2019,rev by JB 4/24,,,,,,,,,,,,,,,,,,,,,,,
n,Galilee,,,Galilee was a region or province in the northern part of Israel on the west side of a very large lake called the Sea of Galilee. This lake has many fish.,,,,rev by JB 4/24,,,,,,,,,,,,,,,,,,,,,,,
n,Gehazi,,,Gehazi was a servant of the prophet Elisha. He once sinned by asking for a gift from a Syrian offcial whom Elisha had healed of leprosy.,,,GC 07-Feb-19,,,,,,,,,,,,,,,,,,,,,,,,
t,gentile,gentiles,"who is not a Jew (W); 
people who are not Jews (R); ","Gentiles are people who are not Jews. In Jesus' time, most Gentiles worshipped false gods and idols. In the New Testament it often is used to describe people who do not believe in or belong to God. Jesus' last command to his disciples before he returned to heaven was to go and make disciples for him of people in all the nations.","Jew, Hebrews","can be translated also with their nationality, e.g. Kenan/Greek… (Hilkka)","I am not aware of a figurative use of the term Gentile in the NT.         RR:  Perhaps generic sense is better than figurative.  Gentile is used for the category of ""sinner"" or unbeliever (even though all ethnic Gentiles are not unbelievers), as Jew is sometimes used in a generic sense for the category of ""belonging to God"" or ""believer"" (even though all ethnic Jews do not believe) e.g. Rev 2:9; 3:9
GC: Good!",rev by JB 4/24,,,,,,,,,,,,,,,,,,,,,,,
n,Gibeah,"Gibeon, Gibeonites",,Gibeah was a pagan city in Canaan when Joshua and the Israelites were conquering the land. The Gibeonites deceived Joshua to make a peace pact with them.,,,Let the Bible tell the story.,07 July 2019,,,,,,,,,,,,,,,,,,,,,,,
n,Gibeonites,"Gibeon, Gibeonite",,"The Gibeonites were Canaanites from the city of Gibeah. When Joshua and his army went to conquer the land of Canaan, they were afraid they would be killed. They went to Joshua to make peace with Israel, decieving him by pretending to be from a far away country. Joshua did not ask God who they were or what he should do, but made peace with them. They became servants of the Israelites.",,,GC 07-Feb-19,rev by JB 4/24,,,,,,,,,,,,,,,,,,,,,,,
n,Gideon,,,"Gideon lived around 1200 years before Jesus. He was a farmer, but God told him to lead a small army against a big enemy army. Then God made the big army afraid so that it ran away and the army of Isreal defeated them. He became the leader of the Israelites, called a judge, for 40 years. ",,,,rev by JB 4/24,,,,,,,,,,,,,,,,,,,,,,,
t,glory,"glorified, glorify","light;
greatness;
praise (give glory to God);
strength and/or beauty (G);
allah (W); decoration/beauty (R);","Glory means (1) great power, (2) bright light, (3) beauty and (4) the presence of God.",,References to Allah/islam not helpful in PNG ,,,,,,,,,,,,,,,,,,,,,,,,,
t,goat,goats,deer-like animal with long hair (G); ,"Goats are gentle animals whose meat and milk people eat. Goats often dwell in same herds with sheep. Sheep tails hang downwards, whilst goat tails curl upwards. Adult male goats, called rams, will fight using their horns, and are a symbol for nations that go to war.","sheep, shepherd",,GC 08-Mar-2019,,,,,,,,,,,,,,,,,,,,,,,,
t,God,Eternal God,"eternal one;
Creator; 
the God who lives / has lived forever (G); God (R); Allah (W);","God is the One Great, Eternal Spirit who created everything and all living creatures. God rules over heaven and earth. He has commanded everyone to abandon their gods and to worship only him. There is no other god as great as he. This One Great God came into the world as a human being, Jesus the Messiah.","Lord, idol, gods",Arabic ref.,,,,,,,,,,,,,,,,,,,,,,,,,
t,gold,golden,,Gold is a shiny metal that many countries use as money and use to make jewelry. The Israelite Ark of the Covenant was covered with shiny gold. Gold is mined from the earth.  To purify it requires heating it with a very hot fire until it melts and the dirt can be separated from it.,"silver, ",,GC 07-Feb-19,,,,,,,,,,,,,,,,,,,,,,,,
n,Gomorrah,,,Gomorrah was a city near Sodom where Abraham's nephew Lot chose to live. The population was so evil that God destroyed it with fire that fell from the sky (around 2000 years before Jesus lived).,,,,,,,,,,,,,,,,,,,,,,,,,,,
t,good,,"good (G);
","People call ""good"" anything and anyone that they evaluate to be right, true, honest, kind or useful. To be ""just"" or ""right"" means to have a good standing with God or to follow his laws.","right, just",,GC 08-Mar-2019,,,,,,,,,,,,,,,,,,,,,,,,
t,gospel,good news,"Good Report (W);
beautiful speech (G);good telling (R); 
 good talk (K);","The word ""gospel"" means good news. It is the message that God forgives sins and gives eternal life to all who repent and put their faith in Jesus. Jesus was the Son of God who died on a cross to take the punishment for the sin of everyone. He was buried, but rose back to life three days later.",,,,rev by JB 4/24,,,,,,,,,,,,,,,,,,,,,,,
t,governor,,"ruling person (of a region);
chief (of the people in a country) (G);big leader from the government (R); kilifa (W from Arabic)",Governors are officials who rule over a region or part of a nation. Only a king has more power than a governor.,"king, leader
",arabic ref.,,,,,,,,,,,,,,,,,,,,,,,,,
t,grace,gracious,"forgive; make good;
coming/falling onto (to help/aid/show mercy to someone);
and nobody pays for it (W);
pity and patience (for people) (G);love/pity (K); like (K)
","Grace is undeserved favor. It is the love that God has for us humans, by which he forgives us, rescues us from harm, helps us lead a better life, gives us power to serve him, and will bring us into his eternal kingdom.","forgive, mercy, love","also, make good (Hilkka) mod by CB",,,,,,,,,,,,,,,,,,,,,,,,,
t,grapes,grape,wine seeds (R); ,"Grapes are a kind of fruit that grow on a vine, not a tree. Their juice is used to make wine. The Jews used to plant many vines on their farms and cultivate them so that they would bear plenty of fruit.","grapevine, wine",reseng not helpful in PNG,,,,,,,,,,,,,,,,,,,,,,,,,
n,Greece,Greek,,"Greece is a country in Europe. Athens and Corinth are cities in Greece. Around 350 years before Jesus, Greece conquered Israel and many other countries. The people in most of those countries learned to speak and read the Greek language. The New Testament books are written in Greek. Greek was the official language, even though it was not everybody’s mother tongue. ",,"Greek was language of scholars, not ordinary people's mother tongue (Hilkka)",,,,,,,,,,,,,,,,,,,,,,,,,
t,guilt,guilty,"the condition of having done something bad (G); 
that deseriving death (W);","Guilt is what someone has when they have violated or broken a law. A guilty person is someone who has done something wrong or broken a law. All people are guilty before God because they cannot keep his laws. The consequence of guilt is punishment, so all guilty people should be punished. Usually, a person who is guilty will feel shame.","forgive, shame, sanctify","this is an exception, very strong: that deserving death (W); (Hilkka)",GC 15-Feb-2019 mod by CB 2024,,,,,,,,,,,,,,,,,,,,,,,,
n,Hagar,,,"Hagar lived around 2000 years ago. She was a slave girl in the house of Sarah, Abraham's wife. Before Sarah had a child, she asked her husband Abraham to lie with Hagar, and Hagar bore a child who was named Ishmael. Hagar's son Ishmael became the father (ancestor) of the Ishmaelites.",,,,,,,,,,,,,,,,,,,,,,,,,,,
t,hail,,ice stones; frozen rain stones,Hail consists of frozen drops of water (ice) that fall from the sky like rain. It is hard frozen rain.,,,,,,,,,,,,,,,,,,,,,,,,,,,
n,Haman,,,Haman was an official to King Ahasuerus of Persian. He was a descendent of the Amalekites who were enemies of the Jews. His story is in the book of Esther. He became very angry with a Jew named Mordecai. He made a policy so that Mordecai and the Jews would be killed. In the end he and his family were killed instead of the Jews.,,,GC 08-Mar-2019,rev by JB 4/24,,,,,,,,,,,,,,,,,,,,,,,
n,Hannah,,,"Hannah was one of Elkanah's two wives. She had no child until she prayed to the Lord at Shiloh. She bore a son, named him Samuel and dedicated him to the Lord. Samuel became a prophet over Israel. (The name Hannah means ""grace"".)",,,,GC 7/7/2019,,,,,,,,,,,,,,,,,,,,,,,
n,Hanun,,,"Hanun was an Ammonite King who treated David's ambassadors very badly when they went to deliver a message to him. He shaved off half of each man's beard, cut off their robes at the buttocks, and sent them back to David in shame. ",,,mod by CB 2024,,,,,,,,,,,,,,,,,,,,,,,,
n,Haran,,,"Haran is a man's name and also the name of a city. Haran was the son of Terah. One of his brothers was Abram. One of his children was his son Lot. When he died, his father Terah went with his son Abram and Haran's son Lot to the city of Haran. A long time later there were two other men named Haran in the Bible.",,,GC 07-Feb-19,rev by JB 4/24,,,,,,,,,,,,,,,,,,,,,,,
t,heaven,"heavens, sky","the Above;
sky;
way up high (G); heaven (R); ","Heaven is used in three ways. As part of the creation, it is the space above the ground, including the air, the clouds and the sky. It also refers to where the planets, stars, and galaxies of the universe are. The last way is in relation to God, it is the place where God lives.",earth,try to separate heaven and sky; asaman not helpful in PNG,,rev by JB 4/24,,,,,,,,,,,,,,,,,,,,,,,
n,Hebrews,"Hebrews, Jew, Jews, Jewish, Israelites","Jew-people; Jew-talk;
","Hebrews are descendants of Abraham, the people whom God chose to be his special nation. Hebrew also refers to the language they speak. The Hebrews later were called Israelites after God changed Jacob's name to Israel, and still later they were called Jews because many Israelites lived in Judah.","gentile, Israelite, Jew",,mod by CB 2024,,,,,,,,,,,,,,,,,,,,,,,,
n,Hebron,,,"Hebron was a city in the land of Canaan. Abraham lived there a while when he first arrived in Canaan. When his wife Sarah  died, he bought a tomb there to bury her. His son Isaac and grandson Jacob also lived there for some time. Over 400 years later, their descendants, the Israelites, left Egypt and conquered the land of Canaan. The city of Hebron was in the territory that the people of the tribe of Judah settled. Almost 400 years later, David became king of Judah and lived at Hebron, before becoming king of all the tribes of Israel and moving to Jerusalem.",,,GC 19-Feb-2019,rewritten by Jim Boyer 3/24,,,,,,,,,,,,,,,,,,,,,,,
t,Herodians,Herodian,,Herodians were Jews who wanted king Herod to rule over Judea in place of the Roman governor. Some Herodians conspired/plotted with Pharisees to destroy Jesus.,,,,,,,,,,,,,,,,,,,,,,,,,,,
t,herd,"herds, flock",,"A herd is a group of animals, especially domesticated (not wild) animals with hoofs that people (shepherds) keep together and look after as livestock to support themselves.",shepherd; livestock,,,,,,,,,,,,,,,,,,,,,,,,,,
n,Hermes,,,Hermes was a Greek god that served as a messenger for other gods. A Roman god like him was called Mercury.,,,,rev by JB 4/24,,,,,,,,,,,,,,,,,,,,,,,
n,Herod,,,"Herod is the family name of kings whom the Romans put in power over parts of Israel. Four of those kings were (1) Herod the Great in Judea, king during the time Jesus was a baby, (2) Herod Antipas in Galilee, who ruled during the time Jesus was preaching, (3) Herod Agrippa the First in Judea, who ruled after Jesus' resurrection and persecuted the early Christians and (4) Herod Agrippa the Second in Judea, who ruled during the time Paul was being held prisoner in Caesarea.",,,,rewritten by Jim Boyer 2024,,,,,,,,,,,,,,,,,,,,,,,
t,High Priest,Chief Priest,leader of the giving to God ones (R); head man of priests (U),"The High Priest, also called the Chief Priest, was the leader of all the priests. The High Priest was the only person permitted to go into the Most Holy Place in the Tabernacle or Temple where he would sacrifice to God for his own sins and the sins the people had done.",priest,other language: head man of priests (Urt),,,,,,,,,,,,,,,,,,,,,,,,,
t,holy,"holiness, holies, holiest","unique;
set apart / special / sacred; 
pure or having no sin/guilt/moral fault;
belonging to God (associated with God);
staying away from bad things/deeds (G);
Pure (W); belonging to God (R); clean (R); straight (k);","Holy means (1) pure, clean, (2) forgiven; (3) unique, different from others; set apart; dedicated or belonging to God, and (4) faithful to God. Jesus was called the Holy One, and God himself is called the Holy Spirit. The Bible calls Christians Saints, which means Holy people.","Holy Spirit, sin, sinful , saint",,,,,,,,,,,,,,,,,,,,,,,,,,
t,Holy Spirit,"God's Spirit, Spirit of Jesus, Jesus' Spirit, God's Holy Spirit","God's Spirit;
God's breath;
the Attractive/Good Spirit (G);
Spirit of Jesus;
The Pure Breath (W); Straight Spirit (R); bright/perfect breath/wind (U)","The Holy Spirit is God. He is holy in that he is perfectly right, and a spirit that in not visible to human eyes. He was involved in creating the world. He gave people the ability to do special work. Jesus sent the Holy Spirit to live with those who believe in him as their counselor to help, lead and instruct them to live in God's ways.",spirit ,other language: bright/perfect breath/wind (urt),,rev by JB 4/24,,,,,,,,,,,,,,,,,,,,,,,
t,honor,"honorable, honored","honor / speak well of (G); 
stay under authority / have first place / lift up/praise name of / make happy (U)t","To honor someone is to tell how great or good a person is, or to show respect for a person's age, wisdom or authority.","worship, praise, thank","other language: stay under authority (urt), have first place (urt), lift up/praise name of (urt), make happy (urt)",GC 23-Feb-2019,,,,,,,,,,,,,,,,,,,,,,,,
t,horse,horses,,"A horse is a big, strong, fast running animal that a person can ride on. Horses are not easily frightened so they can be ridden in battles of war. They can be made to pull wagons and chariots, or to carry loads. Horses come in many sizes, but they are generally shorter than camels and bigger than donkeys. ",,,GC 15-Feb-2019 Mod by CB 2024,,,,,,,,,,,,,,,,,,,,,,,,
t,hosanna,,osaana (R); praise / be happy with (U);,"""Hosanna"" is a greeting that Jews used to shout to give honor to their king. It originates from a Biblical Hebrew phrase ""Pray, save us!"" It acknowledges the anticipated Messiah's role and is perceived as a plea for help. In Jesus' time ""Hosanna"" evolved beyond a cry for help to also signify a prayer for salvation, an invocation of blessing, an exclamation of praise, and a shout of celebration.",,"praise (urt), be happy with (urt)",modified by CB 2024,,,,,,,,,,,,,,,,,,,,,,,,
t,hyssop,,(little) tree called isop (K); ,"Hyssop is a kind of plant. Israel's priests used to dip a hyssop leaf into blood from a sacrificed animal, then sprinkle people or things with the blood to make them holy in the sight of God.",,"Hyssop is a shrub, not a tree.",,,,,,,,,,,,,,,,,,,,,,,,,
t,idol,"idols, gods","(carved/man-made) image worshipped by people;
image;
false god (G, K);
carving (W, R)","An idol is a created, visible image made to represent something not usually visible.  Some people carve idols from wood or from stone. They may believe that a god or a spirit comes and dwells in the idol, so they pray to the idol, supposing that the god will hear them. Objects or things that people desire more than they desire God can also be considered idols.","God,",,"False only in the sense that they are not Yahweh, the incomparable Creator. The spirits of gods do exist and pagans do pray to them.",Mod by CB 2024,,,,,,,,,,,,,,,,,,,,,,,
t,incense,,"sticky substance whose smoke smells good (R); 
 powder cooked/burned and its smoke smells good and it is called insens (K)",Incense is made from the sap or parts of a tree that smell sweet when burned. Incense was used by the Jews for worship in the tabernacle and in the temple of God. People of other religions also burn incense while worsipping their gods.,frankincense,,,mod by CB 2024,,,,,,,,,,,,,,,,,,,,,,,
t,iron,,,"Iron is a strong metal useful to make tools, weapons, war carts or chariots (to be pulled by horses) and chains.",,,,GC 7/7/2019,,,,,,,,,,,,,,,,,,,,,,,
n,Isaac,,,"Isaac lived about 1900 years before Jesus. Isaac was the son that God promised to Abraham and Sarah. But Sarah could not have children, so she laughed when he heard God's promise.  When she gave birth to him, they named him Isaac, which means laughter. Later, when Isaac was a youth, Abraham almost killed him as a sacrifice to the Lord God, but God stopped him. Isaac married Rebekah and they had twin sons Esau and Jacob.",,,The spirit of Antichrist has promulgathed a false docrine that Abraham offered his bastard son Ishmael.,"mod by CB 2024
rev by JB 4/24",,,,,,,,,,,,,,,,,,,,,,,
n,Isaiah,,,Isaiah was a prophet who lived around 800 years before Jesus. He gave counsel to the kings of Judah and he wrote the Book of Isaiah in which he made many predictions about the Messiah. Jesus fulfilled all the things that Isaiah wrote about him.,,,,mod by CB 2024,,,,,,,,,,,,,,,,,,,,,,,
t,Israel,"Israelite, Israelites",,"Israel is a name in the Bible used to refer to different people and places. It was first used by God's angel when he renamed Jacob, the grandson of Abraham, as Israel. Then his descendents became a nation that was called Israel, and those people are called Israelites. After 400 years in Egypt, they moved to the land of Canaan and lived there, so the territory became known as Israel. After King Solomon's death, the nation divided in two; the southern kingdom was known by the name of the tribe of Judah, and the northern kingdom was known as Israel. In our day, Israel is once again used as the name of the nation in that land.","Hebrew, Jew",,GC 23-Feb-2019,rewritten by Jim Boyer 3/24,,,,,,,,,,,,,,,,,,,,,,,
n,Jabin,,,"Jabin was a Canaanite king who lived in Hazor. The commander of his army was Sisera, who cruelly oppressed the Israelites for twenty years. After the Israelites prayed to the Lord, they defeated Jabin's army and killed him.",,,GC 07-Feb-19 mod by CB 2024,,,,,,,,,,,,,,,,,,,,,,,,
n,Jacob,,,"Jacob lived about 1850 years before Jesus. He was a son of Isaac and grandson of Abraham. After Jacob wrestled with an angel from God, the angel gave him a new name, Israel. Israel's twelve sons became the ancestors of the twelve tribes of Israel. Thus, the Israelites are sometimes called the House of Jacob.",Israel,,,,,,,,,,,,,,,,,,,,,,,,,,
n,Jael,,,"Jael was the wife of Heber the Kenite. They lived in Israel but the Kenites were at peace with the Canaanites. When Sisera the Canaanite army commander fled from the Israelite army, he took refuge in Jael's tent. She welcomed him in as a friend, but then she killed him as he slept. (The name Jael means ""The Lord is God"".)",,,"Yah is often assumed to be a short form of Yahweh, even though other nations myths mention a deity called Yah or Yeh.",GC 7/7/2019,,,,,,,,,,,,,,,,,,,,,,,
t,jail,"jails, prison, prisons, imprisoned, jailed","place where one is emprisoned (G);
","A jail or prison is a small house or room in which governments lock up criminals or those accused of a crime. Joseph was locked up in a jail in Egypt, Peter in a jail in Jerusalem, and Paul in a jail in Rome.  A person who is locked up in a jail is called a prisoner.  A person who is in authority over a jail or prison is called a jailor.",chain,,GC 19-Feb-2019,,,,,,,,,,,,,,,,,,,,,,,,
n,James,,,"There were several men named James in the New Testament:  (1) the apostle James, son of Zebedee, brother to the apostle John, a ""son of thunder"" who was beheaded by Herod Acts 12:1-2. (2) another apostle, James, son of Alphaeus, sometimes referred to as ""little"" or ""younger""; and (3) James, the (half) brother of Jesus. James the (half) brother of Jesus later became a Christian and leader of the church in Jerusalem during the first years. 12:17; 21:18; Gal. 1:19; 2:9, 12 (The Hebrew form of James is Jacob.)",,,GC 08-Mar-2019 mod by CB 2024,rev by JB 4/24,,,,,,,,,,,,,,,,,,,,,,,
t ,jealous,jealousy,,"To be jealous can mean (1) to feel bad, hurt or angry when someone else succeeds or has something that you want, (2) to envy others, or (3) to desire what someone else has. God feels jealous (hurt or angry) when his people worship other gods. Being jealous for the wrong reasons can lead you to commit sin.",,,The slant (/) has no meaning. Mod by CB 2024,,,,,,,,,,,,,,,,,,,,,,,,
n,Jehoiachin,"Jeconiah, Coniah, Jechonias",,"Jehoiachin, also called Coniah and Jeconiah, was a king of Judah. He ruled only three months and ten days beginning when he was 18 years old. While he was king a Babylonian army invaded and capture the City of Jerusalem 598 years before Christ.",,,,"GC 7/7/2019
rev by JB 4/24",,,,,,,,,,,,,,,,,,,,,,,
n,Jehoiada,,,"Jehoiada, the high priest of Jerusalem's temple in the kingdom of Judah, served during the reigns of King Ahaziah, Queen Athaliah, and King Joash. When Joash was a baby, Jehoiada's wife saved him from Queen Athaliah's plot to kill him. Jehoiada helped lead a revolt that resulted in Queen Athaliah's overthrow and death.",,,,GC 7/7/2019,,,,,,,,,,,,,,,,,,,,,,,
n,Jephthah,,,"Jephthah lived about 1700 years before Jesus during the time of the judges. He was a mighty warrior and became the leader of the Israelite's army, leading it to victory over the Ammonites. He made a rash vow to God and subsequently had to sacrifice his daughter in a burnt offering.",,,,mod by CB 2024,,,,,,,,,,,,,,,,,,,,,,,
n,Jeremiah,,,"Jeremiah lived around 600 years before Jesus, before and during the time when Israel was destroyed by Babylon. God sent him to call the Israelites to repent of their disobedience. During 40 years he warned them that the Bablonians would come and capture Jerusalem and take them into captivity for 70 years, but they did not repent. Jeremiah is known as the ""weeping prophet"" and he wrote the book of Lamentations.",,,mod by CB 2024,rev by JB 4/24,,,,,,,,,,,,,,,,,,,,,,,
n,Jericho,,,"Jericho was the name of a strong, walled city in Canaan. It was the first city that Joshua and the Israelites came to in Canaan. Two Israelite men were sent to spy in the city. A woman who lived there, named Rahab, helped them escape. Joshua led Isreal to fight against the city, and God caused the walls of Jericho to fall down. With God's miraculous help they defeated it. ",,,Good as is.,,,,,,,,,,,,,,,,,,,,,,,,
n,Jeroboam,,,"After King Solomon died, his kingdom was divided in two. Jeroboam became king over the northern part, which they called Israel. Jeroboam told the people to stop going to Jerusalem to worship God, and he told them to worship by bowing to idols that looked like a bull. He also made himself to be a priest. These actions displeased the Lord. Jeroboam was a wicked king.",,,GC 19-Feb-2019,rev by JB 4/24,,,,,,,,,,,,,,,,,,,,,,,
n,Jerusalem,,,"Jerusalem is a city king David captured and made Israel's capital city. (The name Jerusalem means Peace City.)  After David, his son King Solomon built a temple for God at Jerusalem. For 1000 years, Jerusalem city remained the central place of worship for Jews. Another name for Jerusalem is Mount Zion, because it is located on a mountain. Jerusalem has been destroyed and rebuilt several times. ",Zion,, ,rev by JB 4/24,,,,,,,,,,,,,,,,,,,,,,,
n,Jesse,,,"Jesse was the father of King David, who was an ancestor of Jesus Christ. In the Old Testament, the prophet Isaiah had written that the Messiah or Christ would be a descendant of Jesse and of David.",,,,rewritten by Jim Boyer 3/24,,,,,,,,,,,,,,,,,,,,,,,
n,Jesus,,"Yeesu in Roman script, Isaa in Arabic script (W);","Jesus is the promised Messiah or Christ. Before he was born, an angel  told Mary and Joseph to name their son Jesus, which means ""God Saves,""  because he would save people from their sins.  Jesus is God come in human flesh, the only Saviour. He worked miracles on earth, he died because of our sins, he rose to life three days later, and he has ascended into heaven. He will return to earth from heaven someday to judge the living and the dead and to continue ruling over the kingdom which he is even now in the process of building. Some other titles which are given to Jesus are: Jesus Christ, Messiah, Son of God, Son of Man, Son of David.",,Arabic ref.,,mod by CB 2024,,,,,,,,,,,,,,,,,,,,,,,
n,Jethro,Reuel,,"Jethro was the title of a priest of Midian. His personal name was Reuel (Ex. 4.18). Moses married one of Jethro's daughters named Zipporah. (The name Reuel means ""friend of God"".)",,,,GC 7/7/2019,,,,,,,,,,,,,,,,,,,,,,,
n,Jew,"Jews, Jewish, Hebrews",people (a tribe) called Jews; sons of Israel (W);,"The Jews were descendants from Abraham and Jacob (who was also called Israel). They lived in the land called Judah, thus the title Jews. The Jews were known as ""God's people"" because God chose them to be the nation through whom he would make himself known and through whom the Messiah would be born. God chose the people of Israel, the Jews, to be a light to all the nations, to show God to all the world. The ethnic Jews did not do that, however, so God sent Jesus, born as a Jew, to fulfill his purpose to bring light and life to all the nations in the world. Jesus taught that a ""true"" Jew was not an ethnic descendant from Abraham, but rather any person (no matter their biological ethnicity) who trusted and obeyed God like Abraham did.  ","Gentile, Israelite","I would leave this out from notes: Sometimes the term ""Jew"" is used figuratively/generically in the New Testament to refer to believers, Christians, people who truly belong to God. (Hilkka)",,,,,,,,,,,,,,,,,,,,,,,,,
t,jewel,"jewels, gem, gems, gemstone, gemstones",stone (R); beads (R); stones you pay big money (U);,"Jewels are beautiful stones of different colours that cost a lot of money. They are used in making beautiful jewelry such as necklaces, bracelets and rings. The high priest of Israel wore jewels on his breast plate to symbolize the 12 tribes of Israel. The New Jerusalem is described in the Book of Revelation as having walls made of jewels.",,other language: stones you pay big money,,,,,,,,,,,,,,,,,,,,,,,,,
t,Jewish religious leaders,"religious leader, religious leaders, Jewish religious leader","leaders of Jews who believe in God (G); 
","Jewish religious leaders included priests, rabbis, scribes and teachers whose work was to help others understand and obey God's laws. Many such leaders disbelieved in Jesus and tried to harm the Jews who became Christians.","pharisee, Sadducee",,GC 15-Feb-2019,,,,,,,,,,,,,,,,,,,,,,,,
n,Joab,,,"Joab was a loyal commander over King David's army for many years. His name means ""my father is God."" As a young man, Joab fought alongside David as one of his mighty men. After defeating the Jebusites and gaining control of Jerusalem, David appointed him as the commander of his army. Joab was an excellent military leader and never lost a battle. He played a key role in establishing Israel as a powerful kingdom. Joab was loyal to King David but in the end David commissioned his son Solomon to have him killed.",,,GC 07-Feb-19,,,,,,,,,,,,,,,,,,,,,,,,
n,Joash,Jehoash,,"Joash was the name of two Israelite kings. A variation of their name was Jehoash.  
1. The first one was king of Judah (the southern kingdom). He became king as a child and was a good, godly king for many years. But as he grew older he did what was wicked. He was king for 40 years until his officers conspired against him and killed him. His son became king in his place and did what was right to God.
2. The other Joash became king of Israel (the northern kingdom) during the last couple years of the other King Joash. He did what was evil to God and ruled only 16 years until he died. ",,,GC 07-Feb-19 mod by Jim Boyer 2024,,,,,,,,,,,,,,,,,,,,,,,,
n,Job,,,"Job was a famous, rich, godly, good man who lived long, long ago. After enemies stole all of his wealth and Satan killed his children, he became very sick. His friends accused him of secret sins, but Job knew he was a good man, so he wanted to ask God why he was suffering. After suffering so much, God restored his health and his wealth, and he had more children.",,,GC 19-Feb-2019,,,,,,,,,,,,,,,,,,,,,,,,
n,John,,Yowanna (W),"The name John means ""God's Grace"". Men in the Bible named John include (1) the baptizer who warned people to return to God, (2) an apostle of Jesus who was one of three very close to Jesus and who wrote the Gospel, several letters and the Revelation, (3) Barnabas' cousin called John Mark who wrote a Gospel, (4) Simon Peter's father, (5) a relative of Annas, a high priest.",,Arabic ref.,Some believe that (2) and (6) be the same man.," Several people named John are mentioned in the New Testament. The two most important are John the Baptizer and John the Apostle: (1) John the Baptizer was the prophet who prepared the way for Jesus. He was a prophet in the tradition of Elijah, and like Elijah he warned the people to repent and come back to God. See Matthew 3:1–15; 11:2–19; 14:1–12; 17:13; 21:24–32; Mark 1:4–11; 6:14–29; 11:29–33; Luke 1:13–17, 57–63, 76–80; 3:2–20; 7:18–33; 11:1; John 1:6–8, 15, 19–36; 3:22–30. (2) John the Apostle was the son of Zebedee and brother of James. He was one of the twelve apostles of Jesus. He wrote the Gospel of John and the Letters of John, and almost certainly the Book of Revelation. See Matthew 4:21–22; 10:2; 17:1–13; Mark 1:29; 3:17; 5:37; 9:1–13, 38; 10:35–41; 13:3; Luke 8:51; 9:28–36, 49, 54; 22:8; Acts 3:1–11; 4:13, 19–20; 8:14–17; Galatians 2:9; Revelation 1:1, 4, 9; 22:2, 8. (3) John Mark, the cousin of Barnabas and co-worker of Paul, wrote the Gospel of Mark (Acts 12:12; 13:4–13; 15:37–39; Colossians 4:10; 2 Timothy 4:11; Philemon 24; 1 Peter 5:13). (4) John was the name of the father of Simon Peter (Matthew 16:17; John 1:42; 21:15–17). (5) Also there was a member of the family of the High Priest Annas named John (Acts 4:6).",,,,,,,,,,,,,,,,,,,,,,,
n,Jonah,,,"Jonah lived around 800 years before Jesus. He was a prophet. God sent him to preach to the enemies of the Jews in the wicked city of Nineveh. Jonah didn't want to gothere, so he disobeyed God. He was swallowed by a large fish and spit up on shore after 3 days. Then Jonah obeyed God and went to Nineveh. Jesus said that, just like Jonah was 3 days in the fish, he would be dead for 3 days.",,,,rev by JB 4/24,,,,,,,,,,,,,,,,,,,,,,,
n,Jonathan,,,"Jonathan was King Saul's son. He and David became very good friends. When Saul and Jonathan died in battle, David became king in their place. (The name Jonathan means Gift from the Lord.)",,,,,,,,,,,,,,,,,,,,,,,,,,,
n,Joppa,,,"Joppa was a city and sea port located on the Mediterranean Sea coast to the northwest of Jerusalem. Timber was cut in Lebanon and floated to the port of Joppa for King Solomon's temple and, later, for the temple re-built by Zerubbabel. Joppa is the city to which Jonah fled after the Lord told him to go to Nineveh. In New Testament times, while the apostle Peter was in Joppa, he raised a woman named Tabitha back to life. ",,,GC 19-Feb-2019,rev by JB 4/24,,,,,,,,,,,,,,,,,,,,,,,
n,Jordan,Jordan river,,"Jordan is the name of the long river that flows from north to south in the land of Israel. On the west side of the Jordan is good farmland, whereas the east side of the Jordan remains wilderness. In New Testament times, John the Baptist baptized people in the Jordan River, including Jesus.",,,,mod by CB 2024,,,,,,,,,,,,,,,,,,,,,,,
n,Joseph,,,"Joseph is the name of several men in the Bible: (1) Jacob's eleventh son who was sold as a slave in Egypt about 1800 years before Jesus. He became an important official in Egypt where he brought Jacob's family to stay 400 years. (2) The husband of Mary, the mother of Jesus. (3) One of Jesus' brothers. (4) The rich Jewish leader who buried Jesus' body, known as Joseph of Arimethea.",,,mod by CB 2024,rev by JB 4/24,,,,,,,,,,,,,,,,,,,,,,,
n,Joshua ,,,"Joshua lived around 1400 years before Jesus. He was one of the 12 spies that Moses sent into Canaan. Joshua became leader of the Israelites after Moses died, until they had conquered Canaan. Joshua said, ""As for me and my house, we will serve the Lord."" (The name Joshua means ""the Lord saves."" The name Jesus is a form of the name Joshua.)",,,GC 07-Feb-19 mod by CB 2024,rev by JB 4/24,,,,,,,,,,,,,,,,,,,,,,,
n,Judah,,,"Judá fue uno de los doce hijos de Jacob. Su madre era Lea. Fue el antepasado de la tribu israelita de Judá. Tras la muerte del rey Salomón y la división del reino de Israel, las tribus del norte siguieron llamándose Israel, pero las dos tribus del sur se llamaron Judá. (El nombre Judá significa Alabanza).",Judea,,"GC 08-Mar-2019
mod by CB 2024
RR: should a note be made here about Judah also being a country split off from Israel?",rev by JB 4/24,,,,,,,,,,,,,,,,,,,,,,,
n,Judea,,,Judea is the name of the province or area where the tribe of Judah lived. It included the area around Jerusalem and south to the Dead Sea and west to the Mediterranean Sea.,Judah,Judea is name of province/area where tribe of Judah lived. (Hilkka),,rev by JB 4/24,,,,,,,,,,,,,,,,,,,,,,,
t,judge,judges,"leader of the Jews in Kanaan land (G); 
man (who) decides (solution for) disputes/talk (U);","A judge is a leader who settles disputes and makes decisions. In ancient times, before there was a king in Israel, there were judges  who ruled over the tribes. These judges had authority to settle disputes and arguments, and even to lead soldiers in battle. Some well-known judges in the Old Testament were Eli, Samuel, Samson, Jephthah, Gideon and Deborah. In modern times, a judge is usually the one to make or announce a final decision in a court.","king, prophet",other language: man (who) decides (solution for) disputes/talk (urt),GC 07-Feb-19 mod by CB 2024,rev by JB 4/24,,,,,,,,,,,,,,,,,,,,,,,
t,just,"justice, justly, fair, justify","one is held to be good in (God's) presence (G);
Set someone right (W); call them straight ones (R); call them straight in his eyes (R);
tell correctly people's works (G);
","Justice means obeying laws or standards. A just person obeys laws. A just judge decides cases by what the law says. God is just when he rewards or punishes others by what his own laws say. God accepts as righteous or justified, those who believe his promises, as Abraham did. Although our good works show that we have faith, it is our faith that justifies or saves us. (God does not justify those who try to earn their salvation.)","righteous, good, evil",,,,,,,,,,,,,,,,,,,,,,,,,,
n,Keturah,,,"Keturah is the name of the woman Abraham married after Sarah died. Abraham and Keturah had seven sons. One of her sons was Midian, who was the ancestor of the Midianites. Years later they were the enemies of the Israelites. ",,,GC 19-Feb-2019 mod by CB 2024,rev by JB 4/24,,,,,,,,,,,,,,,,,,,,,,,
t,kind,kindness,"doing good to people (G); 
","The word kind is used to describe someone who is helpful, sympathetic, good and gentle. Kindness is doing good for other people in a gentle manner. ",mercy,"take out: showing pity to people (because it is mercy, not kindness) (hilkka)",GC 15-Feb-2019 mod by CB 2024,,,,,,,,,,,,,,,,,,,,,,,,
t,king,"kings, King","ruler/authority person;
Chief (G); king (R);
","A king is the highest ruler over a kingdom or nation.  The first king over Israel was Saul. Between Israel and Judah there were a total of 42 kings and one queen. Some nations worshipped their king as a god. Some nations, kingdoms or empires called their kings by different titles or names, for example, Rome called their kings Cesaer, Egypt called their kings Pharaoh and the Philistines called their kings Abimelech.","Caesar, Pharaoh, Abimelech",,,"mod by CB 2024
rev by JB 4/24",,,,,,,,,,,,,,,,,,,,,,,
t,kingdom ,"kingdoms, empire, empires",,"A kingdom is wherever a king rules over land and people. An empire is wherever a king rules over many lands and peoples. Sometimes the word ""throne"" symbolizes kingdom.","nation, country",,GC 08-Feb-19,,,,,,,,,,,,,,,,,,,,,,,,
t,Kingdom of God,"Kingdom of Heaven, God's Kingdom, God's King","realm of God;
How God rules [reigns] over everything;
God's ruling of people (G); government of God (R); ","“Kingdom of God” often means that God rules over all creation. Sometimes it refers to a future time when God’s Messiah will rule over all nations. Meanwhile, for Christians it means living in obedience to Jesus. 
“Kingdom of Heaven” is the same, but uses the word Heaven in place of God, because Jews often did not want to say ‘God’ because they respected God’s Name.",,,"RR: #3 definition seems to contradict #1.  If Jesus (and God) are truly all-powerful and have all authority, then it seems to me that Jesus has been and is currently the king over earth and heaven.  He is the High King.  Currently there are many ""under kings"" reigning on earth, but they are under Jesus' sovereignty.  Perhaps #3 should say something more like One day Jesus will do away with all other earthly kings and he himself will reign soley, visibly as King of earth when earth and heaven are once again rejoined/renewed.
GC: God's eternal sovereign rule over his creation and its creatures, to my knowledge, is not called 'Kingdom of God' in Scripture, only in abstract theology. Theology can inform translators, but should not introduce extraneious infomation into translation of specific verses.
RR: I feel more comfortable in having information that is general here, rather than trying to define past, present, future and eternal kingdoms (which is more a theological extraction than clearly deliniated in Scripture).
GC 08-Feb-19",rev by JB 2024 ,,,,,,,,,,,,,,,,,,,,,,,
t,knowledge,"know, known",the real knowing of things (G);,Knowledge or 'to know' may mean (1) everything that people can remember and talk about; (2) ideas or thoughts that people believe to be true; (3) to enjoy being with someone or belonging to God; or (4) to conceive children together. Wisdom is skill in how to use knowledge to do good actions.,wisdom,,GC 08-Mar-2019,,,,,,,,,,,,,,,,,,,,,,,,
n,Korah,,,"Korah was a man who led a rebellion against Moses and Aaron. So, God caused the ground to crack open and Korah and all who followed him fell into the crack and died.",,,,rev by JB 4/24,,,,,,,,,,,,,,,,,,,,,,,
n,Laban,,,"Laban was a relative of Abraham, his nephew's son. His sister was Rebekah, the mother of Abraham's grandson Jacob. Laban had two daughters, Leah and Rachel, who married Jacob. Laban lived in Haran. He did not believe in the true God.",,,,rev by JB 4/24,,,,,,,,,,,,,,,,,,,,,,,
n,Lake Galilee,"Sea of Galilee, Sea of Tiberias",,"Lake Galilee is a large body of deep fresh water in northern Israel, from which the Jordan River flows southwards.",,,GC 08-Mar-2019,,,,,,,,,,,,,,,,,,,,,,,,
t,Lamb of God,God's Lamb,"adolescent man sheep of God (K); young/small sheep of God (R, W)","In the time of the Old and New Testament, the Jews sacrificed lambs as a payment for their sins. John the Baptist called Jesus the Lamb of God, because he knew that Jesus would die as a sacrifice, so that God would forgive us humans of our sins. The Book of Revelation refers to Jesus as the Lamb that was slain or killed but has come back to life.",,,"As essential element of the Good News is that Jesus was crucified because of our sins. Romans explains that Jesus' death exonorates God who forgives guilty sinners. However, the idea of substitution seems a modern, evangelical metaphone that displaces attention away from the holiness of God onto a kind of punishment theme, perhaps a useful idea though hard to prove scripturally.",mod by CB 2024,,,,,,,,,,,,,,,,,,,,,,,
t,lampstand,"lamp, lantern ",,"A lampstand is a kind of lamp, made of metal, that supports one or more flames of fire, and holds their fuel. In the book of Exodus, God gave directions for how a lampstand was to be made of gold and be placed in the tabernacle. It was put in the Holy Place and its light was to never go out.",,GC: ,Distinguished from clay lamps and from fire pots.,mod by CB 2024,,,,,,,,,,,,,,,,,,,,,,,
t,land,"earth, country",earth/land (G);,"Land can mean (1) the ground upon which we walk, (2) the soil in which we plant seed, (3) the country in which we dwell, or (4) the earth (the part of our planet) that is not covered by sea water.",,,,,,,,,,,,,,,,,,,,,,,,,,,
t,law (of Moses),"law, Moses' law",the words of Moses of long ago (G); instructions from God through Moses; Way of Moses (W);,"The Law contains the rules and instructions that God revealed to Moses for the Israelites to live correctly. The law describes actions and thoughts that please God or that do not please God. The best known laws are the Ten Commandments, written in Exodus 20. Moses received from God over 600 laws which he wrote down in Exodus and Leviticus. The law shows us humans that we are sinful because we cannot keep all the laws, therefore we should be punished. But our sin is forgiven and we are saved from punishment when we put our trust in Jesus.",,,,rev by JB 4/24,,,,,,,,,,,,,,,,,,,,,,,
t,leader,leaders,ones who guide you (G); head man (U),"A leader is someone who leads, guides, directs, commands or points to the way in which others must go. Very powerful leaders were called kings or emperors. Less powerful ones were called chiefs, governors or elders. Least powerful ones were family heads and work bosses.","king, governor, elder",other language: head man (urt),,mod by CB 2024,,,,,,,,,,,,,,,,,,,,,,,
t,leprosy,"leper, lepers",lepra (R),"Leprosy is a serious skin disease that can result in the loss of parts of the body. People who had the leprosy illness were called lepers. Those who suffered from this disease in Bible times were required to live apart from other people. (Although healthy people would never touch a leper, Jeus touched lepers when he healed them.)",,,,rev by JB 4/24,,,,,,,,,,,,,,,,,,,,,,,
n,Levi,"Levites, Levite",from the clan of Lewi (R); from the clan of Liwai (K),"Levi was one of the twelve sons of Jacob, the ancestor of the Tribe of Levi, known as the Levites. In Israel, only the Levites were allowed to serve as priests and workers in the temple at Jerusalem. Both Moses and Aaron were Levites. Jesus came from the tribe of Judah so he was not a Levite, but after he died and ascended to heaven, he became the high priest for his followers because he reconciles us to God. In the New Testament, Levi is the name of a tax collecter in the Gospel of Luke. The same man is called Matthew in the Gospel of Matthew. He was a disciple of Jesus and he wrote that gospel.",,,,rev by JB 4/24,,,,,,,,,,,,,,,,,,,,,,,
t,Lion,lions,laion (K); large cat / jaguar (G); simba (W);,"Lions are very large, strong, brave cats that kill and eat other large animals. They have sharp teeth and long claws that retract. Lions are dangerous and can kill people. Kings were often compared to lions. Jesus is called the Lion of the Tribe of Judah.",,jaguar and simba not helpful in PNG,,,,,,,,,,,,,,,,,,,,,,,,,
t,livestock,,,"Livestock are domesticated animals like goats, cows, camels, donkeys and sheep that people raise near their homes in order to use them for food, milk, carrying loads, pulling farm equipment, providing wool, etc. ","herd, shepherd",,,mod by CB 2024,,,,,,,,,,,,,,,,,,,,,,,
t,locusts,locust,,"Locust are flying insects (something like a grasshopper) that may come in swarms and destroy crops and other plants. Some people eat locusts for food. In the time of Moses, one of the plagues that fell on Egypt were swarms of locusts. Many years later, the prophet Joel prophesied of locusts being sent by God as a punishment to the people of Israel.",,,,GC 7/7/2019 mod by CB 2024,,,,,,,,,,,,,,,,,,,,,,,
t,Lord,,Most High God; Big/Great person; the owner/boss of all people (G); rich & important man (R); big (K); Owner (W);,The title of Lord can mean several things: (1) The Only Creator God; (2) owner of land or of slaves; (3) husband; (4) a spirit that rules over other spirits; and (5) a title of respect like Sir.,God,,"Of course, in English LORD translates the Hebrew YHWH, which the LXX translated as kurios, lord, without a definite article. Hence the practice of substituting LORD for Yahweh, and of referring to Jesus as Lord. Lord also translates the Hebrew Adonai (My Lords) used only of God.",,,,,,,,,,,,,,,,,,,,,,,,
n,Lot,,,"Lot was Abraham's nephew (his brother's son). Lot dwelt near Abraham, but when both men came to have big herds of cattle, they separated. Abraham chose to dwell in tents and Lot went and lived in the evil city of Sodom. Lot became the ancestor of the Moabites and of the Amonites; both were enemies of the Israelites.",,,,mod by CB 2024,,,,,,,,,,,,,,,,,,,,,,,
t,love,"loving, loves, loved",Want (W);,"Love is affection or desire for someone or something, or an attraction to someone or something. There are four types of love: (1) Sexual love is the desire for physical intimacy with someone else. (2) Familial love is the affection a married couple has and members of a family have for each other. (3) Brotherly love is a strong affection for another person. When two people have this affection for each other they can be good friends. (4) Love given by God is being good and kind to other people and taking care of them. It is desiring what is best for the other person and not being selfish. 
God is love, and he commands that we love him with all our heart, soul, mind and strength. God loved us and sent Jesus to save us. Jesus told his disciples to love one another and in this way the people of the world will see what God's love is like.
","kind, mercy, grace",,other lg example weard: want (W)???. E.g. better to say like a lot.,"GC 15-Feb-2019,
rev by JB 2024 ",,,,,,,,,,,,,,,,,,,,,,,
t,magi,wise men,sky watchers (W);star men; star knowers (G); men who studied the stars; lords of knowledge (W);,"The magi were wise men from the East (most likely from Persia, or modern-day Iran) who studied the sky and the stars to discern signals or messages from God. After Jesus was born, they traveled to Bethlehem to visit him and give him gifts. They were guided to look for the King of the Jews by a special star known as the “Star of Bethlehem.” ",,,,mod by CB 2024,,,,,,,,,,,,,,,,,,,,,,,
n,Manasseh,,,Manasseh was the older of Joseph's two sons. Manasseh became an ancestor of one of the tribes of Israel. (The name Manasseh means Forget.),,,GC 23-Feb-2019,,,,,,,,,,,,,,,,,,,,,,,,
t,manna,,"maanaa (R);
food which falls from the sky (G); 
","Manna was food that God gave to the Israelites during their 40-year wandering between Egypt and Canaan. In the Hebrew language, manna means ""what is it?"".  It was something like sweet bread without yeast.  Every morning, except the Sabbath, the Israelites would gather manna from the ground around their camp site. Manna has a pleasant taste, but it spoiled quickly.",bread,,,,,,,,,,,,,,,,,,,,,,,,,,
n,Mark,,,"Mark was a common Roman name. A young Jewish man named John Mark, who had known Jesus, wrote the Gospel of Mark. He accompanied Paul and Barnabas on some of their missionary journeys.",,"This is not essential:  failed as a Christian missionary -  rather he quarreled with Paul, but is that necessary to mention here? (Hilkka)",GC 08-Mar-2019 mod by CB 2024,,,,,,,,,,,,,,,,,,,,,,,,
n,Mary,,,"Mary, the mother of Jesus, was of the tribe of Judah and the line of David.  She lived in Nazareth before her marriage to Joseph. In the New Testament, there are several other women named Mary: (1) a follower of Jesus from Magdala who had seven demons cast out of her, (2) the sister of Lazarus and Martha who was from Bethany, (3) the mother of James and (4) the mother of John Mark. The name Mary may mean ""Wished-for child"" or ""Bitter.""",,," Several different women named Mary are mentioned in the New Testament: (1) Mary the mother of Jesus. (2) Mary of Magdala. Jesus drove seven evil spirits from her, and she became one of his followers (Matthew 27:55–56; Mark 16:9; Luke 8:2; John 20:1–2; 11–18, and other passages). (3) Mary of Bethany, the sister of Martha and Lazarus. She sat at the feet of Jesus and listened to his teaching (Luke 10:38–42; John 11:1–5; 12:1–7). (4) Mary the mother of James and Joseph. This Mary may be the same person as Mary the wife of Cleopas, but this is not certain (Matthew 27:56; Mark 15:40; 16:1; Luke 24:10). (5)Mary the mother of John Mark. This Mary had a house in Jerusalem where the disciples of Jesus used to meet (Acts 12:12).","mod by CB 2024
rev by JB 4/24",,,,,,,,,,,,,,,,,,,,,,,
n,Matthew,,,"Matthew, also known as Levi, was an educated man, a tax collector when Jesus called him to be his disciple.  Matthew wrote a Gospel book about the life of Jesus.",,,GC 08-Mar-2019,,,,,,,,,,,,,,,,,,,,,,,,
n,Media,Medes,,"The Medes were an Iranian tribe. In the 7th century BC, they founded a kingdom called Media that allied with the Persians to attack Babylon. King Darius was a Mede.",,,GC 08-Mar-2019,,,,,,,,,,,,,,,,,,,,,,,,
n,Melchizedek,,,"Melchizedek was the king of Salem and a priest who served the Most-High God. He once blessed Abraham who then gave him with a gift (a tenth, or a tithe). Because Melchizedek did not come from the priestly tribe of Levi, Jesus was likened to him, because he was not a Levite either. Both of them became legitimate priests by virtue of their obedience to the Most High God. The name Melchizedek means My King is Just. ",,,"""Without geneology."" Geneology was a requirement for Levitical priests. Netither Melchizedek nor Jesus had preiestly credentials, yet both became legitimate priests by virtue of their obedience to the Most High God.",mod by CB 2024,,,,,,,,,,,,,,,,,,,,,,,
n,Mephibosheth,,,"Mephibosheth was a son of Jonathan. He was disabled, because both of his feet were broken when he was a child. After David became king, he showed much kindness to Mephibosheth.",,,GC 07-Feb-19,rev by JB 4/24,,,,,,,,,,,,,,,,,,,,,,,
t,mercy,merciful,love/pity (R),Mercy is compassion shown to offenders or enemies. God shows mercy when he provides for his creatures. Jesus showed mercy when he healed the sick and raised the dead. ,"love, grace, kindness",Mercy is compassion shown to enemies or offenders. (I don't think it needs to meet material needs/HiA). (Hilkka),"GC: Do you want to contrast with grace?
RR: users can look up grace and get the contrast.",,,,,,,,,,,,,,,,,,,,,,,,
t,Messiah,Christ,"The King (whom) God promised to send;
Our Truly Important Chief (G); the appointed man (U); 
Al-Masih (W); Kaarisito (R); Mesaia (K)
","The Hebrew word Messiah, and the Greek word Christ, translate to Anointed. In the Old Testament, they called kings ""anointed"" after a prophet poured oil on their head. In the New Testament, Jesus is called the Christ, the Messiah, and God’s Anointed.","King, Son of God",other language: the appointed man (urt).; These are not helful in PNG: Al-Masih (W); Kaarisito (R,,,,,,,,,,,,,,,,,,,,,,,,,
n,Michal,,,"Michal was King Saul's daughter. She loved David who married her while he was still serving King Saul. Years later, she rebuked David after he danced in the streets of Jerusalem. She bore no children.",,,GC 25-Apr-2019,,,,,,,,,,,,,,,,,,,,,,,,
n,Midian,Midianites,,"Midian was the fourth son of Abraham's second wife, Keturah. His ancestors settled in the area east of what we call today the Gulf of Aqaba, which is southeast of Israel. The people who lived in that land were called Midianites. After Isreal was settled in the land of Canaan, the Midianites would raid and rob Israel during the time of the Judges. God strengthened Gideon to defeat the invading Midianites.",,,"GC 08-Feb-19

Gideon did not go conquer Midia.",rev by JB 4/24,,,,,,,,,,,,,,,,,,,,,,,
t,miracle,"miracles, wonders","something that caused people to be surprised (G); 
","A miracle is something surprising and unexpected that only God can do. Miracles are not magic or tricks or deception. Jesus did miracles to show he was God, such as turning water into wine and walking on the water. His apostles could also do miracles to show that they were messengers from God. Miracles can also be called signs and wonders. ",,,,GC 19-Feb-2019 mod by CB 2024,,,,,,,,,,,,,,,,,,,,,,,
n,Miriam,,,Miriam was the sister of Moses who watched over him when he was a baby and was put in the bulrushes. She and Moses and their brother Aaron lead the people of Israel from slavery in Egypt to the Promised Land in Canaan. She was a prophetess who taught songs to the Israelites.,,,,GC 7/7/2019 mod by CB 2024,,,,,,,,,,,,,,,,,,,,,,,
n,Moab,"Moabite, moabites",,"Moab was a son of Abraham's nephew Lot. Moab's desendents were the Moabites, who dwelt in Moab, to the southeast of Israel across the Jordan River. The Moabites worshipped the god Molech by sacrificing their children. Ruth was a Moabite woman who married an Israeli man. She believed in the true God and accompanied her mother-in-law back to Bethlehem. She was an ancestor of King David and Jesus.
",,,,rev by JB 4/24,,,,,,,,,,,,,,,,,,,,,,,
n,Molech,,,"Molech is an evil spirit and a god or idol worshiped by some pagans. In some countries, worshippers sacrificed their own children to idols of Molech. Some Israelites at Jerusalem made the Lord very angry when they sacrificed their children. (The name Molech means King of death.)",,,GC 19-Feb-2019,,,,,,,,,,,,,,,,,,,,,,,,
n,Mordecai,,,Mordecai was a Jewish exile who worked in the palace of King Xerxes of Persia. He reared his orphan cousin Esther who became Xerxes' queen. Xerxes rewarded Mordecai for his faithful service.,,,GC 08-Mar-2019,,,,,,,,,,,,,,,,,,,,,,,,
n,Moses,,Musa (W from Ar),"Moses lived around 1450 years before Jesus. He was born to a Hebrew slave family in Egypt, but was adopted by an Egyptian princess. Moses left Egpyt at age 40, but God sent him back to Egypt at age 80, to lead the Hebrews to Canaan. God revealed his Law to Moses, and he wrote the first books of the Old Testament.",,arabic ref.,,,,,,,,,,,,,,,,,,,,,,,,,
t,mustard,,mastad (K),"Mustard is a kind of spice plant that has tiny seeds that grow into a big plant. Jesus said, ""If you have faith as a mustard seed, you can move mountains.""",,,,,,,,,,,,,,,,,,,,,,,,,,,
t,myrrh,,sticky substance of perfume called mira (R); good smelling sap of a tree called mira (K); sap that smells (W),"Myrrh is a costly, sweet-smelling sap or resin of a certain tree. The Jews used myrrh for medicine, because it makes a person sleepy so that he does not feel much pain. They also applied myrrh to dead bodies for burial.",incense,,GC 07-Feb-19,,,,,,,,,,,,,,,,,,,,,,,,
n,Naaman,,,"Naaman lived about 800 years before Jesus in the country of Syria where he was a commander of soldiers. He was a pagan (Gentile), not a Jew, and he suffered with a skin disease. The prophet Elisha told him to go bathe in the Jordan river. Naaman obeyed and was healed, becoming a believer in Israel's God. (Jesus told the Jews that God accepted Namaan who did not obey Moses' Law.) (The name Naaman means Pleasant.)",,,GC 07-Feb-19,,,,,,,,,,,,,,,,,,,,,,,,
n,Naomi,,,"Naomi was a woman of Israel who migrated with her husband to Moab, returning to Israel after the deaths of her husband and sons. Her daughter-in-law was Ruth, and the story of these women is written in the Old Testament in the book of Ruth.",,,,mod by CB 2024,,,,,,,,,,,,,,,,,,,,,,,
t,nard,,perfume called naad (R); good smelling liquid called nad (K);,Nard is an oily perfume made from the sap of a plant called spikenard. A woman once bought some nard and anointed Jesus' feet with it. ,,,,,,,,,,,,,,,,,,,,,,,,,,,
n ,Nathan,,,There were two men named Nathan in the Bible. The Prophet Nathan often brought messages from from the LORD to King David. David also named a son Nathan. (The name Nathan means He Gives.),,,GC 07-Feb-19,rev by JB 4/24,,,,,,,,,,,,,,,,,,,,,,,
n,Nathanael,,,Nathanael was one of Jesus' disciples. His other name was Bartholomew. (The name Nathanael  means God gives.),,,GC 07-Feb-19,,,,,,,,,,,,,,,,,,,,,,,,
t,nation,nations,"people (G); kingdom (W);
","A nation is a group of people in a country which is governed by the same government. They usually are of the same origin, have the same language and have common traditions. (Kingdoms are nations ruled by a king. Empires are several nations governed by one supreme ruler.) ","country, empire, kingdom",,,mod by CB 2024,,,,,,,,,,,,,,,,,,,,,,,
n,Nazareth,,,Nazareth was a village in the province of Galilee to the North of Judah. Joseph brought Mary and Jesus to dwell in Nazareth after they returned from Egypt. Because Jesus grew up in Nazareth he was called a Nazarene.,,,GC 07-Feb-19,,,,,,,,,,,,,,,,,,,,,,,,
n,Nebuchadnezzar,,,"Nebuchadnezzar was a pagan king of Babylon from 605 till 562 BC. He was a cruel enemy of the Jewish people. He destroyed the Kingdom of Judah, besieged, plundered and destroyed Jerusalem, and he took the Israelites away in captivity to Babylon. Much later he changed and believed in Israel's God. (The name Nebuchadnezzar means May Nabu preserve my son.) ",,,GC 08-Mar-2019,mod by CB 2024,,,,,,,,,,,,,,,,,,,,,,,
n,Nehemiah,,,Nehemiah was a Jewish high official in the Persian Empire. King Artaxerxes sent Nehemiah to Judah about 445 BC to rebuild Jersalem. He also helped the Jews rededicate themselves to the LORD. (The name Nehemiah means the Lord comforts.) ,,,GC 08-Mar-2019,,,,,,,,,,,,,,,,,,,,,,,,
n,Nile River,Nile,,"The Nile River flows northward through the entire country of Egypt, providing most of the country's water. Egyptians considered the Nile to be a sacred source of life. God gave Moses the power to make the water in the Nile turn to blood.  (The source of the Nile River is located in Lake Victoria in Uganda.)",,,GC 23-Feb-2019,,,,,,,,,,,,,,,,,,,,,,,,
n,Nineveh,Ninevites,,"Nineveh was a great pagan city in the land of Assyria. The Ninevites were very cruel and evil. Around 800 years before Christ, God sent the prophet Jonah to warn the Ninevites that he was going to destroy them. When they heard Jonah's message, they along with their king wept and repented. Because of this, God forgave them and did not destroy them at that time. (But when they repented, Jonah got mad at God, because he had wanted the LORD to destroy Ninevah.)
The little book of Naham tells about when God later destroyed Nineveh.",,,GC 07-Feb-19,,,,,,,,,,,,,,,,,,,,,,,,
n,Noah,,,"Noah lived around 2000 years before Jesus. In those days, humans were doing so much evil that God ordered Noah to build a very big boat. It took him and his family 120 years to build it. Then God caused pairs of animals and all of Noah's family to go into that boat. He then caused it to rain for 40 days and nights and a flood of water covered the land, killing all humans and animals except for those who were in the boat. Because of that, everyone alive today is a descendent of Noah and of his sons. (The name Noah means rest or comfort.) ",,,,mod by CB 2024,,,,,,,,,,,,,,,,,,,,,,,
t,oath,"oaths, vow, vows","promise (R); 
to truly declare what one is going to do (G);
bind talk (U);",An oath or vow is a solemn promise made before God and witnesses. It is done to show that one sincerely intends to do what one says and also that one is telling the truth.,"covenant, promise, curse",other lg: bind talk (urt),,mod by CB 2024,,,,,,,,,,,,,,,,,,,,,,,
n,Obed-Edom,,,"Obed-Edom was a man from the tribe of Levi. King David once kept the Ark of the Covenant in Obed-Edom's house, and the Lord prospered Obed-Edom. After David brought the Ark of the Covenant to Jerusalem, he made Obed-Edom a gate keeper there. (The name Obed-Edom means Servant of Edom.) ",,,,mod by CB 2024,,,,,,,,,,,,,,,,,,,,,,,
t,olive,"olives, olive oil",tree of oliwa (R),"Olive is a kind of fruit-bearing tree. The fruit is edible after it has been cured. Olive oil comes from crushing fruit from an olive tree. Olive oil was used to make food, and was applied to wounds as medicine. Prophets anointed priests and new kings by pouring oive oil on their head. Mount of Olives is also the name of a hill near Jerusalem where Jesus often stayed.  It had a orchard of olive trees on it.",,,"The Mt of Olives is also called Har-Mokhed, which transliterates into Greek as Armageddon, and has nothing to do with the Mageddo Plains.",,,,,,,,,,,,,,,,,,,,,,,,
t,Omega,"zed, zee",Omegaa (R); finisher; ,"Omega is the name of the last letter of the Greek alphabet. The Book of Revelation calls Jesus the Alpha and the Omega, the Beginning and the End, (that is, the Creator and the Redeemer).",,,,,,,,,,,,,,,,,,,,,,,,,,,
n,Orpha,,,Orpha was a woman of Moab. She was a widow who had been married to one of Naomi's two sons.,Ruth,,,,,,,,,,,,,,,,,,,,,,,,,,
t,palace,palaces,"the big house of the real cheif (G); 
",A palace is a large house where a king lives. ,,,,,,,,,,,,,,,,,,,,,,,,,,,
t,Paradise,,God's gathering place (W); Paradais (k); God's living place (G); ),"Paradise is a Greek word meaning ""beautiful garden."" People say that the Garden of Eden where God placed Adam and Eve was a paradise, but the Bible does not use that word to describe that garden. Paradise refers to heaven where departed (dead) believers go.",Eden,"refers to Allah/islam, Aajana not helpful in PNG (Hilkka)","Paradise is not used in the Bible to refer to Eden, does it?","mod by CB 2024 
rev by JB 4/24",,,,,,,,,,,,,,,,,,,,,,,
n,Paul,,,"Paul was first known as Saul and he was a Jew who violently mistreated Christians. After Jesus appeared to Saul, he became an apostle calling himself Paul. Paul suffered a lot while serving Jesus by telling the Good News and starting many new churches. Paul wrote ten letters that are now part of the New Testament of the Holy Bible.  (The name Paul means Little.)",,,GC 19-Feb-2019,rev by JB 4/24,,,,,,,,,,,,,,,,,,,,,,,
t,pearl,,"valuable stone inside a clamshell (R), egg of kina shell (R); (valuable) stone inside a clamshell (K); a very good stone called per (G); ","A pearl is an expensive kind of stone that comes from the sea. They are made by clams. When a piece of sand gets inside their shell, it irritates them and they secrete a milky white substance to cover it. The more times they secrete the substance, the bigger a pearl can get. Pearls are generally white,  round and shiny, and they are used to make necklaces and jewelry.",,,,mod by CB 2024,,,,,,,,,,,,,,,,,,,,,,,
n,Persia,Persians,,"Persia was once one of the largest empires in the world. When Cyrus the Great was the king of Persia, he conquered Babylon in 539 BC and liberated the Jews from captivity. The Persian Empire ruled over much of the world for hundreds of years. Today that part of the world is known as Iran. ",,,GC 08-Mar-2019,mod by CB 2024,,,,,,,,,,,,,,,,,,,,,,,
n,Peter,Cephas,,"Peter was one of Jesus' twelve apostles. He was a fisherman who whose name was Simon. Jesus called him to become a disciple. He is better known by the name Peter, which is a greek word meaning rock. He was also called Cephas, which is the aramaic word for rock. Jesus chose Peter be the first one to tell the Good News to Jews after Jesus died and rose, and to be the first one to tell the Good News to non-Jew or Gentiles. Peter wrote two letters of the New Testament of the Bible.",,,GC 19-Feb-2019,"mod by CB 2024
rev by JB 4/24",,,,,,,,,,,,,,,,,,,,,,,
t,Pharaoh,pharaohs,Pero (in Egypt) (K); king over Egypt; head man of Egypt (U),"Pharaoh is the name that ancient Egyptians gave to their kings. Each Pharaoh also had a personal name. Some of the Pharaohs that are mentioned in the Bible were ones who dealt with Abraham, Joseph, Moses and Solomon. Many years later, Isaiah, Jeremiah and Ezequiel prophesied against the Pharaohs of Egypt.",king,head man of Egypt (urt),,mod by CB 2024,,,,,,,,,,,,,,,,,,,,,,,
n,Pharisees,Pharisee,"Jewish religious leader;
Farasi;
","Pharisees were Jewish religious leaders and teachers who sought to obey the Law of Moses by keeping many rules. They would scorn other Jews who were not so strict about keeping those rules. Jesus called them hypocrites, because they often sinned but would not admit it. Many Pharisees opposed Jesus and his apostles, sometimes arresting or killing Christians.","Sadducee, Jewish religious leader",,,,,,,,,,,,,,,,,,,,,,,,,,
n,Philip,,,"There were several men named Philip. (1) King Herod, the Jewish king at the time of Jesus, named two of his sons Philip. (2) Another was one of Jesus' first disciples. (3) Another one was a deacon in the early church. He became an evangelist who led many Samaritans to Jesus, as well as an Ethiopian official.",,,GC 19-Feb-2019,rev by JB 4/24,,,,,,,,,,,,,,,,,,,,,,,
n,Philistine,"Philistines, Philistia",,The Philistines were a pagan tribe that lived south of Israel. They often fought against the Israelites and at times ruled over them. Samson loved a Philistine woman called Delilah.,,,GC 07-Feb-19,rev by JB 4/24,,,,,,,,,,,,,,,,,,,,,,,
t,pig,"pigs, swine",,"Pigs, also called swine, are a short, sturdy animal that eat almost anything and who like to roll in mud to keep their skin moist. God's law forbade the people of Israel to eat pig meat (pork).",,,GC 08-Mar-2019,rev by JB 4/24,,,,,,,,,,,,,,,,,,,,,,,
n,Pilate,,,"Pilate was the Roman governor in charge of Judea in the days when Jesus was teaching. When Jewish leaders arrested Jesus, Pilate agreed to crucify Jesus, even though he knew Jesus was innocent and it was a wrong thing to do.",,,At least two inscriptions have been uncovered that contain Pilat's name.,,,,,,,,,,,,,,,,,,,,,,,,
t,plague,"plagues, pestilence",,"A plague is a disease or infestation that has a destructive affect on many folk at the same time. In the time of Moses, God caused 10 plagues to come upon Egypt.",,,,GC 7/7/2019,,,,,,,,,,,,,,,,,,,,,,,
t,pool,,water (G); ,A pool is usually a man-made hole filled with water for bathing in.,,not helpful in PNG: ; pisin (W from Fr),,,,,,,,,,,,,,,,,,,,,,,,,
t,porch,,place near the door (G); ,A porch is a covered area adjoining an entrance to a building and usually having a separate roof. It could also be a covered platform outside a house but near the door.,,,,mod by CB 2024,,,,,,,,,,,,,,,,,,,,,,,
n,Potipher,,,Potiphar was the name of an official in Egypt. He bought Joseph as a slave and put him in charge of his household. His wife tried to seduce him so Potiphar put him into prison. ,,,GC 23-Feb-2019,mod by CB 2024,,,,,,,,,,,,,,,,,,,,,,,
t,praise,"praises, praising, praised","to speak well of (G); 
magnify (W);","Praise is an expression of approval, a commendation or a form of worship. To praise someone is to tell how they have done a good thing. We praise God with our words, songs and music, telling how great he is.","thank, honor",,GC 15-Feb-2019,,,,,,,,,,,,,,,,,,,,,,,,
t,pray,"prayer, prays, praying, prayed","to speak to God (G); 
plead (W);","To pray means to speak or make requests to a powerful human or to a god. Jesus commanded Christians to pray often to God, using Jesus' name. ","praise, worship",,GC 15-Feb-2019,,,,,,,,,,,,,,,,,,,,,,,,
t,preach,"preacher, preaching, preached","tell God's beautiful word (G); 
","To preach is to speak a message and explain the teachings of a religion. In the Old Testament, the prophets would preach and exhort the people to listen to the message from the Lord. In the New Testament, John the Baptist, Jesus and his disciples preached the Good News of salvation. The message preached can be called a sermon. ","teach, prophet",,GC 15-Feb-2019,"mod by CB 2024
rev by JB 4/24",,,,,,,,,,,,,,,,,,,,,,,
t,priest,priests,"giving to God one (R); priest (transliterated) (G); 
sacrificer (W);","A priest is a religious leader who is dedicated and consecrated to making, celebrating and offering sacrifices. In Biblical times a priest could also teach the Law, mediate disputes, verify healing and mangage the temple and its wealth.",Levite,,,mod by CB 2024,,,,,,,,,,,,,,,,,,,,,,,
n,Priscilla,Prisca,,"Priscilla, also called Prisca, was the wife of Aquila. They were Jews from Rome who helped Paul plant churches in Greece and in Syria. ",Aquila,,,GC 7/7/2019,,,,,,,,,,,,,,,,,,,,,,,
t,promise,"promises, promised","placing a thing by words / mouth;
tell what one is going to do in the future (G); promise (R);","A promise is a commitment by someone to do or not do something. When God makes a promise, he will certainly do what he has said he will do. Some of the important promises God made were: 1) to never cover the earth with a flood again 2) to give land to Abraham and to make his descendants more numerous than stars in the sky 3) to establish a kingdom for David and his descendants. Some of God's promises are conditional, that is, they require humans to do something first. ""If you confess that Jesus is Lord (the condition), then you will be saved (the promise).""","covenant, oath",,,mod by CB 2024,,,,,,,,,,,,,,,,,,,,,,,
t,prophecy,prophecies,talk of prophet (R); spoken by God's word (W);,"A prophecy is a message that God has revealed to someone to tell to others. Some prophecies warn sinners to repent, some prophecies provide guidance or teaching, and other prophecies foretell future events. The Bible contains hundreds of prophecies. Many prophecies that were made about the coming Messiah during the Old Testament times were fulfilled by Jesus while he lived on the earth.","angel, preacher, teacher, apostle, prophesy",Allah (not good in PNG),,mod by CB 2024,,,,,,,,,,,,,,,,,,,,,,,
t,prophesy,"prophesying, prophesied, prophesies",talk of prophet (R); touch God's words (W),"To prophesy is to speak with help from God. It is to declare God’s will, interpret his purposes or to make known his truth. It is done to strengthen others, to comfort them or to help them grow. To prophesy can also mean to announce or predict something that will happen in the future. ","prophet, prophecy","I would remove this: All believers can prophesy (through songs, citing Scripture, teaching, testimonies, teaching and drama.) Allah not  good in PNG. (Hilkka)","1 Corinthians 14:3, 24-26",mod by CB 2024,,,,,,,,,,,,,,,,,,,,,,,
t,prophet,"prophets, prophetess","teller of God's word (G); 
person to whom God gives words (D); 
God's mouth (spokesperson);
a human messenger for God or gods/idols;
way-goer (W); poropet (K)","A prophet was someone who was used by God to communicate His message to the world. Most of the messages given by prophets in the Old Testament concerned the people of Israel. It was very important for a prophet to deliver God’s message correctly. Most prophets of God were men, but the Old Testament also mentions prophetesses such as Miriam, Deborah, and Huldah.","angel, preacher, teacher, apostle, prophecy, prophesy",,,"mod by CB 2024
rev by JB 4/24",,,,,,,,,,,,,,,,,,,,,,,
,province,,,"A province is an area of land that is part of a country, similar to a state or a county. It can also be an area of land under political control by an outside country, similar to a colony.",,,,added by CB 2024 because it is not the same as region,,,,,,,,,,,,,,,,,,,,,,,
t,Psalms,"psalm, song, poem",Songs of Dewid (R); song (G); ,"A psalm from the Old Testament is a song or poem, originally written in Hebrew, which was used in worship. David was the author of many of the biblical psalms. Psalms can express praises, prayers, laments, curses, teachings and predictions.",,,,mod by CB 2024,,,,,,,,,,,,,,,,,,,,,,,
t,pure,purity,"clean (R); not any dirty behaviour (R); 
behaviour straight in God’s eyes (K), no dirtiness in it (K);","To be pure means to have no corruption, to be authentic, to have no sin. Someone or something that is pure is ritually clean and not contaminated by anything evil. Purity is often used in Scripture to mean holiness or perfection. ",,,,mod by CB 2024,,,,,,,,,,,,,,,,,,,,,,,
t,Rabbi,"Rabboni, teacher, master","my Teacher; Teacher (R, W);","Rabbi means ""My Teacher"" or simply ""Teacher."" It is a Jewish title of respect and it is used especially with spiritual instructors and learned persons of the Jewish faith. A longer and more respectful way to say teacher is Rabboni.",,,,mod by CB 2024,,,,,,,,,,,,,,,,,,,,,,,
n,Rachel,,,"Rachel was one of Jacob's two wives. She was the mother of Joseph and Benjamin. In Jeremiah 31:15, mothers in Israel are called Rachel, and in Matthew 2:18, her name is used to repreent mothers in Bethlehem when they weep for their dead children. The name Rachel means ewe or girl sheep.",,,GC: Does this capture the point? RRyes,"mod by CB 2024
rev by JB 4/24",,,,,,,,,,,,,,,,,,,,,,,
n,Rahab,,,"Rahab was a Canaanite woman, an inn keeper and a harlot (perhaps a pagan temple prostitute) who lived in the city of Jericho around 1400 years before Jesus. She believed in Israel's God when she heard how he saved the Israellites from Egypt, so she helped Israelite spies escape from Jericho. Rahab became an ancestor of Jesus. (The name Rahab also occurs in the Old Testament in reference to a sea monster or dragon, and as a name for Egypt.) ",,,,mod by CB 2024,,,,,,,,,,,,,,,,,,,,,,,
n,Rebekah,,,"Rebekah was the wife of Abraham's son Isaac. For many years she could not have children, then Isaac prayed and she had twin sons who were named Esau and Jacob. Rebekah's brother's name was Laban, who became the father of Jacob's wives. She lived around 1800 years before Jesus. ",,,,mod by CB 2024,,,,,,,,,,,,,,,,,,,,,,,
t,Red Sea,"Reed Sea, Reed lake",Red Sea (R);,"The Red sea separates the coasts of Egypt, Sudan, and Eritrea to the west from those of Saudi Arabia and Yemen to the east. Moses led the Israelites across the Red Sea on dry ground in order to escape from Egypt. God caused the Red Sea to separate for the Israelites and then caused it to go back to normal and drown the Pharaoh's army when they tried to follow the Israelites.",,,"Red may be a misspelling of the word Reed, since in Hebrew it is called the Sea of Reeds. CB: I do not agree with this reference to the Sea of Reeds. See this answer: https://www.gotquestions.org/red-reed-sea.html","mod by CB 2024
rev by JB 4/24",,,,,,,,,,,,,,,,,,,,,,,
t,region,area,"land (G);
","A region is an area of land that has common features. The features may be natural, such as mountains, deserts, forests or a type of climate. Or a region could be defined by features such which government rules it, what language is spoken or what religion is observed.","country, nation, empire, kingdom",,GC 08-Feb-19,mod by CB 2024,,,,,,,,,,,,,,,,,,,,,,,
n,Rehoboam,,,"Rehoboam was a foolish son of King Solomon. After Solomon died, Rehoboam became king. But when he increased taxes and treated people harshly, they rebelled, dividing the kingdom in two. Rehoboam ruled over Judah at Jerusalem, but Jeroboam became king over the rest of Israel. (The name Rehoboam means Widen the People.)",,,GC 19-Feb-2019,mod by CB 2024 I only corrected the spelling of Solomon's name,,,,,,,,,,,,,,,,,,,,,,,
t,repent,"repented, repenting, repents, repentance","turning away from wrong things/action and turning to God;
be sad about the bad things you have done. Stop doing them. (G);
think-turn (R); ","Repent is a word in the Bible that means “to change one's mind.” True repentance results in a change of actions and attitude. When a person repents, they stop doing or thinking some things and start doing or thinking of other things. In the Bible when people repent they turn away from sinful ways to obey God, away from the past to a future ruled by God's commands. John the Baptist called people to repent and stop sinnng. Zacchaeus was a man who cheated and stole from people until he met Jesus. He repented of his sin and decided to give to the poor and pay back those he cheated.","forgive, confess ",,"Not a difficult concept. In the NT, choosing to be baptized was an act of repentance. ","mod by CB 2024  I don't agree that we should mention God repenting here.
rev by JB 4/24",,,,,,,,,,,,,,,,,,,,,,,
t,rest,"rested, rests, resting",,"Rest means to cease from hard work. God's Law required everyone to rest on the Sabbath or Seventh day of every week. Rest is also (1) a symbol of Israel's arrival in Canaan, and (2) a symbol of the future life of believers when God will reward their faith and obedience.","sabbath, wait",,GC 08-Mar-2019,,,,,,,,,,,,,,,,,,,,,,,,
n,Reuben,Ruben,,"Reuben was the first son of Jacob and Leah, the  oldest of his eleven brothers. Reuben became an ancestor of one of the twelve tribes of Israel. (The name Reuben means Behold, a Son.)",,,GC 23-Feb-2019,mod by CB - I only corrected the spelling of Reuben,,,,,,,,,,,,,,,,,,,,,,,
t,righteous,"righteousness, right","being true/right/worthy in God's eyes;
very good (G);straight (R, W);
good ones (G);
","Righteous means good, just and doing what is right. God is righteous, because he always does that which is right, good and just. Jesus was righteous, because he obeyed God completely and never sinned. God counts us believers as righteous, because he forgives us all of our sins and accepts us belonging to righteous Jesus. (God has absolute righteousness, where as we receive imputed/substitute righteousness.)","just, holy, good",,,,,,,,,,,,,,,,,,,,,,,,,,
t,riot,"riots, rioting",,"A riot happens when a crowd or a mob becomes violent, trying to harm others or their property.",,,,GC 7/7/2019,,,,,,,,,,,,,,,,,,,,,,,
n,Rome,"Romans, Roman",,"Rome was and is the capital city of a country called Italy. At the time of Jesus, Rome had conquered much of the world. The empire of Rome ruled over many countries from about 100 years before Jesus till 700 years after Jesus.  Although the Romans brought good laws to every place, they levied heavy taxes and required everyone to honour their gods. The Romans believed that their kings, which they called ""caesar"", were divine gods.  The Jews especially hated the Romans, and the Romans eventually destroyed Israel. Rome built many roads and kept countries from warring against each other.  This allowed the Good News about Jesus to spread very rapidly for 300 years. ",,,,,,,,,,,,,,,,,,,,,,,,,,,
n,Ruth,,,"Ruth was a woman from the country of Moab. She was a widow who had been married to one of Naomi's sons. Although Ruth was not a jewess, she went with Naomi to Israel where a relative of Naomi, a good man named Boaz, married her. Their son became an ancestor of King David and of Jesus.",,,GC 19-Feb-2019,"mod by CB 2024
rev by JB 4/24",,,,,,,,,,,,,,,,,,,,,,,
t,Sabbath,,rest; cease work; Day of Sabat (K);,"Sabbath is a Hebrew word meaning rest or cease from work. After creating the world, God (and later the Law of Moses) decreed the seventh day of each week to be a Sabbath day uniquely for rest, not for doing any normal or hard work. Feasts and festivals were also Sabbath days. In Jesus time, the Jews had added many more rules against activity on Sabbath days. Jesus angered the Jewish leaders because he sometimes broke those rules.
Israelites offered three kinds of sacrifices:
1) Purification sacrifices. Since human beings pollute their community with everything that comes from their body, they had to offer bloody sacrifices to purify Yahweh's tabernacle (tent), so that he could continue to dwell amongst them.
2) Worship sacrifices. Just as people must pay taxes and tribute to chiefs and kings, so humans had to offer up burnt sacrifices to honour Yahweh, along with their prayers and petitions on behalf of their community and of themselves.
3) Thanksgiving sacrifices. Both the community and individuals offered sacrifices in thanks and praise to Yahweh who had provided all that they needed, or after he had answered their prayers.
However, there was no sacrifice to remove the guilt of personal sins and crimes. Much later, Jesus would offer himself as a sacrifice, when he was crucified, so that God forgives the sins of those who repent and trust in Jesus. (Adapted from Lexham Bible Dictionary.) ",rest,,,,,,,,,,,,,,,,,,,,,,,,,,
t,sacrifice,"sacrifices, sacrificed","offer of a slaughtered animal;
giving your life or goods to another (G);gift that is habitually cooked (R); ","A sacrifice is any costly thing that someone would give, kill or burn to please or honour a god or gods. In the Bible the people of many nations would kill an animal or a child to gain the god's favor and avoid disaster. Jehovah God instructed the Israelites to offer certain kinds of animals or produce to cover the disobedience or evil that they had done. When Jesus Christ died, he gave his life so that the sins of people who had faith in him would be forgiven. Christians today offer worship, praise, thanks and their own bodies as a living sacrifice to God.  ",,,,rev by JB 4/24,,,,,,,,,,,,,,,,,,,,,,,
n,Sadducees,Sadducee,,"Sadducees were wealthy, high-class Jews who were in charge of the Jerusalem temple. They were part of the Jewish religious leaders. They disagreed with the Pharisees about keeping rules that were not found in Moses' Law. Sadducees believed that there was no resurrection or afterlife. They didn't believe there was a spiritual world, so there were no angels or demons.","Pharisee, Scribes","This could be removed:  (They also believed that angels exist but denied that angels appeared to humans.) (Hilkka) - JB removed it, and changed to they didn't believe in spiritual world or afterlife!",,rev by JB 4/24,,,,,,,,,,,,,,,,,,,,,,,
t,saint,saints,"one whom God rules, one whom Jesus rules (G); ",Saint means holy person who belongs to God through faith in Jesus. The apostles often addressed the Christians they wrote letters to as saints. ,"Christian, believer, disciple",,GC 08-Feb-19,,,,,,,,,,,,,,,,,,,,,,,,
n,Samaria,"Samaritans, Samaritan",,"Samaria had been a northern region of ancient Israel, and later became a province of Rome. After Assyria deported Jews from Samaria around 600 years before Jesus, they brought pagans to live in Samaria. Those people converted to the Jewish religion, but the Jews never accepted the Samaritans as real Jews because they had intermarried with gentiles and some worshipped their own gods while some worshipped the God of Israel. The Jews of Judea despised the Samaritans. ",,"Samaritan, member of a community of Jews, now nearly extinct, that claims to be related by blood to those Jews of ancient Samaria who were not deported by the Assyrian conquerors of the kingdom of Israel in 722 bce. (Hilkka)",,,,,,,,,,,,,,,,,,,,,,,,,
n,Samson,,,"Samson lived about 1100 years before Jesus. He was chosen by God to be a judge and leader of the Israelites at a time when they were oppressed by the Philistines. God gave him great physical strength and he slew many of the Philistines. He disobeyed God and married a pagan woman who tricked him, causing him to lose the gift of his strength. (The name Samson means ""sun"".)",,,,mod by CB 2024,,,,,,,,,,,,,,,,,,,,,,,
n,Samuel,,,"Samuel lived around 1150 years before Jesus. He was an important man in the Bible who served as a priest, was the last judge in Israel and the first prophet. He is the one who anointed Saul and David as kings of Israel. (The name Samuel means ""God has heard"" or ""Name of God"".) ",,,,"mod by CB 2024
rev by JB 4/24",,,,,,,,,,,,,,,,,,,,,,,
t,sanctify,"sancified, sanctifies","make one a person who really obeys God (G); 
cleans (W);","To sanctify something is to set it apart for a special use, to make it holy or sacred before God. To sanctify a person is to make him holy. All believers become sanctified when they are born of God because his Holy Spirit lives in them. ","justify, clean, holy",,GC 15-Feb-2019,mod by CB 2024,,,,,,,,,,,,,,,,,,,,,,,
t,Sanhedrin,,meeting (R); people of meeting (R); gathering of leaders (W);,"The Sanhedrin in Jesus' time was a council of 71 men who ruled over Jewish religion and affairs. They were led by the Jewish high priest. The Sanhedrin ruled that Jesus must die, and they sent him to the Romans to be crucified. Later on, they ruled that Paul should die.",,,"In 2018, the Sanhedrin in again active in Israel. ",mod by CB 2024,,,,,,,,,,,,,,,,,,,,,,,
n,Sapphira,,,"Sapphira and her husband Ananias were some of the first Christians and their story is told in the book of Acts. They sold some land and gave part of the money to help poor Christians. But when they lied about how much money they had sold the land for, they fell dead.(The name Sapphira means ""Blue sapphire,"" a precious stone.)",,,GC 19-Feb-19,"mod by CB 2024
rev by JB 4/24",,,,,,,,,,,,,,,,,,,,,,,
n,Sarah,,,"Sarah was Abraham's first wife. Even though she was barren for many years, God promised that she would bear a son in her old age. God changed her name from Sarai, which means quarrelsome, to Sarah, which means Princess, before the prominsed son, Isaac, was born.",Sarai,,,rev by JB 4/24,,,,,,,,,,,,,,,,,,,,,,,
n,Sarai,,,"Sarai was Abraham's first wife who became the mother of Isaac. God changed Sarai's name to Sarah. (Sarai means quarrelsome, Sarah means princess.)",Sarah,,GC 15-Feb-2019,,,,,,,,,,,,,,,,,,,,,,,,
n,Satan,devil,"crooked mouth (G);
enemy of God;
chief leader of the evil spirits (G);
spirit who accuses others;
Seytaane (W)","Satan means Accuser or Adversary. Satan is a powerful, evil spirit or devil who tempts humans to do wrong, then accuses them before God. However, Jesus defends believers before God. Eventually, Jesus will cast Satan into the Lake of Fire forever.","demon, Beelzebul",Seytaane not helpful in PNG.,"In Hebrew, he is ha-satan = the accuser. The Book of Revelation alone makes Satan = Serpent = Dragon = Devil.",rev by JB 4/24,,,,,,,,,,,,,,,,,,,,,,,
n,Saul,,,"There were two men named Saul: (1) A tall, handsome-looking man whom Israel chose to be its first king 1100 years before Jesus. (2) A Jewish Pharisee who sought to kill Christians. He later became a Christian and an Apostle, taking the Good News to Gentiles using the name Paul. (The Hebrew name Saul means Asked for.)",,,GC 08-Mar-2019,,,,,,,,,,,,,,,,,,,,,,,,
t,Savior,,"Cause-live One (R); the who saves/delivers (us) (G); 
","Saviour means a person who rescues someone from danger or harm. God was Israel's Saviour, because he often rescued them from their enemies. Jesus is the Saviour for all those who call upon him with faith because he rescues them from Satan's power, from God's wrath and judgement, from eternal death, and from hell. This is why the New Testament says that Christians are saved.",,,,mod by CB 2024,,,,,,,,,,,,,,,,,,,,,,,
t,scepter,,"ruling stick (G);
","The word scepter means rod or staff and usually indicates authority. It is a kind of stick or a ball on a stick that a king holds in his hand while making laws or decisions. When the Bible uses the word scepter as it pertains to God, it is talking about His absolute rule over His creation.",,,GC 08-Mar-2019,mod by CB 2024,,,,,,,,,,,,,,,,,,,,,,,
t,scribe,"scribes, teachers of the law","teacher of people (G);
cultural law expert;
person who teaches people cultural law; teacher of the laws (R);
an educated person who can write documents/books {for others);
repeater (W)","Scribes were those who made copies of the the Bible, who studied the Bible, and who taught the Bible to others. During the time of Jesus and the early church, many Jewish scribes joined with the Pharisees to oppose Jesus and his apostles.","Jewish religious leader, Pharisee, 
Sadducee",,,mod by CB 2024 just chgd earth to early,,,,,,,,,,,,,,,,,,,,,,,
t,scroll,scrolls,"a rolled up book; 
paper rolled up (G);
","A scroll is a roll of a long piece of leather or papyrus upon which men wrote words. They rolled up the scroll to store it away, and unrolled it to read from it. It is different from a book because books are many small pieces of paper bound together on one edge.  A scroll is an old way of making a book. ","Bible, book",,GC 23-Feb-2019,mod by CB 2024,,,,,,,,,,,,,,,,,,,,,,,
t,sea,ocean,big water/river (G); ,"A sea is a large body of water. Several seas are referred to in the Bible, such as the Red Sea which the Israelites crossed when God parted it and the Sea of Galilee around which Jesus ministered. Some seas are salty and some are fresh water. More than half of the earth is covered with deep salty water, known as seas or oceans. Men can travel across seas in big boats called ships that float on the water.","river, water",,GC 19-Feb-19,mod by CB 2024,,,,,,,,,,,,,,,,,,,,,,,
t,Septuagint,,,"The Septuagint is a translation of the Hebrew Bible into the Greek language. Around 330 years before Jesus, the Greeks conquered Israel and Egypt where many Jews dwelt. When Jews began speaking Greek, 70 Jewish scholars translated the Old Testament into Greek. The word Septuagint means ""seventy"". The New Testament often cites verses from the Septuagint rather than from the Hebrew Bible.",,,"That is more or less the tradition. Reality may be a little different, for there were also other Greek translations of the Tanakh.",mod by CB 2024,,,,,,,,,,,,,,,,,,,,,,,
t,servant,servants,one who works for someone (G); ,"A servant helps or works for someone else. Servants can (1) be people who work for pay, (2) be a captured slave or debtor who is forced to work for no pay, (3) be people who work freely for their master because they love him. Servants working for a powerful man were more important than poor men who were not servants. Prophets and Christians are called the Lord's servants because they freely serve the Lord, who is their Master.",slave,,GC 07-Feb-19,mod by CB 2024 just the last sentence,,,,,,,,,,,,,,,,,,,,,,,
t,shame,"shamed, shames, shameful","be ashamed (G); 
",Shame is a feeling or emotion that comes from guilt. To shame others is to tell bad actions that they have done. Humans feel shame or are ashamed when they strongly wish they had not done something wrong or when they are proved wrong or bad. Jesus died for us to remove our shame so we may feel forgiven and loved.,"guilt, forgive",This is true in guilt culture:Humans feel shame or ashamed when they strongly wish they had not done something wrong.  BUT in shame culture people feel shame when they lose face/are proved wrong/bad.,GC 23-Feb-2019,mod by CB just the word forgiven,,,,,,,,,,,,,,,,,,,,,,,
n,Shechem,,,"Shechem was a wicked man who raped Jacob's daughter Dina and then was killed by her brothers. A clan of Canaanites was called Shechem. There was also a town named Shechem that became one of seven ""cities of refuge"" in Israel where accused murders could flee for protection. (The name Shechem may mean Life.)",,,GC 19-Feb-19,mod by CB 2024,,,,,,,,,,,,,,,,,,,,,,,
t,sheep,,"sipsip (K); sip (R); deer-like animal (G); 
",Sheep are quiet and shy animals bigger than dogs. They are similar to goats but have fat tails. They stay in flocks and grow long hair called wool. People keep sheep for the purpose of shearing off their wool to make cloth or to eat their meat. Israelites often sacrificed sheep as a way to worship God. A male sheep is called a ram. A female sheep is called a ewe. A baby sheep is called a lamb. Jesus called himself a shepherd and called us his sheep. Jesus was called the Lamb of God because he gave himself as a sacrifice for our sins.,"shepherd, goat",,Sheep herding folk will chuckle at this.,mod by CB 2024,,,,,,,,,,,,,,,,,,,,,,,
t,shepherd,shepherds,"one who takes care of sheep (G); 
","Shepherds are people who lead and take care of sheep or goats. Jesus called himself our Good Shepherd, because he leads us to God and takes care of us.","sheep, goat",,GC 23-Feb-2019,mod by CB 2024,,,,,,,,,,,,,,,,,,,,,,,
n,Shiloh,,,"Shiloh was a city in the territory of Ephraim. After the Israelite conquest of Canaan, the Tabernacle (the old worship tent) was set up there and the Ark of the Covenant was put in it. Many Israelites traveled to Shiloh every year to worship the Lord. Samuel served in the tabernacle as a youth, and as an adult he was the priest, judge and prophet there.",,,GC 07-Feb-19,"GC 7/7/2019
rev by JB 4/24",,,,,,,,,,,,,,,,,,,,,,,
t,ship,ships,"big canoe (G);
","Ships are very large boats that carry passengers and cargo long distances, and sail on the ocean or large lakes.","dingy, boat",,GC 19-Feb-19,,,,,,,,,,,,,,,,,,,,,,,,
n,Sidon,,,"Sidon was a rich, pagan, enemy city, situated near the Mediterranean Sea to the north of Israel. There the people worshipped other gods. King Ahab, king of the northern kingdom of Israel, married Queen Jezebel from Sidon; she was very wicked. Jesus once went there to help one widow and her young daughter. (The name Sidon means Fishery.)",,,GC 19-Feb-2019,"mod by CB 2024
rev by JB 4/24",,,,,,,,,,,,,,,,,,,,,,,
n,Silas,,,"Silas was from Jeruslem. He travelled with Paul to many cities where they planted new churches (Acts 15-18). (The name Silas means ""forester"".)",,,,GC 7/7/2019,,,,,,,,,,,,,,,,,,,,,,,
t,silver,,"hard money (G); 
","Silver is a bright, expensive metal used to make cups, pots, bowls and money coins.",gold,,GC 19-Feb-2019,,,,,,,,,,,,,,,,,,,,,,,,
n,Simon,Simeon,,There were many men named Simon. Another way to say the name is Simeon. The Apostle Peter was called Simon and Cephas. Simon the Zealot was a disciple of Jesus. Another Simon was a brother of Jesus. Simon the Cyrene was the man who was forced to carry Jesus' cross.,,,GC 08-Mar-2019,mod by CB 2024,,,,,,,,,,,,,,,,,,,,,,,
n,Siin,"Siyn, Siin, Syin",,"Siin was the name of a wilderness where the Israelites dwelt for several months, after they escaped from Egypt.",,,What they ate there can be learned from the story.,,,,,,,,,,,,,,,,,,,,,,,,
t,sin,"sinning, sins, sinned, wickedness, evil, ","bad doings/thinking; bad behaviour (R);
(resulting in) guilt;
doing things that God does not like/want;
following bad/wrong ways;
doing something that God thinks is bad (G);
not-good thing (G); 
","Sin is doing or thinking something that is bad. Breaking any one of God’s laws is a sin or transgression. Breaking a country’s law is a sin or crime. Rebelling against God is a sin. Hating someone is a sin. God will punish all sins, whether they are big and terrible or small and seemingly unimportant. If we accept that Jesus died on the cross for our sins, however, God can forgive us for all of our sins.",righteous,,,mod by CB 2024,,,,,,,,,,,,,,,,,,,,,,,
n,Sinai,"Mount Sinai, Mt. Sinai",,"Sinai is the name of a mountain in the region between Egypt and Israel. It is where God met with Moses, gave him the Ten Commandments on stone tablets and made a covenant with the Israelites. ",,,Some researchers now believe that Sinai is Jebel-Musaa (Mt. Moses) in Saudi Arabia.,mod by CB 2024 I think it is better to not try to identify exactly where Mt. Sinai was.,,,,,,,,,,,,,,,,,,,,,,,
n,Sisera,,,"Sisera was a Canaanite army commander who fought against the Israelites when Deborah was judge. When Sisera fled and hid in a woman's tent, she killed him. Her name was Jael.",,,,GC 7/7/2019,,,,,,,,,,,,,,,,,,,,,,,
t,slave,"slaves, bondslave","one who works for nothing/without pay (G); 
","A slave is someone who belongs to someone else and who is forced to work for that person without receiving any pay. In biblical times, some slaves were captives from war and others were made slaves if they could not pay their debts. If a slave could earn and save money, then he could buy his freedom. Another term for slave is bondservant. In Romans 6, Paul wrote that we are all slaves, because we are either slaves to sin or slaves to righteousness (Jesus). ",servant,increase cell size to show the definition.,GC 07-Feb-19,mod by CB 2024,,,,,,,,,,,,,,,,,,,,,,,
t,snake,"serpent, snakes, serpents",,"A snake is a kind of reptile which is a beast or animal with a long tapering body and no legs or feet. Some snakes kill other animals by biting them and injecting poison through their fangs. Others kill by wrapping themselves around another animal and squeezing them to death. The term snake can also be used to refer to a person who is bad. Jesus criticized the teachers of the law and Pharisees, calling them snakes and vipers (a kind of snake).",dragon,,GC 15-Feb-2019,mod by CB 2024,,,,,,,,,,,,,,,,,,,,,,,
n,Sodom,Sodomites,,"Sodom was the name of the town where Lot and his family dwelt, near a town called Gomorrah. The men of Sodom and Gomorrah committed terrible sexual sins. Because of this, God destroyed these towns with fire.",,,,,,,,,,,,,,,,,,,,,,,,,,,
n,Solomon,,,"Solomon was one of King David's sons. His mother was Bathsheba. Solomon became king after David died. He built the first temple for God at Jerusalem. Because Solomon humbled himself before God, God made him both wise and very rich. However, Solomon later sinned by marrying many wives and allowing them to worship pagan gods. The name Solomon means Peace.",,,,mod by CB 2024,,,,,,,,,,,,,,,,,,,,,,,
t,Son of God,God's Son,"God in human form; Child of God (R, W);
a man who is God; God!;
God's Son (G) (Mark 15:39);
","The term ""son of God"" is used in the Old Testament as a way to refer to people who have a special relationship with God. The nation of Israel was called God's firstborn son. Solomon was also called ""son of God"". Angels, just and pious men, and the kings of Israel were all called ""sons of God."" In the New Testament, ""Son of God"" is used for Jesus on many occasions. It was a title for the great King called the Messiah or Christ, which is why the Jewish leaders and Pharisees were enraged to hear Jesus called that.
","Son of Man, Messiah",,"GC: Theologians go through all kinds of contortions to make biblical titles fit their metaphysical speculations. Whilst Jesus is truly human and well as truly God, that is not the main purpose of the title.",mod by CB 2024,,,,,,,,,,,,,,,,,,,,,,,
t,Son of Man,"Man's Son, Mankind's Son, Human's Son","son of a human; Child of Man (R);
Man's Son (G); 
the Human One;
the Heavenly Man;","Son of man simply means a human being. It was used in the Old Testament for the prophet Ezekiel. The prophet Daniel once saw a vision of someone in heaven who looked like “a son of man,” who had great authority from God over all nations of the world. His future kingdom and reign will never end or be destroyed. Jesus often called himself the Son of Man, in order to teach that he himself is the person in Daniel's vision who has come from heaven in human flesh. In the book of Revelation, the writer describes Jesus as the Son of Man in the midst of believers and as a reaper or harvester.","Son of God, Messiah
",,"GC: Theologians go through all kinds of contortions to make biblical titles fit their metaphysical speculations. Whilst Jesus is truly human and well as truly God, that is not the main purpose of the title.
GC: Smoothed out the syntax a bit.",mod by CB 2024,,,,,,,,,,,,,,,,,,,,,,,
t,spear,,"long arrow (G);
",Spears are weapons that have a long wooden shaft and a sharp point. Soldiers used to thrust or throw spears at enemies in battle. ,,,GC 08-Mar-2019,,,,,,,,,,,,,,,,,,,,,,,,
t,spirit,"spirits, ghost, ghosts",creature (W);,"A spirits is a living being that is invisible to us humans. God is the eternal Spirit. In the Bible he is referred to as the Spirit of the Lord and the Holy Spirit. Other spirits are lesser supernatural beings created by God, such as angels, who are good, and demons, who are evil. Every human is both a spirit and a visible body together. When a human dies, his spirit rests until it gets a new body. Another use of the word spirit is in reference to the character of a person, for example, having a spirit of leadership or having a spirit of stubbornness. Another use of the word is in reference to the temperment or mood of a person, such as when someone is bitter in spirit (like after a disappointment) or in good spirits (like after eating and drinking).
","demon, angel","Other gods -> Other spirits CB: I find it hard to accept the last sentence ""When humans die, their spirit becomes a ghost, until it gets a new body,"" so I'm changing it to rests.             ",GC 23-Feb-2019,mod by CB 2024,,,,,,,,,,,,,,,,,,,,,,,
t,staff,staffs,,"A staff is a long strong piece of wood that someone holds while walking, which could serve as a defensive weapon.",,,,GC 7/7/2019,,,,,,,,,,,,,,,,,,,,,,,
n,Stephen,,,"Steven was one of the first Christians. He was a wise leader, full of (led by) the Holy Spirit. He distributed food to others, and he spoke boldly about Jesus. When he reminded some Jewish leaders about their own sins, they killed him by hitting him with big stones. (The name Stephen means Crown.)",,He served food to others -> He distributed food to others,GC 19-Feb-2019,rev by JB 4/24,,,,,,,,,,,,,,,,,,,,,,,
t,strong drink,alcohol,"fermented manioc juice, any drink that causes drunkenness (G);
crazy water (U); ",Strong drink is any liquid drink that contains alcohol.,"beer, wine",other language: crazy water (urt),GC 15-Feb-2019,,,,,,,,,,,,,,,,,,,,,,,,
t,sulfur,brimstone,salfa (K),"Sulfur is an element from the earth which is yellow and has a bad odor. When it burns it melts and its fire is hot and blue colored. In the end times, unsaved people will suffer in a fiery lake of burning sulfur. Another name for sulfur is brimstone. ",,,,mod by CB 2024 according to what was written for brimstone,,,,,,,,,,,,,,,,,,,,,,,
t,sword,swords,"long knife/machete (G);
","Swords are strong, long knives that soldiers used to fight with in battle. The sword is also a symbol of a king's power to make war and to punish criminals. ",,,GC 08-Mar-2019,,,,,,,,,,,,,,,,,,,,,,,,
t,sycamore,,"fig tree; tree (R);
fruit tree",Sycamore is a kind of fig (fruit) tree. It has spreading branches that are easy to climb and was often planted by roadsides to provide shade for travellers. Its wood was used for fuel and to make furniture.,,,,,,,,,,,,,,,,,,,,,,,,,,,
t,synagogue,,"house for proclaiming;
place where Jews gathered together / gathering place(G);
house of worship (R); ","Synagogue means ""Come together"". Synagogues are religous meeting houses where Jews gather to read the Bible, to teach each other, to pray and to worship God. (Christian meeting places are called chapels or churches.)","temple, tabernacle",Christian synagogues -> Christian meeting places,,mod by CB 2024,,,,,,,,,,,,,,,,,,,,,,,
n,Syria,"Syrian, Syrians",,"Syria was and still is a country northeast of Israel. Syria and Israel often went to war against each other, and they still do. A Syrian military officer named Naaman began worshipping the LORD after the Prophet Elisha healed him of leprosy. ",,,GC 07-Feb-19,CB: Why is the keyword Syrian and not Syria? ,,,,,,,,,,,,,,,,,,,,,,,
t,tabernacle,"sacred tent, tent of meeting, meeting tent","skin/leather house of God;
house-like building (not made of durable material) (G); 
skin prayer-tent; house of canvas (ie tent) (R); ","Tabernacle means big tent. God ordered ancient Israelites to build a beautiful, portable tabernacle, so that his presence could live among and camp with them.  Also so they could worship him properly as they travelled in the wilderness. After Solomon built a temple at Jerusalem, the tabernacle was no longer needed; the temple replaced the tabernacle. Jesus replaced both the tabernacle and the temple.","temple, 
synagogue",,Explicitating the materials might make the word impossible to translate.,,,,,,,,,,,,,,,,,,,,,,,,
n,Tabor,Mt. Tabor,,Tabor is a mountain in northern Israel. It marked the boundaries between some Israelite tribes.,,,GC 07-Feb-19,,,,,,,,,,,,,,,,,,,,,,,,
n,Tamar,,,"There are two women named Tamar whose stories are written in the Bible. The first was the woman who became the widow of two of the sons of Judah. Later she pretended to be a prostitute and tricked Judah, and had twins from him. The second was the daughter of King David and sister of Absalom. Her half brother Ammon tricked her and slept with her. Absalom took revenge and killed him. Tamar remained unmarried the rest of her life.",,"original description did not include the first. Intro ""stories written…"" because a third was only mentioned in passing: the daughter of Absalom",GC 08-Mar-2019,rev by JB 4/24,,,,,,,,,,,,,,,,,,,,,,,
t,tax collectors,tax collector,ones who get/carry fees (R); taxer (W);,"A tax collector is someone who gets money from people for the government. After the Romans captured Israel, they called it Judea and levied heavy taxes on everyone. Some jews worked for the Romans as tax collectors, keeping part of the money for themselves. Most folk hated tax collectors, calling them sinners.",,,,"mod by CB 2024
rev by JB 4/24",,,,,,,,,,,,,,,,,,,,,,,
t,teach,"teacher, teaching, taught, teaches, train",make read (W);,"To teach or to train is to tell others something helpful or true while showing them how to obey or to apply that truth. Jesus commanded: ""Go make disciples by teaching others to obey My commandments.""","preach, prophet",,GC 15-Feb-2019,mod by CB 2024 spelling of commandments,,,,,,,,,,,,,,,,,,,,,,,
t,temple,"temples, House of God, God's house","big house/building of God (G); 
house of God;
meeting place for God and people;
big/primary worship house/place (P); house of giving (K); inside the fence of the house of giving (K); magnify-place (W);","A temple is the place where God and people meet. For the Jews, there was only ever one temple, located in Jerusalem.  This was where their worship of God was centralized. Historically, there have been only a few Jewish temples: (1) the skin tent tabernacle built by Moses in the wilderness; (2) the majestic stone and gold temple built by King Solomon in Jerusalem and destroyed by Babylon; (3) the smaller temple rebuilt along with Jerusalem city under Nehemiah and Zerubbabel and then expanded by King Herod just before Jesus' birth.  This temple was destroyed by the Romans in 70 A.D. (4) Jesus' body was a ""temple"" (a place where God and humanity met). (5) The New Testament teaches that Christians are now God's temple, because his Spirit dwells in them. Temple is also what a house for idols of pagan gods is called.","synagogue, tabernacle",Hilkka: move this sentence to the end: Temples are houses for idols of pagan gods.... Start with: Temple is the place where…,"GC 11-Mar-2019
Shortened edit. Mod by CB 2024","Temples are houses in which people pray to their gods and offer sacrifices. Pagans set up idols in their temples. God told the Israelites to set up a portable tent. Later God ordered Solomo to build a temple at Jerusalem. After the Israelites brought pagan idols into God's temple, he sent the Babylonians to destroy that first temple. Jesus body was a temple. After Israel crucified Jesus, God sent Roman armies to destroy their second temple. Since then, God says that Christians are his temple, because the Holy Spirit dwells in them.",,,,,,,,,,,,,,,,,,,,,,,
t,thank,"thankful, grateful, gratitude","to tell someone something they have done is good (G); 
be happy with someone (because they gave you something) (U); ","To thank someone means to tell what good action that person has done for you. In the Old Testament, believers thanked God with an offering; in the New Testament, we thank God by telling his good actions.","praise, honor",be happy with someone (because they gave you something (urt)),"GC 23-Feb-2019 (In the NT, grace and thanks are the same Greek word.)",mod by CB 2024,,,,,,,,,,,,,,,,,,,,,,,
t,throne,king's chair,"sitting place of the leader (G); where the chief sits
",A throne was a chair upon which kings sat when deciding important matters. Throne is also a symbol that means kingship or the authority that a king has. Throne of Heaven means God who rules over heaven and earth. ,kingdom,,GC 07-Feb-19,,,,,,,,,,,,,,,,,,,,,,,,
n,Timothy,,,"Timothy was from Asia Minor (which is now part of the country of Turkey). When he was a young man, he travelled with Paul to many cities where they started or planted new churches (Acts 16-20). Paul later wrote letters to Timothy, instructing him in how to be a good pastor of a church. (The name Timothy means ""honour God"".)",,,,"GC 7/7/2019
rev by JB 4/24",,,,,,,,,,,,,,,,,,,,,,,
n,Titus,,,"Titus accompanied Paul to Crete where they started churches. When Paul left, Titus stayed there to train up new church leaders. Later, Paul wrote a letter to him.",,,,GC 7/7/2019,,,,,,,,,,,,,,,,,,,,,,,
t,tomb,"tombs, grave",rock hole (G),"A tomb is a cave where corpses were put for burial.  The Jews buried their dead people in tombs, so a tomb is their grave, where the dead lie.",,,,,,,,,,,,,,,,,,,,,,,,,,,
t,town,village,"town (G); 
",A village or town is a small group of family homes separated from other such groups.  A village or town is a smaller group than a city.  ,city,,GC 08-Feb-19,,,,,,,,,,,,,,,,,,,,,,,,
t,treasure,treasures,,"Treasure is anything that has much value, like money or jewels, that is kept at one place.",,,,rev by JB 4/24,,,,,,,,,,,,,,,,,,,,,,,
t,unclean,contaminated,,"In Jewish culture, clean did not mean washed, and unclean did not mean dirty. Rather, clean and unclean were ceremonial categories. Clean meant things or actions that God allows or permits. Clean things or persons may serve God in his tent or his temple. But God forbids unclean things or persons. Unclean things must be kept away from God’s tent or temple. Some unclean things or persons may be made clean by washing with water, by offering a sacrifice, by sprinkling them with blood, or by a message from God. You may translate clean by ‘ceremonially pure, acceptable, or allowed’. You may translate unclean by ‘ceremonially impure, unacceptable, or forbidden’. (Deuteronomy 14 talks about clean and unclean animals.)",,,,,,,,,,,,,,,,,,,,,,,,,,,
n,Uzzah,,,"Uzzah was a man that God killed because he disobeyed him. King David ordered that an ox cart carry the Ark of the Covenant to Jerusalem after it had been captured. This was not the way God had specified for the Ark to be carried. When the oxen stumbled, Uzzah laid his hand on the Ark to steady it. Instantly, fire from the Lord killed Uzzah, because the Lord had forbidden that anyone touch the Ark. (The name Uzzah means Strength.)",,,,"mod by CB 2024 added first sentence, 
rev by JB 4/24",,,,,,,,,,,,,,,,,,,,,,,
n,Vashti,,,Queen Vashti was the first wife of the Persian King Xerxes (also known as Ahasuerus). She lost her position as queen because she disobeyed the king. He deposed Vashti and made Esther his new queen. (The Persian name Vashti means Beautiful.),,,GC 08-Mar-2019,mod by CB 2024 added first sentence,,,,,,,,,,,,,,,,,,,,,,,
t,version,edition,,1.0-Eng-2022-03   ,,,,,,,,,,,,,,,,,,,,,,,,,,,
t,vine,"vines, vineyard, grapevine, grapevines",,"A vine is a plant that produces fruit called grapes. A vineyard is a garden where they grow grape vines. Men protected vineyads with stone fences and guarded them. In the Bible, God called Israel his vineyard, and Jesus calls himself a vine and his followers vine branches.","grape, wine",,,,,,,,,,,,,,,,,,,,,,,,,,
t,virgin,virgins,girl (W);,"Virgins are men or women, young or old, who have never had sex with anyone. In a king's palace, virgins were young women waiting to become a king's wife or concubine.","woman, wife",,GC 07-Feb-19,,,,,,,,,,,,,,,,,,,,,,,,
t,vision,visions,"to see as in a dream (G); what appeared (W);
","A vision is a dream that someone sees while awake. In a vision, one may see persons or things that are usually invisible. The Books of Daniel and of Revelation describe several visions about future events. The Apostle Paul saw Jesus in several visions.",dream,,GC 07-Feb-19,,,,,,,,,,,,,,,,,,,,,,,,
t,wait,"waited, waits, waiting",,"To wait for others means to stay where you are until they come. To wait for something means to keep watching for it till it happens. To wait for Jesus to return means to live in a way that pleases him so he will reward us, expecting that he will come.",rest,,GC 23-Feb-2019,,,,,,,,,,,,,,,,,,,,,,,,
t,wicked,wickedness,crooked (W);,Wicked is a word that describes something that is very bad or evil. Wicked people are those who harm others because they disregard God's laws. Wickedness is evil that causes harm.,,,GC 15-Feb-2019,mod by CB 2024,,,,,,,,,,,,,,,,,,,,,,,
t,wife,wives,"one whom he has/is-with (G);
lady (W);","A wife is a woman who is married to a man. The day of her wedding, a wife is called a bride. Rich men may have more than one wife. A king's first wife is called a queen. Besides wives, kings may also have concubines.","concubine, woman, virgin",,GC 08-Mar-2019,"mod by CB 2024
rev by JB 4/24",,,,,,,,,,,,,,,,,,,,,,,
t,wilderness,desert,,Wilderness describes land or regions where humans do not usually dwell because it is very dry and desolate. It is also known as a desert or a wild area.,,,,GC 7/7/2019  mod by CB 2024,,,,,,,,,,,,,,,,,,,,,,,
t,wine,,"fermented maioc juice, any drink that causes drunkenness (G);
",Wine is a fermented juice from grapes. It contains alcohol and is often diluted with water. Jewish people served wine to guests at weddings and during their annual Passover feast. Wine served in the Lord's supper is a reminder of Jesus' death.,"beer, alcohol, strong drink, grapevine","Juice from grapes , often diluted with water. When fermented, wine contains alcohol. -> Fermented juice from grapes (contains alcohol),  often diluted with water. ",GC 07-Feb-19,mod by CB 2024,,,,,,,,,,,,,,,,,,,,,,,
t,wisdom,wise,"intelligence from God;
thinking the same about things that God does (G);
knowledge/wisdom (R); 
the knowing well of things (G);
",Wisdom is knowing and doing that which is true and right. God is all wise and he gives wisdom to all who ask him for it with faith.,"foolish, knowledge",,,rev by JB 4/24,,,,,,,,,,,,,,,,,,,,,,,
t,woman,women,,"Women are female people. God created men and women to be equal partners in marriage and in caring for the earth. A married woman is called a wife. A slave woman who bears children for her master is called a concubine. Before marriage, a young woman is called a virgin if she is has not had sex. ","wife, concubine, virgin", a young woman is called a virgin if she is has not had sex and is not pregnant. ->  a young woman is called a virgin if she has not had sex. ,GC 08-Mar-2019,mod by CB just added r to her,,,,,,,,,,,,,,,,,,,,,,,
t,world,,atmosphere / cosmos; world (R); addina (W from Ar);,"World means either (1) the physical earth upon which all creatures dwell, or (2) the people who live on the earth, or (3) the nations and governments that rebel against God. 
","earth, heaven",,,,,,,,,,,,,,,,,,,,,,,,,,
t,worship,,"calling on / praying to God; worship (R);
praising God;
giving God honor;
bowing (setting knees on ground or breaking leg joints) before God;
doing work/service for God;
always doing what God wants you to (G);
magnify (W)","Worship is an action or activity that humans perform to give honour to God (or to other gods/idols). Thus, there are many ways in which we worship God; by our body position, by our serving one another, by teaching and learning Scripture, by songs and chants, by praying and by giving to meet the needs of others. ","prayer, praise",always doing what God wants you to (G); ???,,mod by CB 2024,,,,,,,,,,,,,,,,,,,,,,,
n,Xerxes,Ahasuerus,,"Xerxes was the title of Persian kings. Xerxes the Great was the 5th king of the Persian Empire, 486–465 BC. He was the king who deposed Queen Vashti and chose Esther to be his queen. He was also called Ahasuerus. (The name Ahasuerus means Chief.)",King,,GC 08-Mar-2019,mod by CB 2024,,,,,,,,,,,,,,,,,,,,,,,
n,Yahweh,"Lord, Jehovah","the (Chief) God; the Most High God; Yawe; I AM, Adonai
",Yahweh is the name in the Hebrew language of the God of the Jews and Christians. Yahweh is usually translated as Jehovah or Adonai. Yahweh means HE IS or HE WHO EXISTS. Moses asked God what his name was and God himself said his name was I AM. (Exodus 3:14.) ,Lord,,"originally ended with :  Hebrew and some languages say The (Chief) God or The Most High God..  That is not true in Hebrew - Jews usually say ""The Name"" or Adonai. ","mod by CB 2024 
rev by JB 4/24",,,,,,,,,,,,,,,,,,,,,,,
t,yeast,,is (transliteration) (R); lewer (W from Fr);,"Yeast is a substance that is used to make bread. It causes the dough to swell before baking. Only a little yeast is needed to make a large quantity of bread. (Yeast is a tiny plant that consumes flour and sugar, releasing air bubbles into bread dough.)",bread,,,,,,,,,,,,,,,,,,,,,,,,,,
n,Zacchaeus,"Zac, Zacchaeus, Zakias",,"Zacchaeus was a Jewish tax collector working for the Roman government, who had become rich by cheating others. After he met Jesus, he repented of his dishonest activities. (The name Zacchaeus means pure or innocent.)",,,,mod by CB 2024,,,,,,,,,,,,,,,,,,,,,,,
n,Zechariah,,,There were several men named Zechariah. One was king over Northern Israel. Another was the son of priest Jehoiada who prophesied during the reign of King Joash when the Spirit of the Lord came upon him. Joash had him stoned to death. Another Zechariah was a prophet of the Lord who wrote a book entitled with his name. Another was the father of John the Baptist. (The name Zechariah means the LORD remembers.),,,GC 07-Feb-19,mod by CB  2024,,,,,,,,,,,,,,,,,,,,,,,
n,Zedekiah,,,"King Zedekiah, son of King Joash, ruled over Judah in southern Israel about 590 years before Christ. The Babylonian army defeated Jerusalem and took him captive and blinded him. Another man named Zedekiah lived almost 300 years earlier. He was a prophet for King Ahab, king of northern Isreal. He opposed the message that the Lord spoke through the prophet Micaiah. (The name Zedekiah means the LORD is righteous.)",,"Ahab 874–853 bc
Zedekiah 597–587 BC
870 - 590 = 280, almost300",GC 07-Feb-19,rev by JB 4/24,,,,,,,,,,,,,,,,,,,,,,,
n,Zeus,,,"Zeus is the name of the chief Greek god, identical to the Roman god Jupiter. Another god or spirit named Hermes was believed to be his messenger. When pagans became Christians, they stopped worshipping idols of Zeus, and began calling on God through Jesus' name.",,"Zeus, who is also called Jupiter, is the name of the chief Greek and Roman god. -> Zeus is the name of the chief Greek god, identical to Roman god Jupiter. ","Both European and Semitic philosophers made out Zeus and El to be the same God that the Hebrews worshipped. Thus, some pagans turned from their idols, honouring God through his human incarnation, Jesus.",rev by JB 4/24,,,,,,,,,,,,,,,,,,,,,,,
n,Zion,,,"Zion was an ancient name of one of the hills on which the city of Jerusalem is located. The word Zion (1) sometimes refers to Jerusalem, (2) other times it refers to heaven (the place where God is), and (3) sometimes refers to the New Jerusalem.",Jerusalem,,"The consonants of Tsîwn can mean marker stone, along a road or at a grave site.",,,,,,,,,,,,,,,,,,,,,,,,
,,,,,,,,,,,,,,,,,,,,,,,,,,,,,,,
,,,,,,,,,,,,,,,,,,,,,,,,,,,,,,,
,,,,,,,,,,,,,,,,,,,,,,,,,,,,,,,
,,,,,,,,,,,,,,,,,,,,,,,,,,,,,,,
,,,,,,,,,,,,,,,,,,,,,,,,,,,,,,,
,,,,,,,,,,,,,,,,,,,,,,,,,,,,,,,
,,,,,,,,,,,,,,,,,,,,,,,,,,,,,,,
,,,,,,,,,,,,,,,,,,,,,,,,,,,,,,,
,,,,,,,,,,,,,,,,,,,,,,,,,,,,,,,
,,,,,,,,,,,,,,,,,,,,,,,,,,,,,,,
,,,,,,,,,,,,,,,,,,,,,,,,,,,,,,,
,,,,,,,,,,,,,,,,,,,,,,,,,,,,,,,
,,,,,,,,,,,,,,,,,,,,,,,,,,,,,,,
,,,,,,,,,,,,,,,,,,,,,,,,,,,,,,,
,,,,,,,,,,,,,,,,,,,,,,,,,,,,,,,
,,,,,,,,,,,,,,,,,,,,,,,,,,,,,,,
,,,,,,,,,,,,,,,,,,,,,,,,,,,,,,,
,,,,,,,,,,,,,,,,,,,,,,,,,,,,,,,
,,,,,,,,,,,,,,,,,,,,,,,,,,,,,,,
,,,,,,,,,,,,,,,,,,,,,,,,,,,,,,,
,,,,,,,,,,,,,,,,,,,,,,,,,,,,,,,
,,,,,,,,,,,,,,,,,,,,,,,,,,,,,,,
,,,,,,,,,,,,,,,,,,,,,,,,,,,,,,,
,,,,,,,,,,,,,,,,,,,,,,,,,,,,,,,
,,,,,,,,,,,,,,,,,,,,,,,,,,,,,,,
,,,,,,,,,,,,,,,,,,,,,,,,,,,,,,,
,,,,,,,,,,,,,,,,,,,,,,,,,,,,,,,
,,,,,,,,,,,,,,,,,,,,,,,,,,,,,,,
,,,,,,,,,,,,,,,,,,,,,,,,,,,,,,,
,,,,,,,,,,,,,,,,,,,,,,,,,,,,,,,
,,,,,,,,,,,,,,,,,,,,,,,,,,,,,,,
,,,,,,,,,,,,,,,,,,,,,,,,,,,,,,,
,,,,,,,,,,,,,,,,,,,,,,,,,,,,,,,
,,,,,,,,,,,,,,,,,,,,,,,,,,,,,,,
,,,,,,,,,,,,,,,,,,,,,,,,,,,,,,,
,,,,,,,,,,,,,,,,,,,,,,,,,,,,,,,
,,,,,,,,,,,,,,,,,,,,,,,,,,,,,,,
,,,,,,,,,,,,,,,,,,,,,,,,,,,,,,,
,,,,,,,,,,,,,,,,,,,,,,,,,,,,,,,
,,,,,,,,,,,,,,,,,,,,,,,,,,,,,,,
,,,,,,,,,,,,,,,,,,,,,,,,,,,,,,,
,,,,,,,,,,,,,,,,,,,,,,,,,,,,,,,
,,,,,,,,,,,,,,,,,,,,,,,,,,,,,,,
,,,,,,,,,,,,,,,,,,,,,,,,,,,,,,,
,,,,,,,,,,,,,,,,,,,,,,,,,,,,,,,
,,,,,,,,,,,,,,,,,,,,,,,,,,,,,,,
,,,,,,,,,,,,,,,,,,,,,,,,,,,,,,,
,,,,,,,,,,,,,,,,,,,,,,,,,,,,,,,
,,,,,,,,,,,,,,,,,,,,,,,,,,,,,,,
,,,,,,,,,,,,,,,,,,,,,,,,,,,,,,,
,,,,,,,,,,,,,,,,,,,,,,,,,,,,,,,
,,,,,,,,,,,,,,,,,,,,,,,,,,,,,,,
,,,,,,,,,,,,,,,,,,,,,,,,,,,,,,,
,,,,,,,,,,,,,,,,,,,,,,,,,,,,,,,
,,,,,,,,,,,,,,,,,,,,,,,,,,,,,,,
,,,,,,,,,,,,,,,,,,,,,,,,,,,,,,,
,,,,,,,,,,,,,,,,,,,,,,,,,,,,,,,
,,,,,,,,,,,,,,,,,,,,,,,,,,,,,,,
,,,,,,,,,,,,,,,,,,,,,,,,,,,,,,,
,,,,,,,,,,,,,,,,,,,,,,,,,,,,,,,
,,,,,,,,,,,,,,,,,,,,,,,,,,,,,,,
,,,,,,,,,,,,,,,,,,,,,,,,,,,,,,,
,,,,,,,,,,,,,,,,,,,,,,,,,,,,,,,
,,,,,,,,,,,,,,,,,,,,,,,,,,,,,,,
,,,,,,,,,,,,,,,,,,,,,,,,,,,,,,,
,,,,,,,,,,,,,,,,,,,,,,,,,,,,,,,
,,,,,,,,,,,,,,,,,,,,,,,,,,,,,,,
,,,,,,,,,,,,,,,,,,,,,,,,,,,,,,,
,,,,,,,,,,,,,,,,,,,,,,,,,,,,,,,
,,,,,,,,,,,,,,,,,,,,,,,,,,,,,,,
,,,,,,,,,,,,,,,,,,,,,,,,,,,,,,,
,,,,,,,,,,,,,,,,,,,,,,,,,,,,,,,
,,,,,,,,,,,,,,,,,,,,,,,,,,,,,,,
,,,,,,,,,,,,,,,,,,,,,,,,,,,,,,,
,,,,,,,,,,,,,,,,,,,,,,,,,,,,,,,
,,,,,,,,,,,,,,,,,,,,,,,,,,,,,,,
,,,,,,,,,,,,,,,,,,,,,,,,,,,,,,,
,,,,,,,,,,,,,,,,,,,,,,,,,,,,,,,
,,,,,,,,,,,,,,,,,,,,,,,,,,,,,,,
,,,,,,,,,,,,,,,,,,,,,,,,,,,,,,,
,,,,,,,,,,,,,,,,,,,,,,,,,,,,,,,
,,,,,,,,,,,,,,,,,,,,,,,,,,,,,,,
,,,,,,,,,,,,,,,,,,,,,,,,,,,,,,,
,,,,,,,,,,,,,,,,,,,,,,,,,,,,,,,
,,,,,,,,,,,,,,,,,,,,,,,,,,,,,,,
,,,,,,,,,,,,,,,,,,,,,,,,,,,,,,,
,,,,,,,,,,,,,,,,,,,,,,,,,,,,,,,
,,,,,,,,,,,,,,,,,,,,,,,,,,,,,,,
,,,,,,,,,,,,,,,,,,,,,,,,,,,,,,,
,,,,,,,,,,,,,,,,,,,,,,,,,,,,,,,
,,,,,,,,,,,,,,,,,,,,,,,,,,,,,,,
,,,,,,,,,,,,,,,,,,,,,,,,,,,,,,,
,,,,,,,,,,,,,,,,,,,,,,,,,,,,,,,
,,,,,,,,,,,,,,,,,,,,,,,,,,,,,,,
,,,,,,,,,,,,,,,,,,,,,,,,,,,,,,,
,,,,,,,,,,,,,,,,,,,,,,,,,,,,,,,
,,,,,,,,,,,,,,,,,,,,,,,,,,,,,,,
,,,,,,,,,,,,,,,,,,,,,,,,,,,,,,,
,,,,,,,,,,,,,,,,,,,,,,,,,,,,,,,
,,,,,,,,,,,,,,,,,,,,,,,,,,,,,,,
,,,,,,,,,,,,,,,,,,,,,,,,,,,,,,,
,,,,,,,,,,,,,,,,,,,,,,,,,,,,,,,
,,,,,,,,,,,,,,,,,,,,,,,,,,,,,,,
,,,,,,,,,,,,,,,,,,,,,,,,,,,,,,,
,,,,,,,,,,,,,,,,,,,,,,,,,,,,,,,
,,,,,,,,,,,,,,,,,,,,,,,,,,,,,,,
,,,,,,,,,,,,,,,,,,,,,,,,,,,,,,,
,,,,,,,,,,,,,,,,,,,,,,,,,,,,,,,
,,,,,,,,,,,,,,,,,,,,,,,,,,,,,,,
,,,,,,,,,,,,,,,,,,,,,,,,,,,,,,,
,,,,,,,,,,,,,,,,,,,,,,,,,,,,,,,
,,,,,,,,,,,,,,,,,,,,,,,,,,,,,,,
,,,,,,,,,,,,,,,,,,,,,,,,,,,,,,,
,,,,,,,,,,,,,,,,,,,,,,,,,,,,,,,
,,,,,,,,,,,,,,,,,,,,,,,,,,,,,,,
,,,,,,,,,,,,,,,,,,,,,,,,,,,,,,,
,,,,,,,,,,,,,,,,,,,,,,,,,,,,,,,
,,,,,,,,,,,,,,,,,,,,,,,,,,,,,,,
,,,,,,,,,,,,,,,,,,,,,,,,,,,,,,,
,,,,,,,,,,,,,,,,,,,,,,,,,,,,,,,
,,,,,,,,,,,,,,,,,,,,,,,,,,,,,,,
,,,,,,,,,,,,,,,,,,,,,,,,,,,,,,,
,,,,,,,,,,,,,,,,,,,,,,,,,,,,,,,
,,,,,,,,,,,,,,,,,,,,,,,,,,,,,,,
,,,,,,,,,,,,,,,,,,,,,,,,,,,,,,,
,,,,,,,,,,,,,,,,,,,,,,,,,,,,,,,
,,,,,,,,,,,,,,,,,,,,,,,,,,,,,,,
,,,,,,,,,,,,,,,,,,,,,,,,,,,,,,,
,,,,,,,,,,,,,,,,,,,,,,,,,,,,,,,
,,,,,,,,,,,,,,,,,,,,,,,,,,,,,,,
,,,,,,,,,,,,,,,,,,,,,,,,,,,,,,,
,,,,,,,,,,,,,,,,,,,,,,,,,,,,,,,
,,,,,,,,,,,,,,,,,,,,,,,,,,,,,,,
,,,,,,,,,,,,,,,,,,,,,,,,,,,,,,,
,,,,,,,,,,,,,,,,,,,,,,,,,,,,,,,
,,,,,,,,,,,,,,,,,,,,,,,,,,,,,,,
,,,,,,,,,,,,,,,,,,,,,,,,,,,,,,,
,,,,,,,,,,,,,,,,,,,,,,,,,,,,,,,
,,,,,,,,,,,,,,,,,,,,,,,,,,,,,,,
,,,,,,,,,,,,,,,,,,,,,,,,,,,,,,,
,,,,,,,,,,,,,,,,,,,,,,,,,,,,,,,
,,,,,,,,,,,,,,,,,,,,,,,,,,,,,,,
,,,,,,,,,,,,,,,,,,,,,,,,,,,,,,,
,,,,,,,,,,,,,,,,,,,,,,,,,,,,,,,
,,,,,,,,,,,,,,,,,,,,,,,,,,,,,,,
,,,,,,,,,,,,,,,,,,,,,,,,,,,,,,,
,,,,,,,,,,,,,,,,,,,,,,,,,,,,,,,
,,,,,,,,,,,,,,,,,,,,,,,,,,,,,,,
,,,,,,,,,,,,,,,,,,,,,,,,,,,,,,,
,,,,,,,,,,,,,,,,,,,,,,,,,,,,,,,
,,,,,,,,,,,,,,,,,,,,,,,,,,,,,,,
,,,,,,,,,,,,,,,,,,,,,,,,,,,,,,,
,,,,,,,,,,,,,,,,,,,,,,,,,,,,,,,
,,,,,,,,,,,,,,,,,,,,,,,,,,,,,,,
,,,,,,,,,,,,,,,,,,,,,,,,,,,,,,,
,,,,,,,,,,,,,,,,,,,,,,,,,,,,,,,
,,,,,,,,,,,,,,,,,,,,,,,,,,,,,,,
,,,,,,,,,,,,,,,,,,,,,,,,,,,,,,,
,,,,,,,,,,,,,,,,,,,,,,,,,,,,,,,
,,,,,,,,,,,,,,,,,,,,,,,,,,,,,,,
,,,,,,,,,,,,,,,,,,,,,,,,,,,,,,,
,,,,,,,,,,,,,,,,,,,,,,,,,,,,,,,
,,,,,,,,,,,,,,,,,,,,,,,,,,,,,,,
,,,,,,,,,,,,,,,,,,,,,,,,,,,,,,,
,,,,,,,,,,,,,,,,,,,,,,,,,,,,,,,
,,,,,,,,,,,,,,,,,,,,,,,,,,,,,,,
,,,,,,,,,,,,,,,,,,,,,,,,,,,,,,,
,,,,,,,,,,,,,,,,,,,,,,,,,,,,,,,
,,,,,,,,,,,,,,,,,,,,,,,,,,,,,,,
,,,,,,,,,,,,,,,,,,,,,,,,,,,,,,,
,,,,,,,,,,,,,,,,,,,,,,,,,,,,,,,
,,,,,,,,,,,,,,,,,,,,,,,,,,,,,,,
,,,,,,,,,,,,,,,,,,,,,,,,,,,,,,,
,,,,,,,,,,,,,,,,,,,,,,,,,,,,,,,
,,,,,,,,,,,,,,,,,,,,,,,,,,,,,,,
,,,,,,,,,,,,,,,,,,,,,,,,,,,,,,,
,,,,,,,,,,,,,,,,,,,,,,,,,,,,,,,
,,,,,,,,,,,,,,,,,,,,,,,,,,,,,,,
,,,,,,,,,,,,,,,,,,,,,,,,,,,,,,,
,,,,,,,,,,,,,,,,,,,,,,,,,,,,,,,
,,,,,,,,,,,,,,,,,,,,,,,,,,,,,,,
,,,,,,,,,,,,,,,,,,,,,,,,,,,,,,,
,,,,,,,,,,,,,,,,,,,,,,,,,,,,,,,
,,,,,,,,,,,,,,,,,,,,,,,,,,,,,,,
,,,,,,,,,,,,,,,,,,,,,,,,,,,,,,,
,,,,,,,,,,,,,,,,,,,,,,,,,,,,,,,
,,,,,,,,,,,,,,,,,,,,,,,,,,,,,,,
,,,,,,,,,,,,,,,,,,,,,,,,,,,,,,,
,,,,,,,,,,,,,,,,,,,,,,,,,,,,,,,
,,,,,,,,,,,,,,,,,,,,,,,,,,,,,,,
,,,,,,,,,,,,,,,,,,,,,,,,,,,,,,,
,,,,,,,,,,,,,,,,,,,,,,,,,,,,,,,
,,,,,,,,,,,,,,,,,,,,,,,,,,,,,,,
,,,,,,,,,,,,,,,,,,,,,,,,,,,,,,,
,,,,,,,,,,,,,,,,,,,,,,,,,,,,,,,
,,,,,,,,,,,,,,,,,,,,,,,,,,,,,,,
,,,,,,,,,,,,,,,,,,,,,,,,,,,,,,,
,,,,,,,,,,,,,,,,,,,,,,,,,,,,,,,
,,,,,,,,,,,,,,,,,,,,,,,,,,,,,,,
,,,,,,,,,,,,,,,,,,,,,,,,,,,,,,,
,,,,,,,,,,,,,,,,,,,,,,,,,,,,,,,
,,,,,,,,,,,,,,,,,,,,,,,,,,,,,,,
,,,,,,,,,,,,,,,,,,,,,,,,,,,,,,,
,,,,,,,,,,,,,,,,,,,,,,,,,,,,,,,
,,,,,,,,,,,,,,,,,,,,,,,,,,,,,,,
,,,,,,,,,,,,,,,,,,,,,,,,,,,,,,,
,,,,,,,,,,,,,,,,,,,,,,,,,,,,,,,
,,,,,,,,,,,,,,,,,,,,,,,,,,,,,,,
,,,,,,,,,,,,,,,,,,,,,,,,,,,,,,,
,,,,,,,,,,,,,,,,,,,,,,,,,,,,,,,
,,,,,,,,,,,,,,,,,,,,,,,,,,,,,,,
,,,,,,,,,,,,,,,,,,,,,,,,,,,,,,,
,,,,,,,,,,,,,,,,,,,,,,,,,,,,,,,
,,,,,,,,,,,,,,,,,,,,,,,,,,,,,,,
,,,,,,,,,,,,,,,,,,,,,,,,,,,,,,,
,,,,,,,,,,,,,,,,,,,,,,,,,,,,,,,
,,,,,,,,,,,,,,,,,,,,,,,,,,,,,,,
,,,,,,,,,,,,,,,,,,,,,,,,,,,,,,,
,,,,,,,,,,,,,,,,,,,,,,,,,,,,,,,
,,,,,,,,,,,,,,,,,,,,,,,,,,,,,,,
,,,,,,,,,,,,,,,,,,,,,,,,,,,,,,,
,,,,,,,,,,,,,,,,,,,,,,,,,,,,,,,
,,,,,,,,,,,,,,,,,,,,,,,,,,,,,,,
,,,,,,,,,,,,,,,,,,,,,,,,,,,,,,,
,,,,,,,,,,,,,,,,,,,,,,,,,,,,,,,
,,,,,,,,,,,,,,,,,,,,,,,,,,,,,,,
,,,,,,,,,,,,,,,,,,,,,,,,,,,,,,,
,,,,,,,,,,,,,,,,,,,,,,,,,,,,,,,
,,,,,,,,,,,,,,,,,,,,,,,,,,,,,,,
,,,,,,,,,,,,,,,,,,,,,,,,,,,,,,,
,,,,,,,,,,,,,,,,,,,,,,,,,,,,,,,
,,,,,,,,,,,,,,,,,,,,,,,,,,,,,,,
,,,,,,,,,,,,,,,,,,,,,,,,,,,,,,,
,,,,,,,,,,,,,,,,,,,,,,,,,,,,,,,
,,,,,,,,,,,,,,,,,,,,,,,,,,,,,,,
,,,,,,,,,,,,,,,,,,,,,,,,,,,,,,,
,,,,,,,,,,,,,,,,,,,,,,,,,,,,,,,
,,,,,,,,,,,,,,,,,,,,,,,,,,,,,,,
,,,,,,,,,,,,,,,,,,,,,,,,,,,,,,,
,,,,,,,,,,,,,,,,,,,,,,,,,,,,,,,
,,,,,,,,,,,,,,,,,,,,,,,,,,,,,,,
,,,,,,,,,,,,,,,,,,,,,,,,,,,,,,,
,,,,,,,,,,,,,,,,,,,,,,,,,,,,,,,
,,,,,,,,,,,,,,,,,,,,,,,,,,,,,,,
,,,,,,,,,,,,,,,,,,,,,,,,,,,,,,,
,,,,,,,,,,,,,,,,,,,,,,,,,,,,,,,
,,,,,,,,,,,,,,,,,,,,,,,,,,,,,,,
,,,,,,,,,,,,,,,,,,,,,,,,,,,,,,,
,,,,,,,,,,,,,,,,,,,,,,,,,,,,,,,
,,,,,,,,,,,,,,,,,,,,,,,,,,,,,,,
,,,,,,,,,,,,,,,,,,,,,,,,,,,,,,,
,,,,,,,,,,,,,,,,,,,,,,,,,,,,,,,
,,,,,,,,,,,,,,,,,,,,,,,,,,,,,,,
,,,,,,,,,,,,,,,,,,,,,,,,,,,,,,,
,,,,,,,,,,,,,,,,,,,,,,,,,,,,,,,
,,,,,,,,,,,,,,,,,,,,,,,,,,,,,,,
,,,,,,,,,,,,,,,,,,,,,,,,,,,,,,,
,,,,,,,,,,,,,,,,,,,,,,,,,,,,,,,
,,,,,,,,,,,,,,,,,,,,,,,,,,,,,,,
,,,,,,,,,,,,,,,,,,,,,,,,,,,,,,,
,,,,,,,,,,,,,,,,,,,,,,,,,,,,,,,
,,,,,,,,,,,,,,,,,,,,,,,,,,,,,,,
,,,,,,,,,,,,,,,,,,,,,,,,,,,,,,,
,,,,,,,,,,,,,,,,,,,,,,,,,,,,,,,
,,,,,,,,,,,,,,,,,,,,,,,,,,,,,,,
,,,,,,,,,,,,,,,,,,,,,,,,,,,,,,,
,,,,,,,,,,,,,,,,,,,,,,,,,,,,,,,
,,,,,,,,,,,,,,,,,,,,,,,,,,,,,,,
,,,,,,,,,,,,,,,,,,,,,,,,,,,,,,,
,,,,,,,,,,,,,,,,,,,,,,,,,,,,,,,
,,,,,,,,,,,,,,,,,,,,,,,,,,,,,,,
,,,,,,,,,,,,,,,,,,,,,,,,,,,,,,,
,,,,,,,,,,,,,,,,,,,,,,,,,,,,,,,
,,,,,,,,,,,,,,,,,,,,,,,,,,,,,,,
,,,,,,,,,,,,,,,,,,,,,,,,,,,,,,,
,,,,,,,,,,,,,,,,,,,,,,,,,,,,,,,
,,,,,,,,,,,,,,,,,,,,,,,,,,,,,,,
,,,,,,,,,,,,,,,,,,,,,,,,,,,,,,,
,,,,,,,,,,,,,,,,,,,,,,,,,,,,,,,
,,,,,,,,,,,,,,,,,,,,,,,,,,,,,,,
,,,,,,,,,,,,,,,,,,,,,,,,,,,,,,,
,,,,,,,,,,,,,,,,,,,,,,,,,,,,,,,
,,,,,,,,,,,,,,,,,,,,,,,,,,,,,,,
,,,,,,,,,,,,,,,,,,,,,,,,,,,,,,,
,,,,,,,,,,,,,,,,,,,,,,,,,,,,,,,
,,,,,,,,,,,,,,,,,,,,,,,,,,,,,,,
,,,,,,,,,,,,,,,,,,,,,,,,,,,,,,,
,,,,,,,,,,,,,,,,,,,,,,,,,,,,,,,
,,,,,,,,,,,,,,,,,,,,,,,,,,,,,,,
,,,,,,,,,,,,,,,,,,,,,,,,,,,,,,,
,,,,,,,,,,,,,,,,,,,,,,,,,,,,,,,
,,,,,,,,,,,,,,,,,,,,,,,,,,,,,,,
,,,,,,,,,,,,,,,,,,,,,,,,,,,,,,,
,,,,,,,,,,,,,,,,,,,,,,,,,,,,,,,
,,,,,,,,,,,,,,,,,,,,,,,,,,,,,,,
,,,,,,,,,,,,,,,,,,,,,,,,,,,,,,,
,,,,,,,,,,,,,,,,,,,,,,,,,,,,,,,
,,,,,,,,,,,,,,,,,,,,,,,,,,,,,,,
,,,,,,,,,,,,,,,,,,,,,,,,,,,,,,,
,,,,,,,,,,,,,,,,,,,,,,,,,,,,,,,
,,,,,,,,,,,,,,,,,,,,,,,,,,,,,,,
,,,,,,,,,,,,,,,,,,,,,,,,,,,,,,,
,,,,,,,,,,,,,,,,,,,,,,,,,,,,,,,
,,,,,,,,,,,,,,,,,,,,,,,,,,,,,,,
,,,,,,,,,,,,,,,,,,,,,,,,,,,,,,,
,,,,,,,,,,,,,,,,,,,,,,,,,,,,,,,
,,,,,,,,,,,,,,,,,,,,,,,,,,,,,,,
,,,,,,,,,,,,,,,,,,,,,,,,,,,,,,,
,,,,,,,,,,,,,,,,,,,,,,,,,,,,,,,
,,,,,,,,,,,,,,,,,,,,,,,,,,,,,,,
,,,,,,,,,,,,,,,,,,,,,,,,,,,,,,,
,,,,,,,,,,,,,,,,,,,,,,,,,,,,,,,
,,,,,,,,,,,,,,,,,,,,,,,,,,,,,,,
,,,,,,,,,,,,,,,,,,,,,,,,,,,,,,,
,,,,,,,,,,,,,,,,,,,,,,,,,,,,,,,
,,,,,,,,,,,,,,,,,,,,,,,,,,,,,,,
,,,,,,,,,,,,,,,,,,,,,,,,,,,,,,,
,,,,,,,,,,,,,,,,,,,,,,,,,,,,,,,
,,,,,,,,,,,,,,,,,,,,,,,,,,,,,,,
,,,,,,,,,,,,,,,,,,,,,,,,,,,,,,,
,,,,,,,,,,,,,,,,,,,,,,,,,,,,,,,
,,,,,,,,,,,,,,,,,,,,,,,,,,,,,,,
,,,,,,,,,,,,,,,,,,,,,,,,,,,,,,,
,,,,,,,,,,,,,,,,,,,,,,,,,,,,,,,
,,,,,,,,,,,,,,,,,,,,,,,,,,,,,,,
,,,,,,,,,,,,,,,,,,,,,,,,,,,,,,,
,,,,,,,,,,,,,,,,,,,,,,,,,,,,,,,
,,,,,,,,,,,,,,,,,,,,,,,,,,,,,,,
,,,,,,,,,,,,,,,,,,,,,,,,,,,,,,,
,,,,,,,,,,,,,,,,,,,,,,,,,,,,,,,
,,,,,,,,,,,,,,,,,,,,,,,,,,,,,,,
,,,,,,,,,,,,,,,,,,,,,,,,,,,,,,,
,,,,,,,,,,,,,,,,,,,,,,,,,,,,,,,
,,,,,,,,,,,,,,,,,,,,,,,,,,,,,,,
,,,,,,,,,,,,,,,,,,,,,,,,,,,,,,,
,,,,,,,,,,,,,,,,,,,,,,,,,,,,,,,
,,,,,,,,,,,,,,,,,,,,,,,,,,,,,,,
,,,,,,,,,,,,,,,,,,,,,,,,,,,,,,,
,,,,,,,,,,,,,,,,,,,,,,,,,,,,,,,
,,,,,,,,,,,,,,,,,,,,,,,,,,,,,,,
,,,,,,,,,,,,,,,,,,,,,,,,,,,,,,,
,,,,,,,,,,,,,,,,,,,,,,,,,,,,,,,
,,,,,,,,,,,,,,,,,,,,,,,,,,,,,,,
,,,,,,,,,,,,,,,,,,,,,,,,,,,,,,,
,,,,,,,,,,,,,,,,,,,,,,,,,,,,,,,
,,,,,,,,,,,,,,,,,,,,,,,,,,,,,,,
,,,,,,,,,,,,,,,,,,,,,,,,,,,,,,,
,,,,,,,,,,,,,,,,,,,,,,,,,,,,,,,
,,,,,,,,,,,,,,,,,,,,,,,,,,,,,,,
,,,,,,,,,,,,,,,,,,,,,,,,,,,,,,,
,,,,,,,,,,,,,,,,,,,,,,,,,,,,,,,
,,,,,,,,,,,,,,,,,,,,,,,,,,,,,,,
,,,,,,,,,,,,,,,,,,,,,,,,,,,,,,,
,,,,,,,,,,,,,,,,,,,,,,,,,,,,,,,
,,,,,,,,,,,,,,,,,,,,,,,,,,,,,,,
,,,,,,,,,,,,,,,,,,,,,,,,,,,,,,,
,,,,,,,,,,,,,,,,,,,,,,,,,,,,,,,
,,,,,,,,,,,,,,,,,,,,,,,,,,,,,,,
,,,,,,,,,,,,,,,,,,,,,,,,,,,,,,,
,,,,,,,,,,,,,,,,,,,,,,,,,,,,,,,
,,,,,,,,,,,,,,,,,,,,,,,,,,,,,,,
,,,,,,,,,,,,,,,,,,,,,,,,,,,,,,,
,,,,,,,,,,,,,,,,,,,,,,,,,,,,,,,
,,,,,,,,,,,,,,,,,,,,,,,,,,,,,,,
,,,,,,,,,,,,,,,,,,,,,,,,,,,,,,,
,,,,,,,,,,,,,,,,,,,,,,,,,,,,,,,
,,,,,,,,,,,,,,,,,,,,,,,,,,,,,,,
,,,,,,,,,,,,,,,,,,,,,,,,,,,,,,,
,,,,,,,,,,,,,,,,,,,,,,,,,,,,,,,
,,,,,,,,,,,,,,,,,,,,,,,,,,,,,,,
,,,,,,,,,,,,,,,,,,,,,,,,,,,,,,,
,,,,,,,,,,,,,,,,,,,,,,,,,,,,,,,
,,,,,,,,,,,,,,,,,,,,,,,,,,,,,,,
,,,,,,,,,,,,,,,,,,,,,,,,,,,,,,,
,,,,,,,,,,,,,,,,,,,,,,,,,,,,,,,
,,,,,,,,,,,,,,,,,,,,,,,,,,,,,,,
,,,,,,,,,,,,,,,,,,,,,,,,,,,,,,,
,,,,,,,,,,,,,,,,,,,,,,,,,,,,,,,
,,,,,,,,,,,,,,,,,,,,,,,,,,,,,,,
,,,,,,,,,,,,,,,,,,,,,,,,,,,,,,,
,,,,,,,,,,,,,,,,,,,,,,,,,,,,,,,
,,,,,,,,,,,,,,,,,,,,,,,,,,,,,,,
,,,,,,,,,,,,,,,,,,,,,,,,,,,,,,,
,,,,,,,,,,,,,,,,,,,,,,,,,,,,,,,
,,,,,,,,,,,,,,,,,,,,,,,,,,,,,,,
,,,,,,,,,,,,,,,,,,,,,,,,,,,,,,,
,,,,,,,,,,,,,,,,,,,,,,,,,,,,,,,
,,,,,,,,,,,,,,,,,,,,,,,,,,,,,,,
,,,,,,,,,,,,,,,,,,,,,,,,,,,,,,,
,,,,,,,,,,,,,,,,,,,,,,,,,,,,,,,
,,,,,,,,,,,,,,,,,,,,,,,,,,,,,,,
,,,,,,,,,,,,,,,,,,,,,,,,,,,,,,,
,,,,,,,,,,,,,,,,,,,,,,,,,,,,,,,
,,,,,,,,,,,,,,,,,,,,,,,,,,,,,,,
,,,,,,,,,,,,,,,,,,,,,,,,,,,,,,,
,,,,,,,,,,,,,,,,,,,,,,,,,,,,,,,
,,,,,,,,,,,,,,,,,,,,,,,,,,,,,,,
,,,,,,,,,,,,,,,,,,,,,,,,,,,,,,,
,,,,,,,,,,,,,,,,,,,,,,,,,,,,,,,
,,,,,,,,,,,,,,,,,,,,,,,,,,,,,,,
,,,,,,,,,,,,,,,,,,,,,,,,,,,,,,,
,,,,,,,,,,,,,,,,,,,,,,,,,,,,,,,
,,,,,,,,,,,,,,,,,,,,,,,,,,,,,,,
,,,,,,,,,,,,,,,,,,,,,,,,,,,,,,,
,,,,,,,,,,,,,,,,,,,,,,,,,,,,,,,
,,,,,,,,,,,,,,,,,,,,,,,,,,,,,,,
,,,,,,,,,,,,,,,,,,,,,,,,,,,,,,,
,,,,,,,,,,,,,,,,,,,,,,,,,,,,,,,
,,,,,,,,,,,,,,,,,,,,,,,,,,,,,,,
,,,,,,,,,,,,,,,,,,,,,,,,,,,,,,,
,,,,,,,,,,,,,,,,,,,,,,,,,,,,,,,
,,,,,,,,,,,,,,,,,,,,,,,,,,,,,,,
,,,,,,,,,,,,,,,,,,,,,,,,,,,,,,,
,,,,,,,,,,,,,,,,,,,,,,,,,,,,,,,
,,,,,,,,,,,,,,,,,,,,,,,,,,,,,,,
,,,,,,,,,,,,,,,,,,,,,,,,,,,,,,,
,,,,,,,,,,,,,,,,,,,,,,,,,,,,,,,
,,,,,,,,,,,,,,,,,,,,,,,,,,,,,,,
,,,,,,,,,,,,,,,,,,,,,,,,,,,,,,,
,,,,,,,,,,,,,,,,,,,,,,,,,,,,,,,
,,,,,,,,,,,,,,,,,,,,,,,,,,,,,,,
,,,,,,,,,,,,,,,,,,,,,,,,,,,,,,,
,,,,,,,,,,,,,,,,,,,,,,,,,,,,,,,
,,,,,,,,,,,,,,,,,,,,,,,,,,,,,,,
,,,,,,,,,,,,,,,,,,,,,,,,,,,,,,,
,,,,,,,,,,,,,,,,,,,,,,,,,,,,,,,
,,,,,,,,,,,,,,,,,,,,,,,,,,,,,,,
,,,,,,,,,,,,,,,,,,,,,,,,,,,,,,,
,,,,,,,,,,,,,,,,,,,,,,,,,,,,,,,
,,,,,,,,,,,,,,,,,,,,,,,,,,,,,,,
,,,,,,,,,,,,,,,,,,,,,,,,,,,,,,,
,,,,,,,,,,,,,,,,,,,,,,,,,,,,,,,
,,,,,,,,,,,,,,,,,,,,,,,,,,,,,,,
,,,,,,,,,,,,,,,,,,,,,,,,,,,,,,,
,,,,,,,,,,,,,,,,,,,,,,,,,,,,,,,
,,,,,,,,,,,,,,,,,,,,,,,,,,,,,,,
,,,,,,,,,,,,,,,,,,,,,,,,,,,,,,,
,,,,,,,,,,,,,,,,,,,,,,,,,,,,,,,
,,,,,,,,,,,,,,,,,,,,,,,,,,,,,,,
,,,,,,,,,,,,,,,,,,,,,,,,,,,,,,,
,,,,,,,,,,,,,,,,,,,,,,,,,,,,,,,
,,,,,,,,,,,,,,,,,,,,,,,,,,,,,,,
,,,,,,,,,,,,,,,,,,,,,,,,,,,,,,,
,,,,,,,,,,,,,,,,,,,,,,,,,,,,,,,
,,,,,,,,,,,,,,,,,,,,,,,,,,,,,,,
,,,,,,,,,,,,,,,,,,,,,,,,,,,,,,,
,,,,,,,,,,,,,,,,,,,,,,,,,,,,,,,
,,,,,,,,,,,,,,,,,,,,,,,,,,,,,,,
,,,,,,,,,,,,,,,,,,,,,,,,,,,,,,,
,,,,,,,,,,,,,,,,,,,,,,,,,,,,,,,
,,,,,,,,,,,,,,,,,,,,,,,,,,,,,,,
,,,,,,,,,,,,,,,,,,,,,,,,,,,,,,,
,,,,,,,,,,,,,,,,,,,,,,,,,,,,,,,
,,,,,,,,,,,,,,,,,,,,,,,,,,,,,,,
,,,,,,,,,,,,,,,,,,,,,,,,,,,,,,,
,,,,,,,,,,,,,,,,,,,,,,,,,,,,,,,
,,,,,,,,,,,,,,,,,,,,,,,,,,,,,,,
,,,,,,,,,,,,,,,,,,,,,,,,,,,,,,,
,,,,,,,,,,,,,,,,,,,,,,,,,,,,,,,
,,,,,,,,,,,,,,,,,,,,,,,,,,,,,,,
,,,,,,,,,,,,,,,,,,,,,,,,,,,,,,,
,,,,,,,,,,,,,,,,,,,,,,,,,,,,,,,
,,,,,,,,,,,,,,,,,,,,,,,,,,,,,,,
,,,,,,,,,,,,,,,,,,,,,,,,,,,,,,,
,,,,,,,,,,,,,,,,,,,,,,,,,,,,,,,
,,,,,,,,,,,,,,,,,,,,,,,,,,,,,,,
,,,,,,,,,,,,,,,,,,,,,,,,,,,,,,,
,,,,,,,,,,,,,,,,,,,,,,,,,,,,,,,
,,,,,,,,,,,,,,,,,,,,,,,,,,,,,,,
,,,,,,,,,,,,,,,,,,,,,,,,,,,,,,,
,,,,,,,,,,,,,,,,,,,,,,,,,,,,,,,
,,,,,,,,,,,,,,,,,,,,,,,,,,,,,,,
,,,,,,,,,,,,,,,,,,,,,,,,,,,,,,,
,,,,,,,,,,,,,,,,,,,,,,,,,,,,,,,
,,,,,,,,,,,,,,,,,,,,,,,,,,,,,,,
,,,,,,,,,,,,,,,,,,,,,,,,,,,,,,,
,,,,,,,,,,,,,,,,,,,,,,,,,,,,,,,
,,,,,,,,,,,,,,,,,,,,,,,,,,,,,,,
,,,,,,,,,,,,,,,,,,,,,,,,,,,,,,,
,,,,,,,,,,,,,,,,,,,,,,,,,,,,,,,
,,,,,,,,,,,,,,,,,,,,,,,,,,,,,,,
,,,,,,,,,,,,,,,,,,,,,,,,,,,,,,,
,,,,,,,,,,,,,,,,,,,,,,,,,,,,,,,
,,,,,,,,,,,,,,,,,,,,,,,,,,,,,,,
,,,,,,,,,,,,,,,,,,,,,,,,,,,,,,,
,,,,,,,,,,,,,,,,,,,,,,,,,,,,,,,
,,,,,,,,,,,,,,,,,,,,,,,,,,,,,,,
,,,,,,,,,,,,,,,,,,,,,,,,,,,,,,,
,,,,,,,,,,,,,,,,,,,,,,,,,,,,,,,
,,,,,,,,,,,,,,,,,,,,,,,,,,,,,,,
,,,,,,,,,,,,,,,,,,,,,,,,,,,,,,,
,,,,,,,,,,,,,,,,,,,,,,,,,,,,,,,
,,,,,,,,,,,,,,,,,,,,,,,,,,,,,,,
,,,,,,,,,,,,,,,,,,,,,,,,,,,,,,,
,,,,,,,,,,,,,,,,,,,,,,,,,,,,,,,
,,,,,,,,,,,,,,,,,,,,,,,,,,,,,,,
,,,,,,,,,,,,,,,,,,,,,,,,,,,,,,,
,,,,,,,,,,,,,,,,,,,,,,,,,,,,,,,
,,,,,,,,,,,,,,,,,,,,,,,,,,,,,,,
,,,,,,,,,,,,,,,,,,,,,,,,,,,,,,,
,,,,,,,,,,,,,,,,,,,,,,,,,,,,,,,
,,,,,,,,,,,,,,,,,,,,,,,,,,,,,,,
,,,,,,,,,,,,,,,,,,,,,,,,,,,,,,,
,,,,,,,,,,,,,,,,,,,,,,,,,,,,,,,
,,,,,,,,,,,,,,,,,,,,,,,,,,,,,,,
,,,,,,,,,,,,,,,,,,,,,,,,,,,,,,,
,,,,,,,,,,,,,,,,,,,,,,,,,,,,,,,
,,,,,,,,,,,,,,,,,,,,,,,,,,,,,,,
,,,,,,,,,,,,,,,,,,,,,,,,,,,,,,,
,,,,,,,,,,,,,,,,,,,,,,,,,,,,,,,
,,,,,,,,,,,,,,,,,,,,,,,,,,,,,,,
,,,,,,,,,,,,,,,,,,,,,,,,,,,,,,,
,,,,,,,,,,,,,,,,,,,,,,,,,,,,,,,
,,,,,,,,,,,,,,,,,,,,,,,,,,,,,,,
,,,,,,,,,,,,,,,,,,,,,,,,,,,,,,,
,,,,,,,,,,,,,,,,,,,,,,,,,,,,,,,
,,,,,,,,,,,,,,,,,,,,,,,,,,,,,,,
,,,,,,,,,,,,,,,,,,,,,,,,,,,,,,,
,,,,,,,,,,,,,,,,,,,,,,,,,,,,,,,
,,,,,,,,,,,,,,,,,,,,,,,,,,,,,,,
,,,,,,,,,,,,,,,,,,,,,,,,,,,,,,,
,,,,,,,,,,,,,,,,,,,,,,,,,,,,,,,
,,,,,,,,,,,,,,,,,,,,,,,,,,,,,,,
,,,,,,,,,,,,,,,,,,,,,,,,,,,,,,,
,,,,,,,,,,,,,,,,,,,,,,,,,,,,,,,
,,,,,,,,,,,,,,,,,,,,,,,,,,,,,,,
,,,,,,,,,,,,,,,,,,,,,,,,,,,,,,,
,,,,,,,,,,,,,,,,,,,,,,,,,,,,,,,
,,,,,,,,,,,,,,,,,,,,,,,,,,,,,,,
,,,,,,,,,,,,,,,,,,,,,,,,,,,,,,,
,,,,,,,,,,,,,,,,,,,,,,,,,,,,,,,
,,,,,,,,,,,,,,,,,,,,,,,,,,,,,,,
,,,,,,,,,,,,,,,,,,,,,,,,,,,,,,,
,,,,,,,,,,,,,,,,,,,,,,,,,,,,,,,
,,,,,,,,,,,,,,,,,,,,,,,,,,,,,,,
,,,,,,,,,,,,,,,,,,,,,,,,,,,,,,,
,,,,,,,,,,,,,,,,,,,,,,,,,,,,,,,
,,,,,,,,,,,,,,,,,,,,,,,,,,,,,,,
,,,,,,,,,,,,,,,,,,,,,,,,,,,,,,,
,,,,,,,,,,,,,,,,,,,,,,,,,,,,,,,
,,,,,,,,,,,,,,,,,,,,,,,,,,,,,,,
,,,,,,,,,,,,,,,,,,,,,,,,,,,,,,,
,,,,,,,,,,,,,,,,,,,,,,,,,,,,,,,
,,,,,,,,,,,,,,,,,,,,,,,,,,,,,,,
,,,,,,,,,,,,,,,,,,,,,,,,,,,,,,,
,,,,,,,,,,,,,,,,,,,,,,,,,,,,,,,
,,,,,,,,,,,,,,,,,,,,,,,,,,,,,,,
,,,,,,,,,,,,,,,,,,,,,,,,,,,,,,,
,,,,,,,,,,,,,,,,,,,,,,,,,,,,,,,
,,,,,,,,,,,,,,,,,,,,,,,,,,,,,,,
,,,,,,,,,,,,,,,,,,,,,,,,,,,,,,,
,,,,,,,,,,,,,,,,,,,,,,,,,,,,,,,
,,,,,,,,,,,,,,,,,,,,,,,,,,,,,,,
,,,,,,,,,,,,,,,,,,,,,,,,,,,,,,,
,,,,,,,,,,,,,,,,,,,,,,,,,,,,,,,
,,,,,,,,,,,,,,,,,,,,,,,,,,,,,,,
,,,,,,,,,,,,,,,,,,,,,,,,,,,,,,,
,,,,,,,,,,,,,,,,,,,,,,,,,,,,,,,
,,,,,,,,,,,,,,,,,,,,,,,,,,,,,,,
,,,,,,,,,,,,,,,,,,,,,,,,,,,,,,,
,,,,,,,,,,,,,,,,,,,,,,,,,,,,,,,
,,,,,,,,,,,,,,,,,,,,,,,,,,,,,,,
,,,,,,,,,,,,,,,,,,,,,,,,,,,,,,,
,,,,,,,,,,,,,,,,,,,,,,,,,,,,,,,
,,,,,,,,,,,,,,,,,,,,,,,,,,,,,,,
,,,,,,,,,,,,,,,,,,,,,,,,,,,,,,,
,,,,,,,,,,,,,,,,,,,,,,,,,,,,,,,
,,,,,,,,,,,,,,,,,,,,,,,,,,,,,,,
,,,,,,,,,,,,,,,,,,,,,,,,,,,,,,,
,,,,,,,,,,,,,,,,,,,,,,,,,,,,,,,
,,,,,,,,,,,,,,,,,,,,,,,,,,,,,,,
,,,,,,,,,,,,,,,,,,,,,,,,,,,,,,,
,,,,,,,,,,,,,,,,,,,,,,,,,,,,,,,
,,,,,,,,,,,,,,,,,,,,,,,,,,,,,,,
,,,,,,,,,,,,,,,,,,,,,,,,,,,,,,,
,,,,,,,,,,,,,,,,,,,,,,,,,,,,,,,
,,,,,,,,,,,,,,,,,,,,,,,,,,,,,,,
,,,,,,,,,,,,,,,,,,,,,,,,,,,,,,,
,,,,,,,,,,,,,,,,,,,,,,,,,,,,,,,
,,,,,,,,,,,,,,,,,,,,,,,,,,,,,,,
