, term,Alternate forms and synonyms.,Other language examples (back translations),Meaning notes. Definitions.,Related (but different) terms,
n,अब्राम,,Ibraam (W),अब्राम वह व्यक्ति था जिसे परमेश्वर ने बाद में अब्राहम कहा जब उसने उसके साथ वाचा बाँधी। अब्राम की पत्नी का नाम सारै था जिसका नाम बाद में परमेश्वर ने सारा रखा (अब्राम नाम का अर्थ है महान पिता।),इब्राहीम,
n,अबशालोम,,,"अबशालोम राजा दाऊद का सबसे प्रिय पुत्र था ।उसने अपने एक भाई को मार डाला, और जब दाऊद जीवित था तब उसने राजा बनने का प्रयास किया।अबशालोम की मृत्यु हो गई जब वह और कुछ लोग दाऊद के सैनिकों के विरुद्ध लड़े।(अबशालोम नाम का अर्थ है शांति का पिता।)",,
n,अबशालोम,,,अबशालोम राजा दाऊद का तीसरा पुत्र था ।उनकी माता माका थीं ।अबशालोम ने दाऊद के पहले बेटे अम्नोन को मार डाला और बाद में दाऊद के विरुद्ध विद्रोह किया(अबशालोम नाम का अर्थ है शांति का पिता।),,
n,अखया,,,अखाया पश्चिमी ग्रीस में एक प्रांत था ।,,
n,आकान ,,,"आकान एक इस्राएली व्यक्ति था जिसने यहोवा के सोने, चाँदी और वस्त्रों को चुरा लिया था ।जब यहोवा ने उसे पापी के रूप में पहचाना, तो यहोवा ने यहोशू और इस्राएलियों से कहा कि वे आकान और उसके पूरे परिवार पथराव करके मार डाले । इसका उद्देश्य दूसरे लोगों को बुरे काम करने से डराना था ताकि उन्हें भी इसी तरह के परिणाम भुगतने पड़ सकते हैं । ",,
n,आदम,,Aadama (W),"आदम  प्रभु यीशु मसीह से लगभग 4000 वर्ष पूर्व जीवित था ।आदम पहला इंसान था जिसे परमेश्वर ने बनाया ।क्योंकि आदम और उसकी पत्नी हव्वा ने परमेश्वर की आज्ञा उल्लंघन की, इसलिए सभी मनुष्यों को मरना होगा ।बाइबल यीशु को दूसरा आदम कहती है, क्योंकि यीशु मनुष्यों को अनन्त जीवन देता है।",हव्वा,
n,अदोनिय्याह,,,"अदोनिय्याह राजा दाऊद के छोटे पुत्रों में से एक था। जब दाऊद बूढ़ा हो गया, तो अदोनिय्याह ने राजा बनने की कोशिश की, लेकिन दाऊद ने घोषणा की कि सुलैमान को राजा बनना होगा। (अदोनिय्याह नाम का अर्थ है मेरा प्रभु ही प्रभु है।)",,
n,अदोनीसेदेक ,"राजा,बादशाह,सुलतान",,अदोनी-सेदेक यरूशलेम का एक कनानी राजा था जिसे यहोशू और इस्राएलियों ने एक लंबी लड़ाई के बाद पकड़ लिया और मौत की सजा दे दी।,,
n,अग्रिप्पा,"राजा,बादशाह,सुलतान",,"राजा हेरोदेस का पोता, अग्रिप्पा, ""यहूदिया का राजा"" कहलाने वाला अंतिम व्यक्ति था। उन्होंने वर्ष 41 से 44 के बीच रोमन अधिकार के अधीन शासन किया। एक बार वह कैसरिया में पौलुस को सुनने आया ।",,
n,अहिय्याह,,,"कई लोगों के नाम अहिय्याह थे। एक उत्तरी इस्राएल में भविष्यवक्ता था, दूसरा राजा था, और एक यरूशलेम में याजक था। (अहिजा नाम का अर्थ प्रभु का भाई है।)",,
n,ऐ,,,ऐ एक कनानी शहर था जो बुतपरस्त देवताओं की पूजा करने वाले लोगों से भरा हुआ था । परमेश्वर ने यहोशू को एक योजना बताई जिससे इस्राएली सेना को ऐ पर कब्ज़ा करने और परमेश्वर के बलिदान के रूप में उसे नष्ट करने में मदद मिली ।,,
n,अम्मोन,"अम्मोनी, अम्मोनियों, अम्मोन वंशियों ",,अम्मोन अब्राहम के भतीजे लूत का बेटा था। अम्मोन का जन्म तब हुआ जब लूत की बेटी ने उसे शराब पिलाई और उसके साथ सोयी। अम्मोन के वंशज अम्मोनी बन गये जो कभी-कभी इस्राएल के शत्रु थे। वे मूर्तिपूजा करते थे।,,
n,अम्नोन,,,"अम्नोन राजा दाऊद का पहला पुत्र था। अम्नोन ने दाऊद की बेटी तामार के साथ बलात्कार किया, उसके बाद उसके भाई अबशालोम ने अम्नोन को मार डाला। (अम्नोन नाम का अर्थ है वफादार।)",,
n,हनन्याह ,,,"नए नियम में तीन व्यक्तियों के नाम हनन्याह थे: (1) यरूशलेम में एक मसीही  जो ईश्वर से झूठ बोलने के कारण मर गया; (2) दमिश्क में एक मसीही जिसने शाऊल को बपतिस्मा दिया; (3) और यरूशलेम में एक महायाजक जिसने यीशु के प्रेरितों का विरोध किया था। (हनन्याह  नाम का अर्थ है ""प्रभु उत्तर देते हैं "")",,
n,अन्द्रियास,,,अन्द्रियास पतरस  का भाई था  । वे दोनों यीशु के 12 प्रेरितों का हिस्सा बन गए। (अन्द्रियास नाम का अर्थ मर्दाना है ।),,
n,अपुल्लोस,,,"अपुल्लोस मिस्र के अलेक्जेंड्रिया का एक यहूदी था।वह एक अर्थपूर्ण बात बोलने वाले  व्यक्ति के रूप में जाने जाते थे । वह इब्रानी धर्मग्रंथों का अर्थ समझने में सक्षम था, इसलिए यूनानी भाषी शहरों में मसीही को पढ़ाने में सक्षम था ।",,
n,अक्विला,,,"अक्विला, प्रिस्का का पति था । वे रोम के यहूदी थे जिन्होंने ग्रीस और सीरिया में चर्च स्थापित करने में पौलुस की मदद की। (अक्विला नाम का अर्थ है ""उक़ाब""।)",प्रिस्का ,
n,अर्तक्षत्र,,, 465-424 ईसा पूर्व में अर्तक्षत्र फ़ारसी साम्राज्य का छठा राजा था । वह दारा का पोता और क्षयर्ष का पुत्र था। (अर्तक्षत्र नाम का अर्थ है वह सत्य के साथ शासन करता है।),,
n,अरतिमिस,,,"अरतिमिस,जिसे डायना भी कहा जाता है, एकयूनानी और रोमी देवी का नाम है जिसकी मूर्ति को एशिया नामक प्रांत में बहुत से लोग पूजते थे ।",डायना,
n,आसनत ,,,"आसनत नाम के दो स्त्रियां पाए जाते हैं । एक यूसुफ की मिस्री पत्नी थी, और दूसरी याकूब की बेटी दीना की बेटी थी।",,
n,अश्तोरेथ ,,,"अश्तोरेथ एक खुदी हुई मूर्ति थी जिसका उपयोग बुतपरस्त देशों में अस्टार्ट नामक देवी (महिला देवता/देवता) की पूजा करने के लिए किया जाता था। कुछ इस्राएलियों ने अश्तोरेत की मूर्तियाँ बनाकर यहोवा के विरुद्ध पाप किया, जिन्हें वे अक्सर बाल नामक देवता (पुरुष देवता) की मूर्तियों के साथ स्थापित करते थे ।",,
n,अश्शूर ,अश्शूरीय,,अश्शूर एक शक्तिशाली राष्ट्र था जिसने ईसा पूर्व 738 में उत्तरी इज़राइल पर आक्रमण किया था । अश्शूर के सैनिकों ने अपने शत्रुओं के साथ क्रूरतापूर्ण व्यवहार किया ।,,
n,,,,"अतल्याह एक दुष्ट रानी थी जिसने योआश को मारने और उसे राजा बनने से रोकने की कोशिश की थी। वह राजा ओमरी की बेटी या पोती थी। उसने यहूदा के राजा यहोराम से विवाह किया। उसके मरने के बाद, उसने उसके सभी बेटों की हत्या करने की कोशिश की।",,
n,एथेन्स,"अथीनिया,एथेनियाई",,,,
n,बाल ,,,"बाल एक दुष्ट देवता का नाम है जिसकी मूर्ति की पूजा कई राष्ट्र करते थे। कभी-कभी परमेश्वर को इस्राएलियों को दंडित करना पड़ता था, क्योंकि वे बाल की पूजा करने के लिए परमेश्वर को छोड़ देते थे।",बालजबूल,
n,बेबीलोन ,"बेबीलोनी, बेबीलोन के लोग ",,"बेबीलोन एक प्राचीन शहर का नाम है, जिसकी स्थापना प्रभु यिशु मसीह से लगभग 3000 वर्ष पहले हुई थी । बेबीलोन के राजाओं ने कई अन्य देशों पर विजय प्राप्त की । जब बेबीलोन के राजा ने इस्राएल पर कब्ज़ा कर लिया, तो उसने कई इस्राएलियों को लगभग सत्तर वर्षों तक बेबीलोन में रहने के लिए बन्दी बना कर ले गया (पतरस ने रोम को बेबीलोन कहा है,  और प्रकशितवाक्य की पुस्तक में बेबीलोन नामक एक बहुत बुरी जगह का वर्णन किया गया है।) बेबीलोन एक ऐसा शहर था जो ऐसे लोगों से भरा हुआ था जो बहुत बुरा काम करते थे और जिन्होंने परमेश्वर की अवज्ञा की और उनके खिलाफ विद्रोह किया। इसलिए, इसे कभी-कभी प्रतीकात्मक रूप से एक बुरे स्थान के संदर्भ में उपयोग किया जाता है जिसे परमेश्वर नष्ट कर देगा जैसे उसने ऐतिहासिक शहर को नष्ट कर दिया था ।",,
n,बिलाम,,,  बिलाम प्रभु यीशु मसीह से लगभग 1500 वर्ष पहले जीवित था। । बिलाम एक मूर्ति पूजा करने वाला भविष्यवक्ता था जो पैसे के लिए काम करता था । उसने परमेश्वर के लिए बोलने का  ढोंग किया। परमेश्वर ने इस्राएलियों को बिलाम को मार डालने का आदेश दिया। एक बार परमेश्वर ने बिलाम से उसके गधे के द्वारा बात की।  ,,
n,बरनबास,,,"बरनबास यरूशलेम के पहले  मसीही में से एक था। वह पौलुस  को पहले प्रेरितों से मिलवाने के लिए लाया, और बाद में वह पौलुस  को शिष्य बनाने के लिए अन्ताकिया (सीरिया) ले आया। वह और पौलुस नए विश्वासियों के नए कलीसिया शुरू करने के मिशन पर भी एक साथ गए । (बरनबास नाम का अर्थ है प्रोत्साहन का पुत्र) ।",,
n,बाराक ,,,इस्राएल में राजा होने से पहले बाराक  चौथा न्ययि  था । बाराक ने युद्ध में इस्राएलियों का नेतृत्व किया और उनके शत्रुओं को हराया ।,,
n,बतशेबा,,,"बतशेबा, राजा दाऊद की सेना के एक सैनिक उरिय्याह की खूबसूरत पत्नी थी। वह एक बार बाहर नहा रही थी जहाँ राजा दाऊद ने उसे नहाते हुए देखा था। बाद में वे एक साथ सोए । दाऊद ने ऊरिय्याह को युद्ध में मरवा डाला, फिर बतशेबा से विवाह किया। परमेश्वर ने दाऊद को उसके पापों के लिए दंडित किया और बतशेबा से उसके पहले बच्चे को मरवा दिया । दाऊद के बाद बतशेबा का पुत्र सुलैमान राजा बना। (बतशेबा नाम का अर्थ है वादे या शपथ की बेटी।)",,
n,बीलजेबुल,,,बीलजेबुल दुष्ट देवता बाल का दूसरा नाम है। कुछ लोग उसे बुरी आत्माओं पर सरदार मानते हैं।,,
n,बेलशस्सर ,,,बेलशस्सर  बेबीलोन का अंतिम राजा था। उनकी मृत्यु 539 ईसा पूर्व में हुई जब फारसियों ने बेबीलोन पर विजय प्राप्त की। (बेलशस्सर नाम का अर्थ है बेल राजा की रक्षा करता है।),,
n,बिन्यामीन ,,,"बिन्यामीन  प्रभु यीशु मसीह से लगभग 2000 वर्ष पहले रहते थे । बिन्यामीन याकूब के बारह पुत्रों में सबसे छोटा था । इस प्रकार, बिन्यामीन इस्राएल के बारह गोत्रों में से एक का पूर्वज था।",,
n,बेथेल ,,,"याकूब की मुलाकात परमेश्वर से लूज नामक शहर के पास हुई, इसलिए उसने शहर का नाम बेथेल रख दिया, जिसका अर्थ है परमेश्वर का घर या मंदिर ।",,
n,बेथलहम,,,"अनेक नगरों का नाम बेथलहम रखा गया। यरूशलेम के पास वाले को दाऊद का शहर भी कहा जाता था । मीका 5:2 ने भविष्यवाणी की थी कि बेथलेहम से एक महान अगुवा  आएगा, और यीशु का जन्म बेथलेहम में हुआ था। (बेथलेहम नाम का अर्थ है रोटी का घर ।)",,
n,बोअज़,,,"बोअज़ एक धनी इस्राएली किसान था जिसने गरीबों को अपने फसल काटने वालों द्वारा छोड़े गए अनाज को बीनने की अनुमति दी थी। वह नाओमी के मृत पति का रिश्तेदार था, इसलिए उसने नाओमी की विधवा बहू रूथ से शादी की। इस प्रकार, वह राजा दाऊद और यीशु मसीह का पूर्वज बन गया।",,
n,कैसर ,,,कैसर वह उपाधि थी जो रोमी लोग अपने राजाओं को देते थे। प्रत्येक कैसर रोम द्वारा जीते गए सभी देशों का सम्राट या उच्च-राजा भी था। रोम की जनता के प्रत्येक राजा को कैसर  कहा जाता था।,,
n,कैसरिया,,,"कैसरिया नामक दो नगर थे । एक का निर्माण रोमि  सम्राट कैसर के सम्मान में, यरूशलेम के उत्तर में समुद्री तट पर रोमि द्वारा किया गया था। (कैसरिया नाम का अर्थ है ""राजा का शहर "")",,
n,कैन,,,"प्रभु यीशु मसिह से लगभग 4000 वर्ष पहले, आदम और हव्वा के पहले दो पुत्रों के नाम कैन और हाबिल थे । कैन ने परमेश्वर का आदर नहीं किया, परन्तु हाबिल ने किया। जब परमेश्वर ने कैन को फटकारा, तो कैन क्रोधित हो गया और उसने अपने भाई हाबिल को मार डाला ।","हाबिल, आदम, हव्वा",
n,कालेब ,,,कालेब उन बारह जासूसों में से एक था जिन्हें मूसा ने कनान का निरीक्षण करने के लिए भेजा था । वह और यहोशू ही दो जासूस थे जो मानते थे कि इस्राएली कनानियों पर विजय प्राप्त कर सकते हैं । परमेश्वर ने इन दोनों लोगों को उनके विश्वास और युद्ध में उनकी बहादुरी के लिए पुरस्कृत किया।,,
n,कनान ,"कनानी, कनानवासी",,"कनान उस भूमि का नाम था जिसे परमेश्वर ने इस्राएल के लोगों को उनकी मातृभूमि बनाने के लिए देने का वादा किया था। कनान का अधिकांश भाग इस्राएल की भूमि बन गया। आज, कनान के एक हिस्से को फिलिस्तीन कहा जाता है।",,
n,कैसर ,"कैसर,राजा, फिरौन, सम्राट,",,कैसर एक नाम या उपाधि थी जो रोम के लोग अपने सर्वोच्च नेताओं या राजाओं/सम्राटों को देते थे। मिस्र के लोग अपने उच्च नेताओं को फिरौन कहते थे।,,
n,,कैसरिया,,"कैसरिया एक कस्बा या शहर था। रोमी और अन्य लोगों ने कुछ शहरों का नाम कैसरिया रखा, जो रोमी  सम्राट/राजा कैसर के सम्मान में रखा गया था।",,
n,कुरिन्थ,कुरिन्थियों,,"कुरिन्थ यूनान नामक देश का एक बड़ा बाज़ार शहर था। यह बहुत ही मूर्तिपूजक शहर था, जहाँ बहुत से लोग मूर्तिपूजक थे। पौलुस ने कुरिन्थ में नए मसीही कलीसिय शुरू किए और कुरिन्थियों को पत्र लिखे (प्रेरितों के काम 18)।",,
n,कुरनेलियुस ,,,"कुरनेलियुस एक रोमि सेना के अधिकारी था जिसने प्रभु से प्रार्थना की थी। प्रभु ने उसके पास एक स्वर्गदूत भेजा और उसे पतरस को बुलाने के लिए कहा । जब कुरनेलियुस के घरवालों और दोस्तों ने पतरस को यीशु के बारे में बताते सुना, तो वे पहले गैर-यहूदी मसीही या अन्यजति मसीही बन गए। (कुरनेलियुस नाम का अर्थ सींग है।)",,
n,दमिश्क,,,इजराइल के उत्तर-पूर्व में स्थित दमिश्क दुनिया के सबसे पुराने शहरों में से एक है । यह सीरिया राष्ट्र की राजधानी बना हुआ है । दमिश्क के पास शाऊल नामक व्यक्ति को प्रभु यीशु मसिह दिखाई दिए । शाऊल एक प्रेरित बन गया जिसका नाम बाद मे पौलुस पड़ा था ।,,
n,दानिय्येल,,," दानिय्येल एक युवा व्यक्ति था जब बेबीलोन के लोगों ने यरूशलेम को नष्ट कर यहूदियों को बेबीलोन में बंदी बना लिया था । बंदी दानिय्येल ने जीवन भर परमेश्वर की आज्ञा का पालन किया, एक ईमानदार अधिकारी बना रहा, भले ही वह एक बुतपरस्त राजा के महल में रहता और काम करता था। परमेश्वर ने दानिय्येल को सपनों का अर्थ दिखाया, और उसे राष्ट्रों का भविष्य बताया। (दानिय्येल नाम का अर्थ है ""परमेश्वर मेरा न्यायाधीश है""।)",,
n,,,,"डेरियस फ़ारसी साम्राज्य का चौथा राजा था, 550-486 ई.पू. उसने दानिय्येल के जीवनकाल में 539 ई.पू. में बेबीलोन पर विजय प्राप्त की। (डेरियस नाम का अर्थ है वह अच्छाई रखता है।)",,
n,,,Dawuda (W from Arabic),"इस्राएल का दूसरा राजा दाऊद, यीशु से लगभग 800 साल पहले जीया था। वह एक चरवाहा लड़का था जिसने एक वीर योद्धा के रूप में ख्याति प्राप्त की। उसने संगीत और गीत भी बनाए, जिनमें से कुछ बाइबल में भजन बन गए हैं। दाऊद अपने पूरे जीवन में परमेश्वर के प्रति वफादार रहा, और परमेश्वर ने उससे वादा किया कि उसके बेटे हमेशा इस्राएल पर शासन करेंगे। यीशु राजा दाऊद का वंशज (पुत्र) है। (दाऊद नाम का अर्थ है प्रिय।)",,
n,दबोरा ,,,"दबोरा न्यायियों के शासनकाल के दौरान एक इस्राएली भविष्यवक्ता (महिला भविष्यवक्ता) थी। उसके माध्यम से, प्रभु ने बाराक को कनानी राजा याबीन की सेना के विरुद्ध युद्ध करने का आदेश दिया। (दबोरा नाम का अर्थ ""मधुमक्खी"" है।)",,
n,दबोरा ,,,"दबोरा नाम की दो स्त्रियाँ थीं: (1) रिबेका की दाई, जो बेतेल के पास मर गई, और (2) इस्राएलियों की एक नेता जिसने उन्हें उनके शत्रुओं पर विजय दिलाई। (दबोरा नाम का अर्थ ""प्रतिज्ञा।"" है )",,
n,दलीला ,,,"दलीला वह पलिश्ती स्त्री थी जिससे शिमशोन ने विवाह किया था। (दलीला नाम का अर्थ ""मनोहर"" है )",,
n,देमेत्रियुस,,,देमेत्रियुस नाम के दो व्यक्ति थे। (1) एक इफिसुस शहर का एक सोनार था जो अरतिमिस नामक एक देवी की पूजा करता था। उसने शहर की अदालत में पौलुस के खिलाफ मुकदमा दायर किया। था (2) दूसरा एक मसीही था जिसकी अच्छी प्रतिष्ठा थी (3 यूहन्ना 1)।,,
n,,,,डायना एक यूनानी देवी (मूर्ति) का नाम है जिसकी पूजा इफिसुस शहर के लोग करते हैं।,,
n,अदन,,,"अदन एक सुन्दर स्थान का नाम था, एक बहुत बड़ा सुन्दर बगीचा,जहाँ आदम और हव्वा परमेश्वर के विरुद्ध पाप करने से पहले परमेश्वर अन्य आत्माओं और प्रथम मनुष्यों से मिलते थे,",,
n,एदोम,,,"एदोम वह देश था जहाँ एसाव के वंशज इस्राएल से पूर्व की ओर बस गए थे। एदोमी लोग झूठे देवताओं की पूजा करते थे और इस्राएल के शत्रु बन गए थे। एदोम का अर्थ""लाल"" है ।",,
n,मिस्र,मिस्रवासी,Misra (W from Arabic),"मिस्र, इज़राइल के पश्चिम में स्थित एक देश है। इज़राइली चार सौ वर्षों तक मिस्र में रहे जहाँ वे गुलाम बन गए। मिस्र ने सैकड़ों वर्षों तक इज़राइल पर शासन किया।",,
n,एलीमेलेक,,,"एलीमेलेक, नाओमी का पति था। वह एक इस्राएली था जो मोआब देश में आकर बस गया था और वहीं उसकी मृत्यु हो गई। (एलीमेलेक नाम का अर्थ है ""मेरा परमेश्वर राजा है।"")",,
n,एली,,,"इस्राएल में मन्दिर बनने से पहले, एली शीलो में यहोवा का याजक था। उसने भविष्यवक्ता शमूएल का पालन-पोषण बचपन से लेकर वयस्क होने तक किया, हालाँकि उसके अपने बेटे बेईमान थे। (एली नाम का अर्थ है ""मेरा परमेश्वर।"")",,
n,एलिय्याह ,,Ilyass (W),"एलिय्याह यीशु मसीह से लगभग 800 वर्ष पहले रहते थे। वह परमेश्वर का एक भविष्यद्वक्ता था, जिसने साहसपूर्वक एक दुष्ट राजा और इस्राएल में मूर्तिपूजा करने वाले सभी लोगों को फटकारा। (मलाकी की पुस्तक कहती है कि एलिय्याह को वापस लौटना होगा ताकि वह इस्राएल को आने वाले मसीहा के स्वागत के लिए तैयार कर सके।) (यूहन्ना बपतिस्मा देने वाला कई मायनों में एलिय्याह जैसा था।) (एलिय्याह नाम का अर्थ है ""प्रभु ही परमेश्वर है।"")",,
n,एलीशा,,Alyaasa (W),एलीशा यीशु से लगभग 800 वर्ष पहले रहते थे। वह भविष्यवक्ता एलिय्याह द्वारा नियुक्त परमेश्वर का एक भविष्यवक्ता था। एलीशा ने एलिय्याह से भी अधिक चमत्कार किए थे।,,
n,एल्काना,,,"एल्काना नाम के कई पुरुष थे। एल्काना, हन्ना का पति और भविष्यवक्ता शमूएल का पिता था। (एलकाना नाम का अर्थ है ""ईश्वर द्वारा रचित"")",,
n,इफिसुस,इफिसियों ,,"इफिसुस, एशिया माइनर में समुद्र के किनारे एक बड़ा शहर था जहाँ पौलुस ने नई कलीसियाएँ शुरू कीं या स्थापित कीं। बाद में उसने इफिसियों को एक पत्र लिखा। प्रकाशितवाक्य में यीशु ने भी यूहन्ना के ज़रिए इफिसियों को एक पत्र लिखा था।",,
n,एप्रैम,,,"एप्रैम यूसुफ के दो पुत्रों में छोटा पुत्र था। एप्रैम इस्राएल के एक गोत्र का पूर्वज बना। (एप्रैम नाम का अर्थ है ""फलदायी"")",,
n,एपिकुरियन,एपिकुरियन,,"एपिकुरियन लोग दार्शनिक एपिकुरस की शिक्षाओं का पालन करते थे, जो येशु मसीह से लगभग 300 साल पहले थे। उन्होंने सिखाया कि लोगों को दर्द और भय से बचते हुए जीवन में खुशी की तलाश करनी चाहिए।",,
n,एसाव,,Esawu (W),"एसाव, यीशु मसीह से लगभग 1900 वर्ष पहले था। अब्राहम के पुत्र इसहाक के जुड़वाँ पुत्र थे जिनका नाम एसाव और याकूब था। एसाव, जो जेठा पुत्र था,उसने मूर्खतापूर्वक अपना पहिलौठे का अधिकार अपने भाई याकूब को बेच दिया। (याकूब के पुत्र इस्राएली और एसाव के पुत्र एदोमी कहलाये।)",,
n,एस्तेर ,,,"एस्तेर एक यहूदी अनाथ थी जिसका पालन-पोषण उसके चचेरे भाई मोर्दकै ने किया था। फ़ारसी राजा ज़ेरेसेस द्वारा एस्तेर को अपनी नई रानी बनाए जाने के बाद, उसने कई यहूदियों को मृत्यु से बचाया। (एस्तेर नाम का अर्थ है ""तारा""। उसके यहूदी नाम हदस्सा है जिसका अर्थ है ""मर्टल वुड"" अर्थात सुगंधित और सुंदर लकड़ी )",,
n,हव्वा,,Awa (W from Arabic),"हव्वा,येशु मसीह से लगभग 4000 साल पहले थी। हव्वा आदम की पत्नी थी और सभी मनुष्यों की पहली माँ थी। जब शैतान ने आदम और हव्वा को बहकाया, तो उन्होंने परमेश्वर की आज्ञा का उल्लंघन किया। तब से, सभी मनुष्य भी पाप करते आ रहे हैं और उन्हें अवश्य ही मरना होगा।",,
n,फेलिक्स,,,"फेलिक्स, सन् 52 से 60 के बीच यहूदिया का रोमी राज्यपाल था। एक बेईमान आदमी होने के कारण, उसने पौलुस को कैसरिया की जेल में दो साल तक रखा। एक बार जब उसने पौलुस को परमेश्वर के न्याय के बारे में समझाते हुए सुना तो वह घबरा गया।",,
n,फेसतुस ,,,सन्  62 में फेसतुस ने फेलिक्स की जगह यहूदिया का रोमी राज्यपाल बना। उसने पौलुस को कैसरिया के कारावास में तब तक छोड़ा जब तक उसने पौलुस को रोम के सम्राट कैसर के पास न्याय के लिए नहीं भेज दिया।,,
n,गदरेन,,,"गदरेन, गलील झील के पास का एक क्षेत्र था जहाँ बहुत से गैर-यहूदी लोग रहते थे जो सूअर का मांस खाते थे।",,
n,,,,"गलील, इज़राइल के उत्तरी भाग में एक क्षेत्र था जो ""गलील की झील"" नामक एक बहुत बड़ी झील के आसपास बसा था। इस झील में बहुत सारी मछलियाँ पाई जाती थीं।",,
n,,,,"गेहजी, भविष्यवक्ता एलीशा का एक सेवक था। एक बार उसने एक सीरियाई अधिकारी से, जिसे एलीशा ने कोढ़ से ठीक किया था, उपहार माँगकर पाप किया।",,
n,गिबा,गिबोनियों,,"जब यहोशू और इस्राएली कनान पर कब्ज़ा कर रहे थे, तब गिबा कनान का एक मूर्तिपूजक शहर था। (गिबोनियों ने यहोशू को धोखा देकर उनके साथ शांति समझौता कर लिया था।)",,
n,गिबा,गिबोनियों,,"गिबोनियों, गिबा शहर के कनानी लोग थे, जिन्होंने यहोशू और उसकी सेना के साथ शांति स्थापित करने के लिए, कनान के बाहर से होने का दिखावा किया था। क्योंकि इस्राएली परमेश्वर से पूछना भूल गए थे, वे गिबोनियों के द्वारा धोखा खा गए और उनके साथ शांति स्थापित कर ली, यद्यपि वे वास्तव में कनानी थे।",,
n,गिदोन,,,"गिदोन येशु मसीह से लगभग 1200 वर्ष पहले था। वह एक किसान था जो एक बड़ी दुश्मन सेना के खिलाफ एक छोटी सेना का नेतृत्व करने के बाद, इस्राएलियों का नेता या न्यायाधीश बन गया। (परमेश्वर ने उस बड़ी सेना को इतना डरा दिया कि वह भाग गई।)",,
n,अमोरा ,,,"अमोरा, सदोम के पास एक शहर था जहाँ अब्राहम के भतीजे लूत ने रहने का फैसला किया था। वहाँ की आबादी इतनी दुष्ट थी कि परमेश्वर ने उसे आकाश से गिरी आग से नष्ट कर दिया (येशु मसीह के जन्म से लगभग 2000 साल पहले)।",,
n,ग्रीस,,,"ग्रीस यूरोप का एक देश है। एथेंस और कुरीनथुस शहर ग्रीस में ही हैं। येशु मसीह से लगभग 350 साल पहले, ग्रीस ने इज़राइल और कई अन्य देशों पर विजय प्राप्त की थी। उनमें से ज़्यादातर देशों के लोगों ने यूनानी भाषा बोलना और पढ़ना सीखा। । नए नियम की पुस्तकें यूनानी में लिखी गई हैं। यूनानी सरकारी भाषा थी, हालाँकि यह सभी की मातृभाषा नहीं थी।",,
n,हागार,,,"येशु मसीह से लगभग 2000 साल पहले, हागार रहती थी। वह अब्राहम की पत्नी सारा के घर में एक दासी थी। जब सारा को अभी तक कोई संतान नहीं हुई थी, तब उसने अब्राहम से हागार के साथ सोने के लिए कहा, और हागार ने एक बच्चे को जन्म दिया जिसका नाम इश्माएल रखा गया। (लेकिन इश्माएल वह संतान नहीं था जिसे परमेश्वर ने सारा से अब्राहम को देने का वादा किया था। बारह साल बाद, सारा ने अब्राहम से एक पुत्र को जन्म दिया जिसका नाम इसहाक रखा गया। इसहाक वही पुत्र है जिसका वादा परमेश्वर ने किया था।)",,
n,हामान,,,"हामान, इस्राएल से घृणा करने वाले मूर्तिपूजक राजा अगाग का वंशज था। जब फ़ारसी राजा क्षयर्ष ने उसे अपना अधिकारी बनाया, तो हामान ने मोर्दकै और फ़ारसी साम्राज्य के सभी यहूदियों को मार डालने की योजना बनाई।",,
n,हन्ना,,,"हन्ना, एल्काना की सह-पत्नी थी। जब तक उसने शीलो में यहोवा से प्रार्थना नहीं की, तब तक उसके कोई संतान नहीं थी। उसने शमूएल नाम के एक पुत्र को जन्म दिया जो इस्राएल का भविष्यवक्ता बना। (हन्ना नाम का अर्थ है ""अनुग्रह""।)",,
n,हानून ,,,हानून एक अम्मोनी राजा था जिसने दाऊद के राजदूतों को लज्जित किया था।,,
n, हारान ,,,"वहाँ हारान नाम के बहुत से लोग थे और हारान नाम का एक शहर भी था। हारान, अब्राहम का भाई और लूत का पिता था। हारान नाम का यह शहर वह था जहाँ अब्राम के पिता की मृत्यु हुई थी।",,
n,इब्रानी,"इब्रानी,यहूदी,इस्राएली","Jew-people; Jew-talk;
","इब्रानी का अर्थ है अब्राहम के वंशज (बारह गोत्र) और उनकी भाषा, जिन्हें परमेश्वर ने अपना विशेष राष्ट्र चुना था। इब्रानियों को बाद में इस्राएली कहा गया (जब परमेश्वर ने याकूब का नाम बदलकर इस्राएल रख दिया) और उसके बाद इनको यहूदी कहा गया (क्योंकि बहुत से इस्राएली यहूदा में रहते थे)।",,
n,हेब्रोन ,,,हेब्रोन नाम के दो कस्बे (शहर) थे। अब्राहम और याकूब ने कनान में हेब्रोन के पास परमेश्वर की आराधना की। राजा दाऊद अक्सर यहूदा के हेब्रोन में जाया करते थे।,,
n,हेमीज़,,,"हेमीज़, जिसे बुध भी कहा जाता है, एक यूनानी और रोमन देवता था, जिसके बारे में मूर्तिपूजकों का मानना ​​था कि वह अन्य देवताओं के लिए संदेशवाहक का काम करता था।",,
n,हेरोदेस ,,,"हेरोदेस उन राजाओं का पारिवारिक नाम है जिन्हें रोमियों ने इस्राएल के कुछ हिस्सों पर शासन सौंपा था। उनमें से चार राजा थे (1) यहूदिया में हेरोदेस महान (जिस समय यीशु शिशु थे, उस समय राजा थे), (2) गलील में हेरोदेस अंतिपास (जिसने उस समय शासन किया जब यीशु प्रचार कर रहे थे), 3) यहूदिया में हेरोदेस अग्रिप्पा प्रथम (जिसने यीशु के पुनरुत्थान के बाद शासन किया और प्रारंभिक ईसाइयों को सताया) और (4) यहूदिया में हेरोदेस अग्रिप्पा द्वितीय (जिसने उस समय शासन किया जब पौलुस कैसरिया में बंदी था)।",,
n,इसहाक ,,,"इसहाक यीशु मसीह से लगभग 1900 वर्ष पहले था। इसहाक वह पुत्र था जिसके बारे में परमेश्वर ने अब्राहम से वादा किया था कि उसकी पत्नी सारा उसे जन्म देगी। इसहाक वह पुत्र भी है जिसे अब्राहम ने प्रभु परमेश्वर को बलिदान करने के लिए चढ़ाया था। (जब सारा ने परमेश्वर का यह वादा सुना कि वह एक पुत्र को जन्म देगी, हालाँकि वह पहले से ही बूढ़ी थी, तो वह हँस पड़ी। इसहाक नाम का अर्थ है ""हँसी।"")",,
n,यशायाह,,,"यशायाह यीशु मसीह से लगभग 800 वर्ष पहले रहते थे। उसने अक्सर यहूदा के राजाओं से बात की और यशायाह की पुस्तक लिखी, जिसमें मसीहा के बारे में कई भविष्यवाणियाँ कीं। यीशु मसीह ने कहा कि यशायाह ने उनके बारे में लिखा है।",,
n,याबान ,,,"याबान एक कनानी राजा था जिसकी सेना इस्राएलियों पर अत्याचार करती थी। यहोवा से प्रार्थना करने पर, इस्राएलियों ने याबान की सेना को हराकर उसे मार डाला।",,
n,याकूब,,,"याकूब यीशु मसीह से लगभग 1850 वर्ष पहले था। वह इसहाक का पुत्र और अब्राहम का पोता था। जब याबूब ने परमेश्वर के एक दूत से कुश्ती लड़ी, तो दूत ने उसे एक नया नाम दिया, इस्राएल। इस्राएल के बारह पुत्र इस्राएल के बारह गोत्रों के पूर्वज बने। (इस प्रकार, इस्राएलियों को कभी-कभी याकूब का घराना कहा जाता है।)",,
n,याएल,,,"याएल एक केनी स्त्री थी जिसका कुल इस्राएल में रहता था, परन्तु कनानियों के साथ उसका मेल-मिलाप था। जब सीसरा इस्राएली सेना से भागा, तो उसने याएल के तंबू में शरण ली, जहाँ उसने सोते हुए उसे मार डाला। (याएल नाम का अर्थ है ""प्रभु ही ईश्वर है""।)",,
n,याकूब ,,,"याकूब नाम के कई लोग थे। उनमें से दो प्रेरित थे। दूसरा व्यक्ति यीशु मसीह का भाई याकूब था जो बाद में मसीही बन गया और यरूशलेम की कलीसियाओं के अगुवा बन गया। (याकूब का इब्रानी भाषा मे ""जैकब"" है जिसका अर्थ है ""अंकुरित करनेवाला""।)",,
n,यहोआकिन,"यहोयाकीन,कोन्याह",,"यहोआकिन, जिसे कोन्याह और यहोयाकीन भी कहा जाता है, यहूदा (दक्षिणी इज़राइल) का राजा था, जब 598 ईसा पूर्व मे बेबीलोन की सेना ने यरूशलेम शहर पर आक्रमण कर उस पर कब्ज़ा कर लिया था।",,
n,यहोयादा ,,,"राजा योआश के शासनकाल से पहले और उसके दौरान, यहोयादा यरूशलेम के मंदिर में महायाजक था। उसकी पत्नी ने शिशु योआश को दुष्ट रानी अथलिया द्वारा मारे जाने से बचाया।",,
n,यिप्तह,,,"यिप्तह, यीशु मसीह से लगभग 1700 वर्ष पूर्व न्यायियों के समय में रहते थे। वह इस्राएलियों की सेना का सेनापति बना और उसे विजय की ओर ले गया।",,
n,यिर्मयाह,,,"यिर्मयाह येशु मसीह से लगभग 600 वर्ष पूर्व रजते थे, उस समय से पहले और उस समय जब बेबीलोन द्वारा इस्राएल का विनाश किया गया था। वह परमेश्वर का एक भविष्यवक्ता था जिसने इस्राएलियों को अपनी आज्ञा उल्लंघन, का पश्चाताप करने के लिए कहा, और उन्हें चेतावनी दी कि बेबीलोन के लोग यरूशलेम पर कब्ज़ा कर लेंगे और उन्हें 70 वर्षों के लिए बंदी बना लेंगे।",,
n,यरीहो ,,,"यरीहो कनान के एक मज़बूत, दीवारों से घिरे शहर का नाम था। यह वह स्थान था जहाँ राहाब रहती थी। यरीहो वह पहला शहर था जिसे यहोशू और इस्राएलियों ने परमेश्वर की चमत्कारिक मदद से हराया था। परमेश्वर ने यरीहो की दीवारें गिरा दीं।",,
n,यारोबाम ,,,"राजा सुलैमान की मृत्यु के बाद, उसका राज्य दो भागों में बँट गया। यारोबाम उत्तरी भाग का राजा बना, जिसे वे इस्राएल कहते थे। यारोबाम ने इस्राएलियों से यरूशलेम न जाने का आदेश दिया, और बैल जैसी दिखने वाली मूर्तियों को दंडवत् करके यहोवा की आराधना करने को कहा, और खुद को एक याजक भी बना लिया। ये सब काम यहोवा को नापसंद थे। यारोबाम एक दुष्ट राजा था।",,
n, यरूशलेम ,,,"राजा दाऊद द्वारा यरूशलेम पर कब्ज़ा करने के बाद, यह इज़राइल की राजधानी बन गया। (यरूशलेम नाम का अर्थ है ""शांति का नगर।"") राजा सुलैमान ने यरूशलेम में परमेश्वर के लिए एक मंदिर बनवाया। 1000 वर्षों तक, यरूशलेम शहर यहूदियों के लिए आराधना का मुख्य स्थल बना रहा। यरूशलेम का दूसरा नाम सिय्योन पर्वत है, क्योंकि यह एक पहाड़ी पर स्थित है। यरूशलेम को कई बार नष्ट किया गया और पुनः बनाया गया।",सिय्योन,
n,यिशै,,,"यिशै, राजा दाऊद का पिता था, जो येशु मसीह का पूर्वज था। पुराने नियम में, भविष्यवक्ता यशायाह ने लिखा था कि मसीहा या ख्रीस्त, यिशै और दाऊद का वंशज होगा।",,
n,यीशु,"ईसा, येशु ","Yeesu in Roman script, Isaa in Arabic script (W);","(एक स्वर्गदूत ने मरियम और यूसुफ को उसके पुत्र का नाम रखने को कहा) यीशु, जिसका अर्थ है ""परमेश्वर बचाता है"" क्योंकि यीशु लोगों को उनके पापों से बचाएगा। यीशु ही वादा किया गया मसीहा या क्राइस्ट है। वह मानव शरीर में आया परमेश्वर है, एकमात्र उद्धारकर्ता। (उसने धरती पर चमत्कार किए, हमारे पापों के कारण उसकी मृत्यु हुई, तीन दिन बाद वह जीवित हो उठा, और वह स्वर्ग में चढ़ गया है जहाँ से वह एक दिन जीवितों और मृतकों का न्याय करने और उस राज्य पर शासन करने के लिए लौटेगा जिसे वह अभी भी बनाने की प्रक्रिया में है)। यीशु को दी गई कुछ अन्य उपाधियाँ हैं: यीशु मसीह, मसीहा, परमेश्वर का पुत्र, मनुष्य का पुत्र, दाऊद का पुत्र।",,
n,यित्रो ,रूएल,,"यित्रो मिद्यान के एक याजक की उपाधि थी। उसका अपना नाम रूएल था (निर्गमन 4:18)। मूसा ने लगभग 1400 ईसा पूर्व में यित्रो की एक पुत्री से विवाह किया था। (रूएल नाम का अर्थ है ""ईश्वर का मित्र""।)",,
n,यहूदी ,,people (a tribe) called Jews; sons of Israel (W);,"यहूदी, अब्राहम और याकूब के वंशज थे, जिन्हें इज़राइल भी कहा जाता था। वे यहूदा नामक देश में रहते थे, इसलिए उन्हें यहूदी कहा जाता था। यहूदियों को ""परमेश्वर के लोग"" कहा जाता था क्योंकि परमेश्वर ने उन्हें उस राष्ट्र के रूप में चुना था जिसके माध्यम से वह स्वयं को प्रकट करेंगे और जिनके माध्यम से मसीहा प्रकट होंगे।",,
n,योआब,,,योआब कई वर्षों तक दाऊद की सेना का वफादार सेनापति था।,,
n,योआश,योआश,,"योआश, येशु मसीह से लगभग 800 वर्ष पूर्व यहूदा (दक्षिणी इस्राएल) का राजा था। युवा अवस्था में उसने प्रभु की सेवा की, परन्तु वृद्धावस्था में उसने बुरे काम किए और मारा गया।",,
n,अय्यूब,,,"बहुत समय पहले, अय्यूब एक प्रसिद्ध, धनी, धर्मपरायण और नेक इंसान था। जब दुश्मनों ने उसकी सारी दौलत छीन ली और शैतान ने उसके बच्चों को मार डाला, तो वह बहुत बीमार हो गया। उसके दोस्तों ने उस पर गुप्त पापों का आरोप लगाया, लेकिन अय्यूब जानता था कि वह एक नेक इंसान है, इसलिए वह परमेश्वर से पूछना चाहता था कि वह इतना कष्ट क्यों झेल रहा है। जब वह नम्र हो गया, तो परमेश्वर ने उसका स्वास्थ्य और धन वापस कर दिया, और उसके और भी बच्चे हुए।",,
n,यूहन्ना,,Yowanna (W),"यूहन्ना नाम का अर्थ है ""परमेश्वर का अनुग्रह""। बाइबल में यूहन्ना नाम के कई पुरुष पाए जाते  हैं: (1) बपतिस्मा देने वाला ,जिसने लोगों को परमेश्वर की ओर लौटने की चेतावनी दी, (2) यीशु का एक प्रेरित जो यीशु के बहुत करीबी तीन लोगों में से एक था और जिसने सुसमाचार, कई पत्र और लगभग निश्चित रूप से प्रकाशितवाक्य लिखा, (3) बरनबास का चचेरा भाई यूहन्ना मरकुस जिसने एक सुसमाचार लिखा, (4) पतरस का पिता, (5) एक महायाजक का रिश्तेदार।",,
n,योना,,,"योना, यीशु मसीह से लगभग 800 वर्ष पूर्व रहता था। उसके नाम का अर्थ है कबूतर, एक प्रकार की  पक्षी। वह परमेश्वर का एक भविष्यवक्ता था जिसने (अनिच्छा से) दुष्ट नगर नीनवे को पश्चाताप करने के लिए बुलाया था। (यीशु ने एक बार कहा था कि वह स्वयं अपनी मृत्यु के तीन दिन बाद जीवित हो जाएगा, जैसे योना तीन दिन तक एक बड़ी मछली के पेट में रहा था जिसने उसे निगल लिया था।) परमेश्वर ने योना के शब्दों के साथ-साथ उसके जीवन को भी एक संदेश के रूप में इस्तेमाल किया।",,
n,योनातान,,,"योनातान राजा शाऊल का पुत्र था। वह और दाऊद बहुत अच्छे मित्र बन गए। जब शाऊल और योनातान युद्ध में मारे गए, तो दाऊद उनके स्थान पर राजा बना। (योनातान नाम का अर्थ है ""प्रभु से उपहार"")",,
n,याफा,,,"याफा यरूशलेम के पश्चिम में समुद्र तट पर स्थित एक शहर था, जहाँ जहाज़ और नावें आती-जाती थीं।",,
n,यरदन,यरदन  नदी ,,"यरदन उस लंबी नदी का नाम है जो इज़राइल में उत्तर से दक्षिण की ओर बहती है। यरदन  नदी के पश्चिम में अच्छी कृषि भूमि है, जबकि जॉर्डन नदी के पूर्व में जंगल है।",,
n,यूसुफ,,,"यूसुफ नाम के कई पुरुष हैं: (1) याकूब का ग्यारहवाँ पुत्र, (2) मरियम का पति, (3) यीशु मसीह का एक भाई, (4) वह धनी यहूदी नेता जिसने यीशु मसीह के शरीर को दफनाया था,आदि ।
याकूब के पुत्र यूसुफ को यीशु मसीह से लगभग 1800 वर्ष पहले मिस्र में एक दास के रूप में बेच दिया गया था, (और वह मिस्र में एक महत्वपूर्ण अधिकारी बन गया जहाँ वह याकूब के परिवार को 400 वर्षों तक रहने के लिए ले आया)। (यूसुफ नाम का अर्थ है ""वह जोड़ेगा"")",,
n,यहोशू ,,,"यहोशू येशु मसीह  से लगभग 1400 वर्ष पहले रहते थे। उनके नाम का अर्थ है ""परमेश्वर बचाता है""। वह उन 12 जासूसों में से एक थे जिन्हें मूसा ने कनान भेजा था। मूसा की मृत्यु के बाद, यहोशू इस्राएलियों का अगुवा बना, जब तक कि उन्होंने कनान पर विजय प्राप्त नहीं कर ली। (उसने कहा, ""जहाँ तक मैं और मेरा परिवार की बात है, हम प्रभु का अनुसरण करेंगे।"")
(यहोशू नाम का अर्थ है ""प्रभु बचाता है""। यीशु नाम और यहोशू नाम का एक ही रूप है।)",,
n,यहूदा ,,,"यहूदा याकूब के बारह बेटों में से एक था। उसकी माँ का नाम लिआ था। वह यहूदा के इस्राएली कबीले का पूर्वज बना। 
राजा सोलोमन की मौत के बाद भी, उत्तरी कबीलों को इज़राइल कहा जाता था, जबकि दो दक्षिणी कबीलों को हिब्रू में यहूदा और लैटिन में जूडिया कहा जाता था। (यहूदा नाम का मतलब है ""तारीफ़"" ।)",,
n,यहूदिया,,,यहूदिया उस प्रांत या इलाके का नाम है जहां यहूदा का कबीला रहता था।  ,,
n,केतुरा,,,"अब्राहम की पत्नी सारा की मौत के बाद, उसने केतुरा नाम की एक औरत से शादी की, जिससे कई बच्चे हुए। (केतुरा नाम का मतलब धूप या मीठी खुशबू हो सकता है।)",,
n,कोरह ,,,"कोरह ने मूसा और हारून के खिलाफ बगावत की। इसलिए, परमेश्वर ने ज़मीन को फटने दिया, और कोरह और उसके पीछे चलने वाले सभी लोग दरार में गिरकर मर गए।",,
n,लाबान ,,,"लाबान याकूब का मामा था, रेबेका का भाई, जो हारान में रहता था। लाबान लिआ और राहेल का पिता था जो याकूब की पत्नियाँ बनीं।",,
n,गलील झील,गलील सागर,,"गलील  झील उत्तरी इज़राइल में गहरे ताज़े पानी का एक बड़ा स्रोत है, जहाँ से जॉर्डन नदी दक्षिण की ओर बहती है।",,
n,लेवी,"लेवियों, लेवी",from the clan of Lewi (R); from the clan of Liwai (K),"लेवी, याकूब के बारह बेटों में से एक था, जो लेवी नाम के इज़राइली कबीले का पूर्वज था। इज़राइल में, सिर्फ़ लेवियों को ही यरूशलेम के मंदिर में याजक के तौर पर काम करने की इजाज़त थी। हारून एक लेवी था। मत्ती जिसने सुसमाचार लिखा था, उसे भी लेवी कहा जाता था। (मसीहों के माह याजक येशु मसीह  हैं जो यहूदा कबीले से थे।)",,
n,लूत,,,"लूत अब्राहम का भतीजा (भाई का बेटा) था। लूत अब्राहम के पास रहता था। लेकिन जब दोनों आदमियों के पास जानवरों के बड़े झुंड हो गए, तो वे अलग हो गए। अब्राहम ने टेंट में रहना चुना, जबकि लूत बुरे शहर सदोम में रहने लगा। (लूत मोआबियों और अमोनियों का पूर्वज बना, जो इस्राएलियों के दुश्मन थे।)",,
n,,,,,,
n,मनश्शे,,,"मनश्शे, यूसुफ के दो बेटों में बड़ा था। मनश्शे, इस्राएल के एक कबीले का पूर्वज बना। (मनश्शे नाम का मतलब है ""भूल जाना।"")",,
n,मरकुस  ,,,"मरकुस  एक आम रोमी नाम था। योहन्न मरकुस  नाम के एक युवा यहूदी व्यक्ति ने, जो यीशु को जानता था, मरकुस का सुसमाचार  लिखा और लुक  को लुक  का  सुसमाचार लिखने में मदद की।",,
n,मरियम,,,"मरियम नाम का मतलब है ""चाहना"" या ""कड़वा"" । बाइबिल के नया नियम  में, कई महिलाओं का नाम मरियम है, जिसमें येशु की मां और मगदला की एक शिष्या भी शामिल हैं। लाजर और मार्था की बहन को भी मरियम कहा जाता था, जो बेथानी की रहने वाली थीं।",,
n,मत्ती,,,"मत्ती,  जिसे लेवी के नाम से भी जाना जाता है, एक पढ़ा-लिखा आदमी था, जब यीशु ने उसे अपना शिष्य बनने के लिए बुलाया, तब वह टैक्स वसूलने वाला था। मत्ती ने यीशु के जीवन के बारे में एक सुसमाचार की  किताब लिखी।",,
n,मादी ,मादी लोग ,,"मादी एक ईरानी जनजाति है। 7वीं सदी ईसा पूर्व में, उन्होंने मदी नाम का एक राज्य बनाया जिसने बेबीलोन पर हमला करने के लिए फारसियों के साथ मिलकर काम किया। राजा दारा एक मादी था।",,
n,मेलकिसेदेक  ,,,"मेलकिसेदेक  का मतलब है ""मेरा राजा इंसाफ़ करने वाला है""। वह सलेम का राजा था, और एकयाजक था जो सबसे महान परमेश्वर की सेवा करता था। उसने एक बार अब्राहम को आशीर्वाद दिया, जिसने फिर उसे एक तोहफ़ा (दसवाँ भाग , या दसवाँ हिस्सा) दिया। क्योंकि मेलकिसेदेक   एक याजक  परिवार से था, वह यीशु की तरह  याजक था जो लेवी के  याजक  कबीले से नहीं था (फिर भी दोनों सबसे महान परमेश्वर  की बात मानने की वजह से असली याजक बन गए।)",,
n,मापीबोशेत ,,,"मापीबोशेत योनाथन का बेटा था। बचपन में उसके पैर टूट गए थे। दाऊद के राजा बनने के बाद, उसने मापीबोशेत पर बहुत मेहरबानी की।",,
n,मीकल ,,,"मीकल राजा शाऊल की बेटी थी। वहदाऊद से प्यार करती थी, जिसने उससे शादी की थी, जब वह राजा शाऊल की सेवा कर रहा था। कई सालों बाद, जब दाऊद  यरूशलेम की सड़कों पर नाच रहा था, तो उसने उसे डांटा। उसके कोई बच्चे नहीं हुए।",,
n,मिद्यान,मिद्यानियों,,"मिद्यान, अब्राहम की दूसरी पत्नी केतुरा का चौथा बेटा था। मिद्यान की ज़मीन उत्तर-पश्चिम अरब में थी, जहाँ मूसा मिस्र से भागकर आए थे। मिद्यान की ज़मीन के लोगों को मिद्यानियों कहा जाता था। वे नियायों के समय में इज़राइल पर हमला करते और लूटते थे। परमेश्वर ने गिदोन को हमला करने वाले मिद्यानियों को हराने के लिए ताकत दी।",,
n,मिरियम ,,,मिरियम मूसा और हारून की बहन थी। वह एक भविष्‍य बताने वाली थी जो इस्राएलियों को गीत सिखाती थी।,,
n,मोआब ,मोआबी ,,"मोआब अब्राहम के भतीजे लूत का बेटा था। मोआब के वंशज मोआबी थे, जो यरदन  नदी के पार इज़राइल के दक्षिण-पूर्व में मोआब में रहते थे। मोआबी अपने बच्चों की बलि देकर  मोलेक देवता की पूजा करते थे। रूथ एक मोआबी थी जो राजा दाऊद  और येशु की पूर्वज बनी।",,
n,मोलेख,,,"मोलेख एक बुरी आत्मा है और कुछ गैर-मसीह लोग इसकी पूजा करते हैं। कुछ देशों में, उपासक मोलेख की मूर्तियों के सामने अपने बच्चों की बलि चढ़ाते थे। यरूशलेम में कुछ इस्राएलियों ने अपने बच्चों की बलि देकर प्रभु को बहुत गुस्सा दिलाया। (मोलेख नाम का मतलब है ""मौत का राजा""।)",,
n,मोर्दकै,,,मोर्दकै एक यहूदी गुलाम था जो फ़ारसी राजा क्षयरष के महल में काम करता था। उसने अपनी अनाथ चचेरी बहन एस्तेर को पाला-पोसा जो क्षयरष  की रानी बनी। क्षयरष ने मोर्दकै को उसकी वफ़ादार सेवा के लिए इनाम दिया।,,
n,मूसा,,Musa (W from Ar),"मूसा, यीशु मसीह से लगभग 1450 साल पहले रहते थे। उनका जन्म मिस्र में एक हिब्रू गुलाम परिवार में हुआ था, लेकिन उन्हें मिस्र की एक राजकुमारी ने गोद ले लिया थी । मूसा ने 40 साल की उम्र में मिस्र छोड़ दिया था, लेकिन परमेश्वर ने उन्हें 80 साल की उम्र में मिस्र वापस भेज दिया, ताकि वे हिब्रू लोगों को कनान ले जा सकें। परमेश्वर ने मूसा को अपना कानून बताया (जिन्होंने पुराना नियम  की पहली किताबें लिखीं)।",,
n,नामान,,,"नामान, यीशु मसीह से लगभग 800 साल पहले सीरिया देश में रहता था, जहाँ वह सैनिकों का कमांडर था। वह एक पैगन (गैर-यहूदी) था, यहूदी नहीं, और उसे चरम रोग था । भविष्यवक्ता एलीशा ने उसे यरदन नदी में नहाने के लिए कहा। नामान ने बात मानी और ठीक हो गया, और इज़राइल के पररमेश्वर में विश्वास करने लगा। (येशु मसीह  ने यहूदियों से कहा कि  ने पररमेश्वर को स्वीकार किया जिसने मूसा के कानून को नहीं जनता था  (नामान नाम का मतलब है ""सुहावना"")",,
n,नाओमी ,,,"नाओमी इज़राइल की एक महिला थी जो अपने पति के साथ मोआब चली गई थी, अपने पति और बेटों की मौत के बाद वह इज़राइल लौट आई थी।",,
n, नथनएल ,,,"कई लोगों का नाम नथनएल था। नथनएल यीशु के पहले शिष्यों में से एक था। (नथनएल नाम का मतलब है ""परमेश्वर  देता है""।)",,
n,नासरत,,,"नासरत, यहूदा के उत्तर में गलिली प्रांत का एक गाँव था। मिस्र से लौटने के बाद यूसुफ, मरियम और यीशु को नासरत में रहने के लिए ले आया।",,
n,नबूकदनेस्सर ,,,"नबूकदनेस्सर 605 से 562 ईसा पूर्व तक बेबीलोन का एक गैर-मसीह राजा था। उसने इस्राएलियों को देश से निकाला कर गुलामी करवाने के लिए बेबीलोन भेज दिया, और बाद में इस्राएल के परमेश्वर पर विश्वास किया। (नबूकदनेस्सर नाम का मतलब है ""नबू मेरे बेटे की रक्षा करे।"")",,
n,नहेमायाह ,,,"नहेमायाह फ़ारसी साम्राज्य में एक यहूदी उच्च अधिकारी थे। राजा अर्तक्षत्र ने नहेमायाह को लगभग 445 ईसा पूर्व में यरुशलम को फिर से बनाने के लिए यहूदा भेजा था। (नहेमायाह नाम का मतलब है ""प्रभु आराम देता है""।)",,
n,नील नदी,नील ,,नील नदी पूरे मिस्र देश से उत्तर की ओर बहती है और देश को अधिकांश जल प्रदान करती है। मिस्रवासी नील नदी को जीवन का पवित्र स्रोत मानते थे। परमेश्वर ने मूसा को नील नदी के पानी को खून में बदलने की शक्ति दी थी। (नील नदी का उद्गम युगांडा की विक्टोरिया झील में स्थित है।),,
n,नीनवे ,नीनवेवासी ,,"नीनवे अश्शूर देश का एक बड़ा मूर्तिपूजक शहर था। (अश्शूर के सैनिक अपने बंदियों को मौत के घाट उतार देते थे।) येशु मसीह से लगभग 800 वर्ष पूर्व, परमेश्वर ने नीनवे के लोगों को चेतावनी देने के लिए नबी योना को भेजा कि वह उन्हें नष्ट करने जा रहा है। योना का संदेश सुनकर, वे रो पड़े और पश्चाताप किया। इस कारण, परमेश्वर ने उन्हें क्षमा कर दिया और उस समय उनका नाश नहीं किया। (जब उन्होंने पश्चाताप किया, तो योना को बहुत दुःख हुआ, क्योंकि वह चाहता था कि यहोवा नीनवे का नाश कर दे।)
नहुम की छोटी पुस्तक बताती है कि परमेश्वर ने बाद में नीनवे का नाश कब किया।",,
n,नूह,,,"नूह, येशु मसीह से लगभग 2000 वर्ष पहले रहते थे। उनके नाम का अर्थ है ""आराम या सुख।"" उन दिनों, इंसान इतने बुरे काम कर रहे थे कि परमेश्वर ने नूह को एक बहुत बड़ी नाव बनाने का आदेश दिया। 120 साल बाद, परमेश्वर ने जानवरों के जोड़े और नूह के परिवार को उस नाव में ले गया। फिर परमेश्वर ने ज़मीन पर पानी की बाढ़ भेजा , जिससे सभी इंसान और जानवर मारे गए, सिवाय उन लोगों के जो नाव के अंदर थे इस बाढ़ के पानी से बच गए।  (इस प्रकार, आज जीवित सभी लोग नूह और उसके बेटों के वंशज हैं।)",,
n,ओबेद-एदोम ,,,"राजा दाऊद ने एक बार ओबेद-एदोम के घर में वाचा का सन्दूक रखा था, और यहोवा ने ओबेद-एदोम को समृद्ध किया। जब दाऊद वाचा का सन्दूक यरूशलेम ले आया, तो उसने ओबेद-एदोम को वहाँ का द्वारपाल नियुक्त किया। (ओबेद-एदोम नाम का अर्थ है ""एदोम का सेवक""।)",,
n,ओर्फा,,,"ओर्फा मोआब की एक विधवा स्त्री थी, जिसका विवाह नाओमी के दो पुत्रों में से एक से हुआ था।",,
n,पौलुस ,,,"शाऊल एक यहूदी था जो मसीहियों के साथ हिंसक व्यवहार करता था। यीशु के प्रकट होने के बाद, वह एक प्रेरित बन गया और खुद को पौलुस कहने लगा। सुसमाचार सुनाने और कई नई कलीसियाएँ शुरू करने के द्वारा यीशु की सेवा करते समय पौलुस ने बहुत कष्ट सहे। पौलुस ने दस पत्र लिखे जो अब पवित्र बाइबल के नए नियम का हिस्सा हैं। (पौलुस नाम का अर्थ है ""छोटा""।)",,
n,फ़ारस,फ़ारसी,,"फ़ारसी एक ईरानी जनजाति है। ईसा पूर्व सातवीं शताब्दी में, उन्होंने मेदियों के साथ गठबंधन किया और बेबीलोनिया पर विजय प्राप्त की। फ़ारसी साम्राज्य ने सैकड़ों वर्षों तक दुनिया के अधिकांश भाग पर शासन किया।",,
n,पतरस ,कैफा ,,"शमौन एक मछुआरा था जिसे कैफा भी कहा जाता था। जब यीशु ने शमौन को शिष्य बनने के लिए बुलाया, तो यीशु ने उसका नाम बदलकर पतरस रख दिया। पतरस, यीशु के बारह प्रेरितों में से एक था। यीशु ने पतरस को यीशु की मृत्यु और पुनरुत्थान के बाद यहूदियों को सुसमाचार सुनाने वाला पहला व्यक्ति और गैर-यहूदियों या अन्यजातियों को सुसमाचार सुनाने वाला पहला व्यक्ति चुना। पतरस ने बाइबल के नए नियम के दो पत्र लिखे। (पतरस नाम का अर्थ है ""चट्टान।"")",,
n,फरीसी ,,"Jewish religious leader;
Farasi;
","फरीसी यहूदी धर्मगुरु और शिक्षक थे जो मूसा की व्यवस्था का पालन करने के लिए कई नियमों का पालन करते थे। वे उन यहूदियों का तिरस्कार करते थे जो उन नियमों का पालन करने में इतने सख्त नहीं थे। यीशु ने उन्हें पाखंडी कहा, क्योंकि वे अक्सर पाप करते थे, लेकिन उसे स्वीकार नहीं करते थे। (कई फरीसी यीशु और उनके प्रेरितों का विरोध करते थे, कभी-कभी ईसाइयों को गिरफ्तार कर लेते थे या मार डालते थे।)",,
n,फिलिप्पुस ,,,"फिलिप्पुस नाम के कई लोग थे। उनमें से एक राजनीतिक नेता था। दूसरा यीशु के पहले शिष्यों में से एक था, जो यीशु के बारह प्रेरितों में से एक बना। फिलिप्पुस कई सामरियों को यीशु के पास ले गया, साथ ही एक इथियोपियाई अधिकारी को भी।",,
n,पलिश्ती ,"पलिश्ती, फिलिस्तिया",,"पलिश्ती दक्षिणी इस्राएल में रहने वाले मूर्तिपूजक कबीले थे। वे कभी-कभी इस्राएलियों के विरुद्ध युद्ध करते थे। शिमशोन, दलीला नाम की एक पलिश्ती स्त्री से प्रेम करता था।",,
n,पिलातुस,,,"जिन दिनों यीशु शिक्षा दे रहे थे, पिलातुस यहूदिया का प्रभारी रोमी गवर्नर था। जब यहूदी नेताओं ने यीशु को गिरफ्तार किया, तो पिलातुस यीशु को सूली पर चढ़ाने के लिए तैयार हो गया, हालाँकि वह जानता था कि यीशु निर्दोष थे और ऐसा करना गलत था।",,
n,पोतीफर ,,,"पोतीफर मिस्र के एक अधिकारी का नाम था। उसने यूसुफ को गुलाम के तौर पर खरीदा और बाद में उसे जेल में डाल दिया। (पोतीफर  नाम का मतलब शायद ""अफ़्रीकी बैल ""होता है।)",,
n,प्रिस्किल्ला,प्रिस्का ,,"प्रिस्किल्ला, जिसे प्रिस्का भी कहा जाता था, अक्विला की पत्नी थी। वे रोम के यहूदी थे जिन्होंने पौलुस को यूनान और सीरिया में कलीसियाएँ स्थापित करने में मदद की थी। (लैटिन में प्रिस्का नाम का अर्थ ""आदरणीय"" होता है।)",,
n,राहेल ,,,"राहेल का अर्थ है भेड़ या भेड़ की बच्ची। याकूब की दो पत्नियों में से एक का नाम राहेल था। वह यूसुफ और बिन्यामीन की माँ थी। मत्ती 2:18 में उसका नाम यहूदी लोगों की सभी माताओं के लिए इस्तेमाल किया गया है। यिर्मयाह 31:15 में, इस्राएल में माताओं को राहेल कहा गया है, और मत्ती 2:18 में, बेथलहम में माताओं को राहेल कहा गया है, जब वे अपने बंदी या मृत बच्चों के लिए रोती हैं।",,
n,राहाब,,,"राहाब एक कनानी स्त्री, एक सराय-संचालिका और एक वेश्या (शायद एक मंदिर की वेश्या) थी जो येशु मसीह से लगभग 1400 साल पहले यरीहो शहर में रहती थी। जब उसने सुना कि कैसे उसने इस्राएलियों को मिस्र से बचाया, तो उसे इस्राएल के परमेश्वर पर विश्वास हो गया, इसलिए उसने इस्राएली जासूसों को यरीहो से भागने में मदद की। राहाब, ईसा की पूर्वज बनीं। (राहाब एक प्राचीन कनानी देवी का नाम भी था।)",,
n,रिबका,,,रिबका येशु मसीह से लगभग 1800 साल पहले रहती थीं। वह अब्राहम के बेटे इसहाक की पत्नी और एसाव और याकूब नाम के जुड़वां बेटों की माँ थीं।,,
n,रहूबियाम,,,"रहूबियाम राजा सुलैमान का एक मूर्ख पुत्र था। सुलैमान की मृत्यु के बाद, रहूबियाम राजा बना। लेकिन जब उसने कर बढ़ा दिए और लोगों के साथ बुरा व्यवहार किया, तो लोगों ने विद्रोह कर दिया और राज्य दो भागों में बँट गया। रहूबियाम ने यरूशलेम में यहूदा पर शासन किया, जबकि यारोबाम बाकी बचा हुआ इस्राएल पर राजा बना। (रहूबियाम नाम का अर्थ है ""लोगों का विस्तार करना""।)",,
n,रूबेन,,,"रूबेन, याकूब और लिआ का पहला/सबसे बड़ा पुत्र था। रूबेन इस्राएल के बारह गोत्रों में से एक का पूर्वज बना। (रूबेन नाम का अर्थ है, देखो, एक पुत्र।)",,
n,रोम ,रोमियों,,"रोम इटली नामक देश की राजधानी थी और है। यीशु के समय तक, रोम ने दुनिया के अधिकांश हिस्सों पर विजय प्राप्त कर ली थी। रोम साम्राज्य ने यीशु से लगभग 100 वर्ष पूर्व से लेकर यीशु के 700 वर्ष बाद तक कई देशों पर शासन किया। यद्यपि रोमन लोग हर जगह अच्छे कानून लाए, फिर भी उन्होंने भारी कर लगाए और सभी से अपने देवताओं का सम्मान करने की अपेक्षा की। रोमियों का मानना ​​था कि उनके राजा/सीज़र दिव्य देवता थे। यहूदी विशेष रूप से रोमियों से घृणा करते थे, और अंततः रोमियों ने इस्राएल को नष्ट कर दिया। रोम ने कई सड़कें बनवाईं और देशों को एक-दूसरे के विरुद्ध युद्ध करने से रोका। इससे यीशु के बारे में सुसमाचार 300 वर्षों तक बहुत तेज़ी से फैल गया।",,
n,रूत,,,रूत मोआब की एक (गैर-यहूदी) स्त्री थी। वह एक विधवा थी जिसका विवाह नाओमी के दो पुत्रों में से एक से हुआ था। रूत नाओमी के साथ इस्राएल आई जहाँ बोअज़ नाम के एक नेक आदमी ने उससे विवाह किया। उनका पुत्र राजा दाऊद और यीशु का पूर्वज बना।,,
n,सदूकी ,,,"सदूकी धनी, उच्च-वर्गीय यहूदी थे जो यरूशलेम मंदिर की देखभाल करते थे। वे यहूदी धार्मिक नेताओं का हिस्सा थे। वे फरीसियों से उन नियमों को मानने के बारे में असहमत थे जो मूसा की व्यवस्था में नहीं थे। (सदूकी मानते थे कि अंत समय में मरे हुए जी उठेंगे, लेकिन वे इस बात से इनकार करते थे कि उससे पहले कोई भी मृत्यु से जी उठ सकता है।)",,
n,सामरिया,सामरि,,"सामरिया प्राचीन इस्राएल का एक उत्तरी क्षेत्र था, और बाद में रोम का एक प्रांत बन गया। से येशु मसीह लगभग 600 वर्ष पूर्व अश्शूर ने यहूदियों को सामरिया से निर्वासित कर दिया था, तथा वे सामरिया में अन्यजातियों को रहने के लिए ले आये थे। ये सामरी यहूदी धर्म में परिवर्तित हो गए, लेकिन यहूदियों ने सामरियों को कभी भी असली यहूदी नहीं माना क्योंकि उन्होंने अन्यजातियों के साथ विवाह किया था और कुछ उनके देवताओं की पूजा करते थे जबकि कुछ इस्राएल के परमेश्वर की। यहूदिया के यहूदी सामरियों को तुच्छ समझते थे।",,
n,शिमशोन,,,"शिमशोन येशु मसीह से लगभग 1100 वर्ष पूर्व रहते थे। उसके नाम का अर्थ है ""सूर्य""। उसे परमेश्वर के प्रति समर्पित होना चाहिए था, लेकिन न्यायियों के समय में वह एक अवज्ञाकारी नेता था। परमेश्वर ने शिमशोन को बहुत अधिक शारीरिक शक्ति दी, जिसने इस्राएलियों के कई शत्रुओं को मार डाला। हालाँकि, उसने एक अन्यजाती स्त्री से विवाह किया जिसने उसे धोखा दी , जिसके कारण उसने परमेश्वर की आज्ञा नहीँ मानी और अपनी शक्ति का दान  खो दिया।",,
n,शमूएल ,,,"शमूएल येशु मसीह से लगभग 1150 वर्ष पूर्व रहते थे। उसके नाम का अर्थ है ""परमेश्वर का नाम""। शमूएल इस्राएल में एक महान भविष्यद्वक्ता बना, और उसने ही शाऊल और दाऊद को इस्राएल के राजा के रूप में अभिषिक्त किया।",,
n,सफ़ीरा ,,,"सफ़ीरा और उसका पति हनन्याह पहले मसीही में से थे। उन्होंने कुछ ज़मीन बेची और उस पैसे का कुछ हिस्सा गरीब मसीही की मदद के लिए लाया। लेकिन जब उन्होंने ज़मीन बेचने के पैसे के बारे में झूठ बोला, तो उनकी मौत हो गई। (सफ़ीरा नाम का अर्थ है ""नीलम"", एक कीमती पत्थर।)",,
n,सारा ,,,"सारा अब्राहम की पहली पत्नी थी। हालाँकि वह कई वर्षों तक बांझ रही, फिर भी परमेश्वर ने उससे वादा किया कि वह बुढ़ापे में एक पुत्र को जन्म देगी। परमेश्वर ने उसका नाम सारै, जिसका अर्थ है झगड़ालू, से बदलकर सारा, जिसका अर्थ है राजकुमारी, रख दिया, इससे पहले कि वादा किया गया पुत्र, इसहाक, पैदा होता।",,
n,सारै,,,"सारै, अब्राहम की पहली पत्नी थी जो इसहाक की माँ बनी। परमेश्वर ने सारै का नाम बदलकर सारा रख दिया। (सारै का अर्थ है झगड़ालू, जबकि सारा का अर्थ है राजकुमारी।)",,
n,शैतान,दुष्ट आत्मा,"crooked mouth (G);
enemy of God;
chief leader of the evil spirits (G);
spirit who accuses others;
Seytaane (W)","शैतान का अर्थ है आरोप लगाने वाला या विरोधी। शैतान एक शक्तिशाली दुष्ट आत्मा या शैतान है जो मनुष्यों को गलत काम करने के लिए प्रलोभित करता है और फिर परमेश्वर के सामने उन पर आरोप लगाता है। हालाँकि, यीशु मसीह परमेश्वर के सामने विश्वासियों का बचाव करते हैं। (अंततः, यीशु शैतान को हमेशा के लिए आग की झील में डाल देंगे।)",,
n,शाऊल,,,"शाऊल नाम के दो पुरुष थे: (1) एक लंबा, सुंदर दिखने वाला आदमी जिसे इस्राएल ने यीशु मसीह से 1100 साल पहले अपना पहला राजा चुना था। (2) एक यहूदी फरीसी जो मसीह लोगों को मारना चाहता था। बाद में वह एक मसीह  और प्रेरित बन गया और पौलुस नाम से अन्यजातियों तक सुसमाचार पहुँचाने लगा। (इब्रानी भाषा मे शाऊल नाम का अर्थ है, ""माँगा हुआ""। )",,
n,शकेम,,,"शकेम नाम के एक दुष्ट व्यक्ति ने याकूब की बेटी दीना के साथ बलात्कार किया, जिसके बाद उसके भाइयों ने उसे मार डाला।
कनानियों के एक कुल को शकेम कहा जाता था।
शकेम नाम का एक नगर था जो इस्राएल के सात ""शरण नगरों"" में से एक था जहाँ हत्या के आरोपी सुरक्षा के लिए भाग सकते थे।
(शकेम नाम का अर्थ ""जीवन"" है।)",,
n,शीलो,,,"शीलो, सामरिया प्रांत का एक प्राचीन शहर था, जहाँ इस्राएली अपना पुराना उपासना तंबू रखते थे। कई इस्राएली लोग यहोवा की आराधना करने के लिए हर साल शीलो की तीर्थयात्रा करते थे।",,
n,शीलो ,,,"शीलो यहूदा प्रांत का एक शहर था जहाँ इस्राएलियों के कनान में बसने के बाद, वाचा के संदूक के साथ पुराना उपासना तम्बू रखा गया था। भविष्यवक्ता शमूएल शीलो से थे।",,
n,सीदोन ,,,"सीदोन एक समृद्ध, मूर्तिपूजक, इस्राइल का शत्रु शहर था, जो समुद्र के पास, इस्राएल के उत्तर में स्थित था, जहां वे अन्य देवताओं की पूजा करते थे। दुष्ट रानी ईज़ाबेल सीदोन से थी। एक बार यीशु मसीह एक विधवा और उसकी छोटी बेटी की मदद करने के लिए वहाँ गये। (सीदोन नाम का अर्थ है ""मछलियों का शहर।""। )",,
n,सीन ,सिएन,,सीन एक जंगल का नाम था जहाँ इस्राएली मिस्र से भागने के बाद कई महीनों तक रहे थे।,,
n,सीलास ,,,"सीलास यरूशलेम से था। वह पौलुस के साथ कई शहरों में गया जहाँ नई कलीसियाएँ स्थापित की गईं (प्रेरितों के काम 15, 16, 17, 18)। (सीलास नाम का अर्थ है ""न-दरोगा""।)",,
n,सिमोन,शमौन ,,"सिमोन नाम के कई लोग थे, जिसे दूसरे शब्दों में शिमोन भी कहते हैं। प्रेरित पतरस को शिमोन और कैफा कहा जाता था।",,
n,सिनाई ,सिनाई पर्वत ,,"परमेश्वर ने अरब में सिनाई नामक पर्वत पर मूसा से मुलाकात की, जहां परमेश्वर ने पत्थर की पट्टियों पर दस आज्ञाएं लिखीं, और इस्राएलियों के साथ एक वाचा बांधी।",,
n,सीसरा ,,,"सीसरा एक कनानी सेनापति था जिसने इस्राएलियों के विरुद्ध युद्ध किया था जब दबोरा न्यायी थी। जब सीसरा भागकर एक स्त्री के तंबू में छिप गया, तो उस स्त्री ने उसे मार डाली।  उस स्त्री का नाम याएल था।",,
n,सदोम ,सदोमनिवासी ,,"सदोम उस शहर का नाम था जहाँ लूत और उसका परिवार रहता था, जो अमोरा नामक शहर के पास था। सदोम और अमोरा के लोगों ने भयंकर यौन पाप किए थे। इस कारण परमेश्वर ने इन नगरों को आग से नष्ट कर दिया।",,
n,सुलैमान,,,"सुलैमान, जिसका नाम का अर्थ है शांति, राजा दाऊद के पुत्रों में से एक था। बतशेबा सुलैमान की माँ थी। दाऊद के बाद सुलैमान राजा बना और उसने ही यरूशलेम में परमेश्वर के लिए पहला मंदिर बनवाया। क्योंकि सुलैमान ने परमेश्वर के सामने खुद को नम्र किया, इसलिए परमेश्वर ने उसे बुद्धिमान और बहुत धनवान बनाया। (हालाँकि, बाद में सुलैमान ने कई पत्नियों से विवाह करके और उन्हें मूर्तिपूजक देवताओं की पूजा करने की अनुमति देकर पाप किया।)",,
n,स्तिफनुस,,,"स्तिफनुस उन प्रथम मसीहियों में से एक थे जिन्हें एक बुद्धिमान नेता के रूप में जाना जाता था, जो पवित्र आत्मा से परिपूर्ण (उसके द्वारा निर्देशित) थे। वह दूसरों को भोजन बाँटते थे और यीशु के बारे में निडरता से बोलते थे। जब उन्होंने कुछ यहूदी नेताओं को उनके पापों का स्मरण कराया, तो उन्होंने उन्हें बड़े-बड़े पत्थरों से मारकर मार डाला। (स्तिफनुस नाम का अर्थ है ""मुकुट""।)",,
n,सीरिया ,सीरियाई ,,"सीरिया पहले भी इजराइल के उत्तर-पूर्व में स्थित एक देश था और आज भी है। सीरिया और इज़राइल अक्सर एक-दूसरे के खिलाफ युद्ध करते थे, और आज भी करते हैं। नामान नाम के एक सीरियाई सैन्य अधिकारी ने भविष्यवक्ता एलीशा द्वारा कोढ़ से मुक्ति मिलने के बाद यहोवा की आराधना शुरू की।",,
n,ताबोर,ताबोर पर्वत ,,ताबोर उत्तरी इज़राइल में एक पर्वत है। यह कुछ इज़राइली लोगों के बीच की सीमा को चिह्नित करता था।,,
n,तामार,,,तामार राजा दाऊद की पुत्री और दाऊद के पुत्र अबशालोम की बहन थी।,,
n,तीमुथियुस ,,,"तीमुथियुस एशिया माइनर का रहने वाला था। युवावस्था में, वह पौलुस के साथ कई शहरों में गया जहाँ नए कलीसियाएँ शुरू की गईं या स्थापित की गईं (प्रेरितों के काम 16, 17, 18, 19, 20)। बाद में पौलुस ने तीमुथियुस को पत्र लिखे, जिसमें उसे कलीसियाओं की देखभाल करने का तरीका बताया गया। (तीमुथियुस नाम का अर्थ है ""परमेश्वर का आदर करना""।)",,
n,तीतुस,,,"तीतुस पौलुस के साथ क्रेते गया जहाँ उन्होंने कलीसियाएँ शुरू कीं। पौलुस के जाने के बाद, तीतुस नए कलीसिया अगुवे को प्रशिक्षित करने के लिए वहीं रुका। बाद में, पौलुस ने उसे एक पत्र लिखा।",,
n,उज्जा,,,"राजा दाऊद ने आदेश दिया कि वाचा के सन्दूक को यरूशलेम ले जाने के लिए एक बैलगाड़ी का इस्तेमाल किया जाए। (परमेश्वर ने वाचा के सन्दूक को ले जाने के लिए यह तरीका नहीं बताया था।) जब बैल लड़खड़ा गए, तो उज्जा ने सन्दूक को संभालने के लिए उस पर हाथ रखा। उसी क्षण, यहोवा की आग ने उज्जा को मार डाला, क्योंकि यहोवा ने किसी को भी सन्दूक को छूने से मना किया था। (उज्जा नाम का अर्थ है ""शक्ति।"")",,
n,वशती,,,"रानी वशती, फ़ारसी राजा क्षयर्ष की पहली पत्नी थीं। उसने उन्हें रानी के पद से हटा करके एस्तेर को अपनी नई रानी बनाया। (फ़ारसी नाम वशती का अर्थ है ""सुंदर।"")",,
n,ज़ेरेक्सेस,क्षयर्ष,,"ज़ेरेक्सेस फ़ारसी राजाओं की उपाधि थी। ज़ेरेक्सेस महान, फ़ारसी साम्राज्य का पाँचवाँ राजा था, जो 486-465 ईसा पूर्व तक शासन करता था। उसे [अहसवेरस] क्षयर्ष भी कहा जाता था। (अहसवेरस नाम का अर्थ है ""सरदार""।)",,
n,यहोवा ,"प्रभु,यहोवा ","the (Chief) God; the Most High God; Yawe; I AM
","यहोवा नाम का अर्थ है ""वह है"" या ""वह जो अस्तित्व में है""। अपने बारे में बात करते हुए यहोवा ने कहा कि उसका नाम ""मैं हूँ"" है। निर्गमन 3:14।
परमेश्वर कोई नाम नहीं है। इब्रानी और कुछ भाषाओं में इसे ""प्रधान"" परमेश्वर या ""परमप्रधान परमेश्वर"" कहा जाता है।",,
n,जक्कई ,,,"जक्कई नाम का अर्थ है ""स्वच्छ, शुद्ध।"" जक्कई रोमी सरकार के लिए काम करने वाला एक यहूदी कर वसूल करने वाला था, जो दूसरों को धोखा देकर अमीर बना था। यीशु से मिलने के बाद, उसने अपने बेईमानी भरे कामों पर पश्चाताप किया।",,
n,जकर्याह,,,"जकर्याह नाम के कई लोग थे। उनमें से एक उत्तरी इसराइल का राजा था। दूसरा याजक यहोयादा का पुत्र था, जिसने राजा योआश के शासनकाल में भविष्यवाणी की थी जब प्रभु की आत्मा उस पर उतरी थी। योआश ने उसे पत्थरवाह करके मरवा दिया था। एक और प्रभु का भविष्यवक्ता था जिसने अपने नाम से एक पुस्तक लिखी थी। एक और यूहन्ना बपतिस्मा देनेवाले का पिता था। (जकर्याह नाम का अर्थ है :प्रभु स्मरण करते हैं""।)",,
n,सिदकिय्याह,,,"राजा योआश का पुत्र, राजा सिदकिय्याह, दक्षिणी इस्राएल में यहूदा पर शासन करता था। येशु मसीह से लगभग 586 वर्ष पूर्व । बेबीलोन की सेना ने उसे बंदी बना लिया और उसकी आँखें फोड़ दीं। सिदकिय्याह नाम के एक अन्य व्यक्ति ने भविष्यवक्ता मीकायाह के संदेश का विरोध किया। (सिदकिय्याह नाम का अर्थ है यहोवा धर्मी है""।)",,
n,ज़ीउस,,,"ज़ीउस मुख्य यूनानी देवता का नाम है, जो रोमन देवता जुपिटर के समान है। ऐसा माना जाता था कि और एक दूसरा देवता/आत्मा उसका दूत था। उसका नाम हर्मीस था। जब ये सब मूर्ति पूजा करने वाले  लोग मसीही  बन गए, तो उन्होंने ज़ीउस की मूर्तियों की पूजा करना बंद कर दिया, और यीशु मसीह के नाम से परमेश्वर को पुकारना शुरू कर दिया।",,
n,सिय्योन ,,,"सिय्योन उन पहाड़ियों में से एक का प्राचीन नाम था जिस पर यरूशलेम शहर बसा है। सिय्योन शब्द (1) कभी यरूशलेम को दर्शाता है, (2) कभी स्वर्ग (वह स्थान जहाँ परमेश्वर है) को, और (3) कभी नए यरूशलेम को।",,
n ,नातान,,,"नातान नाम के कई लोग थे। भविष्यवक्ता नातान अक्सर राजा दाऊद के पास यहोवा के संदेश लेकर आते थे। दाऊद ने अपने पुत्र का नाम नातान रखा। (नातान नाम का अर्थ है, 'वह देता है।')",,
n 102,हाबिल,,Abel (W),"प्रभु यीशु मसीह के आने से लगभग 4000 वर्ष पहले, आदम और हव्वा के पहले दो पुत्रों के नाम कैन और हाबिल थे। कैन ने परमेश्वर का आदर नहीं किया, परन्तु हाबिल ने किया। जब परमेश्वर ने कैन को फटकारा, तो कैन क्रोधित हो गया और उसने अपने भाई हाबिल को मार डाला।",,
n 117,हारून,,,"प्रभु यीशु मसीह के आने से 1500  वर्ष  पहले, मूसा के बड़े भाई हारून ने इस्राएलियों को मिस्र से बाहर निकालने में मूसा की मदद की थी । बाद में परमेश्वर ने हारून को इस्राएल का पहला महायाजक के रूप में नियुक्त किया।",,
n 117,अब्राहम,,Ibraayma (W),"अब्राम प्रभु यीशु मसीह से लगभग 2000 वर्ष पहले जीवित था ।क्योंकि अब्राम ने परमेश्वर की प्रतिज्ञाओं पर विश्वास किया,परमेश्वर ने उसे धर्मी घोषित किया और उसका नाम बदलकर इब्राहीम रख दिया जिसका अर्थ है ""कई राष्ट्रों का पिता""।(हालाँकि अब्राम की पत्नी सारै की कोई संतान नहीं थी, परमेश्वर ने अब्राम से वादा किया था कि वह कई जातियों और राष्ट्रों का पूर्वज बन जाएगा।)अब्राहम सभी इस्राएलियों और अन्य जातियों का पूर्वज बन गया।(अब्राम नाम का अर्थ है महान पिता।)",,
t,अबीमेलेक,"राजा,बादशाह,सुलतान",,पलिश्तियों ने अपने राजाओं को अबीमेलेक कहा कहा करते थे ,"सीज़र,कैसर, फिरौन, राजा",
t,अनुबंध,"समझौते,सहमति,करार","binding talk;
promise how to act;
his words were not different from (were the same as) the other’s words (G); ","जब दो व्यक्ति या देश एक-दूसरे की मदद करने का वादा करते हैं, तो वे एक समझौता करते हैं या लिखते हैं जो बताता है कि वे क्या करेंगे ।","वाचा, वादा,प्रतिज्ञा",
t,संगमरमर के पात्र ,,which was made of stone (R),संगमरमर के पात्र  एक नरम प्रकार या चट्टान है जिससे लोग बोतलें और जार बना सकते हैं।,,
t,संधि ,"गठबंधन,मेल","to become the friend of (G);
fight on the same side
","जब दो देश या सेनाएं किसी दुश्मन के खिलाफ युद्ध करने के लिए सहमत होते हैं, तो वे एक गठबंधन में होते हैं।",,
t,अगर,एलोवेरा,"perfume (W);
one thing which smells good which is called aalo (R)","अगर के पौधों में रस होता है, जिसका उपयोग त्वचा क्रीम या दवा बनाने में किया जाता है।
अगर लकड़ी से बना एक मीठी सुगंध वाला रस है, जिसका उपयोग इत्र बनाने के लिए किया जाता है।",,
t,,,"first; beginning (P);
Alpa (K)","अल्फ़ा यूनानी वर्णमाला का पहला अक्षर है। यह ""ए"" की तरह दिखता है. प्रकाशितवाक्य की पुस्तक यीशु को अल्फ़ा कहती है, क्योंकि वह ईश्वर है जिसने सब कुछ अच्छा बनाया (जिसने सबसे पहले शुरुआत की)।",ओमेगा,
t,वेदी,"वेदियां,बलिवेदी","sacrifice table/platform;
slicing place;
place for offering (something);
platform of cooking gift/offering (R); 
where sacrifices are made (P, W);","वेदी पत्थरों या धातु से बनी एक मेज या खुरदुरा मंच है, जिस पर लोग परमेश्वर को बलि चढ़ाते हैं। परमेश्वर ने इस्राएल को अपने पूजा तम्बू में और बाद में, यरूशलेम में अपने मंदिर में एक वेदी बनाने का आदेश दिया ।","कुर्बानी देना,
पूजा करना,बलिदान,
आराधना",
t,आमीन ,,"amin; may it be (P, W);
it is true!;
aamen (R)","आमीन एक इब्रानी  शब्द है जिसका अर्थ है हां, यह सच है, मैं इस पर विश्वास करता हूं, या ऐसा ही हो",,
t,स्वर्गदूत,"देवदूत,फरिश्ता,फ़रिश्ते,परी,स्वर्गदूतों,","spirit messenger obedient to God (whom God sent);
leg/messenger person from God/above/heaven;
one from God's living place (G);
ensel (K); God's helper (P); malaka (W from arabic)","स्वर्गदूत एक यूनानी शब्द है जिसका मतलब संदेशवाहक होता है। जब ईश्वर मनुष्यों के लिए संदेश भेजने का रहता है तो वह किसी आत्मा के द्वारा भेजता है, तो वह आत्मा एक इंसान प्रतीत हो सकता है और एक मानवीय भाषा बोल सकता है । दुष्ट आत्माएँ कभी-कभी स्वर्गदूतों के रूप में प्रकट होती हैं। यूनानी में स्वर्गदूत शब्द किसी नौकरी या काम या भूमिका का वर्णन करता है, न कि किसी प्रकार के प्राणी का । ",,
t,अभिषेक,"अभिषेक करना, अभिषिक्त,राज तिलक करना","to pour olive oil on one to make him king, chief, true chief (G);
","अभिषेक का अर्थ है सार्वजनिक रूप से किसी पर तेल छिड़क कर उसे नियुक्त करना, चुनना या नामित करना",,
t,प्रेरित ,,"sent one/person;
one that Christ sends (G);
runner (W);
person for sending from a place (person sent on a mission) (D);
Christian leader chosen by God;
first Christian leaders; 
aapostolo (R)",प्रेरित एक यूनानी शब्द है जिसका अर्थ है 'अधिकार के साथ भेजा गया'। परमेश्वर ने यीशु को अपने प्रेरित के रूप में संसार में भेजा। यीशु ने 12 प्रेरितों को चुना जिन्हें उसने दूसरों को उसके बारे में बताने के लिए भेजा। कलीसियाओं ने भी नए कलीसियाएँ शुरू करने के लिए प्रेरित कहे जाने वाले पुरुषों और स्त्रियों को भेजा।,,
t,एरियोपैगस,,"place of meeting which is called Areoopagus (K);
meeting place called Areopugas (P);","एरियोपैगस, ग्रीस के एथेंस में एक पहाड़ी का नाम है। शिक्षक और नगर के नेता उस पहाड़ी पर इकट्ठा होते थे। उनकी सभा को एरियोपैगस भी कहा जाता था।",,
t,वाचा का सन्दूक ,वाचा का सन्दूक ,"box of agreement (W);
box of agreement (tying) (R);
box for covenant/promise;
covenant box; 
sacred chest; the box in which the first writing of the power was kept (P);","वाचा का सन्दूक सोने से मढ़ा एक लकड़ी का बक्सा या संदूक था। इसके अंदर पत्थर की पटियाएँ थीं, जिन पर परमेश्वर ने इस्राएल के साथ वाचा या समझौता करते समय अपनी दस आज्ञाएँ लिखी थीं।",,
t,,,"gathering together of (G);
","जहाँ कहीं भी मसीह लोग यीशु का सम्मान करने और एक दूसरे के प्रति प्रेम दिखाने के लिए एकत्र होते हैं, वे एक अस्थायी सभा या एक स्थायी सभा बनाते हैं।",,
t,,,,,,
t,,,,,,
t,बपतिस्मा देना,"बपतिस्मा,  बपतिस्मा लिया , बपतिस्मा देना,बपतिस्मा लेना ,बपतिस्मा देनेवाला ","to pass (a person) under/through water (D);
dip in water (W);
(to symbolize death to an old life and the start of a new life);
initiate / initiation;
cause to have oneself bathed (becoming followers of Jesus the True Chief)(G);
baptais (K);",बपतिस्मा एक यूनानी शब्द है जिसका अर्थ है पानी से नहाना या पानी में डुबकी लगाना। यहूदी और कुछ अन्यजाति अपनी उपासना के एक भाग के रूप में बपतिस्मा देते हैं। यूहन्ना ने उन यहूदियों को बपतिस्मा दिया जो मसीहा के आगमन की प्रतीक्षा कर रहे थे। यीशु ने अपने प्रेरितों को बपतिस्मा देकर और उन्हें सिखाकर शिष्य बनाने का आदेश दिया। ईसाई उन लोगों को बपतिस्मा देते हैं जो यीशु पर भरोसा रखते हैं।,,
t,जौ,,"grain;
baali (R)","जौ गेहूँ जैसा ही एक अनाज है। गरीब लोग जौ से रोटी बनाते थे, क्योंकि जौ गेहूँ से सस्ता पड़ता था।",,
t,भालू ,,wild animals … bea (R),"भालू एक बहुत बड़ा, मज़बूत और बालों वाला जानवर है जो जंगलों में रहता है। भालू खतरनाक होते हैं, उनके नुकीले दांत और लंबे पंजे होते हैं, वे पेड़ों पर चढ़ सकते हैं और लोगों को मार सकते हैं। भालू लगभग कुछ भी खा सकते हैं। जब एक वयस्क भालू दो पैरों पर खड़ा होता है, तो वह एक आदमी से लंबा होता है।",,
t,बीयर,,"fermented maioc juice, any drink that causes drunkenness (G);
",पके हुए अनाज से बना एक पेय जिसमें थोड़ी मात्रा में अल्कोहल होता है।,,
t,बुद्धि,बुद्धिमान,"intelligence from God;
thinking the same about things that God does (G);
knowledge/wisdom (R); 
the knowing well of things (G);
","बुद्धि का अर्थ है सत्य और उचित बातों को जानना और उन पर अमल करना। परमेश्वर सर्वज्ञ है और जो कोई उससे विश्वास के साथ बुद्धि माँगता है, उसे वह बुद्धि देता है। (बुद्धि, यीशु के लिए एक मसीह नाम भी है।)",,
t,बाइबल ,,"the Word of God (G); Paper of God (W)
","बाइबल का अर्थ है पुस्तकों का एक पुस्तकालय, या कई पुस्तकें (एक साथ रखी हुई)। पवित्र बाइबल में पुराने और नए नियम की पुस्तकें हैं, जिन्हें कई हज़ार वर्षों की अवधि में कई अलग-अलग लोगों ने लिखा है, लेकिन सभी परमेश्वर की आत्मा द्वारा प्रेरित होकर सुसंगत रूप से लिखी गई हैं।",,
t,आशीर्वाद देना ,आशीर्वाद ,"(1) calling God's good onto (someone);
(2) coming/falling on (coming to someone's aid/help/support or showing grace to someone);
speak well / to say good things about (G); cause-blessed/fortunate (R); barke (W from Arabic)","आशीर्वाद देने का अर्थ है (1) दूसरों से अच्छे शब्द कहना, (2) उनके लिए अच्छा होने की कामना करना, (3) उनके साथ अच्छा व्यवहार करना, या (4) उन्हें अच्छी चीज़ें देना। परममेश्वर  हमें आशीर्वाद देते हैं, और हम दूसरों को आशीर्वाद देते हैं।",,
t,लहू ,,"blood (G);
","लहू का शाब्दिक अर्थ हो सकता है, लेकिन अक्सर इसका लाक्षणिक या विस्तृत अर्थ भी होता है। लहू का अर्थ हो सकता है (क) जीवित शरीरों में लाल रंग का तरल पदार्थ, (ख) हिंसक मृत्यु या हत्या, या (ग) क्रूस पर यीशु की मृत्यु। 'हाथों पर लहू' का अर्थ है हत्या का दोषी।",,
t,नाव,फीका,"kanu (transliterated from canoe) (G);
","नाव, लोगों और माल के परिवहन के लिए इस्तेमाल किए जाने वाले तैरते जल वाहन के लिए एक सामान्य शब्द है। ज़्यादातर नावें लकड़ी से बनी होती हैं। जहाज़ एक बहुत बड़ी नाव होती है। डिंगी एक छोटी नाव होती है जिसे किसी बड़ी नाव में रखा जाता है या किसी बड़े जहाज़ के पीछे खींचा जाता है।",,
t,पुस्तक,पुस्तकें,"paper (G, W);
","पुस्तकें कागज़/चर्मपत्र के पन्ने या पन्ने होते हैं जिन्हें एक किनारे से एक साथ बाँधा जाता है। स्क्रॉल कागज़/जानवर की खाल/पपीरस की एक लंबी शीट के रोल होते हैं जिन्हें पाठकों को खोलना होता है। पुस्तक का अर्थ बाइबल का वह भाग हो सकता है जिसका कोई नाम या शीर्षक हो, जैसे यशायाह की पुस्तक। पुस्तक परमेश्वर की स्मृति का भी प्रतीक है।",,
t,रोटी ,,"that which we eat / our food (tapioca, pancake) (G);
sago (PNG);","रोटी एक प्रकार का भोजन है जो पिसे हुए अनाज से बनता है और सूखने तक पकाया जाता है। इसमें नरम बनाने के लिए खमीर भी हो सकता है। अगर रोटी में खमीर न हो, तो वह सख्त या कुरकुरी हो सकती है। कुछ देशों में रोटी रोज़मर्रा का भोजन है। जैसे कई देशों में लोग रोटी खाए बिना नहीं रह सकते (रोटी उनका मुख्य भोजन है), वैसे ही यीशु को ""जीवन की रोटी"" कहा जाता है।
मन्ना स्वर्ग से आई एक विशेष प्रकार की रोटी थी।",,
t,गंधक,,salfa (K),गंधक ज्वालामुखी से निकले लावा जैसा ज्वलनशील पदार्थ है। परमेश्वर आकाश से धरती पर गंधक गिराता है।,,
t,काँसा ,पीतल,"redish metal (hard rock) (G);
","काँसा और पीतल कठोर, चमकदार धातुएँ हैं जो ताँबा, जस्ता और टिन के मिश्रण से बनती हैं। बाइबल के ज़माने में, कुछ औज़ार, हथियार और आभूषण काँसे या पीतल से बनाए जाते थे।",,
t,निर्माण ,निर्माण करने वाला ,make (G);,"किसी चीज़ का निर्माण करने का मतलब है उसे बड़ा या बेहतर बनाना। घर बनाने का मतलब है, टुकड़े-टुकड़े करके नया घर बनाना। लोगों का निर्माण या उन्हें शिक्षित करने का मतलब है उन्हें मज़बूत बनाना।",,
t,ऊँट ,ऊँटों ,"kamel-animal; kamel (K); gimel (W from Arabic)
",ऊँट घोड़ों और गधों से ऊँचे होते हैं। लोग ऊँट पर सवारी कर सकते हैं। ऊँट बोझ भी ढोते हैं। ऊँट के बालों से खुरदुरा कपड़ा बनता है।,,
t,कार्नेलियन,,jewel; konilian (K)' precious stone (W),"कार्नेलियन एक प्रकार का दुर्लभ, लाल रंग का पत्थर है।",,
t,खोदना,"खोदना, खोदनेवाला ","cut-cut wood carefully to make something (G);
",किसी चीज़ को तराशने का मतलब है उसे किसी और चीज़ के रूप में औज़ारों से काटना। लोग पत्थर या लकड़ी से मूर्तियाँ तराशते हैं।,,
t,सेनापति ,सेनापति ,"chief of soldiers (G); battle leader (W)
","सेनापति एक रोमन सैन्य अधिकारी होता था जो 100 सैनिकों तक की कमान संभालता था। कुछ भाषाओं में सेंट या सेंचुरी का अर्थ ""100"" होता है।",,
t,जंजीरों ,ज़ंजीरें ,tied up (G);,ज़ंजीरें मज़बूत धातु के गोलों से बनी रस्सी की तरह होती हैं जो आपस में जुड़ी होती हैं। (कभी-कभी ज़ंजीरों का इस्तेमाल अपराधियों और भूत-प्रेतों जैसे खतरनाक लोगों को बाँधने या नियंत्रित करने के लिए किया जाता था),,
t,रथ,रथों ,"chariot (transliterated) (G);
",रथ तेज़ गति से चलने वाले दो पहियों वाले वाहन होते हैं जिन्हें घोड़े खींचते हैं। राजा और महत्वपूर्ण अधिकारी रथों में यात्रा करते थे।,,
t,करूब ,करूबे,,"करूब दो प्रकार के होते हैं: (1) पंख वाली मूर्तियाँ, जैसे वाचा के सन्दूक के ऊपर। (2) आत्माएँ जो स्वर्ग में परमेश्वर के सिंहासन की रक्षा करती हैं।",,
t,मसीह,"अभिषिक्त, मसीहा",al-Masih (W),"मसीह कोई नाम नहीं है, मसीह एक उपाधि है जिसका अर्थ है अभिषिक्त। पुराने नियम में, इस्राएली किसी नए राजा या भविष्यवक्ता का वनस्पति तेल से अभिषेक करते थे। नए नियम में, परमेश्वर ने यीशु का अपनी पवित्र आत्मा से अभिषेक किया। हालाँकि, ईसाई लोग मसीह शब्द का प्रयोग बिना किसी अनुवाद के एक नाम के रूप में करते हैं। कुछ आयतों में 'मसीह' का अनुवाद 'वह राजा जिसके आने का परमेश्वर ने वादा किया था कि वह एक दिन आएगा' के रूप में किया जा सकता है।",,
t,"ईसाई, मसीही ","मसीही, विश्वासी ","group of those who believe (Jesus);
Christ-followers; Christ’s one (R)
those who follow al-Masih (W)","ईसाई का शाब्दिक अर्थ है ""छोटा मसीह"", या ""मसीह का अनुयायी"", वे जो मसीह के उदाहरण और शिक्षाओं का पालन करते हैं।
बाइबल ईसाइयों का कई तरह से वर्णन करती है। वे हैं 'संत' = पवित्र लोग, जो परमेश्वर के हैं; 'विश्वासी' = वे जो यीशु में विश्वास रखते हैं; 'शिष्य' = वे जो यीशु की आज्ञाओं का पालन करते हैं; 'भाई-बहन' = वे जो एक-दूसरे से प्रेम करते हैं; 'चर्च' = वे जो एक साथ आराधना करते हैं",,
t,कलीसिया,कलीसिया,"Gathering of believers (W); people of faith (R); people of worship (K)
","यीशु के अनुयायियों का प्रत्येक समुदाय एक कलीसिया है, और सभी ईसाई कलीसियाएँ मिलकर, पृथ्वी पर और स्वर्ग में, मसीह की कलीसिया बनती हैं। बाइबल कलीसिया को मसीह की देह भी कहती है।",,
t,दालचीनी ,दालचीनी ,sinamon (R); kinamon (K);,दालचीनी एक सुगंधित मसाला है जो एक खास तरह के पेड़ की छाल से बनता है। इसे तेल में मिलाकर राजाओं का अभिषेक करने या शवों को दफ़नाने के लिए इस्तेमाल किया जाता था।,,
t,खतना ,खतना करना ,circle cut; cut around (R);,"लड़के या पुरुष के लिंग पर किया जाने वाला एक अनुष्ठानिक कट। परमेश्वर ने सभी इस्राएली पुरुषों या शिशु बालकों के लिए खतना करने का आदेश दिया था, यह दर्शाने के लिए कि वे परमेश्वर की पुरानी वाचा के प्रति वफ़ादार हैं। नए नियम में, परमेश्वर के साथ संबंध या वफ़ादारी दर्शाने के लिए शारीरिक खतना अब आवश्यक नहीं है। बल्कि, इसका प्रयोग लाक्षणिक रूप से यह समझाने के लिए किया जाता है कि कैसे मसीह ने विश्वासी के शारीरिक (पापी) स्वभाव को काटकर एक नया, धार्मिक स्वभाव प्रदान किया है (कुलुस्सियों 2:11-13; रोमियों 4:11; 1 कुरिन्थियों 7:18)। इसके अलावा, बपतिस्मा अब परमेश्वर की नई वाचा के प्रति हमारी वफ़ादारी का प्रतीक है।",,
t,शहर ,शहरों,"big town (G, W);
","शहर ऐसे कस्बे होते हैं जो सुव्यवस्थित होते हैं; कस्बे ऐसे गाँव होते हैं जिनकी अपनी सरकार होती है; गाँव परिवारों के घरों के समूह होते हैं। बाइबल के ज़माने में, शहर आमतौर पर घरों और इमारतों का सबसे बड़ा समूह होते थे, जिनके चारों ओर अक्सर मज़बूत सुरक्षा पत्थर की दीवार होती थी।",,
t,शुद्ध ,शुद्ध करना ,clear (K); clean (R);,"मूसा के नियम के अनुसार, यहूदियों को परमेश्वर की सेवा करने से पहले अनुष्ठानिक स्नान करना या बलिदान चढ़ाना पड़ता था। लोग मूर्तियों की पूजा करके खुद को अपवित्र या अशुद्ध कर सकते थे। शवों या रक्त के संपर्क में आने से लोग अनुष्ठानिक रूप से अशुद्ध हो सकते थे।
नए नियम के अनुसार, यीशु का रक्त, हम विश्वासियों को, उनमें हमारे विश्वास के माध्यम से, सभी पापों और अशुद्धताओं से शुद्ध करता है। (युवा पुरुषों और महिलाओं को विवाह की प्रतीक्षा करते समय यौन रूप से शुद्ध रहना चाहिए।)",,
t,आज्ञा,"आज्ञा,आज्ञाये ",,"आज्ञा एक ऐसा आदेश है जो एक नेता दूसरों को मानने के लिए देता है। आज्ञा एक ऐसा आदेश है जो स्थायी हो जाता है, जैसे दस आज्ञाएँ और यीशु की आज्ञाएँ।",,
t,उपपत्नी,रखैलों,"one-who-is-like-a-wife (G);
","कुछ धनी पुरुषों ने दो प्रकार की स्त्रियों से विवाह किया था: पत्नियाँ जिनके बच्चों को उत्तराधिकार प्राप्त हो सकता था, और रखैलें जिनके बच्चों को उत्तराधिकार प्राप्त नहीं हो सकता था।",,
t,निंदा ,निंदा किया ,,"निंदा का अर्थ है किसी के विरुद्ध निर्णय सुनाना, कभी-कभी अधिकारियों को दंड देने का आदेश देना। न्यायाधीश अपराधियों की निंदा करते हैं, परमेश्वर उन स्वर्गदूतों और मनुष्यों की निंदा करता है जो पाप करते हैं और पश्चाताप नहीं करते।",,
t, स्वीकार करना ," स्वीकार,  स्वीकार किया ","tell (G); accept (W)
",पाप स्वीकार करना यह कहना है कि परमेश्वर ने किसी चीज़ के बारे में क्या कहा है। पाप स्वीकार करना यह स्वीकार करना है कि हमने कुछ ऐसा किया है जिसकी परमेश्वर ने मनाही की है। मसीह को स्वीकार करना यह कहना है कि हम परमेश्वर की कही बातों पर विश्वास करते हैं।,,
t,देश ,"देश, राष्ट्र, ","earth / land (G); 
",देश एक बहुत विस्तृत भूभाग होता है जहाँ लोग घर बनाते हैं और जहाँ सरकार भी हो सकती है। देश को राष्ट्र भी कहा जा सकता है।,,
t,क्रूस,क्रूस,the wood;  tree cross (K); boards that they cross (W);,"लकड़ी के क्रूस हिंसक अपराधियों को यातना देने और मारने का एक हथियार थे। रोमी लोग किसी व्यक्ति के हाथ-पैरों को लकड़ी के क्रॉस-बीम से बने एक सीधे लकड़ी के खंभे पर कीलों से ठोंक देते थे या बाँध देते थे, फिर उसे मरने के लिए छोड़ देते थे। हमारे पापों के कारण यीशु के क्रूस पर मरने के बाद, परमेश्वर हमें, जो विश्वास करते हैं, क्षमा करते हैं। (यीशु का क्रूस हमें यह भी याद दिलाता है कि हमें उस पर अपने विश्वास के कारण कष्ट सहना पड़ सकता है।)",,
t,शाप ,शाप देना ,"say really bad things to/about (G);speak bad about (R); (strong) anger of God (R); cause harm; punish;
","शाप देना किसी दूसरे के प्रति बुराई व्यक्त करना/बात करना है। परमेश्वर ने उन सभी को शाप दिया है जो बुराई करने का चुनाव करते हैं।  परमेश्वर ने निर्दोष यीशु को भी शाप दिया, ताकि वह हमें क्षमा कर सके और  परमेश्वर  के शाप को रद्द कर सके।",,
t,पर्दे ,,,"पर्दे बड़े कपड़े होते हैं, जो ऊपरी किनारे से लटके होते हैं, जो खिड़कियों को ढकते हैं, दरवाजों को बंद करते हैं, या घर में कमरों को विभाजित करते हैं।",,
t,मृत्यु ,"मरना, मृत्यु, मराहुआ ",,"मृत्यु के कई प्रकार हैं: (1) शारीरिक मृत्यु, जब हमारी आत्मा हमारे शरीर को छोड़ देती है, (2) अनन्त मृत्यु, जिसे 'दूसरी मृत्यु' कहा जाता है, जिसमें स्वर्ग के स्थान पर हमेशा के लिए नरक जाना होता है, (3) आत्मिक मृत्यु, जिसमें परमेश्वर का जीवन और पवित्र आत्मा नहीं होता है, (क्योंकि आदम ने पाप किया था, हम सभी आत्मिक रूप से मृत पैदा हुए थे और हमें 'नये सिरे से जन्म लेने' की आवश्यकता है।) और (4) गलत काम करने से इनकार करना, जिसे परमेश्वर के पवित्र आत्मा की सहायता से 'स्वयं के लिए मरना' कहा जाता है।",,
t,राजाज्ञा ,राजाज्ञा ,,राजाज्ञा एक औपचारिक कानून है जिसे राजा घोषित करता है। सभी को अपने राजा के आदेशों का पालन करना होता है।,,
t,दुष्टात्मा,"दुष्ट आत्मा, राक्षस, दुष्ट आत्माएँ, शैतान, राक्षसी","spirit rebellious to God; 
evil creature (W);
bad spirit (G);demon (R);","दुष्टात्माएँ वे आत्माएँ हैं जिन्होंने अपने सृष्टिकर्ता परमेश्वर के विरुद्ध विद्रोह किया है। वे उन मनुष्यों में निवास कर सकती हैं और उन पर अपनी शक्ति का प्रयोग कर सकती हैं जो परमेश्वर की आज्ञा नहीं मानते, अन्य देवताओं की सेवा करते हैं, या जो बुरे काम करने का चुनाव करते हैं। शैतान मुख्य दुष्टात्मा है। यीशु ने अपने अनुयायियों को दुष्टात्माओं/दुष्टात्माओं को निकालने की शक्ति दी है।",,
t,शिष्य,शिष्यों,"learner; student (lit. child of learning) (R); 
ones in training (apprentice);
ones I (Jesus) teach (G);
student (but not like in a classroom);
Christian;
ones who follow /obey Jesus; ","शिष्य वे होते हैं जो गुरु के निर्देशों का पालन करते हैं। यीशु के कई शिष्य थे। उसने अपने शिष्यों को आज्ञा दी कि वे हर देश में जाकर दूसरों को यीशु का शिष्य बनाएँ, उन्हें बपतिस्मा दें और उनकी आज्ञाओं का पालन करना सिखाएँ।",,
t,गधा ,गधे,"horse-pig/animal; dongki (R)
small horse; pack-animal (W); animal (called) donki",गधे छोटे घोड़ों जैसे जानवर हैं जिन पर लोग सवारी कर सकते हैं। गधे बोझ ढोते भी हैं और हल भी खींचते हैं।,,
t,संदेह ,विश्वास न करना,"believe weakly (G); waver (W);
","संदेह का अर्थ है किसी चीज़ के बारे में निश्चित न होना, या किसी ऐसी बात पर विश्वास न करना जो सच न लगे। परमेश्वर के वादों पर संदेह करने का अर्थ है उसकी कही या प्रकट की गई बातों पर विश्वास न करना। संदेह करने का अर्थ है किसी चीज़ की सच्चाई या विश्वसनीयता के बारे में शंकालु या संशयी होना।",,
t,अजगर,अजगर,large lizard; big snake (K); draagon (R);,"ड्रैगन [ रखक्षस,अजगर ]विशालकाय साँप या छिपकलियाँ होती हैं। परमेश्वर के शत्रु शैतान को ड्रैगन इसलिए कहा जाता है क्योंकि वह शक्तिशाली, भयावह, विनाशकारी और दुष्ट है। शैतान ने अजगर (साँप) का रूप तब धारण किया जब उसने पहले मनुष्यों को परमेश्वर की आज्ञा तोड़ने के लिए गुमराह किया। प्रकाशितवाक्य की पुस्तक में अजगर को शैतान के प्रतीक या चित्र के रूप में इस्तेमाल किया गया है।",,
t,सपना ,सपने ,"dream (G);
",सपने वे होते हैं जो व्यक्ति सोते समय देखता और सुनता है। परमेश्वर  या देवदूत कभी-कभी सपनों में लोगों से बात करते थे। परमेश्वर ने यूसुफ और दानिय्येल को कुछ ऐसे सपनों का अर्थ बताने की अनुमति दी जो देखने वालों के लिए रहस्यमय थे।,,
t,पृथ्वी ,,"land;
this ground;
ground (G);","पृथ्वी का अर्थ है (1) वह भूमि या ज़मीन जिस पर हम मनुष्य रहते हैं, (2) आकाश के नीचे की हर चीज़, (3) धूल या मिट्टी, और (4) मृतकों का भूमिगत निवास।",,
t,प्राचीन ,प्राचीन ,"older men (G); leaders (W)
","प्राचीन वे वृद्ध लोग होते हैं जिनका दूसरे लोग आदर करते हैं और जिनकी आज्ञा मानते हैं। प्राचीन अक्सर एक परिषद के रूप में मिलते हैं जो महत्वपूर्ण मामलों पर निर्णय लेती है। कलीसियाओं में ऐसे प्राचीन होते हैं जिन्हें ओवरसियर और सेवक, या पादरी और डीकन कहा जाता है।",,
t,सम्राट ,सम्राटों,,"सम्राट किसी साम्राज्य का राजा या सर्वोच्च शासक होता था, जो छोटे राजाओं पर शासन करता था। कुछ देश अपने सम्राट को परमेश्वर या देवता मानते हैं।",,
t,साम्राज्य ,राज्य ,"all divisions of his land (G); 
","एक साम्राज्य कई शहरों, राज्यों और/या राष्ट्रों का एक विशाल समूह होता है जिस पर एक सर्वोच्च शासक (सम्राट) का अधिकार होता है। बाइबल के समय में बाबुल, असीरिया और रोम साम्राज्यों के उदाहरण थे।",,
t,नपुंसक ,नपुंसकों ,"castrated; man (R); 
unmarried man, caused to be that way (G); 
chamberlain (W);","नपुंसक वह व्यक्ति होता था जिसका बधियाकरण/नपुंसकीकरण कर दिया गया हो। मूर्तिपूजक राष्ट्र कभी-कभी दासों या किसी खास काम, जैसे सरकारी नौकरी, के लिए प्रशिक्षित किए जाने वाले लोगों पर इस तरह का अंग-भंग करते थे। यह यहूदियों का रिवाज नहीं था क्योंकि ईश्वर का कानून पुरुषों को नपुंसक बनाने की मनाही करता है।",,
t,बुरा ,"दुष्ट, पापी, दुष्टता",,बुरी चीजें वे सभी चीजें हैं जिन्हें परमेश्वर मना करता है; बुरे लोग वे हैं जो परमेश्वर के नियमों का उल्लंघन करते हैं; बुरी आत्माएं अदृश्य प्राणी हैं जो लोगों को बुरे के बारे में सोचने और बुरे कार्य करने के लिए प्रेरित करती हैं।,,
t,विश्वास ,"विश्वास, भरोसा","saying yes (to someone or something; agreeing; accepting; trusting as true);
trust; belief (R); belief (W); heart/liver (inner being) hangs on something (PNG)","विश्वास का अर्थ है (1) सत्य पर विश्वास करना, (2) परमेश्वर या मसीह पर भरोसा रखना, और (3) यीशु के प्रति वफ़ादार रहना। पुरानी और नई दोनों वाचाओं (नियमों) के तहत, परमेश्वर उन लोगों को धर्मी मानता है जो उस पर और उसकी प्रतिज्ञाओं पर विश्वास करते हैं।",,
t,उपवास ,,fast (R); ,"उपवास का अर्थ है कुछ समय तक कुछ न खाना। यहूदी लोग पश्चाताप, दुःख या परमेश्वर के प्रति विनम्रता के प्रतीक के रूप में उपवास करते थे। ईसाई कभी-कभी ईश्वर से प्रार्थना के रूप में उपवास करते हैं।",,
t,दावत ,"दावत, भोज ","a magnification (W);  remember (W); 
big meal / food; big day of worship (K); feast (R); 
big dance (festival) / big eating (feast) (G);
","दावतें खास दावतें होती हैं जिनमें ढेर सारा स्वादिष्ट खाना और पेय शामिल होता है। आमतौर पर, दावत किसी खास मौके पर परोसी जाती है। इस्राएलियों के लिए दावतें सालाना उत्सव के तौर पर होती थीं, जब परिवार परमेश्वर की भलाई को याद करने के लिए इकट्ठा होते थे। इस्राएलियों को यरूशलेम में कुछ खास दावतें मनानी पड़ती थीं।",,
t,समर्पण का पर्व,"हनुक्का, रोशनी का पर्व","purification (W); feast when they remembered the day when they opened the house of giving (R); 
a big day of worship so that they would remember the day when they opened the house of giving (K)
","येशु मसीह से 165 वर्ष पूर्व, इस्राएलियों (यहूदियों) ने अपने मंदिर को अपने शत्रुओं से वापस ले लिया और उसे पुनः परमेश्वर  को समर्पित कर दिया। यहूदी इस वार्षिक उत्सव को हन्नुक्का और ""प्रकाशोत्सव"" कहते हैं।",,
t,पिन्तेकुस्त का पर्व,पिन्तेकुस्त ,day of Pentikos (R); ,"पिन्तेकुस्त का अर्थ है पचास। यह फसल उत्सव मई के महीने में, वार्षिक फसह पर्व के 50 दिन बाद आता है। पिन्तेकुस्त के दिन, सन् 33 में, पवित्र आत्मा पहली बार उन सभी पर उतरा जो यीशु में विश्वास करते थे।",,
t,आश्रयों का पर्व,"झोपड़ियों का पर्व, तंबुओं का पर्व",day of worship of the Jews which they call the feast of shelters (R); big days of worship of shelters (K); big day for worship called feast of tents,"अक्टूबर या नवंबर में हर साल मनाए जाने वाले आश्रय-पर्व पर, यहूदी लोग फसल कटने पर खुशी मनाते हैं। वे अपने पूर्वजों के सम्मान में एक हफ़्ते तक अस्थायी आश्रयों में रहते हैं, जिन्होंने जंगल में भटकते हुए चालीस साल आश्रयों में बिताए थे।",,
t,फसह का पर्व,फसह,feast of go past (R); big day of worship of Go Past (K); ,"मार्च या अप्रैल में फसह के वार्षिक पर्व के दौरान, यहूदी अपने पूर्वजों को मिस्र की गुलामी से छूटने की याद दिलाते हैं। उस समय, परमेश्वर ने चेतावनी दी थी कि वह मिस्र के हर घर के सबसे बड़े बेटे को मार डालने के लिए अपना दूत भेजेगा, सिवाय उन घरों के जहाँ वे मेमने को मारकर उसका खून अपने दरवाज़े की चौखट पर लगाएँगे। यहाँ, दूत बिना किसी को नुकसान पहुँचाए वहाँ से गुज़र गया।",,
t,अखमीरी रोटी का पर्व,अखमीरी रोटी,feast of bread no yeast in it (R); big day of worship of bread no yeast in it (K); ,"अखमीरी रोटी का वार्षिक उत्सव फसह के पर्व के बाद सात दिनों तक चलता है। इन सात दिनों में, यहूदी लोग बिना खमीर वाली रोटी खाते हैं, ताकि वे याद कर सकें कि कैसे उनके पूर्वज मिस्र से भाग निकले थे (इतनी जल्दी कि उन्हें खमीरी रोटी पकने का इंतज़ार करने का भी समय नहीं मिला)।",,
t,त्यौहार ,"दावत, त्यौहार, उत्सव",,"त्यौहार विशेष दिन होते हैं जब लोग अपने अतीत को याद करते हैं या ईश्वर का सम्मान करते हैं। लोग एक भोज के हिस्से के रूप में एक साथ भोजन कर सकते हैं। इज़राइल में सात वार्षिक त्यौहार होते हैं, जिनमें फसह का पर्व भी शामिल है।",,
t,अंजीर,अंजीर,fig (R); ,अंजीर एक प्रकार का फलदार वृक्ष है। इसका फल बहुत मीठा होता है।,,
t,मूर्ख ,"मूर्ख, मूर्ख बनाया गया","the one who doesn't really know things (G); 
","मूर्ख वह है जो दूसरों की चेतावनी के बावजूद भी गलत/मूर्खतापूर्ण/बुरे फैसले लेता है। परमेश्वर चाहता है कि मूर्ख पश्चाताप करें, बुद्धि सीखें और उसकी आज्ञा मानें। नीतिवचन की पुस्तक अक्सर मूर्खों और बुद्धिमान लोगों के बीच अंतर बताती है।",,
t,क्षमा ,"क्षमा करें, क्षमा किए हुए ",erase (R); put arm around their shoulders (S-I);,"क्षमा करने का अर्थ है उन लोगों को दंडित न करने का चुनाव करना जिन्होंने पाप किया है या अवज्ञा की है। क्षमा मिलने पर, जिन लोगों ने गलत किया था, उन्हें अपने किए पर कोई अपराधबोध या शर्मिंदगी महसूस नहीं होती।",,
t,रूप,"गठित, रूप",,"किसी चीज़ को बनाने का अर्थ है (1) उसका आकार बदलकर उसे किसी और चीज़ जैसा बनाना (उदाहरण के लिए, मिट्टी को किसी चीज़ की छवि जैसा बनाया जा सकता है), या (2) लोगों को एक नए समूह में एक साथ लाना।",,
t,लोमड़ी ए,लोमड़ियों,fox (G); ,"लोमड़ी एक जंगली जानवर है जो छोटे कुत्ते जैसा होता है और जिसके सुंदर बाल, घनी पूँछ, नुकीले दाँत और न मुड़ने वाले पंजे होते हैं। लोमड़ी बिल्ली की तरह चुपके से शिकार करती है और चूहे, साँप और खरगोश जैसे छोटे जानवरों को खा जाती है। कुछ संस्कृतियाँ सुंदरता, चालाकी, बुद्धिमानी या चालाकी जैसे गुणों का वर्णन करने के लिए लोमड़ी का प्रयोग रूपकात्मक रूप में करती हैं। उदाहरण के लिए, अगर कोई महिला सुंदर है, तो उसे लोमड़ी कहा जा सकता है। राजा हेरोदेस को लोमड़ी कहा जाता था, जिसका अर्थ है कि हेरोदेस चालाक या खतरनाक रूप से चालाक था।",,
t,लोबान,,"sticky substance whose smoke smells good (R); 
 powder cooked/burned and its smoke smells good and it is called insens (K)","लोबान एक पेड़ के रस से बना एक सुगंधित चूर्ण है। इसे जलाने पर एक मीठी खुशबू आती है। यहूदियों को इसे दूर से लाना पड़ता था, इसलिए यह महँगा पड़ता था।",,
t,भट्ठी,भट्ठा,fire (W);,"भट्ठी एक जगह या बड़ा बक्सा होता है जिसमें लकड़ी या कोई अन्य ईंधन जलाकर उच्च ताप उत्पन्न किया जाता है, जैसे ईंटों या मिट्टी के बर्तनों को पकाने के लिए भट्ठी। (बेबीलोन के लोग शवों को भट्ठी में जलाकर उनका दाह संस्कार करते थे।) (शिल्पकार चांदी या सोने जैसी धातुओं को शुद्ध करने के लिए भट्टियों का उपयोग करते थे।)",,
t,अन्यजाति ,अन्यजातियों,"who is not a Jew (W); 
people who are not Jews (R); ","अन्यजाति वे सभी समूह और व्यक्ति हैं जो न तो इस्राएली हैं और न ही यहूदी। यीशु के समय में, अधिकांश अन्यजाति झूठे देवताओं और मूर्तियों की पूजा करते थे। (यीशु के स्वर्ग लौटने से पहले, उन्होंने अपने प्रेरितों को सभी अन्यजाति राष्ट्रों में जाकर उनके लिए शिष्य बनाने का आदेश दिया था।)
कभी-कभी, नए नियम में अन्यजाति शब्द का प्रयोग सामान्य अर्थ में ऐसे लोगों के लिए किया जाता है जो ईश्वर में विश्वास नहीं करते या ईश्वर से संबंधित नहीं हैं।",,
t,महिमा,"महिमामंडित, महिमामंडित करना","light;
greatness;
praise (give glory to God);
strength and/or beauty (G);
allah (W); decoration/beauty (R);","महिमा का अर्थ है (1) महान शक्ति, (2) उज्ज्वल प्रकाश, (3) सुंदरता, और (4) ईश्वर की उपस्थिति।",,
t,बकरी ,बकरियाँ ,deer-like animal with long hair (G); ,"बकरियाँ एक सौम्य जानवर हैं जिनका मांस और दूध लोग खाते हैं। बकरियाँ अक्सर भेड़ों के साथ एक ही झुंड में रहती हैं। भेड़ों की पूँछ नीचे की ओर लटकती है, जबकि बकरियों की पूँछ ऊपर की ओर मुड़ी होती है। वयस्क नर बकरियाँ, जिन्हें मेढ़े कहा जाता है, अपने सींगों से लड़ते हैं और युद्धरत राष्ट्रों का प्रतीक हैं।",,
t,परमेश्वर  ,शाश्वत ईश्वर,"eternal one;
Creator; 
the God who lives / has lived forever (G); God (R); Allah (W);","परमेश्वर  एक महान, शाश्वत आत्मा है जिसने सब कुछ और सभी जीवित प्राणियों की रचना की है। परमेश्वर   स्वर्ग और पृथ्वी पर शासन करता है। उसने सभी को अपने देवताओं को त्यागकर केवल उसकी ही आराधना करने का आदेश दिया है। (उसके समान महान कोई दूसरा परमेश्वर   नहीं है।) (यही एक महान परमेश्वर   मनुष्य के रूप में, यीशु मसीहा के रूप में, संसार में आया।)",,
t,सोना ,सुनहरा,,सोना और चाँदी चमकदार धातुएँ हैं जिनका इस्तेमाल कई देश मुद्रा और आभूषण बनाने के लिए करते हैं। इस्राएलियों का वाचा का संदूक चमकदार सोने से मढ़ा हुआ था। सोना धरती से निकाला जाता है। इसे शुद्ध करने के लिए इसे बहुत तेज़ आग पर तब तक गर्म करना पड़ता है जब तक यह पिघल न जाए और इसकी गंदगी अलग न हो जाए।,,
t,अच्छा,,"good (G);
","लोग किसी भी चीज़ और व्यक्ति को ""अच्छा"" कहते हैं जिसे वे सही, सच्चा, ईमानदार, दयालु या उपयोगी मानते हैं। ""न्यायपूर्ण"" या ""सही"" होने का अर्थ है परमेश्वर के साथ अच्छा संबंध रखना या उसके नियमों का पालन करना।",,
t,सुसमाचार ,सुसमाचार ,"Good Report (W);
beautiful speech (G);good telling (R); 
 good talk (K);","सुसमाचार का अर्थ है शुभ समाचार। यह (यीशु के प्रेरितों का) संदेश है कि परमेश्वर उन सभी के पापों को क्षमा करता है और उन्हें अनन्त जीवन देता है जो पश्चाताप करते हैं और यीशु पर विश्वास करते हैं, जो क्रूस पर मरे, दफ़न हुए, तीन दिन बाद जी उठे, और कई प्रत्यक्षदर्शियों को दिखाई दिए।",,
t,राज्यपाल,,"ruling person (of a region);
chief (of the people in a country) (G);big leader from the government (R); kilifa (W from Arabic)",राज्यपाल वे अधिकारी होते हैं जो किसी क्षेत्र या राष्ट्र के किसी भाग पर शासन करते हैं। केवल राजा के पास ही अधिक शक्ति होती है।,,
t,अनुग्रह ,विनीत,"forgive; make good;
coming/falling onto (to help/aid/show mercy to someone);
and nobody pays for it (W);
pity and patience (for people) (G);love/pity (K); like (K)
","अनुग्रह वह प्रेम है जो परमेश्वर हम मनुष्यों के लिए रखता है, जिसके द्वारा वह हमें क्षमा करता है, हमें हानि से बचाता है, हमें बेहतर जीवन जीने में सहायता करता है, हमें उसकी सेवा करने की शक्ति देता है, और हमें अपने अनन्त राज्य में ले जाता है।",,
t,अंगूर ,अंगूर ,wine seeds (R); ,"अंगूर एक प्रकार का फल है जो पेड़ पर नहीं, बल्कि बेल पर उगता है। इसके रस से शराब बनाई जाती है। (यहूदी लोग अपने खेतों में ढेर सारी बेलें लगाते थे और उनकी खेती करते थे ताकि वे खूब फल दें।)",,
t,अपराध,अपराधी,"the condition of having done something bad (G); 
that deseriving death (W);","अपराधबोध का अर्थ है किसी ने कोई कानून तोड़ा है या तोड़ा है। दोषी व्यक्ति वह होता है जिसने कोई कानून तोड़ा है। जब कोई व्यक्ति परमेश्वर के नियमों का उल्लंघन करता है, तो वह उसके सामने दोषी हो जाता है। सभी दोषी व्यक्तियों को दण्डित किया जाना चाहिए। अपराधबोध का परिणाम दण्ड ही होता है। आमतौर पर, दोषी व्यक्ति को शर्मिंदगी महसूस होती है।",,
t,ओले ,,ice stones; frozen rain stones,ओले पानी के जमे हुए टुकड़े (बर्फ) होते हैं जो आकाश से बारिश की तरह गिरते हैं; कठोर जमी हुई बारिश।,,
t,स्वर्ग ,"स्वर्ग, आसमान","the Above;
sky;
way up high (G); heaven (R); ","स्वर्ग का अर्थ है वह सब कुछ जो ज़मीन या पृथ्वी से ऊपर है, जिसमें हवा, बादल, आकाश, परमेश्वर का अदृश्य शहर और वहाँ रहने वाले सभी प्राणी शामिल हैं।",,
t,झुंड ,झुंड,,"झुंड पशुओं का एक समूह है, विशेष रूप से खुर वाले पालतू (गैर-जंगली) जानवर जिन्हें लोग (चरवाहे) एक साथ रखते हैं और अपनी जीविका चलाने के लिए पशुधन के रूप में उनकी देखभाल करते हैं।",,
t,महायाजक ,मुख्य याजक ,leader of the giving to God ones (R); head man of priests (U),"महायाजक सभी याजकों का नेता होता था। महायाजक ही एकमात्र व्यक्ति था जिसे तम्बू या मंदिर के परम पवित्र स्थान में जाने की अनुमति थी, जहाँ वह अपने और लोगों के पापों के लिए परमेश्वर को बलिदान चढ़ाता था।",,
t,पवित्र ,"पवित्रता, पवित्रतम, ","unique;
set apart / special / sacred; 
pure or having no sin/guilt/moral fault;
belonging to God (associated with God);
staying away from bad things/deeds (G);
Pure (W); belonging to God (R); clean (R); straight (k);","पवित्र का अर्थ है (1) शुद्ध, स्वच्छ, (2) क्षमा किया हुआ; (3) अद्वितीय, दूसरों से भिन्न; अलग; ईश्वर को समर्पित या उससे संबंधित, और (4) ईश्वर के प्रति वफ़ादार। यीशु को पवित्र कहा गया है, और स्वयं ईश्वर को पवित्र आत्मा कहा गया है। (बाइबल ईसाइयों को संत कहती है, जिसका अर्थ है पवित्र लोग।)",,
t,पवित्र आत्मा,"परमेश्वर की आत्मा, यीशु की आत्मा, यीशु की आत्मा, परमेश्वर की पवित्र आत्मा","God's Spirit;
God's breath;
the Attractive/Good Spirit (G);
Spirit of Jesus;
The Pure Breath (W); Straight Spirit (R); bright/perfect breath/wind (U)","क्योंकि परमेश्वर पवित्र है, और परमेश्वर आत्मा है, इसलिए बाइबल परमेश्वर को पवित्र आत्मा कहती है। जैसे यीशु दृश्य रूप में हमारे साथ परमेश्वर थे, वैसे ही पवित्र आत्मा अदृश्य रूप में हमारे साथ परमेश्वर हैं। (यीशु ने वादा किया था कि पवित्र आत्मा उन लोगों के साथ वास करेगा जो यीशु में विश्वास रखते हैं।)",,
t,सम्मान,"माननीय, सम्मानित","honor / speak well of (G); 
stay under authority / have first place / lift up/praise name of / make happy (U)t","किसी को सम्मानित करना यह बताना है कि कोई व्यक्ति कितना महान या अच्छा है, या किसी व्यक्ति की उम्र, बुद्धि या अधिकार के प्रति सम्मान दिखाना है।",,
t,घोड़ा ,घोड़े,,"घोड़े बड़े, मज़बूत और तेज़ दौड़ने वाले जानवर होते हैं जिन पर इंसान सवारी कर सकते हैं। इन्हें गाड़ी और रथ खींचने या बोझ ढोने के लिए इस्तेमाल किया जा सकता है। घोड़े कई आकार के होते हैं, लेकिन आमतौर पर ये ऊँट से छोटे और गधों से बड़े होते हैं।",,
t,होसन्ना,,osaana (R); praise / be happy with (U);,"""होसन्ना"" एक अभिवादन है जो यहूदी अपने राजा के सम्मान में चिल्लाते थे। इसका अर्थ है ""परमेश्वर सकी रक्षा करे!""।",,
t,हीस्सोप,,(little) tree called isop (K); ,"हिस्सोप एक प्रकार का पौधा है। इस्राएल के पुजारी बलि के खून में हिस्सोप का पत्ता डुबोते थे, फिर उस खून को लोगों या चीज़ों पर छिड़कते थे ताकि वे परमेश्वर की दृष्टि में पवित्र हो जाएँ।",,
t,मूर्ति ,मूर्तियाँ । देवताएं ,"(carved/man-made) image worshipped by people;
image;
false god (G, K);
carving (W, R)","मूर्तियाँ ऐसी वस्तुएँ हैं जिनकी चाहत लोग परमेश्वर से भी ज़्यादा रखते हैं। मूर्ति एक निर्मित, दृश्यमान छवि होती है जो किसी ऐसी चीज़ का प्रतिनिधित्व करती है जो आमतौर पर दिखाई नहीं देती। कुछ लोग लकड़ी या पत्थर से मूर्तियाँ गढ़ते हैं। लोगों का मानना ​​है कि कोई देवता या आत्मा मूर्ति में आकर निवास करती है, इसलिए वे मूर्ति से प्रार्थना करते हैं, यह सोचकर कि परमेश्वर उनकी प्रार्थना सुनेंगे।",,
t,धूपबत्ती,,"sticky substance whose smoke smells good (R); 
 powder cooked/burned and its smoke smells good and it is called insens (K)",धूपबत्ती किसी पेड़ का रस या उसका वह भाग है जो जलाने पर मीठी खुशबू देता है। कई धर्म अपने देवताओं की पूजा करते हुए धूपबत्ती जलाते हैं।,,
t,लोहा,,,"लोहा एक मजबूत धातु है जो औजार, हथियार, युद्ध गाड़ियां और रथ (घोड़ों द्वारा खींचे जाने वाले) और जंजीरें बनाने के लिए उपयोगी है।",,
t,इस्राइल ,इस्राएली ,,"इस्राएली याकूब के वंशज हैं, जिनका नाम इस्राएल पड़ा। इस्राएली, इस्राएल नामक देश के सदस्य थे। (कनान पर आक्रमण करने के बाद, इन जनजातियों ने अपने राष्ट्र का नाम इस्राएल रखा।) देश के दो भागों में बँट जाने के बाद, उत्तरी लोगों को इस्राएली और दक्षिणी लोगों को यहूदी कहा जाने लगा।",,
t,जेल,"जेल, कारागार, कैद, जेल में बंद","place where one is emprisoned (G);
","जेल या कारागार एक छोटा सा घर या कमरा होता है जहाँ सरकारें अपराधियों या किसी अपराध के आरोपी लोगों को बंद करती हैं। यूसुफ को मिस्र की जेल में, पतरस को यरूशलेम की जेल में और पौलुस को रोम की जेल में बंद किया गया था। जेल में बंद व्यक्ति को कैदी कहा जाता है। जेल या कारागार पर अधिकार रखने वाले व्यक्ति को जेलर कहा जाता है।",,
t,गहना,"रत्न, गहना , रत्न ",stone (R); beads (R); stones you pay big money (U);,रत्न विभिन्न रंगों के सुंदर पत्थर होते हैं जिनकी कीमत बहुत ज़्यादा होती है। इस्राएल के महायाजक अपनी छाती पर रत्न पहनते थे (जो इस्राएल के 12 गोत्रों का प्रतीक थे)। प्रकाशितवाक्य की पुस्तक में नए यरूशलेम का वर्णन रत्नों से बनी दीवारों के रूप में किया गया है।,,
t,यहूदी धार्मिक नेताओं,"धार्मिक नेता, यहूदी धार्मिक नेता","leaders of Jews who believe in God (G); 
","यहूदी धार्मिक नेताओं में पुजारी, रब्बी, शास्त्री और शिक्षक शामिल थे, जिनका काम दूसरों को परमेश्वर के नियमों को समझने और उनका पालन करने में मदद करना था। ऐसे कई नेता यीशु पर अविश्वास करते थे और ईसाई बन चुके यहूदियों को नुकसान पहुँचाने की कोशिश करते थे।",,
t,न्यायाधीश,न्यायाधीशों,"leader of the Jews in Kanaan land (G); 
man (who) decides (solution for) or resolves disputes/talks (U);","प्राचीन काल में, इस्राएल में राजा बनने से पहले, न्यायाधीश कबीलों पर शासन करते थे। इन न्यायाधीशों या नेताओं को विवादों और वाद-विवादों को निपटाने, यहाँ तक कि युद्ध में सैनिकों का नेतृत्व करने का भी अधिकार था।
न्याय करना, निर्णय लेना होता है।
आधुनिक समय में, न्यायाधीश आमतौर पर अदालत में अंतिम निर्णय लेने या सुनाने वाला होता है।",,
t,न्यायाधीश,"न्याय, न्यायपूर्वक, निष्पक्ष, उचित ठहराना","one is held to be good in (God's) presence (G);
Set someone right (W); call them straight ones (R); call them straight in his eyes (R);
tell correctly people's works (G);
","न्याय का अर्थ है कानूनों या मानकों का पालन करना। एक न्यायी व्यक्ति कानूनों का पालन करता है। एक न्यायी न्यायाधीश कानून के अनुसार मामलों का फैसला करता है। परमेश्वर न्यायी है जब वह अपने नियमों के अनुसार लोगों को पुरस्कार या दंड देता है। परमेश्वर उन लोगों को धर्मी या न्यायसंगत मानता है जो अब्राहम की तरह उसके वादों पर विश्वास करते हैं। हालाँकि हमारे अच्छे कर्म दिखाते हैं कि हममें विश्वास है, यह हमारा विश्वास ही है जो हमें न्यायसंगत या बचाता है। (परमेश्वर उन लोगों को न्यायसंगत नहीं ठहराता जो अपना उद्धार पाने की कोशिश करते हैं।)",,
t,दया,दयालुता ,"doing good to people (G); 
",दयालुता का अर्थ है दूसरों के प्रति सौम्यता से भलाई करना,,
t,राजा ,"राजाओं, राजा ","ruler/authority person;
Chief (G); king (R);
","राजा अपनी मृत्यु तक किसी राज्य या राष्ट्र का सर्वोच्च शासक बना रहता है। कुछ राष्ट्र अपने राजा की पूजा ईश्वर के रूप में करते थे। (कुछ राष्ट्र, राज्य या साम्राज्य अपने राजाओं को अलग-अलग उपाधियों या नामों से पुकारते थे, जैसे, रोम अपने राजा को सीज़र कहता था; मिस्र अपने राजा को फिरौन कहता था; और पलिश्तियों ने अपने राजा को अबीमेलेक कहा था)।",,
t,राज्य ,"राज्य, साम्राज्य, ",,"राज्य एक ऐसा क्षेत्र है जिसमें राजा भूमि और लोगों पर शासन करता है। साम्राज्य वह स्थान होता है जहाँ एक राजा अनेक भूमियों और प्रजाओं पर शासन करता है। कभी-कभी ""सिंहासन"" शब्द राज्य का प्रतीक होता है।",,
t,परमेश्वर का राज्य,"स्वर्ग का राज्य, परमेश्वर का राज्य","realm of God;
How God rules [reigns] over everything;
God's ruling of people (G); government of God (R); ","परमेश्वर का राज्य वहाँ मौजूद है जहाँ मनुष्य परमेश्वर को अपना राजा मानकर उसकी आज्ञा मानते हैं: यीशु, क्योंकि वह राजा है, जब वह संसार में आया तो परमेश्वर के राज्य को पृथ्वी पर लाया। परमेश्वर के राज्य में वे सभी शामिल हैं जो यीशु को स्वर्ग और पृथ्वी, दोनों जगह अपने राजा के रूप में शासन करने के लिए स्वीकार करते हैं।
कभी-कभी ""सिंहासन"" (राजा की कुर्सी) शब्द का प्रयोग राज्य के प्रतीक के रूप में किया जाता है।",,
t,ज्ञान,"जानना, ज्ञात",the real knowing of things (G);,"ज्ञान या 'जानना' का अर्थ हो सकता है (1) वह सब कुछ जिसे लोग याद रख सकते हैं और जिसके बारे में बात कर सकते हैं; (2) ऐसे विचार या सोच जिन्हें लोग सच मानते हैं; (3) किसी के साथ होने या ईश्वर से संबंधित होने का आनंद लेना; या (4) एक साथ बच्चे पैदा करना।
बुद्धि वह कौशल है जो ज्ञान का उपयोग अच्छे कार्यों के लिए करने में किया जाता है।",,
t,परमेश्वर का मेमना,परमेश्वर का मेमना,"adolescent man sheep of God (K); young/small sheep of God (R, W)","यूहन्ना बपतिस्मा देनेवाले ने यीशु को परमेश्वर का मेम्ना कहा, क्योंकि वह जानता था कि यीशु बलिदान के रूप में मरेंगे, ताकि परमेश्वर हम मनुष्यों को हमारे पापों की क्षमा प्रदान करे। (प्रकाशितवाक्य की पुस्तक यीशु को वह मेम्ना कहती है जो मारा गया था, लेकिन फिर से जीवित हो गया है।)",,
t,दीपस्तंभ ,"दीपक, लालटेन",,"दीपस्तंभ धातु से बना एक दीपक होता है, जो एक या एक से अधिक अग्नि की लपटों को सहारा देता है, तथा उनके ईंधन को सुरक्षित रखता है।",,
t,भूमि ,"पृथ्वी, देश",earth/land (G);,"भूमि का अर्थ हो सकता है (1) वह ज़मीन जिस पर हम चलते हैं, (2) वह मिट्टी जिसमें हम बीज बोते हैं, (3) वह देश जिसमें हम रहते हैं, या (4) पृथ्वी (हमारे ग्रह का वह भाग) जो समुद्री जल से ढका नहीं है।",,
t,मूसा का व्यवस्था ,व्यवस्था ,the words of Moses of long ago (G); instructions from God through Moses; Way of Moses (W);,"व्यवस्था में वे नियम और निर्देश हैं जो परमेश्वर ने इस्राएलियों के लिए मूसा को बताए थे। व्यवस्था (1) हमें उन कार्यों के बारे में बताती है जो परमेश्वर को प्रसन्न करते हैं, और (2) हमें दिखाती है कि हम कितने पापी हैं। व्यवस्था अच्छी है, लेकिन केवल परमेश्वर में विश्वास ही हमें नरक से बचा सकता है। (ईसाई लोग यीशु की आज्ञाओं का पालन करके जीते हैं (जिनमें से मुख्य आज्ञा उन पर विश्वास करना है), व्यवस्था का पालन करके नहीं।)",,
t,नेता,नेतागण ,ones who guide you (G); head man (U),"नेता वह होता है जो दूसरों को राह दिखाता है। बहुत शक्तिशाली नेताओं को राजा या सम्राट कहा जाता था। कम शक्तिशाली नेताओं को मुखिया, राज्यपाल या मुखिया कहा जाता था। सबसे कम शक्तिशाली नेता परिवार के मुखिया और कार्य-प्रमुख होते थे।",,
t,कोढ़,"कोढ़ी, कुष्ठ रोगी",lepra (R),"कुष्ठ रोग एक गंभीर त्वचा रोग है। इस रोग से ग्रस्त लोगों को कोढ़ी कहा जाता था। बाइबल के ज़माने में इस रोग से पीड़ित लोगों को दूसरों से अलग रहना पड़ता था। (हालाँकि स्वस्थ लोग कोढ़ी को कभी नहीं छूते थे, लेकिन यीशु ने कोढ़ियों को ठीक करते समय उन्हें छुआ था।)",,
t,शेर ,शेर,laion (K); large cat / jaguar (G); simba (W);,"शेर बहुत बड़े, मजबूत, बहादुर बिल्लियाँ हैं जो अन्य बड़े जानवरों को मारते और खाते हैं... (उनके पास तेज दांत और लंबे पंजे होते हैं जो पीछे हट जाते हैं।) (शेर खतरनाक होते हैं और लोगों को मार सकते हैं।) (राजाओं की तुलना अक्सर शेरों से की जाती थी।) (यीशु को यहूदा के गोत्र का शेर कहा जाता है।)",,
t,पशुधन ,,,"पशुधन पालतू (गैर-जंगली) जानवर हैं जैसे बकरी, गाय, ऊँट, गधे और भेड़, जिन्हें लोग अपने घरों के पास एक साथ रखते हैं और अपनी आजीविका चलाने के लिए उनकी देखभाल करते हैं।",,
t,टिड्डियाँ ,टिड्डि,,टिड्डियाँ उड़ने वाले कीट (जैसे टिड्डे) होते हैं जो झुंड में आकर फसलों और अन्य पौधों को नष्ट कर सकते हैं। कुछ लोग भोजन के लिए टिड्डियाँ खाते हैं।,,
t,प्रभु ,,Most High God; Big/Great person; the owner/boss of all people (G); rich & important man (R); big (K); Owner (W);,प्रभु का अर्थ है (1) एकमात्र सृष्टिकर्ता ईश्वर; (2) भूमि या दासों का स्वामी; (3) पति; (4) एक आत्मा जो अन्य आत्माओं पर शासन करती है; और (5) श्रीमान जैसी सम्मान की उपाधि।,,
t,,,"Most High God;
Big/Great person;
the owner/boss of all people (G); rich & important man (R); 
 big (K); Owner (W);
",,,
t,प्रेम ,"प्यार करना, पियारी ",Want (W);,"प्रेम का अर्थ है कि हम दूसरों के साथ वैसा ही व्यवहार करें जैसा हम चाहते हैं कि वे हमारे साथ करें। परमेश्वर ने हमें बचाने के लिए यीशु को भेजकर हमसे प्रेम किया, और हम एक-दूसरे की सच्ची ज़रूरतों को पूरा करके, दूसरों को ठेस न पहुँचाते हुए, एक-दूसरे से प्रेम करते हैं। बाइबल कहती है कि सर्वोत्तम प्रेम है किसी मित्र की मदद करने के लिए खुशी-खुशी स्वयं को त्याग देना (या स्वयं को त्याग देना)।",,
t,ज्ञानी,,sky watchers (W);star men; star knowers (G); men who studied the stars; lords of knowledge (W);,पूर्व में बुद्धिमान पुरुष परमेश्वर से प्राप्त संकेतों या संदेशों को समझने के लिए आकाश और तारों का अध्ययन करते थे।,,
t,मन्ना ,,"maanaa (R);
food which falls from the sky (G); 
","मन्ना वह भोजन था जो परमेश्वर ने इस्राएलियों को मिस्र और कनान के बीच 40 साल की उनकी भटकन के दौरान दिया था। इब्रानी भाषा में, मन्ना का अर्थ है ""यह क्या है?""। यह बिना खमीर वाली मीठी रोटी जैसा कुछ होता था। सब्त के दिन को छोड़कर, हर सुबह इस्राएली अपने शिविर के आस-पास की ज़मीन से मन्ना इकट्ठा करते थे। (मन्ना का स्वाद अच्छा होता है, लेकिन यह जल्दी खराब हो जाता है।)",,
t,दया,दयालु,love/pity (R),"दया, अपराधियों या शत्रुओं के प्रति दिखाई जाने वाली करुणा है। परमेश्वर अपने प्राणियों की आवश्यकताओं की पूर्ति करके दया दिखाता है। यीशु ने भी बीमारों को चंगा करके और मरे हुओं को जिलाकर दया दिखाई।",,
t, मसीहा ,ख्रीस्त ,"The King (whom) God promised to send;
Our Truly Important Chief (G); the appointed man (U); 
Al-Masih (W); Kaarisito (R); Mesaia (K)
","इब्रानी शब्द मसीहा और यूनानी शब्द ख्रीस्त का अनुवाद अभिषिक्त होता है। बाइबल के पुराने नियम के भाग में, राजाओं को 'अभिषिक्त' कहा जाता था क्योंकि किसी भविष्यवक्ता ने उनके सिर पर तेल उँडेला था। बाइबल के नए नियम के भाग में, यीशु को मसीह, मसीहा और परमेश्वर का अभिषिक्त कहा गया है।",,
t,चमत्कार ,"चमत्कार, आश्चर्य","something that caused people to be surprised (G); 
","चमत्कार वह सब कुछ है जो केवल परमेश्वर ही कर सकता है। यीशु ने यह दिखाने के लिए चमत्कार किए कि वह परमेश्वरहैं, और उनके प्रेरित भी यह दिखाने के लिए चमत्कार कर सकते थे कि वे परमेश्वर के दूत हैं। चमत्कारों को संकेत और चमत्कार भी कहा जाता है। चमत्कार कोई जादू, छल या धोखा नहीं है।",,
t,सरसों,,mastad (K),"सरसों एक प्रकार का मसाला पौधा है जिसके छोटे-छोटे बीज बड़े होकर एक बड़ा पौधा बन जाते हैं। यीशु ने कहा था, ""अगर तुम्हारा विश्वास राई के दाने के बराबर भी हो, तो तुम पहाड़ों को भी हिला सकते हो।""",,
t,गंधरस,,sticky substance of perfume called mira (R); good smelling sap of a tree called mira (K); sap that smells (W),"गंधरस एक खास पेड़ का महंगा, सुगंधित रस या राल होता है। यहूदी लोग गंधरस का इस्तेमाल दवा के तौर पर करते थे, क्योंकि यह नींद लाने में मदद करता है जिससे व्यक्ति को ज़्यादा दर्द नहीं होता। वे शवों को दफ़नाते समय भी गंधरस का इस्तेमाल करते थे।",,
t,नर्द ,,perfume called naad (R); good smelling liquid called nad (K);,नर्द  एक तैलीय सुगंध है जो स्पाइकेनार्ड नामक पौधे के रस से बनती है। एक बार एक महिला ने थोड़ा सा नार्ड खरीदा और उससे यीशु के पैरों का अभिषेक किया।,,
t,राष्ट्र,राष्ट्र,"people (G); kingdom (W);
",एक राष्ट्र में कई लोग होते हैं जो एक साथ शासन करने के लिए सहमत होते हैं। राज्य एक राजा द्वारा शासित राष्ट्र होते हैं। साम्राज्य एक सर्वोच्च शासक द्वारा शासित कई राष्ट्र होते हैं।,,
t,शपथ ,"शपथ, व्रत, प्रतिज्ञा","promise (R); 
to truly declare what one is going to do (G);
bind talk (U);",शपथ या व्रत परमेश्वर और गवाहों के समक्ष किया गया एक गंभीर वादा है।,,
t,जैतून,"जैतून, जैतून का तेल",tree of oliwa (R),जैतून एक प्रकार का फल देने वाला पेड़ है। मनुष्य जैतून का फल खाते हैं। वे इसे खाना पकाने का तेल और दवा बनाने के लिए भी दबाते हैं। जैतून का तेल जैतून के पेड़ के फल को कुचलकर प्राप्त किया जाता है। जैतून के तेल का उपयोग भोजन बनाने के लिए किया जाता था और घावों पर दवा के रूप में लगाया जाता था। भविष्यवक्ताओं ने पुजारियों और नए राजाओं के सिर पर जैतून का तेल डालकर उनका अभिषेक किया। जैतून पर्वत यरूशलेम के पास एक पहाड़ी का नाम भी है जहाँ यीशु अक्सर रहा करते थे। इस पर जैतून के पेड़ों का एक बगीचा/उपवन था।,,
t,ओमेगा ,"ज़ेड, ज़ी",Omegaa (R); finisher; ,"ओमेगा ग्रीक वर्णमाला के अंतिम अक्षर का नाम है। ओमेगा का अर्थ है बड़ा O। प्रकाशितवाक्य की पुस्तक में यीशु को अल्फ़ा और ओमेगा, यानी आरंभ और अंत (अर्थात, सृष्टिकर्ता और मुक्तिदाता) कहा गया है।",,
t,राज मेहल ,राज मेहल ,"the big house of the real cheif (G); 
",एक राजा का बहुत बड़ा घर.,,
t,स्वर्ग,,God's gathering place (W); Paradais (k); God's living place (G); ),"स्वर्ग एक यूनानी शब्द है जिसका अर्थ है ""सुंदर बगीचा।"" (मूर्तिपूजक इस नाम का प्रयोग अपने देवताओं के निवास स्थान के लिए करते थे।) नए नियम में, स्वर्ग का अर्थ है (1) स्वर्ग में वह स्थान जहाँ दिवंगत (मृत) विश्वासी जाते हैं, और (2) भविष्य की नई पृथ्वी - स्वर्ग जहाँ विश्वासी हमेशा के लिए निवास करेंगे।",,
t,मोती ,,"valuable stone inside a clamshell (R), egg of kina shell (R); (valuable) stone inside a clamshell (K); a very good stone called per (G); ","मोती एक महँगा रत्न है जो समुद्र से आता है। (ये सीपियों में पाए जाते हैं, जब रेत का कोई कण उनके खोल के अंदर चला जाता है, तो वे एक दूधिया सफेद पदार्थ का स्राव करते हैं जो रेत को कई बार ढक देता है ताकि जलन न हो। मोती, गोल और चमकदार होने के कारण, हार और गहने बनाने में इस्तेमाल होते हैं।)",,
t,फिरौन,फिरौन,Pero (in Egypt) (K); king over Egypt; head man of Egypt (U),फिरौन वह नाम है जो प्राचीन मिस्रवासी अपने राजाओं को देते थे। प्रत्येक फिरौन का एक व्यक्तिगत नाम भी था। धनी फिरौन वह नाम है जो प्राचीन मिस्रवासी अपने राजाओं को देते थे। प्रत्येक फिरौन का एक व्यक्तिगत नाम भी था। धनी फिरौन ने अपने लिए विशाल कब्रें बनवाईं और अपने लिए विशाल कब्रें बनवाईं।,,
t,"सूअर, ",सूअर,,"सूअर, जिन्हें स्वाइन भी कहा जाता है, छोटे कद के, मज़बूत जानवर होते हैं जो लगभग कुछ भी खा लेते हैं और अपनी त्वचा को नम रखने के लिए कीचड़ में लोटना पसंद करते हैं। परमेश्वर के नियम के अनुसार इस्राएलियों को सूअर का मांस (सूअर का मांस) खाने से मना किया गया था।",,
t,महामारी ,महामारी ,,महामारी कोई भी बीमारी या संक्रमण है जिसका एक ही समय में कई लोगों पर विनाशकारी प्रभाव पड़ता है।,,
t,कुंड,,water (G); ,आमतौर पर यह एक मानव निर्मित गड्ढा होता है जिसमें नहाने के लिए पानी भरा होता है।,,
t,ओसारा,,place near the door (G); ,घर के बाहर लेकिन दरवाजे के पास एक मंच।,,
t,प्रशंसा,प्रशंसा,"to speak well of (G); 
magnify (W);","प्रशंसा तब होती है जब हम दूसरों को बताते हैं कि किसी और ने कैसे अच्छे काम किए हैं। हम परमेश्वर की स्तुति यह बताकर करते हैं कि उसने हमारी प्रार्थनाओं का उत्तर कैसे दिया। ईसाई अक्सर गीतों और संगीत के माध्यम से परमेश्वर की स्तुति करते हैं, और बताते हैं कि वह कितना महान है।",,
t,प्रार्थना ,"प्रार्थना, प्रार्थना करता है, प्रार्थना कर रहा है, प्रार्थना की","to speak to God (G); 
plead (W);","प्रार्थना का अर्थ है किसी शक्तिशाली मनुष्य या देवता से बात करना या उनसे विनती करना। यीशु ने ईसाइयों को आज्ञा दी थी कि वे यीशु के नाम का प्रयोग करते हुए, अक्सर परमेश्वर से प्रार्थना करें।",,
t,उपदेश देना ,"उपदेशक, उपदेश, उपदेश दिया","tell God's beautiful word (G); 
",उपदेश देने का अर्थ है दूसरों को कोई संदेश देना या कोई कहानी सुनाना जो उन्होंने पहले न सुनी हो।,,
t,याजक ,याजक ,"giving to God one (R); priest (transliterated) (G); 
sacrificer (W);","याजक धार्मिक नेता होते हैं जो (1) बलिदान चढ़ाते हैं, (2) व्यवस्था सिखाते हैं, (3) विवादों में मध्यस्थता करते हैं, (4) चंगाई की पुष्टि करते हैं, और (5) मंदिर और उसकी संपत्ति का प्रबंधन करते हैं।",,
t,वादा ,"वादे, वादा किया","placing a thing by words / mouth;
tell what one is going to do in the future (G); promise (R);","वादा एक अच्छा काम होता है जिसके बारे में कोई कहता है कि वह बाद में करेगा। परमेश्वर हमेशा वही करेगा जिसका उसने वादा किया है। परमेश्वर के कुछ वादे सशर्त होते हैं, यानी वे इंसानों से पहले कुछ करने की माँग करते हैं। ""अगर (शर्त) तुम कबूल करोगे कि यीशु प्रभु हैं, तो (वादा) तुम बच जाओगे।""",,
t,भविष्यवाणी,भविष्यवाणियाँ,talk of prophet (R); speak words from God (W);,"भविष्यवाणियाँ वे संदेश हैं जो परमेश्वर ने किसी व्यक्ति को दूसरों को बताने के लिए प्रकट किए हैं। कुछ भविष्यवाणियाँ पापियों को पश्चाताप करने की चेतावनी देती हैं, कुछ भविष्यवाणियाँ मार्गदर्शन या शिक्षा प्रदान करती हैं, और कुछ भविष्यवाणियाँ भविष्य की घटनाओं के बारे में बताती हैं। (बाइबल में सैकड़ों भविष्यवाणियाँ हैं।)",,
t,भविष्यवाणी करना ,"भविष्यवाणी करना, भविष्यवाणी की, भविष्यवाणी करता है",talk of prophet (R); touch God's words (W),"भविष्यवाणी करना परमेश्वर  की सहायता से बोलना है, दूसरों को मज़बूत करना है, उन्हें दिलासा देना है, और उन्हें बढ़ने में मदद करना है। (चूँकि भविष्यवाणी करने वाले गलतियाँ कर सकते हैं, इसलिए दूसरों को सत्य और त्रुटि दोनों में अंतर समझना चाहिए।)",,
t,भविष्यवक्ता,भविष्यद्वक्ता,"teller of God's word (G); 
person to whom God gives words (D); 
God's mouth (spokesperson);
a human messenger for God or gods/idols;
way-goer (W); poropet (K)","भविष्यवक्ता वे पुरुष या स्त्री होते हैं जिन्हें ईश्वर ने इतना वरदान दिया है कि वे ईश्वर के संदेश बोल सकते हैं। कुछ इब्रानी भविष्यवक्ताओं ने पुराने नियम की पुस्तकें लिखीं। ईसाई भविष्यवक्ता ऐसे संदेश बोलते हैं जिनसे ज़रूरत पड़ने पर दूसरों को मदद मिलती है। (ईसाई भविष्यवक्ताओं से गलतियाँ हो सकती हैं, इसलिए उन्हें सीखने के लिए हमेशा तैयार रहना चाहिए।)",,
t,भजन,,Songs of Dewid (R); song (G); ,"भजन इब्रानी भाषा में लिखी कविताएँ या गीत होते हैं। अक्सर, भजन की एक पंक्ति को दूसरी पंक्ति में अलग-अलग शब्दों का प्रयोग करके दोहराया जाता है। भजनों में स्तुति, प्रार्थना, विलाप, शाप, शिक्षा और भविष्यवाणियाँ व्यक्त की जा सकती हैं। (यहूदी और ईसाई अक्सर अपनी उपासना में भजन गाते हैं।)",,
t,,,"clean (R); not any dirty behaviour (R); 
behaviour straight in God’s eyes (K), no dirtiness in it (K);",,,
t,रब्बी ,,"my Teacher; Teacher (R, W);",रब्बी का अर्थ है मेरा गुरु। आधिकारिक यहूदी शिक्षकों को रब्बी या रेब्बी कहा जाता है। मेरे गुरु कहने का एक ज़्यादा सम्मानजनक तरीका रब्बोनी हुआ करता था। ईसाई शिक्षकों को आमतौर पर पादरी कहा जाता है।,,
t,लाल सागर ,,Red Sea (R);,"लाल/रीड सागर मिस्र और कनान जाने वाली सड़क के बीच स्थित है। जब इस्राएली फिरौन की सेना से भाग रहे थे, तो परमेश्वर ने उनके लिए इस सागर से होकर रास्ता खोला था।
रेड शब्द रीड की वर्तनी में ग़लत हो सकता है, क्योंकि हिब्रू में इसे रीड्स सागर कहा जाता है।",,
t,क्षेत्र,"क्षेत्र, प्रांत","land (G);
","किसी देश के अंदर ज़मीन का कोई भी विस्तृत क्षेत्र, क्षेत्र या क्षेत्र कहलाता है। प्रांत वह क्षेत्र होता है जिसकी सीमाएँ, नाम और सरकार निर्धारित होती है।",,
t,पश्चाताप ,"पश्चाताप किया, पश्चाताप कर रहा है, पश्चाताप करता है","turning away from wrong things/action and turning to God;
be sad about the bad things you have done. Stop doing them. (G);
think-turn (R); ","पश्चाताप का अर्थ है पलटकर विपरीत दिशा में बढ़ना; अपने व्यवहार में बदलाव लाना। जब मनुष्य पश्चाताप करते हैं, तो वे परमेश्वर की आज्ञा मानने के लिए अपने विश्वासों और कार्यों को बदलने का चुनाव करते हैं। जब परमेश्वर पश्चाताप करते हैं, तो वे पश्चाताप करने वाले दुष्टों को दण्ड न देने का चुनाव करते हैं, या उन विश्वासियों की सहायता न करने का चुनाव करते हैं जो उनकी अवज्ञा करते हैं।",,
t,विश्राम,"विश्राम किया, विश्राम करता है, विश्राम कर रहा है",,"विश्राम का अर्थ है कड़ी मेहनत से विराम लेना। परमेश्वर की व्यवस्था के अनुसार, सभी को सब्त के दिन या हर सप्ताह के सातवें दिन विश्राम करना आवश्यक था। विश्राम (1) इस्राएलियों के कनान पहुँचने का प्रतीक भी है, और (2) विश्वासियों के भविष्य के जीवन का प्रतीक भी है जब परमेश्वर उनके विश्वास और आज्ञाकारिता का प्रतिफल देगा।",,
t,नेक,"धार्मिकता, अधिकार","being true/right/worthy in God's eyes;
very good (G);straight (R, W);
good ones (G);
","परमेश्वर धर्मी है क्योंकि वह हमेशा वही करता है जो सही, अच्छा और न्यायपूर्ण है। यीशु धर्मी था क्योंकि उसने पूरी तरह से परमेश्वर की आज्ञा मानी और कभी पाप नहीं किया। परमेश्वर हम विश्वासियों को धर्मी मानता है, क्योंकि वह हमारे सभी पापों को क्षमा करता है और हमें धर्मी यीशु का सदस्य मानता है। (परमेश्वर के पास पूर्ण धार्मिकता है, जबकि हमें आरोपित/प्रतिस्थापन धार्मिकता प्राप्त होती है।)",,
t,दंगा ,"दंगे, दंगा",,दंगा तब होता है जब भीड़ या भीड़ हिंसक हो जाती है और दूसरों को या उनकी संपत्ति को नुकसान पहुंचाने की कोशिश करती है।,,
t,विश्राम का दिन ,,rest; cease work; Day of Sabat (K);,"सब्बाथ एक इब्रानी शब्द है जिसका अर्थ है विश्राम या काम बंद करना। संसार की रचना के बाद, परमेश्वर ने (और बाद में मूसा के नियम ने) प्रत्येक सप्ताह के सातवें दिन को विश्राम के लिए, सामान्य परिश्रम के लिए नहीं, बल्कि विशेष रूप से विश्राम के लिए सब्बाथ का दिन घोषित किया। पर्व और त्यौहार भी सब्बाथ के दिन थे। (यीशु के समय में, यहूदियों ने सब्बाथ के दिन काम न करने के कई और नियम बना दिए थे। यीशु अक्सर उन नियमों को तोड़ते थे।)",,
t,बलिदान ,बलिदान,"offer of a slaughtered animal;
giving your life or goods to another (G);gift that is habitually cooked (R); ","बलिदान कोई भी कीमती वस्तु है जिसे कोई व्यक्ति ईश्वर के सम्मान में मार डाले, जला दे या चढ़ा दे (रख दे/दे)। हालाँकि मूसा की व्यवस्था में इस्राएलियों को पापों के प्रायश्चित के लिए बलिदान चढ़ाने की आवश्यकता थी, फिर भी कोई भी ईश्वर का धन्यवाद करने के लिए बलिदान चढ़ा सकता था। (चूँकि यीशु पापों के लिए अंतिम बलिदान के रूप में मरे हैं, इसलिए ईसाई ईश्वर की आराधना, स्तुति, धन्यवाद और अपने शरीर को जीवित बलिदान के रूप में अर्पित करते हैं।)",,
t,संत,संतों,"one whom God rules, one whom Jesus rules (G); ",संत का अर्थ है एक पवित्र व्यक्ति जो यीशु में विश्वास के माध्यम से ईश्वर का सदस्य है। प्रेरित अक्सर उन ईसाइयों को संत कहकर संबोधित करते थे जिन्हें वे पत्र लिखते थे।,,
t,पवित्र करना ,पवित्र,"make one a person who really obeys God (G); 
cleans (W);","पवित्र करने का अर्थ है किसी चीज़ या व्यक्ति को और अधिक पवित्र बनाना, या स्वयं को, किसी चीज़ या व्यक्ति को परमेश्वर को समर्पित करना। परमेश्वर की पवित्र आत्मा मसीहियों में निवास करके उन्हें पवित्र करती है।",,
t,महासभा,,meeting (R); people of meeting (R); gathering of leaders (W);,"यीशु के समय में, यहूदी धर्म और मामलों पर शासन करने वाली 71 पुरुषों की एक परिषद, महासभा थी। इनका नेतृत्व यहूदी महायाजक करता था। (महासभा ने फैसला सुनाया कि यीशु को मृत्युदंड दिया जाना चाहिए, और बाद में पौलुस को भी मृत्युदंड दिया गया।) (महासभा ने यीशु को रोमियों के पास भेजा ताकि वे उसे सूली पर चढ़ा दें।)",,
t, उद्धारकर्ता,,"Cause-live One (R); the who saves/delivers (us) (G); 
","परमेश्वर इस्राएलियों का उद्धारकर्ता था, जिसने उन्हें अक्सर उनके शत्रुओं से बचाया। यीशु सभी मनुष्यों का उद्धारकर्ता है, जो शैतान की शक्ति से, परमेश्वर के क्रोध और न्याय से, अनन्त मृत्यु से, और नरक से उन सभी को बचाता है जो विश्वास के साथ उसे पुकारते हैं। (यही कारण है कि नया नियम कहता है कि ईसाई बचाए जाते हैं।)",,
t,राज-दंड,,"ruling stick (G);
",राज-दंड एक छड़ी या गोला [छड़ी पर गेंद] होता है जिसे राजा कानून बनाते या निर्णय लेते समय अपने हाथों में रखते हैं। राजदंड शाही अधिकार का प्रतीक है।,,
t,लेखक,"लेखकों,शास्त्री ","teacher of people (G);
cultural law expert;
person who teaches people cultural law; teacher of the laws (R);
an educated person who can write documents/books {for others);
repeater (W)","शास्त्री वे लोग थे जो बाइबल की प्रतिलिपियाँ बनाते थे, बाइबल का अध्ययन करते थे और दूसरों को बाइबल सिखाते थे। यीशु और प्रारंभिक कलीसिया के समय में, कई यहूदी शास्त्री यीशु और उनके प्रेरितों का विरोध करने के लिए फरीसियों के साथ मिल गए।",,
t,लिपटे हुए कागज़ का मुट्ठा,लिपटे हुए कागज़ का मुट्ठा,"a rolled up book; 
paper rolled up (G);
",स्क्रॉल चमड़े (या पपीरस) का एक लंबा टुकड़ा होता है जिस पर लोग शब्द लिखते थे। वे इसे मोड़कर सुरक्षित रखते थे और फिर इसे खोलकर पढ़ते थे। किताबें कागज़ के कई छोटे-छोटे टुकड़े होते हैं जो एक किनारे से बंधे होते हैं। स्क्रॉल किताब बनाने का एक पुराना तरीका या रूप है। स्क्रॉल एक मुड़ी हुई किताब होती है। किताब एक तरफ से बंधे हुए चपटे पन्नों का ढेर होती है।,,
t,सागर ,समुंदर ,big water/river (G); ,"पृथ्वी का आधे से ज़्यादा हिस्सा गहरे खारे पानी से ढका है। गहरे पानी के विस्तृत हिस्सों को समुद्र या महासागर कहते हैं। मनुष्य पानी पर तैरने वाली बड़ी नावों, जिन्हें जहाज़ कहते हैं, से समुद्र पार यात्रा कर सकते हैं।",,
t,सेप्टुआजेंट,,,"सेप्टुआजेंट, जिसका अर्थ है 70, पुराने नियम का यूनानी भाषा में अनुवाद है। येशु मसीह से लगभग 330 वर्ष पूर्व, यूनानियों ने इज़राइल और मिस्र पर विजय प्राप्त की, जहाँ बहुत से यहूदी रहते थे। जब यहूदियों ने यूनानी भाषा बोलना शुरू किया, तो उनमें से 70 ने पुराने नियम का हिब्रू से यूनानी भाषा में अनुवाद किया। (नए नियम में अक्सर हिब्रू के बजाय सेप्टुआजेंट से आयतें उद्धृत की जाती हैं।)",,
t,सेवक ,सेवकों,one who works for someone (G); ,"एक सेवक  किसी और की मदद करता है या उसके लिए काम करता है। नौकर (1) वे लोग हो सकते हैं जो वेतन पर काम करते हैं, (2) एक बंदी दास या कर्ज़दार हो सकता है जिसे बिना वेतन के काम करने के लिए मजबूर किया जाता है, (3) वे लोग हो सकते हैं जो अपने स्वामी के लिए स्वतंत्र रूप से काम करते हैं क्योंकि वे उससे प्रेम करते हैं। एक शक्तिशाली व्यक्ति के लिए काम करने वाले नौकर उन गरीब लोगों से ज़्यादा महत्वपूर्ण थे जो नौकर नहीं थे। भविष्यवक्ताओं और ईसाइयों को प्रभु के सेवक कहा जाता है क्योंकि वे प्रभु की, जो उनके स्वामी हैं, स्वतंत्र रूप से सेवा करते हैं।",,
t,शर्म,"शर्मिंदा, शर्मिंदा करता है, शर्मनाक","be ashamed (G); 
",शर्म एक ऐसी भावना या भाव है जो अपराधबोध से उत्पन्न होती है। दूसरों को शर्मिंदा करने का अर्थ है उनके द्वारा किए गए बुरे कार्यों के बारे में बताना। मनुष्य तब शर्मिंदगी या लज्जा महसूस करते हैं जब वे दृढ़ता से चाहते हैं कि उन्होंने कुछ गलत न किया होता या जब वे गलत या बुरे साबित होते हैं। यीशु हमारी शर्मिंदगी दूर करने के लिए हमारे लिए मरे ताकि हम क्षमा और प्रेम का अनुभव कर सकें।,,
t,भेड़ ,,"sipsip (K); sip (R); deer-like animal (G); 
","भेड़ें शांत और शर्मीले जानवर होते हैं, कुत्तों से बड़े। ये बकरियों जैसे होते हैं, लेकिन इनकी पूँछ मोटी होती है। ये झुंड या झुंड में रहते हैं और इनके लंबे बाल/फर/ऊन होते हैं। इंसान भेड़ पालते हैं, कपड़ा बनाने के लिए उनकी ऊन काटते हैं, और कभी-कभी उनका मांस भी खाते हैं। इस्राएली अक्सर परमेश्वर की आराधना के लिए भेड़ों की बलि चढ़ाते थे। नर भेड़ को मेढ़ा कहा जाता है। मादा भेड़ को भेड़ कहा जाता है। बच्चे भेड़ को मेमना कहा जाता है। यूहन्ना बपतिस्मा देने वाले और यूहन्ना प्रकाशितवाक्य ने यीशु को परमेश्वर का मेमना कहा। (यीशु ने खुद को चरवाहा कहा और हमें अपनी भेड़ें कहा।)",,
t,चरवाह,चरवाहों,"one who takes care of sheep (G); 
","जो लोग भेड़ों या बकरियों की अगुवाई और रक्षा करते हैं, उन्हें चरवाहा कहा जाता है। यीशु ने खुद को हमारा अच्छा चरवाहा कहा, क्योंकि वह हमें परमेश्वर के पास ले जाता है और हमारी देखभाल करता है।",,
t,जहाज ,जहाजों ,"big canoe (G);
","जहाज बहुत बड़ी नावें होती हैं जो यात्रियों और माल को लंबी दूरी तक ले जाती हैं, और समुद्र या विशाल झीलों पर चलती हैं",,
t,चांदी,,"hard money (G); 
","चांदी एक चमकदार, महंगी धातु है जिसका उपयोग कप, बर्तन, कटोरे और सिक्के बनाने के लिए किया जाता है।",,
t,पाप ,"पाप करना, पाप, पाप किया, दुष्टता, बुराई,","bad doings/thinking; bad behaviour (R);
(resulting in) guilt;
doing things that God does not like/want;
following bad/wrong ways;
doing something that God thinks is bad (G);
not-good thing (G); 
","हर मानवीय कार्य जो परमेश्वर को अप्रसन्न करता है, पाप है। परमेश्वर के नियमों का उल्लंघन करने वाले पाप, उल्लंघन हैं। मानवीय नियमों का उल्लंघन करने वाले पाप, अपराध हैं। सभी मनुष्य जो बचपन से ही जीवित रहते हैं, पाप करते हैं। जब भी कोई व्यक्ति परमेश्वर की किसी आज्ञा का उल्लंघन करता है, तो वह पाप है। चाहे वह मनुष्य की दृष्टि में छोटा हो या बड़ा, परमेश्वर की दृष्टि में वह पाप ही है। (क्योंकि यीशु हमारे पापों के कारण क्रूस पर मरे, इसलिए परमेश्वर हमारे सभी पापों को क्षमा कर सकते हैं।)",,
t,गुलाम ,"दास, बंधुआदास","one who works for nothing/without pay (G); 
","प्राचीन काल में, अधिकांश देशों में दो प्रकार के नागरिक होते थे: स्वतंत्र व्यक्ति जो किसी और के नहीं होते थे, और दास या बंधुआ दास जो किसी और के होते थे और जिनकी वे बिना वेतन के सेवा करते थे। कुछ दास युद्ध बंदी होते थे, जबकि अन्य को इसलिए गुलाम बनाया जाता था क्योंकि वे अपना कर्ज नहीं चुका पाते थे। अगर कोई दास पैसा कमाकर बचा सकता था, तो वह अपनी आज़ादी खरीद सकता था।",,
t,साँप ,"साँप, सर्प",,"साँप लंबे, पतले जानवर/जानवर होते हैं जिनके पैर या पंजे नहीं होते। कुछ साँप दूसरे जानवरों को ज़हर देकर काट लेते हैं। कुछ दूसरे जानवरों को अपने चारों ओर लपेटकर और उन्हें दबाकर मार देते हैं।",,
t,परमेश्वर का पुत्र ,परमेश्वर का पुत्र ,"God in human form; Child of God (R, W);
a man who is God; God!;
God's Son (G) (Mark 15:39);
","इस्राएल में, परमेश्वर ने राजाओं को अपना पुत्र और स्वयं को उनका पिता कहा। इस प्रकार, 'परमेश्वर का पुत्र' राजाओं के लिए एक उपाधि बन गया, और 'परमेश्वर का पुत्र' उस महान राजा के लिए एक उपाधि बन गया जिसे मसीहा या क्राइस्ट कहा जाता है। (नया नियम प्रकट करता है कि यीशु परमेश्वर का पुत्र है, और यीशु ही मानव शरीर में जन्मे परमेश्वर हैं।)",,
t,मनुष्य का पुत्र ,"मनुष्य का पुत्र, मानवजाति का पुत्र, मानव का पुत्र","son of a human; Child of Man (R);
Man's Son (G); 
the Human One;
the Heavenly Man;","भविष्यवक्ता दानिय्येल ने एक बार स्वर्ग में किसी ऐसे व्यक्ति का दर्शन देखा जो 'मनुष्य के पुत्र' जैसा दिखता था, और जिसे परमेश्वर की ओर से संसार की सभी जातियों पर महान अधिकार प्राप्त था। उसका भावी राज्य और शासन कभी समाप्त या नष्ट नहीं होगा। यीशु ने अक्सर स्वयं को मनुष्य का पुत्र कहा ताकि यह सिखाया जा सके कि वह स्वयं दानिय्येल के दर्शन का व्यक्ति है जो मानव देह में स्वर्ग से आया है। (प्रकाशितवाक्य की पुस्तक में यीशु का कई बार मनुष्य के पुत्र के रूप में, विश्वासियों के बीच और एक कटाई करने वाले के रूप में वर्णन किया गया है।)",,
t,भाले,,"long arrow (G);
",भाले ऐसे हथियार होते हैं जिनमें एक लंबी लकड़ी की छड़ और एक नुकीला सिरा होता है। सैनिक युद्ध में दुश्मनों पर भाले चलाने या फेंकने के लिए इनका इस्तेमाल करते थे।,,
t,पवित्र आत्मा,"दुष्ट आत्मा, राक्षस, दुष्ट आत्माएँ, शैतान, राक्षसी",creature (W);,"आत्माएँ जीवित प्राणी हैं जो हम मनुष्यों के लिए अदृश्य हैं। ईश्वर शाश्वत आत्मा है। अन्य आत्माएँ ईश्वर द्वारा निर्मित छोटी आत्माएँ हैं। देवदूत और राक्षस आत्माएँ हैं। प्रत्येक मनुष्य एक आत्मा और एक दृश्यमान शरीर दोनों है। जब मनुष्य मर जाता है, तो उसकी आत्मा तब तक भूत बन जाती है जब तक उसे नया शरीर नहीं मिल जाता।",,
t,लाठी ,लाठीया ,,"लाठी लकड़ी का एक लंबा, मजबूत टुकड़ा होता है जिसे कोई व्यक्ति चलते समय पकड़ता है, जो एक रक्षात्मक हथियार के रूप में काम कर सकता है।",,
t,मजबूत पेय ,शराब,"fermented manioc juice, any drink that causes drunkenness (G);
crazy water (U); ",मजबूत पेय कोई भी तरल पेय है जिसमें अल्कोहल होता है।,,
t,गंधक,गंधक,salfa (K),गंधक या गंधक एक पीले रंग का पदार्थ है जो तेज लौ के साथ जलता है और इसकी गंध बहुत तेज होती है।,,
t,तलवार,तलवारें ,"long knife/machete (G);
","तलवारें मज़बूत, लंबी चाकू होती हैं जिनका इस्तेमाल सैनिक युद्ध में करते थे। तलवार राजा की युद्ध करने और अपराधियों को दण्ड देने की शक्ति का भी प्रतीक है।",,
t,गूलर,,"fig tree; tree (R);
fruit tree",गूलर एक प्रकार का अंजीर (फल) का पेड़ है। इसकी शाखाएँ फैली हुई होती हैं जिन पर चढ़ना आसान होता है और इसे अक्सर सड़कों के किनारे यात्रियों को छाया प्रदान करने के लिए लगाया जाता था। इसकी लकड़ी का उपयोग ईंधन और फर्नीचर बनाने के लिए किया जाता था।,,
t,आराधनालय,,"house for proclaiming;
place where Jews gathered together / gathering place(G);
house of worship (R); ","आराधनालय का अर्थ है एक साथ आना। आराधनालय धार्मिक सभा स्थल होते हैं जहाँ यहूदी बाइबल पढ़ने, एक-दूसरे को शिक्षा देने, प्रार्थना करने और ईश्वर की आराधना करने के लिए एकत्रित होते हैं। (ईसाई सभा स्थलों को चैपल या चर्च कहा जाता है।)",,
t,तम्बू ,"पवित्र तम्बू, सभा का तम्बू, ","skin/leather house of God;
house-like building (not made of durable material) (G); 
skin prayer-tent; house of canvas (ie tent) (R); ","तम्बू का मतलब है बड़ा तम्बू। परमेश्वर ने प्राचीन इस्राएलियों को एक सुंदर, ले जाने योग्य तम्बू बनाने का आदेश दिया था, ताकि उनकी उपस्थिति उनके बीच रह सके और उनके साथ डेरा डाल सके। साथ ही, ताकि वे जंगल में यात्रा करते समय उसकी उचित उपासना कर सकें। (जब सुलैमान ने यरूशलेम में एक मंदिर बनवाया, तो तम्बू की ज़रूरत नहीं रही; मंदिर ने तम्बू की जगह ले ली। यीशु ने तम्बू और मंदिर दोनों की जगह ले ली।)",,
t,कर वसूलने वाले ,कर वसूलने वाला ,ones who get/carry fees (R); taxer (W);,"रोमियों ने इज़राइल पर कब्ज़ा करने के बाद, इसे यहूदिया नाम दिया और सभी पर भारी कर लगा दिए। कुछ यहूदी/यहूदी रोमियों के लिए कर वसूलते थे और उसका कुछ हिस्सा अपने पास रख लेते थे। ज़्यादातर लोग कर वसूलने वालों से नफ़रत करते थे और उन्हें पापी कहते थे।",,
t,सिखाना ,"शिक्षक, पढ़ाना, सिखाया, सिखाता है, प्रशिक्षित करना",make read (W);,"सिखाना या प्रशिक्षित करना दूसरों को कोई उपयोगी या सच्ची बात बताना है और साथ ही उन्हें यह भी सिखाना है कि उस सच्चाई का पालन कैसे करें या उसे कैसे लागू करें। यीशु ने आज्ञा दी: ""जाओ और दूसरों को मेरी आज्ञाओं का पालन करना सिखाकर चेले बनाओ।""",,
t,मंदिर,"मंदिर,
परमेश्वर  का घर,","big house/building of God (G); 
house of God;
meeting place for God and people;
big/primary worship house/place (P); house of giving (K); inside the fence of the house of giving (K); magnify-place (W);","मंदिर वह स्थान है जहाँ ईश्वर (देवता) और लोग मिलते हैं। यहूदियों के लिए, यरूशलेम में स्थित केवल एक ही मंदिर था। यहीं पर उनकी ईश्वर की उपासना केंद्रित थी। ऐतिहासिक रूप से, केवल कुछ ही [यहूदी] मंदिर रहे हैं: (1) जंगल में मूसा द्वारा निर्मित चमड़े का तम्बू; (2) यरूशलेम में राजा सुलैमान द्वारा निर्मित और बेबीलोन द्वारा नष्ट किया गया राजसी पत्थर और सोने का मंदिर; (3) नहेमायाह और जरुब्बाबेल के शासनकाल में यरूशलेम शहर के साथ पुनर्निर्मित छोटा मंदिर और फिर यीशु के जन्म से ठीक पहले राजा हेरोदेस द्वारा इसका विस्तार किया गया। इस मंदिर को 70 ईस्वी में रोमियों ने नष्ट कर दिया था। (4) यीशु का शरीर एक ""मंदिर"" था (एक ऐसा स्थान जहाँ ईश्वर और मानवता मिले थे)। (5) नया नियम सिखाता है कि ईसाई अब ईश्वर के मंदिर हैं, क्योंकि उनकी आत्मा उनमें निवास करती है।
मंदिर मूर्तिपूजक देवताओं की मूर्तियों के घर होते हैं।",,
t,धन्यवाद,"आभारी, कृतज्ञ, कृतज्ञता","to tell someone something they have done is good (G); 
be happy with someone (because they gave you something) (U); ","किसी को धन्यवाद देने का मतलब है यह बताना कि उस व्यक्ति ने आपके लिए क्या अच्छा काम किया है। पुराने नियम में, विश्वासी भेंट चढ़ाकर परमेश्वर का धन्यवाद करते हैं; नए नियम में, हम परमेश्वर के अच्छे कार्यों के बारे में बताकर उसका धन्यवाद करते हैं।",,
t,सिंहासन ,राजा की कुर्सी ,"sitting place of the leader (G); where the chief sits
",सिंहासन एक कुर्सी होती थी जिस पर राजा महत्वपूर्ण मामलों का फैसला करते समय बैठते थे। सिंहासन एक प्रतीक भी है जिसका अर्थ राजत्व या राजा के पास मौजूद अधिकार होता है। स्वर्ग के सिंहासन का अर्थ है ईश्वर जो स्वर्ग और पृथ्वी पर शासन करता है।,,
t,कब्र ,"कब्रें, कब्र",rock hole (G),"कब्र एक गुफा होती है जहाँ लाशों को दफ़नाया जाता है। यहूदी अपने मृतकों को कब्रों में दफ़नाते थे, इसलिए कब्र उनकी कब्र होती है, जहाँ मृतक रखे जाते हैं।",,
t,कस्बा,गाँव ,"town (G); 
","गाँव या कस्बा, परिवार के घरों का एक छोटा समूह होता है जो अन्य समूहों से अलग होता है। गाँव या कस्बा, शहर से छोटा समूह होता है।",,
t,खजाना,खजाना,,खजाना वह धन या महंगी चीजें हैं जो एक स्थान पर रखी जाती हैं।,,
t,"बेल , दाख ","बेलें, अंगूर का बाग, अंगूर की बेल, अंगूर की बेलें",,"बेल एक ऐसा पौधा है जो अंगूर नामक फल पैदा करता है। दाख की बारी एक बगीचा होता है जहाँ अंगूर की बेलें उगाई जाती हैं। लोग पत्थर की बाड़ लगाकर बागों की रक्षा करते थे। बाइबल में, परमेश्वर ने इस्राएल को अपनी दाख की बारी कहा है, और यीशु स्वयं को एक दाखलता और अपने अनुयायियों को दाखलता की शाखाएँ कहते हैं।",,
t,कुँवारी ,कुंवारी लड़कियाँ,girl (W);,"कुँवारी वे पुरुष या महिलाएँ होती हैं, युवा या वृद्ध, जिन्होंने कभी किसी के साथ यौन संबंध नहीं बनाए। राजा के महल में, कुँवारी वे युवतियाँ होती थीं जो राजा की पत्नी या उपपत्नी बनने का इंतज़ार कर रही होती थीं।",,
t,दर्शन ,लक्ष ,"to see as in a dream (G); what appeared (W);
","दर्शन एक स्वप्न है जो कोई व्यक्ति जागते हुए देखता है। दर्शन में, व्यक्ति ऐसे व्यक्तियों या वस्तुओं को देख सकता है जो आमतौर पर अदृश्य होते हैं। दानिय्येल और प्रकाशितवाक्य की पुस्तकों में भविष्य की घटनाओं के बारे में कई दर्शनों का वर्णन है। प्रेरित पौलुस ने यीशु को कई दर्शनों में देखा।",,
t,इंतज़ार करना ,"इंतज़ार किया, इंतज़ार करता है",,"दूसरों का इंतज़ार करने का मतलब है, जब तक वे न आएँ, वहीं रुकना। किसी चीज़ का इंतज़ार करने का मतलब है, जब तक वह घटित न हो जाए, तब तक उसका इंतज़ार करते रहना। यीशु के लौटने का इंतज़ार करने का मतलब है, उस तरह जीना जिससे वह प्रसन्न हों ताकि वह हमें पुरस्कृत करें, और यह उम्मीद रखें कि वह आएंगे।",,
t,दुष्ट ,दुष्टता ,crooked (W);,दुष्टता वह बुराई है जो नुकसान पहुँचाती है। दुष्ट लोग वे हैं जो परमेश्वर के नियमों की अवहेलना करके दूसरों को नुकसान पहुँचाते हैं।,,
t,पत्नी,पत्नियाँ,"one whom he has/is-with (G);
lady (W);","पत्नी वह स्त्री होती है जिसका विवाह किसी पुरुष से होता है। धनी पुरुषों की एक से ज़्यादा पत्नियाँ हो सकती हैं। राजा की पहली पत्नी को रानी कहा जाता है। विवाह के दिन, पत्नी को दुल्हन कहा जाता है। पत्नियों के अलावा, राजाओं की रखैलें भी हो सकती हैं जिनके पुत्र राजा नहीं बन सकते।",,
t,निर्जन क्षेत्र,रेगिस्तान ,,"निर्जन क्षेत्र उस भूमि या क्षेत्र का वर्णन करता है जहां मनुष्य आमतौर पर नहीं रहते हैं क्योंकि यह बहुत शुष्क और उजाड़ है, एक जंगली क्षेत्र है।",,
t,शराब,,"fermented maioc juice, any drink that causes drunkenness (G);
","अंगूरों का किण्वित रस (जिसमें अल्कोहल होता है), अक्सर पानी में मिलाकर पतला किया जाता है। यहूदी लोग शादियों में और अपने वार्षिक फसह पर्व के दौरान मेहमानों को शराब परोसते थे। प्रभु भोज में परोसी गई शराब यीशु की मृत्यु की याद दिलाती है।",,
t,महिला,महिलाएं ,,"महिलाएं भी स्त्रियाँ ही होती हैं। ईश्वर ने स्त्री और पुरुष को विवाह और पृथ्वी की देखभाल में समान भागीदार बनाया है। विवाहित स्त्री को पत्नी कहा जाता है। दासी जो अपने स्वामी के लिए बच्चे पैदा करती है, उसे उपपत्नी कहा जाता है। विवाह से पहले, यदि किसी युवती ने यौन संबंध नहीं बनाए हैं, तो उसे कुंवारी कहा जाता है।",,
t,संसार ,,atmosphere / cosmos; world (R); addina (W from Ar);,"संसार का अर्थ कभी-कभी (1) भौतिक पृथ्वी होता है जिस पर सभी प्राणी निवास करते हैं।
कभी-कभी संसार का अर्थ (2) वे राष्ट्र और सरकारें होती हैं जो परमेश्वर के विरुद्ध विद्रोह करती हैं।",,
t,आराधना ,,"calling on / praying to God; worship (R);
praising God;
giving God honor;
bowing (setting knees on ground or breaking leg joints) before God;
doing work/service for God;
always doing what God wants you to (G);
magnify (W)","आराधना में वह हर क्रिया या गतिविधि शामिल है जो मनुष्य ईश्वर (या देवताओं/मूर्तियों) को सम्मान देने के लिए करते हैं। इस प्रकार, हम ईश्वर की आराधना कई तरीकों से करते हैं, अपनी शारीरिक मुद्रा से, एक-दूसरे की सेवा करके, शास्त्रों को पढ़कर और सीखकर, गीतों और मंत्रों के द्वारा, प्रार्थना करके और तात्कालिक ज़रूरतों को पूरा करने के लिए दान देकर।",,
t,यीस्ट ,,is (transliteration) (R); lewer (W from Fr);,यीस्ट एक ऐसा पदार्थ है जिसका इस्तेमाल ब्रेड बनाने में किया जाता है। यह बेक करने से पहले आटे को फूला देता है। ज़्यादा मात्रा में ब्रेड बनाने के लिए बस थोड़े से यीस्ट की ज़रूरत होती है। (यीस्ट एक छोटा पौधा है जो आटे और चीनी को खाकर ब्रेड के आटे में हवा के बुलबुले छोड़ता है।),,
t ,ईर्ष्या ,डाह करना,,"ईर्ष्या का अर्थ हो सकता है (1) जब कोई दूसरा सफल होता है या वह प्राप्त करता है जो आप चाहते हैं, तो बुरा या क्रोधित महसूस करना, (2) दूसरों से ईर्ष्या करना, या (3) जो उनके पास है उसकी इच्छा करना। ईर्ष्या आपको पाप की ओर ले जा सकती है। जब परमेश्वर के लोग दूसरे देवताओं की पूजा करते हैं तो उसे ईर्ष्या होती है।",,"Key Term Database including back translation contributions from the following languages: Daasanach (D), Wolof (W), Guajajara (G), Kandas (K) and Ramoaaina (R). © 2019 Wycliffe Bible Translators, Inc."
t 100,सृजन ,"बनाया, बनाता है","cause-be/sit (R); 
make (G);
","सृजन का अर्थ है कुछ नया बनाना। परमेश्वर ने संसार और सभी जीवित प्राणियों की रचना की है। जब हम यीशु पर विश्वास करते हैं, तो परमेश्वर हमें नया बनाता है। परमेश्वर एक दिन एक नया स्वर्ग और एक नई पृथ्वी बनाएगा।",,
t 107,वाचा,वाचा,"promising a thing with mouths together (promising each other something) (D);
strong promise;
agreement (W); agreement (tying) (R); 
my new words about what I am going to do (G) (Heb 8:8);
binding talk (PNG);
","वाचाएँ दो व्यक्तियों या समूहों के बीच एक गंभीर समझौते होते हैं जो एक-दूसरे की मदद करने का वादा करते हैं। परमेश्वर ने कई लोगों और इस्राएल के साथ वाचाएँ बाँधीं। परमेश्वर ने इस्राएलियों को आशीष देने का वादा किया, अगर वे उसके नियमों का पालन करेंगे। यीशु ने उन सभी को जीवन देने के लिए एक 'नई' वाचा बाँधी है जो उसकी आज्ञाओं का पालन करते हैं।",,
