,term,Alternate forms and synonyms. (separate w commas),Other language examples (back translations),Meaning notes. Definitions.,Related (but different) terms,other consultant suggestions / comments / entries,Galen's rationale,Galen's notes/drafts
n 117,అహరోను,,,"యేసుకు 1500 సంవత్సరాల ముందు, మోషే అన్నయ్య అయిన అహరోను ఇశ్రాయేలీయులను ఐగుప్తు నుండి బయటకు నడిపించడంలో అతనికి సహాయం చేశాడు. తరువాత దేవుడు అహరోనును ఇశ్రాయేలులో మొదటి ప్రధాన యాజకుడిగా నియమించాడు.",,,"Since these are brief definitions of key terms to help with translation, they do not have to be enclopedic in scope, nor to provide bible verses. (My sentences in parentheses remain optional.)",
n 102,హేబెలు,,హేబెలు (W),"యేసు జన్మించడానికి దాదాపు 4000 సంవత్సరాల ముందు, ఆదాము మరియు హవ్వల మొదటి ఇద్దరు కుమారులకు కయీను మరియు హేబెలు అని పేర్లు పెట్టారు. కయీను దేవుణ్ణి గౌరవించలేదు, కానీ హేబెలు గౌరవించాడు. దేవుడు కయీనును గద్దించిన తర్వాత, కయీను కోపం తెచ్చుకుని తన తమ్ముడు హేబెలును చంపాడు.",,,In violation of my previous rationale.,
t,అబీమెలెకు,రాజు,,ఫిలిష్తీయులు తమ రాజులను అబిమెలెకు అని పిలిచేవారు,"కైసరు, ఫరో, రాజు",,,
n 117,అబ్రహాము ,,ఇబ్రయిమా (పశ్చిమ),"అబ్రాము యేసుకు దాదాపు 2000 సంవత్సరాల ముందు జీవించాడు. అబ్రాము దేవుని వాగ్దానాలను నమ్మినందున, దేవుడు అతన్ని నీతిమంతుడిగా ప్రకటించాడు మరియు అతని పేరును అబ్రాహాముగా మార్చాడు, అంటే 'అనేక దేశాలకు తండ్రి'. (అబ్రాము భార్య శారయికి పిల్లలు లేకపోయినప్పటికీ, దేవుడు అబ్రాముకు అనేక తెగలు మరియు దేశాలకు పూర్వీకుడు అవుతాడని వాగ్దానం చేశాడు.) అబ్రాము ఇశ్రాయేలీయులందరికీ మరియు ఇతర దేశాలకు పూర్వీకుడయ్యాడు. (అబ్రాము అనే పేరు అంటే అనేక దేశాలకు తండ్రి అని అర్థం.)",అబ్రామ్,,GC 07-Feb-19,
n,అబ్రాము,,అబ్రాము (పశ్చిమ),"దేవుడు అబ్రాముతో నిబంధన చేసినప్పుడు, ఆయనకు అబ్రహాము అని పేరు పెట్టాడు. అబ్రాము భార్య పేరు శారాయి, దేవుడు తర్వాత ఆమెకు శారా అని పేరు పెట్టాడు. (అబ్రాము అనే పేరుకు ఉన్నతమైన లేదా ఘనమైన తండ్రి అని అర్థం.)",అబ్రహం,,GC 07-Feb-19,
n,అబ్షాలోము,,,"అబ్షాలోము రాజు దావీదుకు అత్యంత ఇష్టమైన కుమారుడు. అతను తన సోదరులలో ఒకరిని చంపాడు, మరియు దావీదు బ్రతికి ఉండగానే రాజు కావడానికి ప్రయత్నించాడు. అబ్షాలోము తన అనుచరులతో కలిసి దావీదు సైనికులతో పోరాడుతున్నప్పుడు మరణించాడు. (అబ్షాలోము అనే పేరుకు 'శాంతికి తండ్రి' అని అర్థం.)",,,GC 07-Feb-19,
n,అబ్షాలోము,అబ్సలోం,,"అబ్షాలోము రాజు దావీదు యొక్క మూడవ కుమారుడు. అతని తల్లి మయకా. అబ్షాలోము దావీదు యొక్క మొదటి కుమారుడైన ఆమ్నోనును చంపి, ఆ తర్వాత దావీదుకు వ్యతిరేకంగా తిరుగుబాటు చేశాడు. (అబ్షాలోము అనే పేరుకు 'శాంతికి తండ్రి' అని అర్థం.)",,,GC 08-Mar-2019,
n,అఖైయా,,,అఖైయా పశ్చిమ గ్రీస్‌లోని ఒక ప్రావిన్స్.,,,,GC 7/7/2019
n,ఆకాను,,,"ఆకాను అనే ఒక ఇశ్రాయేలీయుడు యెహోవాకు చెందిన బంగారాన్ని, వెండిని మరియు బట్టలను దొంగిలించాడు. యెహోవా అతడిని పాపిగా గుర్తించినప్పుడు, ఆకానును మరియు అతని కుటుంబం మొత్తాన్ని రాళ్లతో కొట్టి చంపమని యెహోవా యెహోషువకు మరియు ఇశ్రాయేలీయులకు ఆజ్ఞాపించాడు. ఇతరులు కూడా ఇలాంటి పర్యవసానాలనే ఎదుర్కోవలసి వస్తుందేమోనని భయపడి, చెడు పనులు చేయకుండా ఉండేలా చేయడానికి ఇది చేయబడింది.",,,GC 07-Feb-19,
n,ఆదాము,,ఆదామా (పశ్చిమ),"ఆదాము యేసుకు సుమారు 4000 సంవత్సరాల ముందు జీవించాడు. దేవుడు సృష్టించిన మొదటి మానవుడు ఆదాము. ఆదాము మరియు అతని భార్య హవ్వ దేవుని ఆజ్ఞను ధిక్కరించినందువల్ల, మానవులందరూ మరణించవలసి వచ్చింది. యేసు మానవులకు నిత్యజీవాన్ని ప్రసాదిస్తాడు కాబట్టి, బైబిలు యేసును రెండవ ఆదాము అని పిలుస్తుంది.",ఈవ్,,"The concept of transmitted sin remains pure theology, whereas Scripture relates Adam to human death, even for those who have not sinned in the same way as did Adam.",
n,అదోనియా,,,"అదోనియా రాజు దావీదు యొక్క చిన్న కుమారులలో ఒకడు. దావీదు వృద్ధుడైనప్పుడు, అదోనియా రాజు కావడానికి ప్రయత్నించాడు, కానీ దావీదు సొలొమోను రాజు కావాలని ప్రకటించాడు. (అదోనియా అనే పేరుకు 'నా ప్రభువు యెహోవా' అని అర్థం.)",,,GC 07-Feb-19,
n,అదోని-బెజెకు,,,అదోని-బెజెకు యెరూషలేముకు చెందిన ఒక కనానీయుల రాజు. సుదీర్ఘ యుద్ధం తర్వాత యెహోషువ మరియు ఇశ్రాయేలీయులు అతన్ని పట్టుకుని మరణశిక్ష విధించారు.,,,,GC 7/7/2019
t,ఒప్పందం,ఒప్పందాలు, కట్టుబడి మాట్లాడటం; ఎలా వ్యవహరించాలో వాగ్దానం చేయడం; అతని మాటలు మరొకరి మాటలకు భిన్నంగా లేవు (G);,"ఇద్దరు వ్యక్తులు లేదా రెండు దేశాలు ఒకరికొకరు సహాయం చేసుకోవడానికి వాగ్దానం చేసుకున్నప్పుడు, వారు తాము ఏమి చేస్తారో తెలియజేస్తూ ఒక ఒప్పందాన్ని మాట్లాడుకుంటారు లేదా వ్రాసుకుంటారు.","నిబంధన, వాగ్దానం",binding talk; promise how to act,GC 08-Feb-2019,
n,అగ్రిప్ప,,,"హేరోదు రాజు మనవడైన అగ్రిప్ప, 'యూదయ రాజు' అని పిలువబడిన చివరి వ్యక్తి. అతను క్రీ.శ. 41 మరియు 44 సంవత్సరాల మధ్య రోమన్ల అధికారం కింద పరిపాలించాడు. ఒకసారి అతను కైసరియాలో పౌలు ప్రసంగాన్ని వినడానికి వచ్చాడు.",,,,GC 7/7/2019
n,అహీయా,,,"అనేకమందికి అహీయా అని పేరు పెట్టారు. ఒకరు ఉత్తర ఇశ్రాయేలులో ప్రవక్త, మరొకరు రాజు, మరొకరు యెరూషలేములో యాజకుడు. (అహీయా అనే పేరుకు ప్రభువు సోదరుడు అని అర్థం.)",,,GC 19-Feb-2019,
n,హాయి,,,హాయి అనేది అన్య దేవుళ్లను ఆరాధించే ప్రజలతో నిండిన కనానీయుల నగరం. ఇశ్రాయేలు సైన్యం హాయిని స్వాధీనం చేసుకుని దానిని నాశనం చేసి దేవునికి బలిగా అర్పించడానికి సహాయపడిన ఒక ప్రణాళికను దేవుడు యెహోషువకు వెల్లడించాడు.,,,GC 07-Feb-19,
t,అలబాస్టర్,,ఇది రాతితో చేయబడింది (R),"అలబాస్టర్ అనేది ఒక మెత్తని రకమైన రాయి, దీని నుండి ప్రజలు సీసాలు మరియు జాడీలను చెక్కగలరు.",,,"Some call this 'soap stone.' In careful English, rock = material, and stone = clump of rock.",
t,కూటమి,"పొత్తులు, మిత్రపక్షం, మిత్రపక్షాలు, పొత్తులు", (G) కి స్నేహితుడిగా మారడానికి; ఒకే వైపు పోరాడండి,"రెండు దేశాలు లేదా సైన్యాలు ఒక శత్రువుపై యుద్ధం చేయడానికి అంగీకరించినప్పుడు, అవి కూటమిలో ఉన్నాయని అంటారు.",,fight on the same side,GC 08-Feb-2019,
t,కలబంద మొక్క,కలబంద,పెర్ఫ్యూమ్ (W); మంచి వాసన వచ్చే ఒక వస్తువును ఆలో (R) అంటారు.,"కలబంద మొక్కలలో రసం ఉంటుంది, దీనిని చర్మం క్రీమ్ లేదా మందులు తయారు చేయడానికి ఉపయోగిస్తారు. అగరు అనేది చెక్క నుండి లభించే సువాసనగల రసం, దీనిని పరిమళ ద్రవ్యాలు తయారు చేయడానికి ఉపయోగిస్తారు.",,"Aloe plants have sap, which is used to make skin cream or medicine.",Usage will be evident in each context.,
t,ఆల్ఫా,,మొదటిది; ప్రారంభం (P); ఆల్పా (K),"ఆల్ఫా అనేది గ్రీకు వర్ణమాలలోని మొదటి అక్షరం. అది 'A' లాగా ఉంటుంది. ప్రకటన గ్రంథం యేసును ఆల్ఫా అని పిలుస్తుంది, ఎందుకంటే ఆయన మంచిదైన ప్రతిదాన్నీ సృష్టించిన (మొదటగా ప్రారంభించిన) దేవుడు.",ఒమేగా,,,
t,బలిపీఠం,బలిపీఠాలు,"బలి బల్ల/వేదిక; ముక్కలు చేసే స్థలం; నైవేద్యం పెట్టే స్థలం (ఏదో); వంట బహుమతి/నైవేద్యం పెట్టే వేదిక (R); త్యాగాలు చేసే స్థలం (P, W);","బలిపీఠం అనేది రాళ్లతో పేర్చిన లేదా లోహంతో చేసిన ఒక బల్ల లేదా గరుకైన వేదిక, దానిపై ప్రజలు దేవునికి బలులు అర్పిస్తారు. దేవుడు ఇశ్రాయేలీయులను వారి ఆరాధన గుడారంలో, ఆ తర్వాత యెరూషలేములోని వారి దేవాలయంలో ఒక బలిపీఠాన్ని నిర్మించమని ఆజ్ఞాపించాడు."," త్యాగం, పూజ",,"Refer to encyclopedias for the history of altars, to anthropology for the pagan use of altars, and to church tradition for ecclesial use of altars. Believers have an altar in heaven: Jesus.",
t,ఆమెన్,,"అమీన్; అది కావచ్చు (P, W); ఇది నిజమే!; ఆమేన్ (R)","ఆమెన్ అనేది ఒక హీబ్రూ పదం, దీని అర్థం అవును, అది నిజం, నేను దానిని నమ్ముతున్నాను, లేదా అలానే జరుగుగాక.",,,Good as is.,
n,అమ్మోను,"అమ్మోనీయులు, అమ్మోనీయులు",,"అమ్మోను అబ్రహాము మేనల్లుడైన లోతు కుమారుడు. లోతు కుమార్తె అతనికి మత్తు కలిగించి, అతనితో శయనించినప్పుడు అమ్మోను జన్మించాడు. అమ్మోను వంశస్థులే అమ్మోనీయులు అయ్యారు, వీరు కొన్నిసార్లు ఇశ్రాయేలీయులకు శత్రువులుగా ఉండేవారు. వారు విగ్రహాలను పూజించేవారు.",,,GC 07-Feb-19,
n,అమ్నోను,,,"అమ్నోను రాజు దావీదు యొక్క మొదటి కుమారుడు. అమ్నోను దావీదు కుమార్తె అయిన తామారుపై అత్యాచారం చేసిన తర్వాత, ఆమె సోదరుడైన అబ్షాలోము అమ్నోనును చంపేశాడు. (అమ్నోను అనే పేరుకు 'విశ్వసనీయుడు' అని అర్థం.)",,,GC 08-Mar-2019,
n,అననీయ,,,కొత్త నిబంధనలో అననీయ అనే పేరు గల ముగ్గురు వ్యక్తులు ఉన్నారు: (1) దేవునికి అబద్ధం చెప్పినప్పుడు మరణించిన యెరూషలేములోని ఒక క్రైస్తవుడు; (2) సౌలుకు బాప్తిస్మం ఇచ్చిన దమస్కులోని ఒక క్రైస్తవుడు; (3) మరియు యేసు అపొస్తలులను వ్యతిరేకించిన యెరూషలేములోని ఒక ప్రధాన యాజకుడు. (అననీయ అనే పేరుకు 'ప్రభువు జవాబిస్తాడు' అని అర్థం.),,,GC 19-Feb-2019,
n,అంద్రెయ,,,అంద్రెయ పేతురుకు సోదరుడు. వారిద్దరూ యేసు యొక్క 12 మంది అపొస్తలులలో భాగమయ్యారు. (అంద్రెయ అనే పేరుకు 'పురుష లక్షణాలు కలవాడు' అని అర్థం.),,,GC 08-Feb-2019,
t,ఏంజెల్,దేవదూతలు,దేవునికి విధేయుడైన దూత ఆత్మ (దేవుడు పంపినవాడు); దేవుడు/పైన/స్వర్గం నుండి వచ్చిన కాలు/దూత వ్యక్తి; దేవుని నివాస స్థలం నుండి వచ్చినవాడు (G); ఎన్సెల్ (K); దేవుని సహాయకుడు (P); మలకా (అరబిక్ నుండి W),"ఏంజెల్ అనేది ఒక గ్రీకు పదం, దీని అర్థం దూత. దేవుడు మానవుల కోసం ఒక సందేశంతో ఒక ఆత్మను పంపినప్పుడు, అది మానవ రూపంలో కనిపించి, మానవ భాషలో మాట్లాడగలదు. దుష్ట ఆత్మలు కొన్నిసార్లు దేవదూతల రూపంలో కనిపిస్తాయి. గ్రీకు భాషలో 'ఏంజెల్' అనే పదం ఒక రకమైన జీవిని కాకుండా, ఒక పనిని లేదా పాత్రను వివరిస్తుంది.","రాక్షసుడు, ప్రవక్త",arabic ref.,"Angels remain not a kind of creature, but a job description.",
t,అభిషేకం,"అభిషేకాలు, అభిషేకం, అభిషేకం"," ఒకరిని రాజుగా, అధిపతిగా, నిజమైన అధిపతిగా (జి) చేయడానికి ఆలివ్ నూనె పోయడం;","అభిషేకం చేయడం అంటే, ఒక వ్యక్తిపై నూనె పోయడం ద్వారా అతడిని బహిరంగంగా నియమించడం, ఎన్నుకోవడం లేదా నామినేట్ చేయడం.",,,,
n,అపొల్లోస్,,,"అపొల్లోస్ ఐగుప్తులోని అలెగ్జాండ్రియాకు చెందిన ఒక యూదుడు. అతను అనర్గళంగా మాట్లాడేవాడు, హెబ్రీ గ్రంథాల అర్థాన్ని గ్రహించడంలో సమర్థుడు, కాబట్టి గ్రీకు భాష మాట్లాడే నగరాలలో క్రైస్తవులకు బోధించగలిగాడు.",,,,GC 7/7/2019
t,అపొస్తలుడు,అపొస్తలులు,పంపిన వ్యక్తి/వ్యక్తి; క్రీస్తు పంపిన వ్యక్తి (G); పరుగు పందెం (W); ఒక ప్రదేశం నుండి పంపే వ్యక్తి (ఒక మిషన్‌పై పంపబడిన వ్యక్తి) (D); దేవుడు ఎన్నుకున్న క్రైస్తవ నాయకుడు; మొదటి క్రైస్తవ నాయకులు; అపోస్టోలో (R),"అపొస్తలుడు అనేది ఒక గ్రీకు పదం, దీని అర్థం 'అధికారంతో పంపబడినవాడు'. దేవుడు యేసును తన అపొస్తలునిగా ఈ లోకంలోకి పంపాడు. యేసు తన గురించి ఇతరులకు చెప్పడానికి 12 మంది అపొస్తలులను ఎంచుకున్నాడు. సంఘాలు కూడా కొత్త సంఘాలను స్థాపించడానికి అపొస్తలులు అని పిలువబడే స్త్రీపురుషులను పంపాయి.","దేవదూత, శిష్యుడు, ప్రవక్త",,"Here is not the place to argue for or against Mattias, nor whether Paul be the real 12th apostle. Interestingly, in Acts 13, it was elders who sent apostles, and in 14 apostles who appointed elders. So it would seem problematic to argue for either kind of worker to have more authority than another. ",
n,అకుల,,,"అకుల ప్రిస్కిల్లా భర్త. వారు రోమాకు చెందిన యూదులు, పౌలుకు గ్రీసు మరియు సిరియాలో సంఘాలను స్థాపించడంలో సహాయం చేశారు. (అకుల అనే పేరుకు 'గద్ద' అని అర్థం.)",ప్రిసిల్లా,,,GC 7/7/2019
t,అరీయోపగు,,అరియోపగస్ (K) అని పిలువబడే సమావేశ స్థలం; అరియోపగస్ (P) అని పిలువబడే సమావేశ స్థలం;,అరీయోపగు అనేది గ్రీస్‌లోని ఏథెన్స్‌లో ఉన్న ఒక కొండ పేరు. ఉపాధ్యాయులు మరియు నగర నాయకులు ఆ కొండపై సమావేశమయ్యేవారు. వారి సమావేశాన్ని కూడా అరీయోపాగస్ అని పిలిచేవారు.,,,,
t,మందసం,ఒడంబడిక పెట్టె,ఒప్పందం పెట్టె (W); ఒప్పందం పెట్టె (కట్టడం) (R); నిబంధన/వాగ్దానం కోసం పెట్టె; నిబంధన పెట్టె; పవిత్ర పెట్టె; శక్తి యొక్క మొదటి రచనను ఉంచిన పెట్టె (P);,"నిబంధన మందసం అనేది బంగారంతో కప్పబడిన ఒక చెక్క పెట్టె లేదా మందసం. దాని లోపల రాతి పలకలు ఉండేవి, వాటిపై దేవుడు ఇశ్రాయేలుతో నిబంధన లేదా ఒప్పందం చేసుకున్నప్పుడు తన పది ఆజ్ఞలను వ్రాశాడు.",,"I would rather not use present tense, as then people would assume that the box is to be seen somewhere. If the article proves to be true, maybe then ok. But as Jesus made a new covenant with us, arc of the Covenant should not be emphasized.  (Hilkka)","Just today, a news article appeared, reporting that the Ark of the Covenant may actually reside in the Church of Saint Mary at Axum, Ethiopia. Since the ark was never reported to have been destroyed, we can speak of it in the present tense.",
n,అర్తహషస్త,,,అర్తహషస్త క్రీ.పూ. 465-424 మధ్యకాలంలో పర్షియన్ సామ్రాజ్యానికి ఆరవ రాజు. అతను డారియస్ మనవడు మరియు జెర్క్సెస్ కుమారుడు. (అర్తహషస్త అనే పేరుకు 'అతను సత్యంతో పరిపాలిస్తాడు' అని అర్థం.),,,GC 08-Mar-2019,
n,అర్తెమి,,,"అర్తెమి, డైయానా అని కూడా పిలువబడే ఈమె, గ్రీకు మరియు రోమన్ దేవత పేరు. ఆసియా అనే ప్రాంతంలో చాలా మంది ప్రజలు ఈమె విగ్రహాన్ని పూజించేవారు.",డయానా,,,
n,ఆసెనతు,,,"ఆసెనతు అనే పేరుతో ఇద్దరు స్త్రీలు ఉన్నారు. వారిలో ఒకరు యోసేపు యొక్క ఐగుప్తు భార్య, మరొకరు యాకోబు కుమార్తె దీనా యొక్క కుమార్తె.",,,GC 23-Feb-2019,
n,అష్టోరెతు,,,అష్టోరెతు అనేది అన్యమత దేశాలలో అస్టార్ట్ అనే దేవతను పూజించడానికి ఉపయోగించే ఒక చెక్కబడిన విగ్రహం. కొంతమంది ఇశ్రాయేలీయులు అష్టోరెతువిగ్రహాలను తయారు చేయడం ద్వారా యెహోవాకు విరోధంగా పాపం చేశారు; వారు తరచుగా ఈ విగ్రహాలను బయలు అనే దేవత విగ్రహాల పక్కన పెట్టేవారు.,,,GC 19-Feb-2019,
t,అసెంబ్లీ,"సమావేశాలు, సమావేశాలు, సమావేశపరచడం, సమావేశపరచడం", (G) కలిసి సేకరించడం;,"క్రైస్తవులు యేసును గౌరవించడానికి మరియు ఒకరిపట్ల ఒకరు ప్రేమను చూపించుకోవడానికి ఎక్కడ కలిసినా, వారు తాత్కాలిక సమూహంగా లేదా శాశ్వత సంఘంగా ఏర్పడతారు.","సాధువులు, చర్చి",,GC 15-Feb-2019,
n,అస్సిరియా,"అస్సిరియన్లు, అస్సిరియన్లు",,అస్సిరియా క్రీస్తుపూర్వం 738వ సంవత్సరంలో ఉత్తర ఇజ్రాయెల్‌పై దండెత్తిన ఒక శక్తివంతమైన దేశం. అస్సిరియా సైనికులు తమ శత్రువులను క్రూరంగా హింసించేవారు.,,,GC 07-Feb-19,
n,అథాలియా,,,"అథాలియా ఒక దుర్మార్గపు రాణి. ఆమె యోవాషును చంపి, అతడు రాజు కాకుండా ఆపడానికి ప్రయత్నించింది. ఆమె ఓమ్రీ రాజు కుమార్తె లేదా మనవరాలు. ఆమె యూదా రాజైన యెహోరామును వివాహం చేసుకుంది. అతను మరణించిన తర్వాత, ఆమె అతని కుమారులందరినీ హత్య చేయడానికి ప్రయత్నించింది.",,,GC 07-Feb-19,
t,వెర్షన్,,, 1.0-ఇంగ్లీష్-2022-03,,,,
t,కాఫీరైట్,లైసెన్స్,,"రాబిన్ రెంపెల్ రూపొందించిన మరియు సంకలనం చేసిన WordLinks డేటాబేస్. కాపీరైట్ 2022, రాబిన్ రెంపెల్. క్రియేటివ్ కామన్స్ BY-NC-SA 4.0 ఇంటర్నేషనల్ లైసెన్స్ కింద అందుబాటులో ఉంచబడింది. ప్రచురించని బ్యాక్ ట్రాన్స్‌లేషన్ (VE) నమూనా ఉదాహరణల కింది సహకారులకు గుర్తింపు మరియు కృతజ్ఞతలు. అన్నీ అనుమతితో లేదా లాభాపేక్షలేని, విద్యా ప్రయోజనాల కోసం న్యాయమైన ఉపయోగంతో ఉపయోగించబడ్డాయి. దాసనాచ్ (D) కోసం స్యూ నెస్ (కెన్యా) బ్యాక్ ట్రాన్స్‌లేషన్స్ కాపీరైట్ 2019, SIL ఇంటర్నేషనల్. గుజజారా (G) కోసం కార్ల్ హారిసన్ (బ్రెజిల్) బ్యాక్ ట్రాన్స్‌లేషన్స్ కాపీరైట్ 2019 SIL ఇంటర్నేషనల్. పోర్చుగీస్ (P) కోసం కార్ల్ హారిసన్ బ్యాక్ ట్రాన్స్‌లేషన్స్ కాపీరైట్ 2019 కార్ల్ హారిసన్. రామోయినా (R) మరియు కందాస్ (K) కోసం రాబిన్ డేవిస్ (పాపువా న్యూ గినియా) బ్యాక్ ట్రాన్స్‌లేషన్స్ కాపీరైట్ 2019, SIL ఇంటర్నేషనల్. వోలోఫ్ (W) కోసం గాలెన్ కుర్రా (సెనెగల్) బ్యాక్ ట్రాన్స్‌లేషన్స్ కాపీరైట్ 2019 WEC ఇంటర్నేషనల్ మరియు గాలెన్ కుర్రా. అర్థ గమనికలు మరియు నిర్వచనాల కాపీరైట్ 2019 గాలెన్ కుర్రా, ThD. అనుమతితో ఉపయోగించబడింది. డేటాబేస్ యొక్క నిపుణుల సమీక్ష మరియు సహాయకరమైన సంపాదకీయ సూచనల కోసం SIL అనువాద సలహాదారు హిల్కా అర్మినెన్ కు ప్రత్యేక ధన్యవాదాలు. క్రియేటివ్ కామన్స్ క్రియేటివ్ కామన్స్ BY-NC-SA 4.0 అంతర్జాతీయ లైసెన్స్ నిబంధనల ప్రకారం లైసెన్స్ పొందింది.",,"The © symbol was not utilized in this doc because it does not present properly when the xlsx doc is converted to a csv file and read in the SP software.  Instead, we are simply using the word 'copyright' in the place of the © symbol.",,
n,ఏథెన్స్,ఏథెనియన్లు,,,,,,GC 7/7/2019
n,బయలు,"బాల్స్, బాల్",,"బయలు అనేది ఒక దుష్ట దేవత పేరు, దాని విగ్రహాన్ని అనేక దేశాల ప్రజలు పూజించేవారు. ఇశ్రాయేలీయులు దేవుడిని విడిచిపెట్టి బయలును పూజించినప్పుడు, దేవుడు కొన్నిసార్లు వారిని శిక్షించవలసి వచ్చేది.","బాల్, బీల్జెబుల్",,"Ba'al is very well known in cuneiform texts, a kind of international deity with many local idols.",
n,బబులోను,"బాబిలోనియన్లు, బాబిలోనియన్లు, బాబిలోన్లు",,"బబులోను అనేది ఒక పురాతన నగరం పేరు, ఇది యేసుక్రీస్తుకు దాదాపు 3000 సంవత్సరాల ముందు ప్రారంభమైంది. బాబిలోన్ రాజులు అనేక ఇతర దేశాలను జయించారు. బబులోను రాజు ఇశ్రాయేలును స్వాధీనం చేసుకున్నప్పుడు, అతను చాలా మంది ఇశ్రాయేలీయులను దాదాపు డెబ్బై సంవత్సరాలు బబులోనులో నివసించడానికి నడిపించాడు. (పేతురు రోమ్‌ను బబులోను అని పిలిచాడు మరియు ప్రకటన పుస్తకం బబులోను అని పిలువబడే చాలా దుష్ట స్థలాన్ని వివరిస్తుంది.) బబులోను చాలా చెడుగా ప్రవర్తించిన మరియు దేవునికి అవిధేయత చూపిన మరియు తిరుగుబాటు చేసిన వ్యక్తులతో నిండిన నగరం. అందువల్ల, ఇది కొన్నిసార్లు చారిత్రాత్మక నగరాన్ని నాశనం చేసినట్లుగా దేవుడు నాశనం చేసే దుష్ట స్థలాన్ని సూచించడానికి ప్రతీకాత్మకంగా ఉపయోగించబడుతుంది.",,,"Actually, 70 years serving the kings of Babylon, part of which was spent in captivity.",
n,బిలాము,,,"బాలాము యేసుకు సుమారు 1500 సంవత్సరాల ముందు జీవించాడు. బాలాము ఒక అన్యమత ప్రవక్త, అతను డబ్బు కోసం దేవుని తరపున మాట్లాడుతున్నట్లు నటించాడు. బాలామును చంపమని దేవుడు ఇశ్రాయేలీయులను ఆజ్ఞాపించాడు. ఒకసారి దేవుడు తన గాడిద ద్వారా బాలాముతో మాట్లాడాడు.",,,"In that era, pagan prophets not only spoke for the gods, but were believed to have persuasive power over gods. Thus, Balaam sold his services as one who could manipulate Yahweh.",
t,బాప్తిస్మం,"బాప్టిజం, బాప్తిసం, బాప్టిజం ఇచ్చేవాడు, బాప్టిజం ఇచ్చేవాడు",(ఒక వ్యక్తిని) నీటి కిందకు/గుండా పంపించడం (D); నీటిలో ముంచడం (W); (పాత జీవితానికి మరణాన్ని మరియు కొత్త జీవిత ప్రారంభాన్ని సూచించడం); ప్రారంభించడం / ప్రారంభించడం; తనను తాను స్నానం చేయించుకోవడానికి కారణం (నిజమైన అధిపతి అయిన యేసు అనుచరులుగా మారడం)(G); బాప్టైస్ (K);,"బాప్తిస్మం అనేది ఒక గ్రీకు పదం, దీని అర్థం నీటిలో కడగడం లేదా నీటిలో ముంచడం. యూదులు మరియు కొంతమంది అన్యమతస్థులు తమ ఆరాధనలో భాగంగా బాప్తిస్మం ఇస్తారు. యోహాను, మెస్సయ్య రాక కోసం ఎదురుచూస్తున్న యూదులకు బాప్తిస్మం ఇచ్చాడు. యేసు తన అపొస్తలులను వెళ్లి, బాప్తిస్మం ఇస్తూ మరియు బోధిస్తూ శిష్యులనుగా చేయమని ఆజ్ఞాపించాడు. క్రీస్తుపై నమ్మకం ఉంచిన వారికి క్రైస్తవులు బాప్తిస్మం ఇస్తారు.",,,"A symbolic initiation in/with water that Jesus commanded for those who repent of their sins to become Christians. There are many ways in which to baptize. To dip under/ bury in water and bring back up/out to signify death to old life and resurrected to new life, a new identity. There are a series of baptisms in the Bible: God brought Noah through the water to start a new life after the judgment flood. God (via Moses) rescused Israel from their slavery in Egypt and brought them through the water of the big sea to start a new life trusting him in the wilderness. God (via Joshua) led the new generation of Israel through the Jordan River to begin a new life obeying God in a new land. John dipped people in the waters of the Jordan River who were repenting from their sins and getting prepared for Kingdom life. Jesus went down into the waters of the Jordan River to be baptized by John and came out the other side to go into the wilderness for 40 days to show that he was re-playing Israel as the new Israel but doing it rightly, faithfully, in full obedience to God. Jesus commanded people who believe in him to be put under water to show that they have died and been buried to their old life of rebelling against God and have been raised up to a new life with a new identity as God's children.",
n,Barabbas,,,"Barnabas was one of the first Christians at Jerusalem. He brought Paul to meet the first apostles, and he later brought Paul to Antioch (Syria) to make disciples. He and Paul also went together on mission to start new churches of new believers. (The name Barnabas means Son of Encouragement).",,,GC 19-Feb-2019,
n,బారాకు,,,"ఇశ్రాయేలీయులకు రాజులు ఉండకముందు, బారాకు వారి నాలుగవ న్యాయాధిపతిగా ఉన్నాడు. బారాకు ఇశ్రాయేలీయులను యుద్ధంలో నడిపించి, వారి శత్రువులను ఓడించాడు.",,,,
t,బార్లీ,,ధాన్యం; బాలి (R),బార్లీ అనేది గోధుమల వంటి ఒక రకమైన ధాన్యం. బార్లీ ధర గోధుమల కంటే తక్కువగా ఉండటం వల్ల పేద ప్రజలు బార్లీతో రొట్టెలు చేసుకునేవారు.,,,,
n,బత్షెబ,,,"బత్షెబా రాజు దావీదు సైన్యంలోని ఒక సైనికుడైన ఊరియా యొక్క అందమైన భార్య. ఒకసారి ఆమె బయట స్నానం చేస్తుండగా రాజు దావీదు ఆమెను చూశాడు. తరువాత వారు శారీరకంగా కలిశారు. దావీదు యుద్ధంలో ఊరియా చనిపోయేలా చేసి, ఆ తర్వాత బత్షెబాను వివాహం చేసుకున్నాడు. దేవుడు దావీదును అతని పాపాల కోసం శిక్షించి, బత్షెబాతో అతనికి కలిగిన మొదటి బిడ్డ చనిపోయేలా చేశాడు. బత్షెబా కుమారుడైన సొలొమోను దావీదు తర్వాత రాజు అయ్యాడు. (బత్షెబా అనే పేరుకు వాగ్దానం లేదా ప్రమాణం యొక్క కుమార్తె అని అర్థం.)",,,GC 07-Feb-19,
t,ఎలుగుబంటి,,అడవి జంతువులు … బీ (R),"ఎలుగుబంటి అనేది అడవులలో నివసించే చాలా పెద్ద, బలమైన, వెంట్రుకలు కలిగిన జంతువు. ఎలుగుబంట్లు ప్రమాదకరమైనవి, పదునైన దంతాలు మరియు పొడవైన పంజాలు కలిగి ఉంటాయి, చెట్లు ఎక్కగలవు మరియు ప్రజలను చంపగలవు. ఎలుగుబంట్లు దాదాపు ఏదైనా తింటాయి. ఒక పెద్ద ఎలుగుబంటి రెండు కాళ్ళపై నిలబడినప్పుడు, అది మనిషి కంటే ఎత్తుగా ఉంటుంది.",సింహం,,,
n,బయెల్జెబూలు,,,బీల్జెబూలు అనేది దుష్ట దేవుడైన బయలు కు మరొక పేరు. కొంతమంది అతన్ని దుష్టశక్తులకు అధిపతి అని నమ్ముతారు.,బాల్,,,
t,బీరు,," పులియబెట్టిన మయోక్ రసం, మత్తును కలిగించే ఏదైనా పానీయం (G);",తక్కువ మొత్తంలో ఆల్కహాల్ కలిగి ఉన్న వండిన ధాన్యాలతో తయారు చేసిన పానీయం.,"వైన్, బలమైన పానీయం",,,
t,జ్ఞానం,తెలివైన, దేవుని నుండి వచ్చే తెలివితేటలు; దేవుడు చేసే పనుల గురించి కూడా అదే విధంగా ఆలోచించడం (G); జ్ఞానం/జ్ఞానం (R); విషయాలను బాగా తెలుసుకోవడం (G);,"జ్ఞానం అంటే సత్యమైన, సరైన దానిని తెలుసుకోవడం మరియు చేయడం. దేవుడు సర్వజ్ఞాని మరియు విశ్వాసంతో తనను అడిగే వారందరికీ ఆయన జ్ఞానాన్ని ఇస్తాడు. (జ్ఞానం అనేది యేసుకు క్రైస్తవ బిరుదు కూడా.)","మూర్ఖత్వం, జ్ఞానం",,,
n,బెల్షస్సరు,,,బెల్షస్సరు బాబిలోన్ చివరి రాజు. అతను క్రీ.పూ. 539లో పర్షియన్లు బాబిలోన్‌ను జయించినప్పుడు మరణించాడు. (బెల్షస్సరు అనే పేరు అంటే బెల్ రాజును కాపాడుతుంది.),,,GC 08-Mar-2019,
n, బెంజమిన్,,,"బెంజమిన్ యేసుకు దాదాపు 2000 సంవత్సరాల ముందు జీవించాడు. యాకోబు పన్నెండు మంది కుమారులలో బెంజమిన్ చిన్నవాడు. ఆ విధంగా, బెంజమిన్ ఇశ్రాయేలు పన్నెండు తెగలలో ఒకదానికి పూర్వీకులు.",,,The term Jew (Judean) does not appear in the Hebrew Scripture until the time of the Babylonian captivity.,
n,బేతేలు,,,"యాకోబు లూజు అనే పట్టణం దగ్గర దేవుణ్ణి కలిశాడు, కాబట్టి అతను ఆ పట్టణానికి బేతేలు అని పేరు పెట్టాడు, అంటే దేవుని ఇల్లు లేదా ఆలయం.",,,GC 07-Feb-19,
n,బేత్లెహేము,,,అనేక పట్టణాలకు బేత్లెహేము అని పేరు పెట్టారు. యెరూషలేముకు సమీపంలో ఉన్న దానిని దావీదు నగరం అని కూడా పిలుస్తారు. బేత్లెహేము నుండి ఒక గొప్ప నాయకుడు వస్తాడని మీకా 5:2 ప్రవచించింది మరియు యేసు బేత్లెహేములో జన్మించాడు. (బేత్లెహేము అనే పేరుకు రొట్టెల ఇల్లు అని అర్థం.),,,GC 07-Feb-19,
t,బైబిల్,, దేవుని వాక్యం (G); దేవుని కాగితం (W),"బైబిల్ అంటే పుస్తకాల లైబ్రరీ, లేదా అనేక పుస్తకాలు (కలిసి ఉంచబడ్డాయి). పవిత్ర బైబిల్ పాత మరియు కొత్త నిబంధనల పుస్తకాలను కలిగి ఉంది, వీటిని అనేక వేల సంవత్సరాల కాలంలో అనేక మంది వ్యక్తులు రాశారు, కానీ అవన్నీ దేవుని ఆత్మచే పొందికగా ప్రేరేపించబడ్డాయి.","స్క్రోల్, పుస్తకం",,GC 08-Feb-19,
t,ఆశీర్వదించు,"దీవెన, దీవించు, దీవించు, దీవించు",(1) దేవుని మంచితనాన్ని (ఒకరిపై) పిలవడం; (2) రావడం/పడటం (ఒకరి సహాయం/సహాయం/మద్దతు కోసం రావడం లేదా ఎవరికైనా దయ చూపడం); మంచిగా మాట్లాడటం / మంచి విషయాలు చెప్పడం (G); కారణం-ఆశీర్వాదం/అదృష్టవంతుడు (R); బార్కే (అరబిక్ నుండి W),"దీవించడం అంటే (1) ఇతరులతో దయగల మాటలు మాట్లాడటం, (2) వారికి మంచి జరగాలని కోరుకోవడం, (3) వారికి మంచి చేయడం లేదా (4) వారికి మంచిని ఇవ్వడం. దేవుడు మనలను ఆశీర్వదిస్తాడు మరియు మనం ఇతరులను ఆశీర్వదిస్తాము.",శాపం,arabic ref.,,
t,రక్తం,, రక్తం (జి);,"రక్తానికి అక్షరార్థమైన అర్థం ఉండవచ్చు, కానీ అది తరచుగా అలంకారిక లేదా విస్తృత అర్థాన్ని కలిగి ఉంటుంది. రక్తం అంటే (ఎ) జీవులలోని ఎరుపు ద్రవం, (బి) హింసాత్మక మరణం లేదా హత్య, లేదా (సి) శిలువపై యేసు మరణం. 'చేతులపై రక్తం' అంటే హత్యకు పాల్పడిన వ్యక్తి అని అర్థం.","మరణం, త్యాగం",,Blood remains a powerful symbol of Jesus' sacrificial death. Translators must decide if the symbol should be retained or replaced with its meaning.,
t,పడవ,మురికిగా ఉన్న, కాను (కానో నుండి లిప్యంతరీకరించబడింది) (G);, పడవ అనేది ప్రజలను మరియు సరుకును రవాణా చేయడానికి ఉపయోగించే తేలియాడే నీటి వాహనానికి సాధారణ పదం. చాలా పడవలు చెక్కతో తయారు చేయబడతాయి. ఓడ అనేది చాలా పెద్ద పడవ. డింగీ అంటే పెద్ద పడవలో మోసుకెళ్ళే లేదా పెద్ద ఓడ వెనుక లాక్కెళ్లే చిన్న పడవ.,ఓడ,,GC 07-Feb-19,
n,బోయజు,,,"బోయజు ఒక ధనవంతుడైన ఇశ్రాయేలు రైతు, తన కోతకోసేవాళ్ళు వదిలి వెళ్ళిన ధాన్యాన్ని పేదలు ఏరుకోవడానికి అనుమతించాడు. అతను నయోమి చనిపోయిన భర్త బంధువు, కాబట్టి అతను నయోమి కోడలు వితంతువు రూతును వివాహం చేసుకున్నాడు. ఆ విధంగా, అతను రాజైన దావీదు మరియు యేసు పూర్వీకుడయ్యాడు.",,,,
t,పుస్తకం,పుస్తకాలు," కాగితం (జి, డబ్ల్యూ);","పుస్తకాలు అంటే ఒక వైపున కలిపి కట్టబడిన కాగితం లేదా చర్మపు పత్రాల ఆకులు లేదా షీట్లు. గ్రంథపు చుట్టలు అంటే పొడవైన కాగితం/జంతు చర్మం/పాపిరస్ షీట్‌ను చుట్టి తయారు చేసినవి, వాటిని చదివేవారు విప్పాల్సి ఉంటుంది. పుస్తకం అనే పదానికి యెషయా గ్రంథం వంటి బైబిల్‌లోని పేరు లేదా శీర్షిక ఉన్న ఒక భాగం అని కూడా అర్థం. పుస్తకం దేవుని జ్ఞాపకానికి చిహ్నం కూడా.","స్క్రోల్, బైబిల్",,GC 08-Mar-2019,
t,రొట్టె,,"మనం తినే ఆహారం / మన ఆహారం (టేపియోకా, పాన్కేక్) (జి); సాగో (PNG);","రొట్టె అనేది పిండి చేసిన ధాన్యాలతో తయారు చేసి, పొడిగా అయ్యే వరకు కాల్చిన ఒక రకమైన ఆహారం, ఇది మెత్తగా ఉండటానికి ఈస్ట్‌ను కలిగి ఉండవచ్చు. రొట్టెలో ఈస్ట్ లేకపోతే, అది గట్టిగా లేదా పెళుసుగా ఉంటుంది. కొన్ని దేశాలలో రొట్టె ఒక నిత్య ఆహారం. అనేక దేశాలలో ప్రజలు రొట్టె తినకుండా జీవించలేనట్లే (రొట్టె వారి ప్రధాన ఆహారం), యేసును కూడా 'జీవాహారం' అని పిలుస్తారు.మన్నా అనేది పరలోకం నుండి వచ్చిన ఒక ప్రత్యేక రకమైన రొట్టె.",మన్నా,,"GC 15-Feb-2019
RR added some content.  OK?

GC 23-Feb-2019
A little wordy? Maybe drop the part about Bethlehem and include:

... Jesus was called the 'Bread of Life,' because he gives eternal life to those who trust in him.

Manna has its own entry.",
t,గంధకం,,సల్ఫా (కె),గంధకం అనేది అగ్నిపర్వతం నుండి వచ్చే లావా లాంటి మండుతున్న పదార్థం. దేవుడు ఆకాశం నుండి నేలపైకి గంధకాన్ని పడేలా చేస్తాడు.,సల్ఫర్,like lava from volcano,GC 29-Mar-2019,
t,కాంస్యం,ఇత్తడి, ఎర్రటి లోహం (గట్టి రాతి) (G);,"కాంస్యం మరియు ఇత్తడి అనేవి రాగి, జింక్ మరియు తగరం కలపడం ద్వారా తయారయ్యే గట్టి, మెరిసే లోహాలు. బైబిల్ కాలాల్లో, కొన్ని పనిముట్లు, ఆయుధాలు మరియు నగలు కాంస్య లేదా ఇత్తడితో తయారు చేయబడ్డాయి.",,,GC 07-Feb-19,
t,నిర్మించు,"నిర్మించేవాడు, నిర్మించబడినవాడు",తయారు (జి);,"ఏదైనా నిర్మించడం అంటే దానిని పెద్దదిగా లేదా మెరుగైనదిగా చేయడం. ఇల్లు కట్టడం అంటే, భాగం భాగం చేసి ఒక కొత్త ఇంటిని నిర్మించడం. ప్రజలను నిర్మించడం లేదా తీర్చిదిద్దడం అంటే వారిని మరింత బలవంతులుగా చేయడం.","సృష్టించు, ఏర్పరచు, చెక్కు",,GC 23-Feb-2019,
n,కైసరు,,,రోమన్లు తమ రాజులకు సీజర్ అనే బిరుదును ఇచ్చారు. ప్రతి సీజర్ కూడా రోమ్ జయించిన అన్ని దేశాలకు చక్రవర్తి లేదా ఉన్నత రాజు. రోమ్ ప్రజలపై ఉన్న ప్రతి రాజును సీజర్ అని పిలుస్తారు.,"రాజు, ఫరో, చక్రవర్తి",,,
n,సిజేరియా,,,"సిజేరియా అని రెండు పట్టణాలు ఉండేవి. ఒకటి రోమన్లు జెరూసలేంకు ఉత్తరాన సముద్ర తీరంలో, రోమన్ చక్రవర్తుల పేరు సీజర్ గౌరవార్థం నిర్మించారు. (సిజేరియా అనే పేరుకు రాజుల పట్టణం అని అర్థం.)",,,GC 08-Feb-2019,
n,కయీను,,,"యేసు జన్మించడానికి దాదాపు 4000 సంవత్సరాల ముందు, ఆదాము మరియు హవ్వల మొదటి ఇద్దరు కుమారులకు కయీను మరియు హేబెలు అని పేర్లు పెట్టారు. కయీను దేవుణ్ణి గౌరవించలేదు, కానీ హేబెలు గౌరవించాడు. దేవుడు కయీనును గద్దించిన తర్వాత, కయీను కోపం తెచ్చుకుని తన తమ్ముడు హేబెలును చంపాడు.","అబెల్, ఆడమ్, హవ్వ",,Same note as for Abel.,
n,కాలేబు,,,కనానును పరిశీలించడానికి మోషే పంపిన పన్నెండు మంది వేగులవారిలో కాలేబు ఒకడు. ఇశ్రాయేలీయులు కనానీయులను జయించగలరని నమ్మిన ఇద్దరు వేగులలో కాలేబు మరియు యెహోషువ మాత్రమే ఉన్నారు. యుద్ధంలో వారి విశ్వాసానికి మరియు ధైర్యసాహసాలకు దేవుడు ఈ ఇద్దరు వ్యక్తులకు ప్రతిఫలమిచ్చాడు.,,,"Caleb means dog, that is, faithful companion.",
t,ఒంటె,ఒంటెలు, కమెల్-జంతువు; కమెల్ (K); గిమెల్ (అరబిక్ నుండి W),ఒంటెలు గుర్రాలు మరియు గాడిదల కంటే ఎత్తుగా ఉంటాయి. ప్రజలు ఒంటెలపై స్వారీ చేయవచ్చు. ఒంటెలు కూడా బరువులు మోస్తాయి. ఒంటె వెంట్రుకలను కఠినమైన వస్త్రం తయారు చేయడానికి ఉపయోగిస్తారు.,"గాడిద, గుర్రం",arabic ref.,,
n,కనాన దేశము,"కనానీయులు, కనానీయులు",,"దేవుడు ఇశ్రాయేలు ప్రజలకు వారి స్వస్థలంగా ఇస్తానని వాగ్దానం చేసిన దేశం పేరు కనాను. కనానులో ఎక్కువ భాగం ఇశ్రాయేలు దేశంగా మారింది. నేడు, కనానులో కొంత భాగాన్ని పాలస్తీనా అని పిలుస్తారు.",,,,
t,కార్నెలియన్,,రత్నం; కోనిలియన్ (K)' విలువైన రాయి (W),"కార్నెలియన్ ఒక రకమైన అరుదైన, ఎరుపు రంగు రాయి.",,,,
t,చెక్కుట,"చెక్కిన, చెక్కిన, చెక్కబడిన", ఏదైనా (G) చేయడానికి జాగ్రత్తగా చెక్కను కత్తిరించండి;,ఏదైనా చెక్కడం అంటే వేరే దాని రూపంలో ఉన్న పనిముట్లతో కత్తిరించడం. పురుషులు రాయి లేదా చెక్కతో విగ్రహాలను చెక్కుతారు.," సృష్టించు, నిర్మించు,",,GC 23-Feb-2019,
n,కైసరు,"రాజు, ఫరో, చక్రవర్తి",,కైసరు అనేది రోమన్లు ​​తమ రాజులకు ఇచ్చిన బిరుదు. ప్రతి కైసరు రోమ్ జయించిన అన్ని దేశాలకు చక్రవర్తిగా లేదా మహారాజుగా కూడా ఉండేవాడు. రోమ్ ప్రజలపై పరిపాలన చేసిన ప్రతి రాజును సీజర్ అని పిలిచేవారు.,,,GC 15-Feb-2019,
n,కైసరియా,,,"కైసరియా అనే పేరుతో రెండు పట్టణాలు ఉండేవి. వాటిలో ఒకటి రోమన్ చక్రవర్తి అయిన కైసరు పేరు మీద, జెరూసలేంకు ఉత్తరాన సముద్ర తీరంలో రోమన్లచే నిర్మించబడింది. (కైసరియా అనే పేరుకు 'రాజు పట్టణం' అని అర్థం.)",,,GC 15-Feb-2019,
t,శతాధిపతి,సెంచూరియన్లు, సైనికుల అధిపతి (జి); యుద్ధ నాయకుడు (డబ్ల్యూ),శతాధిపతి అంటే 100 మంది సైనికుల వరకు నాయకత్వం వహించే ఒక రోమన్ సైనిక అధికారి. కొన్ని భాషలలో 'సెంటె' లేదా 'సెంచరీ' అంటే '100' అని అర్థం.,,,,
t,గొలుసులు,గొలుసు,కట్టివేయబడింది (G);,గొలుసులు అనేవి ఒకదానితో ఒకటి ముడిపడి ఉన్న బలమైన లోహపు వలయాలతో తయారు చేయబడిన తాడు లాంటివి. (కొన్నిసార్లు నేరస్థులు మరియు దయ్యాల బారిన పడిన ప్రమాదకరమైన వ్యక్తులను బంధించడానికి లేదా నిరోధించడానికి గొలుసులను ఉపయోగించేవారు),"జైలు, తాడు","Do you need this as chains are used for other purposes, too?: Men used chains to bind criminals and demoniacs.",GC 07-Feb-19,
t,రథము,రథాలు, రథం (లిప్యంతరీకరణ) (G);,"రథాలు గుర్రాలచే లాగబడే, కేవలం రెండు చక్రాలు కలిగిన వేగంగా కదిలే బండ్లు. రాజులు మరియు ముఖ్య అధికారులు రథాలలో ప్రయాణించేవారు.",గుర్రాలు,,GC 07-Feb-19,
t,కెరూబు,"కెరూబులు, కెరూబులు",,కెరూబులు రెండు రకాలు: (1) నిబంధన మందసంపై ఉన్నటువంటి రెక్కలు గల విగ్రహాలు. (2) పరలోకంలో దేవుని సింహాసనాన్ని కాపాడే ఆత్మలు.," దేవదూత,",,GC 07-Feb-19 A babylonian word employed by exhilic prophets.,
t,క్రీస్తు,"అభిషిక్తుడు, మెస్సీయ",అల్-మసిహ్ (పశ్చిమ),"క్రీస్తు అనేది ఒక పేరు కాదు, అది అభిషిక్తుడు అని అర్థం ఇచ్చే ఒక బిరుదు. పాత నిబంధనలో, ఇశ్రాయేలీయులు కొత్త రాజును లేదా ప్రవక్తను కూరగాయల నూనెతో అభిషేకించేవారు. కొత్త నిబంధనలో, దేవుడు యేసును తన పవిత్రాత్మతో అభిషేకించాడు. అయితే, క్రైస్తవులు క్రీస్తు అనే పదాన్ని అనువదించకుండా, దానిని ఒక పేరుగా వాడుకలో ఉపయోగిస్తారు. కొన్ని వచనాలలో 'క్రీస్తు' అనే పదాన్ని 'ఒక రోజు వస్తాడని దేవుడు వాగ్దానం చేసిన రాజు' అని అనువదించవచ్చు.",,arabic ref.,,
t,క్రైస్తవులు,"క్రైస్తవులు, విశ్వాసులు, విశ్వాసులు",నమ్మేవారి సమూహం (యేసు); క్రీస్తు అనుచరులు; క్రీస్తు ఒకరు (R) అల్-మసీహ్ (W) ను అనుసరించేవారు,"క్రైస్తవుడు అనే పదానికి అక్షరార్థంగా 'చిన్న క్రీస్తు' లేదా 'క్రీస్తును అనుసరించేవారు' అని అర్థం, అంటే క్రీస్తు యొక్క మాదిరిని మరియు బోధనలను అనుసరించేవారు.
బైబిలు క్రైస్తవులను అనేక విధాలుగా వర్ణిస్తుంది. వారు 'పరిశుద్ధులు' = పవిత్రులు, దేవునికి చెందినవారు; 'విశ్వాసులు' = యేసుపై విశ్వాసం ఉన్నవారు; 'శిష్యులు' = యేసు ఆజ్ఞలను పాటించేవారు; 'సహోదర సహోదరీలు' = ఒకరినొకరు ప్రేమించుకునేవారు; 'సంఘం' = కలిసి ఆరాధించేవారు.","సాధువులు, శిష్యులు, విశ్వాసి, అపొస్తలుడు",arabic ref.,,
t,చర్చి,చర్చి, విశ్వాసుల సమావేశం (W); విశ్వాసం ఉన్న వ్యక్తులు (R); ఆరాధించే వ్యక్తులు (K),"యేసు అనుచరుల ప్రతి సంఘమూ ఒక చర్చి, మరియు భూమిపైనా, పరలోకంలోనూ ఉన్న క్రైస్తవ సంఘాలన్నీ కలిసి క్రీస్తు సంఘంగా ఏర్పడతాయి. బైబిలు సంఘాన్ని క్రీస్తు శరీరం అని కూడా పిలుస్తుంది.","సాధువులు, సభ",,"No ! Never a building. And capital letters mean nothing in many of the world's scripts. Whilst some of Israel become members of the church, the church has never become Israel. ",
t,దాల్చిన చెక్క,దాల్చిన చెక్క,సినామోన్ (R); కినామోన్ (K);,దాల్చిన చెక్క అనేది ఒక ప్రత్యేక రకమైన చెట్టు బెరడు నుండి తయారుచేయబడిన సువాసనగల సుగంధ ద్రవ్యం. దీనిని రాజులకు అభిషేకం చేయడానికి లేదా మృతదేహాలను ఖననం కోసం సిద్ధం చేయడానికి ఉపయోగించే నూనెలో కలిపేవారు.,,,,
t,సున్నతి,"సున్నతి చేయించు, సున్నతి చేయించు",వృత్తం కట్; చుట్టూ కట్ (R);,"ఒక బాలుడి లేదా పురుషుడి పురుషాంగంపై చేసే ఒక ఆచారపరమైన కోత. దేవుని పాత నిబంధనకు తాము విధేయులమని సూచించడానికి, ఇశ్రాయేలీయులైన పురుషులందరికీ లేదా మగ శిశువులకు సున్నతి చేయించుకోవాలని దేవుడు ఆజ్ఞాపించాడు. కొత్త నిబంధనలో, దేవునితో సంబంధాన్ని లేదా ఆయనకు విధేయతను చూపించడానికి శారీరక సున్నతి ఇకపై అవసరం లేదు. బదులుగా, క్రీస్తు విశ్వాసి యొక్క శారీరక (పాపపు) స్వభావాన్ని ఎలా తొలగించి, ఒక కొత్త, నీతివంతమైన స్వభావాన్ని ఇచ్చాడో వివరించడానికి దీనిని ఒక అలంకారిక పద్ధతిలో ఉపయోగిస్తారు (కొలొస్సయులు 2:11-13; రోమీయులు 4:11; 1 కొరింథీయులు 7:18). అలాగే, ఇప్పుడు దేవుని కొత్త నిబంధనకు మన విధేయతకు బాప్తిస్మం గుర్తుగా ఉంది.",,,,
t,నగరం,నగరాలు," పెద్ద పట్టణం (జి, వెస్ట్);","నగరాలు అంటే చక్కగా వ్యవస్థీకరించబడిన పట్టణాలు; పట్టణాలు అంటే ప్రభుత్వం ఉన్న గ్రామాలు; గ్రామాలు అంటే కుటుంబాల ఇళ్ల సమూహాలు. బైబిల్ కాలంలో, నగరాలు సాధారణంగా ఇళ్లు మరియు భవనాల అతిపెద్ద సమూహాలుగా ఉండేవి, వాటి చుట్టూ తరచుగా బలమైన రక్షణ రాతి గోడ ఉండేది.","పట్టణం, గ్రామం",,GC 08-Feb-19,
t,శుభ్రంగా,శుభ్రపరచు,క్లియర్ (K); క్లీన్ (R);,"మోషే ధర్మశాస్త్రం ప్రకారం, యూదులు దేవునికి సేవ చేయడానికి ముందు ఆచార స్నానం చేయవలసి ఉండేది లేదా బలి అర్పించవలసి ఉండేది. విగ్రహాలను పూజించడం ద్వారా ప్రజలు తమను తాము అపవిత్రం చేసుకునేవారు. మృతదేహాలు లేదా రక్తంతో సంబంధం పెట్టుకోవడం వల్ల ప్రజలు ఆచారబద్ధంగా అపవిత్రులయ్యేవారు.
కొత్త నిబంధన ప్రకారం, యేసు రక్తము, ఆయనపై మనకున్న విశ్వాసం ద్వారా, మన విశ్వాసులందరినీ సమస్త పాపం మరియు అపవిత్రత నుండి శుభ్రపరుస్తుంది. (యువతీ యువకులు వివాహం కోసం ఎదురుచూస్తున్నప్పుడు లైంగికంగా పవిత్రంగా ఉండాలి.)","స్వచ్ఛమైన, క్షమించు",People can defile themselves by serving idols. Contact with dead or blood can make ritually unclean. (Hilkka),,
t,ఆజ్ఞలు,"ఆజ్ఞ, ఆజ్ఞ, ఆజ్ఞ, ఆజ్ఞలు",,ఆజ్ఞ అనేది ఒక నాయకుడు ఇతరులు పాటించడానికి ఇచ్చే ఆదేశం. ఆజ్ఞాపన అనేది పది ఆజ్ఞలు మరియు యేసు ఆజ్ఞల వంటి శాశ్వతమైన ఆదేశం.,చట్టం,,,GC 7/7/2019
t,ఉపపత్ని,ఉంపుడుగత్తెలు, భార్య లాంటిది (జి);,"కొంతమంది ధనవంతులు రెండు రకాల స్త్రీలను వివాహం చేసుకునేవారు: వారసత్వం పొందే అర్హత ఉన్న పిల్లలను కనే భార్యలు, మరియు వారసత్వం పొందే అర్హత లేని పిల్లలను కనే ఉపపత్నులు.",,,GC 07-Feb-19,
t,ఖండించండి,ఖండించారు,,"ఖండించడం అంటే ఎవరికైనా వ్యతిరేకంగా తీర్పు చెప్పడం, కొన్నిసార్లు వారిని శిక్షించమని అధికారులను ఆదేశించడం. న్యాయమూర్తులు నేరస్థులను ఖండిస్తారు, దేవుడు పాపం చేసి పశ్చాత్తాపపడని దేవదూతలను మరియు మానవులను ఖండిస్తాడు.","దీవించు, శపించు",,,GC 8 July 2019
t,ఒప్పుకోండి,"ఒప్పుకున్నాడు, ఒప్పుకున్నాడు, ఒప్పుకున్నాడు", చెప్పు (G); అంగీకరించు (W),ఒప్పుకోవడం అంటే దేవుడు ఏదైనా విషయం గురించి చెప్పిన దానినే చెప్పడం. పాపాలను ఒప్పుకోవడం అంటే దేవుడు నిషేధించిన పనిని మనం చేశామని అంగీకరించడం. క్రీస్తును ఒప్పుకోవడం అంటే ఆయన గురించి దేవుడు చెప్పిన దానిని మనం నమ్ముతున్నామని చెప్పడం.,,,GC 15-Feb-2019,
n,కొరింథీ,కొరింథీయులకు,,"కొరింథు ​​అనేది గ్రీస్ దేశంలోని ఒక పెద్ద వ్యాపార నగరం. అది విగ్రహారాధన చేసే ప్రజలతో నిండిన ఒక అన్యమత నగరం. పౌలు కొరింథులో కొత్త క్రైస్తవ సంఘాలను స్థాపించి, కొరింథీయులకు పత్రికలు రాశాడు (అపొస్తలుల కార్యములు 18).",,,,GC 7/7/2019
n,కొర్నేలీ,,,"కొర్నేలి ప్రభువుకు ప్రార్థన చేసే ఒక రోమన్ సైనిక అధికారి. ప్రభువు అతనికి ఒక దేవదూతను పంపి, పేతురును పిలిపించమని చెప్పాడు. కొర్నేలియస్ కుటుంబ సభ్యులు మరియు స్నేహితులు పేతురు యేసు గురించి చెప్పగా విన్నప్పుడు, వారు యూదులు కాని మొదటి క్రైస్తవులుగా మారారు. (కొర్నేలి అనే పేరుకు 'కొమ్ము' అని అర్థం.)",,,GC 08-Feb-2019,
t,దేశం,"దేశాలు, జాతి, దేశాలు", భూమి / భూమి (జి);,"దేశం అనేది ప్రజలు నివసించడానికి ఇళ్లను నిర్మించుకునే ఒక విశాలమైన భూభాగం, మరియు దానికి ఒక ప్రభుత్వం కూడా ఉండవచ్చు. దేశాన్ని జాతీయ రాజ్యమని కూడా పిలవవచ్చు.","రాజ్యం, సామ్రాజ్యం, రాష్ట్రం, భూమి",,GC 15-Feb-2019,
t 107,నిబంధన,నిబంధన, నోళ్లు కలిపి ఒక విషయాన్ని వాగ్దానం చేయడం (ఒకరికొకరు ఏదైనా వాగ్దానం చేయడం) (D); బలమైన వాగ్దానం; ఒప్పందం (W); ఒప్పందం (కట్టడం) (R); నేను ఏమి చేయబోతున్నానో దాని గురించి నా కొత్త మాటలు (G) (హెబ్రీ 8:8); కట్టుబడి ఉండే చర్చ (PNG);,నిబంధనలు అనేవి ఇద్దరు వ్యక్తులు లేదా సమూహాల మధ్య ఒకరికొకరు సహాయం చేసుకుంటామని వాగ్దానం చేసుకునే గంభీరమైన ఒప్పందాలు. దేవుడు అనేక మందితో మరియు ఇశ్రాయేలుతో నిబంధనలు చేశాడు. ఇశ్రాయేలీయులు తన నియమాలను పాటిస్తే వారిని ఆశీర్వదిస్తానని దేవుడు వాగ్దానం చేశాడు. తన ఆజ్ఞలను పాటించే వారందరికీ జీవం ఇవ్వడానికి యేసు ఒక 'కొత్త' నిబంధన చేశాడు.,"వాగ్దానం, ప్రమాణం, ఒప్పందం, పొత్తు",binding tok (other language),Jesus' commandments include saving faith.,
t 100,సృష్టించు,"సృష్టించబడింది, సృష్టిస్తుంది", కారణం-ఉండటం/కూర్చుని ఉండటం (R); తయారు చేయడం (G);,సృష్టించడం అంటే ఏదైనా కొత్తగా తయారు చేయడం. దేవుడు ఈ లోకాన్ని మరియు సమస్త జీవులను సృష్టించాడు. మనం యేసును విశ్వసించినప్పుడు దేవుడు మనల్ని కొత్తగా సృష్టిస్తాడు. దేవుడు ఒక రోజు కొత్త ఆకాశాన్ని మరియు కొత్త భూమిని సృష్టించబోతున్నాడు.," చెక్కు, నిర్మించు,",,,
t,సిలువ,దాటుతుంది,కలప; చెట్టు క్రాస్ (K); అవి క్రాస్ చేసే బోర్డులు (W);,"చెక్క శిలువలు హింసాత్మక నేరస్థులను హింసించి చంపడానికి ఉపయోగించే సాధనాలు. రోమన్లు ​​ఒక నిటారుగా ఉన్న చెక్క స్తంభానికి అడ్డంగా ఉన్న చెక్క దూలాన్ని అమర్చి, దానిపై ఒక మనిషి చేతులను, కాళ్ళను మేకులతో కొట్టి లేదా కట్టి, అతన్ని చనిపోయే వరకు వదిలేసేవారు. మన పాపాల కారణంగా యేసు శిలువపై మరణించిన తర్వాత, విశ్వసించే మనల్ని దేవుడు క్షమిస్తాడు. (యేసు శిలువ మనకు ఇంకొక విషయాన్ని కూడా గుర్తు చేస్తుంది, అదేమిటంటే, ఆయనపై మనకున్న విశ్వాసం కారణంగా మనం కూడా బాధపడవలసి రావచ్చు.)",,,,
t,శాపం," శాపాలు, శపించబడిన,", (G) గురించి నిజంగా చెడుగా మాట్లాడటం; (R) గురించి చెడుగా మాట్లాడటం; దేవుని (R) పట్ల (బలమైన) కోపం; హాని కలిగించడం; శిక్షించడం;,"శపించడం అంటే మరొకరిపై కీడును పలకడం లేదా కోరుకోవడం. చెడు చేయడానికి ఎంచుకున్న వారందరినీ దేవుడు శపించాడు. దేవుడు నిరపరాధి అయిన యేసును కూడా శపించాడు, తద్వారా ఆయన మనలను క్షమించి, దేవుని శాపాన్ని రద్దు చేయగలడు.","ఆశీర్వదించు, ఖండించు","maybe rather than condemn, it would be 'punish, cause harm'",,
t,తెర,,,"తెరలు అనేవి పెద్ద వస్త్రాలు, వీటిని పై అంచు నుండి వేలాడదీస్తారు. ఇవి కిటికీలను కప్పడానికి, తలుపులను మూయడానికి లేదా ఇంట్లోని గదులను వేరు చేయడానికి ఉపయోగపడతాయి.",,,material' can be anything. Cloth seems more specific. Opening also seems a bit general.,
n,దమస్కు,,,"ఇజ్రాయెల్‌కు ఈశాన్యంగా ఉన్నదమస్కు, ప్రపంచంలోని పురాతన నగరాలలో ఒకటి. ఇది సిరియా దేశానికి రాజధానిగా కొనసాగుతోంది. దమస్కు సమీపంలో యేసు సౌలు అనే వ్యక్తికి ప్రత్యక్షమయ్యాడు. ఆ సౌలుయే పౌలు అనే అపొస్తలుడిగా మారాడు.",,,GC 19-Feb-2019,
n,దానియేలు,,,"బాబిలోనియన్లు జెరూసలేమును నాశనం చేసి, చాలా మంది యూదులను బందీలుగా బాబిలోన్‌కు తీసుకువెళ్ళినప్పుడు దానియేలు ఒక యువకుడు. బందీగా ఉన్నప్పటికీ, దానియేలు తన జీవితాంతం దేవునికి విధేయుడిగా ఉన్నాడు మరియు ఒక అన్యమత రాజు యొక్క రాజభవనంలో నివసిస్తూ, పనిచేస్తున్నప్పటికీ నిజాయితీగల అధికారిగా కొనసాగాడు. దేవుడు దానియేలుకు కలల అర్థాన్ని చూపించాడు మరియు దేశాల భవిష్యత్తును అతనికి వెల్లడించాడు. (దానియేలు అనే పేరుకు 'దేవుడే నా న్యాయాధిపతి' అని అర్థం.)",,,Jesus called Daniel a prophet (Mt 24:15) but the book of Daniel is not classed with the prophets but as a writing.,GC 8 July 2019
n,దర్యావేషు,,,"దర్యావేషు క్రీ.పూ. 550–486 కాలంలో పర్షియన్ సామ్రాజ్యానికి నాల్గవ రాజు. అతను దానియేలు జీవించి ఉన్న కాలంలో, క్రీ.పూ. 539లో బాబిలోన్‌ను జయించాడు. (డారియస్ అనే పేరుకు 'అతను మంచితనాన్ని కలిగి ఉన్నాడు' అని అర్థం.)",,,GC 08-Mar-2019,
n,దావీదు,డేవిడ్ రాజు,దావుదా (అరబిక్ నుండి W),"ఇశ్రాయేలు రెండవ రాజు అయిన దావీదు, యేసుకు సుమారు 800 సంవత్సరాల ముందు జీవించాడు. అతను ఒక గొర్రెల కాపరి బాలుడు, ఆ తర్వాత పరాక్రమవంతుడైన యోధుడిగా పేరు సంపాదించాడు. అతను సంగీతం మరియు పాటలను కూడా రచించాడు, వాటిలో కొన్ని బైబిల్‌లో కీర్తనలుగా మారాయి. దావీదు తన జీవితాంతం దేవునికి నమ్మకంగా ఉన్నాడు, మరియు అతని కుమారులు ఇశ్రాయేలును శాశ్వతంగా పరిపాలిస్తారని దేవుడు అతనికి వాగ్దానం చేశాడు. యేసు రాజు దావీదు వంశస్థుడు (కుమారుడు). (దావీదు అనే పేరుకు 'ప్రియుడు' అని అర్థం.)",రాజు,,GC 07-Feb-19,
t,మరణం,"చనిపో, చనిపోవడం, చనిపోవడం, చనిపోవడం",,"మరణాలు అనేక రకాలు: (1) మన ఆత్మ మన శరీరాన్ని విడిచిపెట్టినప్పుడు శారీరక మరణం, (2) శాశ్వత మరణం, దీనిని 'రెండవ మరణం' అని పిలుస్తారు, శాశ్వతంగా స్వర్గానికి బదులుగా నరకానికి వెళ్లడం, (3) ఆధ్యాత్మిక మరణం, దేవుని జీవం మరియు పరిశుద్ధాత్మ లేకపోవడం, (ఆదాము పాపం చేసినందున, మనమందరం ఆధ్యాత్మికంగా చనిపోయి జన్మించాము మరియు 'తిరిగి జన్మించాలి.') మరియు (4) దేవుని పరిశుద్ధాత్మ సహాయంతో 'స్వయంగా మరణించడం' అని పిలువబడే తప్పు చేయడానికి నిరాకరించడం.","రక్తం, త్యాగం",,,
n,దెబోరా,,,"న్యాయాధిపతుల కాలంలో దెబోరా ఒక ఇశ్రాయేలీయ ప్రవక్త్రి. ఆమె ద్వారా యెహోవా, కనాను రాజు యబీను సైన్యానికి వ్యతిరేకంగా యుద్ధానికి వెళ్ళమని బారాకును ఆజ్ఞాపించాడు. (దెబోరా అనే పేరుకు 'తేనెటీగ' అని అర్థం.)",,,,GC 7/7/2019
n,దెబోరా,,,"దెబోరా అనే ఇద్దరు స్త్రీలు ఉన్నారు: (1) బేతేలు దగ్గర మరణించిన రెబెక్కా దాది, మరియు (2) ఇశ్రాయేలీయులను వారి శత్రువులపై విజయం వైపు నడిపించిన నాయకురాలు. (దెబోరా అనే పేరుకు వాగ్దానం అని అర్థం.)",,,-4,
t,రాజశాసనం,డిక్రీలు,,రాజశాసనం అనేది రాజు జారీ చేసే ఒక అధికారిక చట్టం. ప్రతి ఒక్కరూ తమ రాజు యొక్క శాసనాలను తప్పనిసరిగా పాటించాలి.,"చట్టం, ఆదేశం",,,GC 8 July 2019
n,దెలీలా,,,"దెలీలా ఫిలిష్తీయుల స్త్రీ, ఆమెను సంసోను వివాహం చేసుకున్నాడు. (దెలీలా అనే పేరుకు 'ఆనందకరమైనది' అని అర్థం.)",,,GC 07-Feb-19,
n,దెమెత్రి,,,"దెమెత్రి అనే పేరు గల ఇద్దరు వ్యక్తులు ఉన్నారు. (1) వారిలో ఒకడు ఎఫెసు పట్టణంలో నివసించే ఒక వెండి పనివాడు, అతను ఆర్టెమిస్ అనే దేవతను ఆరాధించేవాడు. అతను పట్టణ న్యాయస్థానంలో పౌలుపై అభియోగాలు మోపాడు. (2) రెండవవాడు మంచి పేరున్న ఒక క్రైస్తవుడు (3 యోహాను 1).",,,,GC 7/7/2019
t,దెయ్యం,"దుష్ట ఆత్మ, దయ్యాలు, దుష్ట ఆత్మలు, దయ్యం, దయ్యాలు పట్టిన",దేవునికి ఎదురుతిరిగిన ఆత్మ; దుష్ట జీవి (W); దుష్ట ఆత్మ (G); దయ్యము (R);,"దెయ్యాలు తమ సృష్టికర్త అయిన దేవునికి వ్యతిరేకంగా తిరుగుబాటు చేసిన ఆత్మలు. దేవునికి అవిధేయత చూపేవారిని, ఇతర దేవతలను సేవించేవారిని లేదా చెడు చేయడానికి ఎంచుకునే మానవులను అవి ఆవహించి, వారిపై అధికారాన్ని చెలాయించగలవు. సాతానుడు దెయ్యాలకు అధిపతి. యేసు తన అనుచరులకు దెయ్యాలను/దురాత్మలను వెళ్లగొట్టే శక్తిని ఇచ్చాడు.","దేవదూత, సాతాను",,Demons are never said to be fallen angels (messengers). The Rabbis taught that demons are the disembodied souls of the biblical Nephelim. Local cultures have their own beliefs about evil spirits.,
n,దీయాన,,,దీయాన అనేది ఎఫెసస్ నగరంలోని ప్రజలతో పాటు ఇతరులు కూడా పూజించే ఒక గ్రీకు దేవత (విగ్రహం) పేరు.,విగ్రహం,,,
t,శిష్యుడు,శిష్యులు, అభ్యాసకుడు; విద్యార్థి (అక్షరాలా నేర్చుకునే పిల్లవాడు) (R); శిక్షణలో ఉన్నవారు (అప్రెంటిస్); నేను (యేసు) బోధించేవారు (G); విద్యార్థి (కానీ తరగతి గదిలో లాగా కాదు); క్రైస్తవుడు; యేసును అనుసరించేవారు / పాటించేవారు;,"శిష్యులు అంటే గురువు యొక్క బోధనలను అనుసరించే వారు. యేసుకు చాలా మంది శిష్యులు ఉన్నారు. ఆయన తన శిష్యులను ప్రతి దేశానికి వెళ్లి, ప్రజలకు బాప్తిస్మం ఇచ్చి, తన ఆజ్ఞలను పాటించేలా వారికి బోధించడం ద్వారా తన శిష్యులనుగా చేయమని ఆజ్ఞాపించాడు.","అపొస్తలుడు, క్రైస్తవుడు",,"GC: Longer notes contain a lot of fascinating information, yet do not necessarily help translators find an appropriate term to employ. ",
t,గాడిద,గాడిదలు,గుర్రపు పంది/జంతువు; డోంగ్కి (R) చిన్న గుర్రం; ప్యాక్-జంతువు (W); డోంకి (అని పిలువబడే) జంతువు,"గాడిదలు చిన్న గుర్రాల వంటి జంతువులు, వాటిపై మనుషులు స్వారీ చేయవచ్చు. గాడిదలు బరువులను కూడా మోస్తాయి మరియు నాగలిని లాగుతాయి.",,other language: animal (called) donki (Hilkka),,
t,సందేహం,నమ్మవద్దు, బలహీనంగా నమ్ము (G); తడబడు (W);,"సందేహం అంటే ఏదైనా విషయం గురించి ఖచ్చితంగా తెలియకపోవడం, లేదా నిజం కాదనిపించే దాన్ని నమ్మకపోవడం. దేవుని వాగ్దానాలను సందేహించడం అంటే ఆయన చెప్పిన లేదా బయలుపరిచిన విషయాలను నమ్మకపోవడం. సందేహం అంటే ఏదైనా విషయం యొక్క సత్యం లేదా విశ్వసనీయత గురించి అనుమానంగా లేదా అపనమ్మకంగా ఉండటం."," విశ్వాసం, నమ్మకం,",,GC 23-Feb-2019,
t,డ్రాగన్,డ్రాగన్లు,పెద్ద బల్లి; పెద్ద పాము (K); డ్రాగన్ (R);,"డ్రాగన్‌లు అంటే భారీ పాములు లేదా బల్లులు. దేవుని శత్రువైన సాతానును డ్రాగన్ అని పిలుస్తారు, ఎందుకంటే అతను బలవంతుడు, భయంకరమైనవాడు, వినాశకరమైనవాడు మరియు దుర్మార్గుడు. సాతాను మొదటి మానవులను దేవుని ఆజ్ఞను ధిక్కరించేలా తప్పుదోవ పట్టించినప్పుడు, అతను ఒక డ్రాగన్ (పాము) రూపాన్ని ధరించాడు. ప్రకటన గ్రంథంలో, డ్రాగన్‌ను సాతానుకు చిహ్నంగా లేదా చిత్రంగా ఉపయోగించారు.",పాము,,Dragons of various sizes certainly do live on earth.,
t,కల,కలలు, కల (జి);,కలలో ఒకరు నిద్రపోతున్నప్పుడు చూసేవి మరియు వినేవే కలలు. కొన్నిసార్లు దేవుడు లేదా దేవదూతలు కలలో మనుషులతో మాట్లాడేవారు. కొందరు చూసినప్పటికీ అర్థం కాని కొన్ని రహస్యమైన కలల అర్థాన్ని చెప్పడానికి దేవుడు యోసేపుకు మరియు దానియేలుకు అనుమతి ఇచ్చాడు.,దృష్టి,,GC 07-Feb-19,
t,భూమి,,భూమి; ఈ నేల; నేల (G);,"భూమి అంటే (1) మనం మానవులు నివసించే నేల లేదా భూభాగం, (2) ఆకాశం క్రింద ఉన్న ప్రతిదీ, (3) మట్టి లేదా నేల, మరియు (4) మరణించిన వారి భూగర్భ నివాసం.","లోకం, స్వర్గం",,,
n,ఏదేను,,,"ఏదెను అనేది ఒక మనోహరమైన ప్రదేశం పేరు, అది ఒక చాలా పెద్ద అందమైన తోట. ఆదాము మరియు హవ్వ దేవునికి వ్యతిరేకంగా పాపం చేయడానికి ముందు, దేవుడు ఇతర ఆత్మలతో మరియు మొదటి మానవులతో అక్కడ కలుసుకునేవాడు.",,,GC 15-Feb-2019,
n,ఎదోము,,,"ఏశావు వంశస్థులు స్థిరపడిన దేశమే ఎదోము, ఇది ఇశ్రాయేలుకు తూర్పున ఉంది. ఎదోమీయులు అబద్ధపు దేవతలను ఆరాధించి, ఇశ్రాయేలుకు శత్రువులుగా మారారు. ఎదోము అంటే 'ఎరుపు'.",,,GC 15-Feb-2019,
n,ఈజిప్ట్,"ఈజిప్షియన్లు, ఈజిప్షియన్లు",మిశ్రా (అరబిక్ నుండి W),"ఈజిప్టు ఇశ్రాయేలుకు పశ్చిమాన ఉన్న ఒక దేశం. ఇశ్రాయేలీయులు నాలుగు వందల సంవత్సరాలు ఈజిప్టులో నివసించారు, అక్కడ వారు బానిసలుగా మారారు. ఈజిప్టు వందల సంవత్సరాలు ఇశ్రాయేలు దేశాన్ని పరిపాలించింది.",,Arabic ref.,,
t,పెద్దవాడు,పెద్దలు, వృద్ధులు (జి); నాయకులు (డబ్ల్యు),"పెద్దలు అంటే ఇతరులు గౌరవించే మరియు విధేయత చూపించే వృద్ధులు. పెద్దలు తరచుగా ఒక మండలిగా సమావేశమై ముఖ్యమైన విషయాలపై నిర్ణయాలు తీసుకుంటారు. చర్చిలలో పర్యవేక్షకులు మరియు సేవకులు, లేదా పాస్టర్లు మరియు డీకన్లు అని పిలువబడే పెద్దలు ఉంటారు.",నాయకుడు,,GC 23-Feb-2019,
n,ఎలీమెలెకు,ఎలిమిలేచ్,,"ఎలీమెలెకు నయోమి భర్త. అతను ఒక ఇశ్రాయేలీయుడు, మోయాబు దేశానికి వలస వెళ్లి అక్కడే మరణించాడు. (ఎలీమెలెకు అనే పేరుకు 'నా దేవుడే రాజు' అని అర్థం.)",,,GC 19-Feb-2019,
n,ఎలీ,,,ఏలీ షిలోహ్‌లోని ఇశ్రాయేలీయుల ఆరాధన గుడారంలో ఒక యాజకుడు. ప్రవక్తగా మారిన సమూయేలు అనే బాలుడిని పెంచింది ఆయనే. (ఏలీ అనే పేరుకు 'నా దేవుడు' అని అర్థం.),,,,GC 7/7/2019
n,ఎలీ,,,"ఇశ్రాయేలుకు ఆలయం నిర్మించకముందు, ఏలీ షిలోహులో యెహోవాకు యాజకుడిగా ఉండేవాడు. తన సొంత కుమారులు నిజాయితీ లేనివారు అయినప్పటికీ, ఆయన ప్రవక్త సమూయేలును చిన్నప్పటి నుండి పెద్దవాడిగా పెంచాడు. (ఏలీ అనే పేరుకు నా దేవుడు అని అర్థం.)",,,GC 07-Feb-19,
n,ఏలీయా,,ఇలియాస్ (పశ్చిమ),"ఏలీయా యేసుకు సుమారు 800 సంవత్సరాల ముందు జీవించాడు. అతను దేవుని ప్రవక్త, ఇశ్రాయేలులో ఒక దుష్ట రాజును మరియు విగ్రహాలను పూజించే వారందరినీ ధైర్యంగా గద్దించాడు. (మలాకీ గ్రంథం ప్రకారం, రాబోయే మెస్సయ్యను స్వాగతించడానికి ఇశ్రాయేలును సిద్ధం చేయడానికి ఏలీయా తిరిగి రావాలి.) (యోహాను బాప్తిస్మమిచ్చువాడు అనేక విధాలుగా ఏలీయాను పోలి ఉన్నాడు.) (ఏలీయా అనే పేరుకు 'యెహోవాయే దేవుడు' అని అర్థం.)",ఎలీషా,Arabic ref.,GC 07-Feb-19,
n,ఎలీషా,,అలియాసా (పశ్చిమ),ఎలీషా యేసుక్రీస్తుకు సుమారు 800 సంవత్సరాల ముందు జీవించాడు. అతను ప్రవక్త అయిన ఏలీయాచే నియమించబడిన దేవుని ప్రవక్త. ఎలీయా కంటే ఎలీషా ఎక్కువ అద్భుతాలు చేశాడు.,ఎలిజా,Arabic ref.,,
n,ఎల్కానా,,,ఎల్కానా అనే పేరు గల వ్యక్తులు చాలామంది ఉన్నారు. వారిలో ఒక ఎల్కానా హన్నాకు భర్త మరియు ప్రవక్త శామ్యూల్‌కు తండ్రి. (ఎల్కానా అనే పేరుకు 'దేవుడు సృష్టించాడు' అని అర్థం.),,,GC 07-Feb-19,
t,చక్రవర్తి,చక్రవర్తులు,,"చక్రవర్తి అంటే ఒక సామ్రాజ్యానికి రాజు లేదా అత్యున్నత పాలకుడు, అతను చిన్న చిన్న రాజులపై పరిపాలన సాగిస్తాడు. కొన్ని దేశాలు తమ చక్రవర్తిని దైవంగా లేదా దేవుడిగా భావించాయి.","రాజు, ఫరో, సీజర్",,,
t,సామ్రాజ్యం," రాజ్యం,", అతని భూమిలోని అన్ని విభాగాలు (G);,"సామ్రాజ్యం అంటే అనేక నగరాలు, రాష్ట్రాలు మరియు/లేదా దేశాలతో కూడిన ఒక విస్తారమైన సమూహం, దానిపై ఒకే సర్వోన్నత పాలకుడికి (చక్రవర్తికి) అధికారం ఉంటుంది. బైబిలు కాలంలో బాబిలోను, అస్సిరియా మరియు రోమ్ సామ్రాజ్యాలకు ఉదాహరణలు.","దేశం, దేశం, ప్రాంతం, చక్రవర్తి",,"GC 08-Feb-19
RR updated",
n,ఎఫెసీయులకు,ఎఫెసీయులు,,"ఎఫెసు అనేది ఆసియా మైనర్‌లో సముద్రానికి సమీపంలో ఉన్న ఒక పెద్ద నగరం, అక్కడ పౌలు కొత్త సంఘాలను స్థాపించాడు. తర్వాత అతను ఎఫెసీయులకు ఒక పత్రిక రాశాడు. ప్రకటన గ్రంథంలో యోహాను ద్వారా యేసు కూడా ఎఫెసీయులకు ఒక సందేశం పంపాడు.",,,,GC 7/7/2019
n,ఎఫ్రాయిమ్,,,ఎఫ్రాయిము యోసేపు ఇద్దరు కుమారులలో చిన్నవాడు. ఎఫ్రాయిము ఇశ్రాయేలు గోత్రాలలో ఒకదానికి పూర్వీకుడయ్యాడు. (ఎఫ్రాయిము అనే పేరుకు 'ఫలవంతమైనది' అని అర్థం.),,,GC 23-Feb-2019,
n,ఎపికూరీయులు,ఎపిక్యూరియన్,,"ఎపిక్యూరియన్లు యేసుక్రీస్తుకు సుమారు 300 సంవత్సరాల ముందు జీవించిన తత్వవేత్త ఎపిక్యూరస్ బోధనలను అనుసరించారు. నొప్పి మరియు భయాన్ని తప్పించుకుంటూ, ప్రజలు జీవితంలో ఆనందాన్ని వెతుక్కోవాలని ఆయన బోధించారు.",,,,
n,ఏశావు,,ఎసావు (పశ్చిమ),"ఏశావు యేసుకు సుమారు 1900 సంవత్సరాల ముందు జీవించాడు. అబ్రహాము కుమారుడైన ఇస్సాకుకు ఏశావు మరియు యాకోబు అనే కవల కుమారులు ఉన్నారు. జ్యేష్ఠుడైన ఏశావు, తెలివితక్కువగా తన జ్యేష్ఠత్వపు హక్కును తన సోదరుడైన యాకోబుకు అమ్మివేశాడు. (యాకోబు కుమారులు ఇశ్రాయేలీయులుగా, మరియు ఏశావు కుమారులు ఎదోమీయులుగా మారారు.)",ఎదోము,arabic ref.,,
n,ఎస్తేరు,,,"ఎస్తేరు తన బంధువైన మొర్దెకైచే పెంచబడిన ఒక యూదు అనాథ. పర్షియా రాజు జెర్సెస్‌ ఎస్తేరును తన కొత్త రాణిగా చేసుకున్న తర్వాత, ఆమె చాలా మంది యూదులను మరణం నుండి రక్షించింది. (ఎస్తేరు అనే పేరుకు నక్షత్రం అని అర్థం. ఆమె యూదు పేరు హదస్సాకు గొరివిచెట్టు అని అర్థం.)",,,GC 08-Mar-2019,
t,నపుంసకుడు,నపుంసకులు,కుల విచ్ఛేదనం చేయబడిన; పురుషుడు (R); ఆ విధంగా ఉండటానికి కారణమైన అవివాహిత పురుషుడు (G); చాంబర్‌లైన్ (W);,"నపుంసకుడు అంటే వంధ్యత్వం కలిగించడం కోసం బీజకోశాలు తొలగించబడిన పురుషుడు. అన్యమత దేశాలు కొన్నిసార్లు బానిసలపై లేదా ప్రభుత్వ సేవ వంటి కొన్ని రకాల పనుల కోసం శిక్షణ ఇవ్వబడే వారిపై ఈ రకమైన అంగచ్ఛేదాన్ని ఆచరించేవారు. ఇది యూదుల ఆచారం కాదు, ఎందుకంటే పురుషులను నపుంసకులుగా మార్చడాన్ని దేవుని ధర్మశాస్త్రం నిషేధిస్తుంది.",సేవకుడు,"take this out:  (Christian ministers who do not get married may be called eunuchs.) Other language examples to euphemistic, better to say: castrated. Chamberlain unknown in PNG. (Hilkka)",,
n,హవ్వ,,ఆవా (అరబిక్ నుండి W),"హవ్వ యేసుకు సుమారు 4000 సంవత్సరాల ముందు జీవించింది. హవ్వ ఆదాము భార్య, మానవులందరికీ మొదటి తల్లి. సాతాను ఆదామును మరియు హవ్వను శోధించినప్పుడు, వారు దేవుని ఆజ్ఞను ధిక్కరించారు. అప్పటి నుండి, మానవులందరూ కూడా పాపం చేస్తున్నారు మరియు మరణించవలసి వస్తుంది.",ఆడమ్,Arabic ref.,"The Bible clearly teaches universal death as a result of our first parents' sin, but not some kind of transmitted sin.",
t,దుష్టుడు,"దుష్ట, పాపాత్మకమైన, దుష్టత్వం",,చెడు విషయాలు అంటే దేవుడు నిషేధించినవన్నీ; దుర్మార్గులు అంటే దేవుని ఆజ్ఞలను ధిక్కరించే వారు; దుష్టశక్తులు అంటే ప్రజలు చెడు గురించి ఆలోచించేలా మరియు చెడు పనులు చేసేలా ప్రేరేపించే అదృశ్య జీవులు.,,,GC 15-Feb-2019,
t,విశ్వాసం,"నమ్ము, నమ్మడం, నమ్మడం, నమ్మడం, నమ్మకం, నమ్మకం",(ఎవరికైనా లేదా దేనికైనా) అవును అని చెప్పడం; అంగీకరించడం; అంగీకరించడం; నిజమని నమ్మడం); నమ్మకం; నమ్మకం (R); నమ్మకం (W); హృదయం/కాలేయం (అంతర్గత జీవి) దేనిపైనైనా వేలాడుతోంది (PNG),"విశ్వాసం అంటే (1) సత్యాన్ని నమ్మడం, (2) దేవునిపై లేదా క్రీస్తుపై నమ్మకం ఉంచడం, మరియు (3) యేసుకు నమ్మకంగా ఉండటం. పాత మరియు కొత్త నిబంధనలు రెండింటి ప్రకారం, దేవుడు తనపై మరియు తన వాగ్దానాలపై విశ్వాసం ఉంచేవారిని నీతిమంతులుగా పరిగణిస్తాడు.","నమ్మకం, సందేహం, అవిశ్వాసం",other language: heart/liver (inner being) hangs on smg,"Both the Hebrew 'amn and the Greek pistis include both belief and loyalty, according to their context.",
t,ఉపవాసం,, ఫాస్ట్ (R);,"ఉపవాసం ఉండటం అంటే కొంత సమయం పాటు ఏమీ తినకుండా ఉండటం. యూదులు పశ్చాత్తాపానికి, దుఃఖానికి లేదా దేవుని ముందు వినయానికి గుర్తుగా ఉపవాసం ఉండేవారు. క్రైస్తవులు కొన్నిసార్లు దేవుని పట్ల ప్రార్థనలో భాగంగా ఉపవాసం ఉంటారు.",,,,
t,పండుగ,"పండుగ, పండుగలు, పండుగలు, విందు", ఒక మాగ్నిఫికేషన్ (W); గుర్తుంచుకో (W); పెద్ద భోజనం / ఆహారం; పెద్ద ఆరాధన దినం (K); విందు (R); పెద్ద నృత్యం (పండుగ) / పెద్ద భోజనం (విందు) (G);,"పండుగ అంటే చాలా మంచి ఆహారం మరియు పానీయాలతో కూడిన ప్రత్యేక భోజనాలు. సాధారణంగా ఒక ప్రత్యేక సందర్భంలో విందు వడ్డిస్తారు. ఇశ్రాయేలీయులు వార్షిక వేడుకల కోసం పండుగలు చేసుకునేవారు, ఆ సమయంలో కుటుంబాలు దేవుని మంచితనాన్ని జ్ఞాపకం చేసుకోవడానికి కలిసి వస్తారు. ఇశ్రాయేలీయులు యెరూషలేములో కొన్ని పండుగలను ఆచరించాల్సి వచ్చింది.",పండుగ,,,
t,ప్రతిష్ఠా పండుగ,"హనుకా, దీపాల పండుగ", శుద్ధీకరణ (W); వారు దాన గృహాన్ని తెరిచిన రోజును గుర్తుచేసుకున్నప్పుడు విందు (R); వారు దాన గృహాన్ని తెరిచిన రోజును గుర్తుంచుకునేలా ఒక పెద్ద ఆరాధన దినం (K),"క్రీస్తుకు పూర్వం 165వ సంవత్సరంలో, ఇశ్రాయేలీయులు (యూదులు) తమ శత్రువుల నుండి తమ దేవాలయాన్ని తిరిగి స్వాధీనం చేసుకుని, దానిని మళ్ళీ దేవునికి అంకితం చేశారు. యూదులు ఈ వార్షిక పండుగను హనుక్కా అని, మరియు 'దీపాల పండుగ' అని పిలుస్తూ ప్రతి సంవత్సరం జరుపుకుంటారు.",,other language: why house of giving? (Hilkka),,
t,పెంతెకోస్తు పండుగ,పెంతెకొస్తు, పెంటికోస్ (R) దినం;,"పెంతుకొస్తు అంటే యాభై అని అర్థం. ఈ పంటల పండుగ ప్రతి సంవత్సరం పాస్ ఓవర్ పండుగ జరిగిన 50 రోజుల తర్వాత, మే నెలలో వస్తుంది. క్రీ.శ. 33వ సంవత్సరంలో, పెంతుకొస్తు పండుగ రోజునే పరిశుద్ధాత్మ మొదటిసారిగా యేసును విశ్వసించిన వారందరిపైకి దిగివచ్చింది.",,,"Astronomy-based calendars, along with better documentary studies, now situate the birth of Jesus around 2 BCE, and his ministry beteen 29 and 33 CE. If this causes indigestion, then remove the date reference.",
t,గుడారాల పండగ,"పర్ణశాలల పండుగ, గుడారాల పండుగ",యూదుల ఆరాధన దినాన్ని వారు ఆశ్రయాల పండుగ (R) అని పిలుస్తారు; ఆశ్రయాల ఆరాధన యొక్క పెద్ద దినాలు (K); గుడారాల పండుగ అని పిలువబడే ఆరాధన కోసం పెద్ద దినం,"అక్టోబర్ లేదా నవంబర్‌లో జరిగే వార్షిక గుడారాల పండుగ సమయంలో, పంట కోత పూర్తయినందుకు యూదులు ఆనందిస్తారు. అరణ్యంలో సంచరిస్తున్నప్పుడు నలభై సంవత్సరాల పాటు గుడారాలలో నివసించిన తమ పూర్వీకులను గౌరవిస్తూ, వారు ఒక వారం పాటు తాత్కాలిక గుడారాలలో నివసిస్తారు.",,"tabernacle is too techincal, better to say tent  or garden shelter, in Pidgin haus win Hilkka)",,
t,పస్కా పండుగ,పాస్ ఓవర్, గో పాస్ట్ (R) పండుగ; గో పాస్ట్ (K) ఆరాధన యొక్క పెద్ద రోజు;,"మార్చి లేదా ఏప్రిల్ నెలలో జరిగే వార్షిక పస్కా పండుగ సమయంలో, యూదులు తమ పూర్వీకులు ఐగుప్తు దేశంలో బానిసత్వం నుండి ఎలా తప్పించుకున్నారో గుర్తు చేసుకుంటారు. ఆ సమయంలో, దేవుడు ఒక గొర్రెపిల్లను చంపి, దాని రక్తాన్ని తమ ఇంటి ముందు ద్వారబంధాలకు పూసిన ఇళ్లను తప్పించి, ఐగుప్తులోని ప్రతి ఇంటిలో ఉన్న పెద్ద కుమారుడిని చంపడానికి తన దూతను పంపుతానని హెచ్చరించాడు. అక్కడ ఆ దూత ఎవరికీ హాని చేయకుండా దాటిపోయాడు.",పులియని రొట్టెల పండుగ,,,
t,పులియని రొట్టెల పండుగ,పులియని రొట్టె, రొట్టెల పండుగలో పులియనిది లేదు (R); రొట్టెల ఆరాధన యొక్క పెద్ద రోజులో పులియనిది లేదు (K);,"పులియని రొట్టెల పండుగ ప్రతి సంవత్సరం పస్కా పండుగ తర్వాత ఏడు రోజుల పాటు జరుగుతుంది. ఈ ఏడు రోజులలో, యూదులు తమ పూర్వీకులు ఈజిప్టు నుండి ఎలా తప్పించుకున్నారో గుర్తుచేసుకోవడానికి, ఈస్ట్ లేని రొట్టెలను తింటారు (వారు ఈస్ట్ వేసి రొట్టెలు కాల్చడానికి కూడా సమయం లేకుండా అంత వేగంగా పారిపోయారు).",పాస్ ఓవర్,పస్కా పండుగ,,
n,ఫేలిక్సు,,,"ఫెలిక్స్ క్రీ.శ. 52 మరియు 60 సంవత్సరాల మధ్య యూదయకు రోమన్ గవర్నర్‌గా ఉన్నాడు. ఒక నిజాయితీ లేని వ్యక్తి అయిన అతను, పౌలును కైసరియాలో రెండు సంవత్సరాల పాటు జైలులో ఉంచాడు. ఒకసారి పౌలు దేవుని తీర్పు గురించి వివరిస్తుండగా విని, అతను భయపడ్డాడు.",,,,GC 7/7/2019
t,పండుగ,"పండుగలు, పండుగలు, విందులు",,పండుగలు అనేవి ప్రజలు తమ గతాన్ని గుర్తుచేసుకునే లేదా దేవుడిని గౌరవించే ప్రత్యేకమైన రోజులు. పండుగలో భాగంగా ప్రజలు కలిసి భోజనం చేయవచ్చు. ఇశ్రాయేలులో పస్కా పండుగతో సహా ఏడు వార్షిక పండుగలు ఉన్నాయి.,,,GC 08-Mar-2019,
n,ఫెస్తు,,,"62వ సంవత్సరంలో ఫెలిక్స్ స్థానంలో యూదయపై రోమన్ గవర్నర్‌గా ఫెస్తు వచ్చాడు. పౌలును కైసరయలో జైలులో ఉంచి, రోమన్ చక్రవర్తి అయిన కైసరు చేత తీర్పు తీర్చబడటానికి పౌలును రోమ్‌కు పంపే వరకు ఫెస్టస్ వచ్చాడు.",,,,GC 7/7/2019
t,అంజీరము,అంజూరలు, అత్తి (R);,అత్తిపండు ఒక రకమైన పండ్ల చెట్టు. దాని పండు చాలా తియ్యగా ఉంటుంది.,,,,
t,మూర్ఖుడు,"మూర్ఖులు, మూర్ఖులు, మూర్ఖులు", నిజంగా విషయాలు తెలియని వ్యక్తి (జి);,"ఇతరులు హెచ్చరించినప్పటికీ, చెడు/మూర్ఖపు/చెడు ఎంపికలు చేసుకునే వ్యక్తిని మూర్ఖుడు అంటారు. దేవుడు మూర్ఖులు పశ్చాత్తాపపడాలని, జ్ఞానం నేర్చుకోవాలని మరియు తనకు విధేయత చూపాలని కోరుకుంటున్నాడు. సామెతల పుస్తకం తరచుగా మూర్ఖులకు మరియు జ్ఞానులకు మధ్య వ్యత్యాసాన్ని చూపుతుంది.",తెలివైన,,GC 19-Feb-2019,
t,క్షమించు,"క్షమించబడింది, క్షమిస్తుంది, క్షమిస్తుంది",వారి భుజాల చుట్టూ చేయి వేయండి (SI);,"క్షమించడం అంటే పాపం చేసిన లేదా అవిధేయత చూపిన వారిని శిక్షించకూడదని నిర్ణయించుకోవడం. క్షమించబడినప్పుడు, తప్పు చేసిన వారికి తాము చేసిన దాని గురించి ఇకపై అపరాధభావం లేదా సిగ్గు ఉండదు.","అపరాధం, సిగ్గు, శుద్ధి చేయు, పవిత్రం చేయు",,,
t,రూపం,"ఏర్పడిన, రూపాలు",,"ఏదైనా ఒకదాన్ని రూపొందించడం అంటే (1) దాని ఆకారాన్ని మార్చి మరొక దానిలా కనిపించేలా చేయడం (ఉదాహరణకు, బంకమట్టిని ఏదైనా ఒక వస్తువు యొక్క ప్రతిమలా కనిపించేలా రూపొందించవచ్చు), లేదా (2) ప్రజలను ఒకచోట చేర్చి ఒక కొత్త సమూహంగా ఏర్పాటు చేయడం."," చెక్కు, నిర్మించు,",,GC 23-Feb-2019,
t,నక్క,నక్కలు, నక్క (జి);,"నక్క అనేది చిన్న కుక్క లాంటి అడవి జంతువు, అందమైన బొచ్చు, గుబురు తోక, పదునైన దంతాలు మరియు ముడుచుకోలేని పంజాలు ఉంటాయి. నక్కలు పిల్లిలా దొంగతనంగా వేటాడి ఎలుకలు, ఎలుకలు, పాములు మరియు కుందేళ్ళు వంటి చిన్న జంతువులను తింటాయి. కొన్ని సంస్కృతులు అందం, చాకచక్యం, తెలివైన లేదా చాకచక్యం వంటి లక్షణాలను వివరించడానికి నక్కను రూపకంగా ఉపయోగిస్తాయి. ఉదాహరణకు, ఒక స్త్రీ అందంగా ఉంటే, ఆమెను నక్క అని పిలుస్తారు. హేరోదు రాజును నక్క అని పిలుస్తారు, అంటే హేరోదు చాకచక్యం లేదా ప్రమాదకరమైన చాకచక్యం కలిగినవాడు.",,,,
t,సాంబ్రాణి,,"పొగ మంచి వాసన వచ్చే జిగట పదార్థం (R); పొడిని ఉడికించి/కాల్చివేసి, దాని పొగ మంచి వాసన వస్తుంది మరియు దీనిని ఇన్సెన్స్ (K) అంటారు.","సాంబ్రాణి అనేది ఒక చెట్టు యొక్క జిగురుతో తయారు చేయబడిన సువాసనగల పొడి. దానిని కాల్చినప్పుడు, అది మధురమైన సువాసనను వెదజల్లుతుంది. యూదులు దీనిని దూరం నుండి తీసుకురావాల్సి వచ్చినందున, ఇది ఖరీదైనదిగా ఉండేది.",ధూపం,good smelling powder made of sap of a tree (Hilkka),,
t,కొలిమి,బట్టీ,అగ్ని (W);,"కొలిమి అనేది ఒక ప్రదేశం లేదా పెద్ద పెట్టె, దీనిలో ఇటుకలు లేదా కుండలను కాల్చడానికి ఉపయోగించే బట్టీలాగా, అధిక వేడిని ఉత్పత్తి చేయడానికి కలపను లేదా ఇతర ఇంధనాన్ని కాలిస్తారు. (బాబిలోనియన్లు మృతదేహాలను దహనం ద్వారా, అంటే వాటిని కొలిమిలో కాల్చి పారవేసేవారు.) (చేతివృత్తులవారు వెండి లేదా బంగారం వంటి లోహాలను శుద్ధి చేయడానికి కొలిమిలను ఉపయోగించేవారు.)",,,,
n,గాదరేనీయులు,గదరేనీయులు,,"గెలీలీ సరస్సు సమీపంలో ఉన్న గరదేనే అనేది ఒక ప్రాంతం, అక్కడ పంది మాంసం తినే అనేక అన్యజన ప్రజలు నివసించేవారు.",,,GC 08-Mar-2019,
n,గలిలయ,,,"గలిలయ అనేది ఇజ్రాయెల్ ఉత్తర భాగంలో, గలిలయ సముద్రం అని పిలువబడే ఒక పెద్ద సరస్సు చుట్టూ ఉన్న ఒక ప్రాంతం లేదా రాష్ట్రం. అందులో చాలా చేపలు ఉన్నాయి.",,,,
n,గెహాజీ,,,గెహాజీ ప్రవక్త ఎలీషాకు సేవకుడు. ఒకసారి ఎలీషా కుష్ఠువ్యాధి నుండి స్వస్థపరిచిన ఒక సిరియన్ అధికారి నుండి బహుమతిని అడిగి అతను పాపం చేశాడు.,,,GC 07-Feb-19,
t,అన్యజాతీయుడు,అన్యులు, యూదుడు కాని వారు (W); యూదులు కాని వారు (R);,"అన్యజనులు అంటే ఇశ్రాయేలీయులు లేదా యూదులు కాని సమూహాలు మరియు వ్యక్తులందరూ. యేసు కాలంలో, చాలామంది అన్యజనులు అబద్ధపు దేవతలను మరియు విగ్రహాలను ఆరాధించేవారు. (యేసు పరలోకానికి తిరిగి వెళ్ళే ముందు, అన్యజనులైన అన్ని దేశాలలో తన కోసం శిష్యులను చేయమని తన అపొస్తలులను ఆజ్ఞాపించాడు.) కొన్నిసార్లు, కొత్త నిబంధనలో 'అన్యజనుడు' అనే పదాన్ని దేవుడిని నమ్మని లేదా ఆయనకు చెందని ఒక వర్గం ప్రజలను సూచించడానికి సాధారణ అర్థంలో ఉపయోగిస్తారు.","యూదుడు, హెబ్రీయులు","can be translated also with their nationality, e.g. Kenan/Greek… (Hilkka)","I am not aware of a figurative use of the term Gentile in the NT.         RR:  Perhaps generic sense is better than figurative.  Gentile is used for the category of 'sinner' or unbeliever (even though all ethnic Gentiles are not unbelievers), as Jew is sometimes used in a generic sense for the category of 'belonging to God' or 'believer' (even though all ethnic Jews do not believe) e.g. Rev 2:9; 3:9
GC: Good!",
n,గిబయ,"గిబియోను, గిబియోనీయులు",,"యోషువ మరియు ఇశ్రాయేలీయులు ఆ దేశాన్ని జయిస్తున్నప్పుడు గిబియా కనాను దేశంలోని ఒక అన్యమత పట్టణం. (గిబియోనీయులు యోషువను మోసగించి, తమతో శాంతి ఒప్పందం కుదుర్చుకునేలా చేశారు.)",,,Let the Bible tell the story.,07/07/2019
n, గిబియా,"గిబియోను, గిబియోనీయులు",,"గిబియోనీయులు గిబియా పట్టణానికి చెందిన కనానీయులు. వారు యెహోషువతోను అతని సైన్యంతోను సంధి చేసుకోవడానికి, తాము కనాను దేశానికి వెలుపలి వారిమని నటించారు. ఇశ్రాయేలీయులు దేవుణ్ణి అడగడం మర్చిపోయినందువల్ల, వారు గిబియోనీయులచేత మోసగించబడ్డారు మరియు వారు నిజానికి కనానీయులైనప్పటికీ, వారితో సంధి చేసుకున్నారు.",,,GC 07-Feb-19,
n,గిద్యోను,,,"గిద్యోను యేసుకు సుమారు 1200 సంవత్సరాల ముందు జీవించాడు. అతను ఒక రైతు. ఒక పెద్ద శత్రు సైన్యంపై చిన్న సైన్యంతో పోరాడి విజయం సాధించిన తర్వాత, అతను ఇశ్రాయేలీయులకు నాయకుడిగా లేదా న్యాయాధిపతిగా అయ్యాడు. (దేవుడు ఆ పెద్ద సైన్యాన్ని భయపెట్టగా, అది పారిపోయింది.)",,,,
t,కీర్తి,"మహిమపరచు, కీర్తించు",వెలుగు; గొప్పతనం; స్తుతి (దేవునికి మహిమ ఇవ్వండి); బలం మరియు/లేదా అందం (జి); అల్లాహ్ (W); అలంకరణ/అందం (R);,"మహిమ అంటే (1) గొప్ప శక్తి, (2) ప్రకాశవంతమైన కాంతి, (3) సౌందర్యం మరియు (4) దేవుని సన్నిధి.",,References to Allah/islam not helpful in PNG ,,
t,మేక,మేకలు, పొడవాటి జుట్టు కలిగిన జింక లాంటి జంతువు (G);,"మేకలు సున్నితమైన జంతువులు, వీటి మాంసం మరియు పాలు ప్రజలు తింటారు. మేకలు తరచుగా గొర్రెలతో ఒకే మందలలో నివసిస్తాయి. గొర్రె తోకలు క్రిందికి వేలాడుతూ ఉంటాయి, అయితే మేక తోకలు పైకి వంగి ఉంటాయి. పొట్టేలు అని పిలువబడే వయోజన మగ మేకలు వాటి కొమ్ములను ఉపయోగించి పోరాడుతాయి మరియు యుద్ధానికి వెళ్ళే దేశాలకు చిహ్నంగా ఉంటాయి.","గొర్రెలు, గొర్రెల కాపరి",,GC 08-Mar-2019,
t,దేవుడు,శాశ్వత దేవుడు,శాశ్వతమైనవాడు; సృష్టికర్త; శాశ్వతంగా జీవించే / జీవించిన దేవుడు (G); దేవుడు (R); అల్లాహ్ (W);,"దేవుడు సమస్తాన్నీ మరియు సకల జీవరాసులనూ సృష్టించిన ఏకైక, నిత్యుడైన ఆత్మ. దేవుడు ఆకాశంపై మరియు భూమిపై పరిపాలిస్తాడు. ప్రతి ఒక్కరూ తమ దేవతలను విడిచిపెట్టి, కేవలం ఆయనను మాత్రమే ఆరాధించాలని ఆయన ఆజ్ఞాపించాడు. (ఆయనంత గొప్ప దేవుడు మరొకరు లేరు.) (ఈ ఏకైక గొప్ప దేవుడే యేసు మెస్సయ్యగా మానవ రూపంలో ఈ లోకంలోకి వచ్చాడు.)","దేవుడు, విగ్రహం, దేవతలు",Arabic ref.,,
t,బంగారం,బంగారు,,"బంగారం మరియు వెండి మెరిసే లోహాలు, వీటిని అనేక దేశాలు డబ్బుగా మరియు ఆభరణాలు తయారు చేయడానికి ఉపయోగిస్తాయి. ఇశ్రాయేలీయుల నిబంధన మందసం మెరిసే బంగారంతో కప్పబడి ఉండేది. బంగారం భూమి నుండి తవ్వితీస్తారు. దానిని శుద్ధి చేయడానికి, అది కరిగిపోయే వరకు చాలా వేడి మంటతో వేడి చేయాలి, అప్పుడు దాని నుండి మలినాలను వేరు చేయవచ్చు."," వెండి,",,GC 07-Feb-19,
n,గొమొర్రా,,,"గొమొర్రా అనేది సొదొమకు సమీపంలో ఉన్న ఒక నగరం, అబ్రహాము మేనల్లుడైన లోతు అక్కడ నివసించడానికి ఎంచుకున్నాడు. ఆ నగర ప్రజలు ఎంత దుర్మార్గులంటే, దేవుడు ఆకాశం నుండి కురిపించిన అగ్నితో దానిని నాశనం చేశాడు (యేసు జీవించడానికి సుమారు 2000 సంవత్సరాల ముందు).",,,,
t,మంచిది,, మంచిది (జి);,"ప్రజలు సరైన, నిజమైన, నిజాయితీగల, దయగల లేదా ఉపయోగకరమైన వ్యక్తి అని అంచనా వేసే ఏదైనా మరియు ఎవరినైనా 'మంచి' అని పిలుస్తారు. 'న్యాయంగా' లేదా 'సరైనది' అంటే దేవునితో మంచి స్థానం కలిగి ఉండటం లేదా ఆయన నియమాలను పాటించడం.","సరిగ్గా, సరిగ్గా",,GC 08-Mar-2019,
t,సువార్త,శుభవార్త,మంచి నివేదిక (W); అందమైన ప్రసంగం (G); మంచిగా చెప్పడం (R); మంచి ప్రసంగం (K);,"సువార్త అంటే శుభవార్త. పశ్చాత్తాపపడి, సిలువపై మరణించి, సమాధి చేయబడి, మూడు రోజుల తర్వాత తిరిగి లేచి, అనేకమంది ప్రత్యక్ష సాక్షులకు కనిపించిన యేసుపై విశ్వాసం ఉంచే వారందరి పాపాలను దేవుడు క్షమించి, వారికి నిత్యజీవాన్ని అనుగ్రహిస్తాడని (యేసు అపొస్తలుల నుండి వచ్చిన) సందేశమే ఇది.",,,,
t,గవర్నర్,,(ఒక ప్రాంతాన్ని పాలించే వ్యక్తి); (ఒక దేశంలోని ప్రజల అధిపతి) (జి); ప్రభుత్వం నుండి పెద్ద నాయకుడు (ఆర్); కిలిఫా (అరబిక్ నుండి W),గవర్నర్లు ఒక ప్రాంతంపై లేదా దేశంలోని ఒక భాగంపై పరిపాలన చేసే అధికారులు. కేవలం రాజుకు మాత్రమే వీరి కంటే ఎక్కువ అధికారం ఉంటుంది.," రాజు, నాయకుడు",arabic ref.,,
t,కృప,దయగల, క్షమించు; మంచి చేయు; (ఎవరికైనా సహాయం చేయడానికి/సహాయం చేయడానికి/కరుణ చూపడానికి) రావడం/పడటం; మరియు ఎవరూ దానికి చెల్లించరు (W); జాలి మరియు సహనం (ప్రజల పట్ల) (G); ప్రేమ/జాలి (K); (K) లాగా,"కృప అంటే దేవుడు మన మానవుల పట్ల చూపించే ప్రేమ. దాని ద్వారా ఆయన మనలను క్షమిస్తాడు, హాని నుండి రక్షిస్తాడు, మనం మంచి జీవితాన్ని గడపడానికి సహాయం చేస్తాడు, ఆయనకు సేవ చేయడానికి మనకు శక్తిని ఇస్తాడు మరియు తన నిత్య రాజ్యంలోకి మనలను తీసుకువస్తాడు.","క్షమించు, దయ, ప్రేమ","also, make good (Hilkka)",,
t,ద్రాక్షపండ్లు,ద్రాక్ష,వైన్ విత్తనాలు (R);,"ద్రాక్షపండ్లు చెట్టుకు కాకుండా తీగకు కాసే ఒక రకమైన పండు. వాటి రసం నుండి వైన్ తయారు చేస్తారు. (యూదులు తమ పొలాల్లో చాలా ద్రాక్ష తీగలను నాటి, అవి పుష్కలంగా పండ్లు కాసేలా సాగు చేసేవారు.)","ద్రాక్ష, వైన్",reseng not helpful in PNG,,
n,గ్రీకు,గ్రీకు,,"గ్రీస్ యూరప్‌లోని ఒక దేశం. ఏథెన్స్ మరియు కొరింత్ నగరాలు గ్రీస్‌లో ఉన్నాయి. యేసుకు సుమారు 350 సంవత్సరాల ముందు, గ్రీస్ ఇజ్రాయెల్‌ను మరియు అనేక ఇతర దేశాలను జయించింది. ఆ దేశాలలో చాలా వరకు గ్రీకు భాష మాట్లాడటం మరియు చదవడం ప్రారంభించాయి. కొత్త నిబంధన గ్రంథాలు గ్రీకు భాషలో వ్రాయబడ్డాయి. గ్రీకు భాష పండితుల భాష, సాధారణ ప్రజల మాతృభాష కాదు.",,"Greek was language of scholars, not ordinary people's mother tongue (Hilkka)",,
t,అపరాధభావం,దోషి,ఏదైనా చెడు చేసిన స్థితి (G); మరణాన్ని కోరుకునే స్థితి (W);,"అపరాధం అంటే ఎవరైనా ఒక చట్టాన్ని ఉల్లంఘించడం లేదా భంగపరచడం. అపరాధి అంటే చట్టాన్ని ఉల్లంఘించిన వ్యక్తి. మానవులందరూ దేవుని చట్టాలను ఉల్లంఘించడం ప్రారంభించినప్పుడు ఆయన దృష్టిలో అపరాధులు అవుతారు. అపరాధులందరూ శిక్షించబడాలి. అపరాధానికి పర్యవసానం శిక్ష. సాధారణంగా, అపరాధం చేసిన వ్యక్తి సిగ్గుపడతాడు.","క్షమించు, అవమానించు, పవిత్రం చేయు","this is an exception, very strong: that deserving death (W); (Hilkka)",GC 15-Feb-2019,
n,హాగరు,,,"హాగరు సుమారు 2000 సంవత్సరాల క్రితం జీవించింది. ఆమె అబ్రహాము భార్య అయిన శారా ఇంట్లో ఒక దాసి. శారాకు ఇంకా సంతానం కలగనప్పుడు, ఆమె అబ్రహామును హాగరుతో శయనించమని కోరింది, మరియు హాగరు ఒక బిడ్డకు జన్మనిచ్చింది, అతనికి ఇష్మాయేలు అని పేరు పెట్టారు. (కానీ ఇష్మాయేలు, దేవుడు అబ్రహాముకు శారాతో ఇస్తానని వాగ్దానం చేసిన కుమారుడు కాదు. పన్నెండు సంవత్సరాల తరువాత, శారా అబ్రహాము ద్వారా ఒక కుమారుడిని కన్నది, అతనికి వారు ఇస్సాకు అని పేరు పెట్టారు. ఇస్సాకే దేవుడు వాగ్దానం చేసిన కుమారుడు.)",,,,
t,వడగళ్ళు,,మంచు రాళ్ళు; ఘనీభవించిన వర్షపు రాళ్ళు,వడగళ్ళు అనేవి వర్షంలా ఆకాశం నుండి పడే గడ్డకట్టిన నీటి ముక్కలు (మంచు); గట్టిగా గడ్డకట్టిన వర్షం.,,,,
n,హామాను,,,"హామాను ఇశ్రాయేలును ద్వేషించిన అన్యమత రాజు అగాగు యొక్క వంశస్థుడు. పర్షియా రాజు అహష్వేరోషు అతన్ని ఒక అధికారిగా నియమించినప్పుడు, హామాను మొర్దెకైని మరియు పర్షియా సామ్రాజ్యంలో ఉన్న యూదులందరినీ చంపడానికి పూనుకున్నాడు.",,,GC 08-Mar-2019,
n,హన్నా,,,"హన్నా ఎల్కానాకు భార్యలలో ఒకతె. షిలోహులో యెహోవాకు ప్రార్థించే వరకు ఆమెకు సంతానం లేదు. ఆమె సమూయేలు అనే కుమారుడిని కన్నది, అతడు ఇశ్రాయేలుకు ప్రవక్తగా అయ్యాడు. (హన్నా అనే పేరుకు 'కృప' అని అర్థం.)",,,,GC 7/7/2019
n,హానూను,,,దావీదు రాయబారులను అవమానించిన అమ్మోనీయుల రాజు.,,,,
n,హారాను,,,హారాను అనే పేరుతో చాలా మంది వ్యక్తులు మరియు ఒక నగరం ఉండేవి. ఒక హారాను అబ్రహాముకు సోదరుడు మరియు లోతుకు తండ్రి. హారాను అని పిలువబడే నగరం అబ్రాము తండ్రి మరణించిన ప్రదేశం.,,,GC 07-Feb-19,
t,పరలోకము,"స్వర్గం, ఆకాశం", పైన; ఆకాశం; చాలా ఎత్తు (G); స్వర్గం (R);,"పరలోకము అంటే భూమికి లేదా నేలకు పైన ఉన్న ప్రతిదీ, అందులో గాలి, మేఘాలు, ఆకాశం, దేవుని అదృశ్య నగరం మరియు అక్కడ నివసించే అన్ని జీవులు కూడా చేరి ఉంటాయి.",భూమి,try to separate heaven and sky; asaman not helpful in PNG,,
n,హెబ్రీయులు,"హెబ్రీయులు, యూదులు, యూదులు, ఇశ్రాయేలీయులు",యూదు-ప్రజలు; యూదు-చర్చ;,"హీబ్రూ అంటే అబ్రహం వారసులు (పన్నెండు తెగలు) మరియు వారి భాష, వారిని దేవుడు తన ప్రత్యేక జాతిగా ఎంచుకున్నాడు. హెబ్రీయులు తరువాత ఇశ్రాయేలీయులు అని పిలువబడ్డారు (దేవుడు యాకోబు పేరును ఇశ్రాయేలుగా మార్చిన తరువాత) మరియు తరువాత యూదులు (ఎందుకంటే చాలా మంది ఇశ్రాయేలీయులు యూదా/యూదాలో నివసించారు).","అన్యులు, ఇశ్రాయేలీయుడు, యూదుడు",,,
n,హెబ్రోను,,,హెబ్రోను అనే రెండు పట్టణాలు (నగరాలు) ఉన్నాయి. అబ్రాహాము మరియు యాకోబు కనానులోని హెబ్రోను దగ్గర దేవుణ్ణి ఆరాధించారు. రాజైన దావీదు తరచుగా యూదాలోని హెబ్రోనుకు వెళ్లేవాడు.,,,GC 19-Feb-2019,
t,మంద,మందలు,,"మంద అనేది జంతువుల సమూహం, ముఖ్యంగా పెంపుడు జంతువులైన (అడవి కాని) జంతువులను డెక్కలు కలిగి ఉంటాయి, వీటిని ప్రజలు (గొర్రెల కాపరులు) కలిసి ఉంచుకుని తమను తాము పోషించుకోవడానికి పశువులుగా చూసుకుంటారు.",గొర్రెల కాపరి; పశువులు,,,
n,హెర్మే,,,"మెర్క్యురీ అని కూడా పిలువబడే హెర్మెస్, గ్రీకు మరియు రోమన్ దేవత. అన్యమతస్థుల నమ్మకం ప్రకారం, అతను ఇతర దేవతలకు దూతగా సేవ చేసేవాడు.",,,,
n,హేరోదు,,,"హేరోదు అనేది రోమన్లు ​​ఇశ్రాయేలులోని కొన్ని ప్రాంతాలపై అధికారంలో ఉంచిన రాజుల కుటుంబం పేరు. ఆ రాజులలో నలుగురు: (1) యూదయలో పరిపాలించిన గొప్ప హేరోదు (యేసు శిశువుగా ఉన్నప్పుడు రాజుగా ఉన్నాడు), (2) గలిలయలో పరిపాలించిన హేరోదు అంతిపా (యేసు బోధిస్తున్న కాలంలో పరిపాలించాడు), (3) యూదయలో పరిపాలించిన మొదటి హేరోదు అగ్రిప్ప (యేసు పునరుత్థానం తర్వాత పరిపాలించి, తొలి క్రైస్తవులను హింసించాడు) మరియు (4) యూదయలో పరిపాలించిన రెండవ హేరోదు అగ్రిప్ప (పౌలు విచారణ ఎదుర్కొంటున్న కాలంలో పరిపాలించాడు).",,,,
t,ప్రధాన గురువు,ప్రధాన పూజారి,దేవునికి దానం చేసే నాయకుడు (R); యాజకులకు అధిపతి (U),ప్రధాన యాజకుడు యాజకులందరికీ నాయకుడు. గుడారంలో లేదా దేవాలయంలోని అతి పరిశుద్ధ స్థలంలోకి వెళ్లడానికి ప్రధాన యాజకుడికి మాత్రమే అనుమతి ఉండేది. అక్కడ అతను తన సొంత పాపాల కోసం మరియు ప్రజలు చేసిన పాపాల కోసం దేవునికి బలి అర్పించేవాడు.,పూజారి,other language: head man of priests (Urt),,
t,పవిత్రమైన," పవిత్రత, పవిత్రమైన, పవిత్రమైన,",ప్రత్యేకమైన; ప్రత్యేకించబడిన / ప్రత్యేకమైన / పవిత్రమైన; స్వచ్ఛమైన లేదా పాపం/అపరాధం/నైతిక లోపం లేని; దేవునికి చెందినది (దేవునితో సంబంధం కలిగి ఉంటుంది); చెడు విషయాలు/క్రియలకు దూరంగా ఉండటం (G); స్వచ్ఛమైన (W); దేవునికి చెందినది (R); శుభ్రంగా (R); నేరుగా (k);,"పవిత్రం అంటే (1) స్వచ్ఛమైనది, పరిశుభ్రమైనది, (2) క్షమించబడినది; (3) ప్రత్యేకమైనది, ఇతరుల నుండి భిన్నమైనది; వేరు చేయబడినది; దేవునికి అంకితం చేయబడినది లేదా చెందినది, మరియు (4) దేవునికి నమ్మకమైనది. యేసును పరిశుద్ధుడు అని పిలుస్తారు మరియు దేవుడే పరిశుద్ధాత్మ అని పిలుస్తారు. (బైబిల్ క్రైస్తవులను పరిశుద్ధులు అని పిలుస్తుంది, అంటే పవిత్ర ప్రజలు.)","పవిత్రాత్మ, పాపం, పాపాత్ముడు, పవిత్రుడు",,,
t,పవిత్రాత్మ,"దేవుని ఆత్మ, యేసు ఆత్మ, యేసు ఆత్మ, దేవుని పరిశుద్ధాత్మ",దేవుని ఆత్మ; దేవుని శ్వాస; ఆకర్షణీయమైన/మంచి ఆత్మ (G); యేసు ఆత్మ; స్వచ్ఛమైన శ్వాస (W); సూటిగా ఉండే ఆత్మ (R); ప్రకాశవంతమైన/పరిపూర్ణ శ్వాస/గాలి (U),"దేవుడు పరిశుద్ధుడు, మరియు దేవుడు ఆత్మ కాబట్టి, బైబిలు దేవుడిని పరిశుద్ధాత్మ అని పిలుస్తుంది. యేసు మనతో పాటు కనిపించే రూపంలో ఉన్న దేవుడు అయినట్లే, పరిశుద్ధాత్మ మనతో పాటు కనిపించని రూపంలో ఉన్న దేవుడు. (యేసుపై విశ్వాసం ఉంచిన వారితో పరిశుద్ధాత్మ వచ్చి నివసిస్తాడని యేసు వాగ్దానం చేశాడు.)", ఆత్మ,other language: bright/perfect breath/wind (urt),,
t,గౌరవం,"గౌరవనీయమైన, గౌరవనీయమైన",గౌరవించు / మంచిగా మాట్లాడు (G); అధికారం కింద ఉండు / మొదటి స్థానం పొందు / ఉన్నతీకరించు / ప్రశంసించు పేరు / సంతోషపెట్టు (U)t,"ఒకరిని గౌరవించడం అంటే, ఆ వ్యక్తి ఎంత గొప్పవారో లేదా మంచివారో చెప్పడం, లేదా వారి వయస్సు, జ్ఞానం లేదా అధికారం పట్ల గౌరవం చూపించడం.","పూజించు, స్తుతి, కృతజ్ఞతలు చెప్పు","other language: stay under authority (urt), have first place (urt), lift up/praise name of (urt), make happy (urt)",GC 23-Feb-2019,
t,గుర్రం,గుర్రాలు,,"గుర్రాలు పెద్దవి, బలిష్టమైనవి మరియు వేగంగా పరిగెత్తే జంతువులు, వాటిపై మనుషులు స్వారీ చేయగలరు. వాటితో బండ్లను మరియు రథాలను లాగించవచ్చు, లేదా బరువులను మోయించవచ్చు. గుర్రాలు అనేక పరిమాణాలలో ఉంటాయి, కానీ అవి సాధారణంగా ఒంటెల కంటే పొట్టిగా మరియు గాడిదల కంటే పెద్దవిగా ఉంటాయి.",,,GC 15-Feb-2019,
t,హోసన్నా,,ఓసానా (R); ప్రశంసించు / (U) తో సంతోషంగా ఉండు;,హోసన్నా అనేది యూదులు తమ రాజును గౌరవించడానికి కేకలు వేసే ఒక పలకరింపు. దాని అర్థం 'దేవుడు అతన్ని రక్షించుగాక!'.,,"praise (urt), be happy with (urt)",,
t,హిస్సోపు,, ఐసోప్ (K) అని పిలువబడే (చిన్న) చెట్టు;,"హిస్సోపు అనేది ఒక రకమైన మొక్క. ఇశ్రాయేలు యాజకులు బలి అర్పించిన రక్తంలో హిస్సోపు ఆకును ముంచి, ఆ రక్తాన్ని ప్రజలపై లేదా వస్తువులపై చల్లి, వాటిని దేవుని దృష్టిలో పవిత్రంగా చేసేవారు.",,"Hyssop is a shrub, not a tree.",,
t,విగ్రహం,"విగ్రహాలు, దేవతలు","(చెక్కిన/మానవ నిర్మిత) ప్రజలు పూజించే చిత్రం; ప్రతిమ; అబద్ధ దేవుడు (G, K); చెక్కడం (W, R)","విగ్రహాలు అంటే ప్రజలు దేవునికంటే ఎక్కువగా కోరుకునే వస్తువులు. విగ్రహం అనేది సాధారణంగా కనిపించని దేనినైనా సూచించడానికి తయారు చేయబడిన, కంటికి కనిపించే ఒక ప్రతిమ. కొందరు ప్రజలు చెక్కతో లేదా రాయితో విగ్రహాలను చెక్కుతారు. ఒక దేవుడు లేదా ఆత్మ వచ్చి ఆ విగ్రహంలో నివసిస్తుందని ప్రజలు నమ్ముతారు, అందుకే ఆ దేవుడు తమ ప్రార్థనలను వింటాడని భావించి వారు ఆ విగ్రహానికి ప్రార్థిస్తారు.","దేవా,",,"False only in the sense that they are not Yahweh, the incomparable Creator. The spirits of gods do exist and pagans do pray to them.",
t,ధూపం,,"పొగ మంచి వాసన వచ్చే జిగట పదార్థం (R); పొడిని ఉడికించి/కాల్చివేసి, దాని పొగ మంచి వాసన వస్తుంది మరియు దీనిని ఇన్సెన్స్ (K) అంటారు.",ధూపం అనేది కాల్చినప్పుడు సువాసన వెదజల్లే చెట్టు యొక్క జిగురు లేదా భాగాల నుండి తయారవుతుంది. అనేక మతాల వారు తమ దేవతలను పూజించేటప్పుడు ధూపం వేస్తారు.,సాంబ్రాణి,,,
t,ఇనుము,,,"ఇనుము ఒక బలమైన లోహం, ఇది పనిముట్లు, ఆయుధాలు, యుద్ధ రథాలు (గుర్రాలచే లాగబడేవి) మరియు గొలుసులు తయారు చేయడానికి ఉపయోగపడుతుంది.",,,,GC 7/7/2019
n,ఇస్సాకు,,,"ఇస్సాకు యేసుకు దాదాపు 1900 సంవత్సరాల ముందు జీవించాడు. దేవుడు అబ్రాహాముకు తన భార్య శారాకు జన్మనిస్తాడని వాగ్దానం చేసిన కుమారుడు ఇస్సాకు. అబ్రాహాము ప్రభువైన దేవునికి బలి అర్పించిన కుమారుడు కూడా ఇస్సాకే. (వృద్ధురాలైనప్పటికీ తాను కొడుకును కంటానని దేవుడు ఇచ్చిన వాగ్దానాన్ని విన్నప్పుడు, సారా నవ్వింది. ఇస్సాకు అంటే నవ్వు.)",,,The spirit of Antichrist has promulgathed a false docrine that Abraham offered his bastard son Ishmael.,
n,యెషయా,,,యెషయా యేసుకు సుమారు 800 సంవత్సరాల ముందు జీవించాడు. అతను తరచుగా యూదా రాజులతో మాట్లాడేవాడు మరియు మెస్సయ్య గురించి అనేక ప్రవచనాలు చేస్తూ యెషయా గ్రంథాన్ని రాశాడు. యెషయా తన గురించే రాశాడని యేసు చెప్పాడు.,,,,
t,ఇజ్రాయెల్,"ఇశ్రాయేలీయులు, ఇశ్రాయేలీయులు",,"ఇశ్రాయేలీయులు యాకోబు వంశస్థులు, అతని పేరు ఇశ్రాయేలు అయింది. ఇశ్రాయేలీయులు ఇశ్రాయేలు అనే దేశంలో సభ్యులు. (గోత్రాలు కనానును ఆక్రమించిన తర్వాత, వారు తమ దేశానికి ఇజ్రాయెల్ అని పేరు పెట్టారు.) దేశం రెండుగా విడిపోయిన తర్వాత, ఉత్తరాది వారిని ఇశ్రాయేలీయులు అని మరియు దక్షిణాది వారిని యూదులు అని పిలుస్తారు.","హిబ్రూ, యూదుడు",,GC 23-Feb-2019,
n,యాబీను,,,"యాబాను ఒక కనానీయుల రాజు, అతని సైన్యం ఇశ్రాయేలీయులను అణచివేసింది. వారు యెహోవాకు ప్రార్థించిన తర్వాత, ఇశ్రాయేలీయులు యాబీను సైన్యాన్ని ఓడించి అతన్ని చంపారు.",,,GC 07-Feb-19,
n,యాకోబు,,,"యాకోబు యేసుకు సుమారు 1850 సంవత్సరాల ముందు జీవించాడు. అతను ఇస్సాకు కుమారుడు మరియు అబ్రహాము మనవడు. యాకోబు దేవుని దూతతో పోరాడిన తర్వాత, ఆ దూత అతనికి ఇశ్రాయేలు అనే కొత్త పేరు పెట్టాడు. ఇశ్రాయేలు యొక్క పన్నెండు మంది కుమారులు ఇశ్రాయేలు పన్నెండు గోత్రాలకు పూర్వీకులయ్యారు. (అందుకే, ఇశ్రాయేలీయులను కొన్నిసార్లు యాకోబు వంశం అని కూడా పిలుస్తారు.)",ఇజ్రాయెల్,,,
n,(యాయేలు),,,"యాయేలు ఒక కేనీయ స్త్రీ, ఆమె వంశం ఇశ్రాయేలులో నివసించినప్పటికీ కనానీయులతో శాంతి సంబంధాలను కలిగి ఉండేది. సీసెరా ఇశ్రాయేలు సైన్యం నుండి పారిపోయినప్పుడు, అతను యాయేలు గుడారంలో ఆశ్రయం పొందాడు, అక్కడ అతను నిద్రిస్తున్నప్పుడు ఆమె అతన్ని చంపేసింది. (యాయేలు అనే పేరుకు 'యెహోవాయే దేవుడు' అని అర్థం.)",,,"Yah is often assumed to be a short form of Yahweh, even though other nations myths mention a deity called Yah or Yeh.",GC 7/7/2019
t,కారాగారం,"జైళ్లు, జైలు, జైళ్లు, ఖైదు చేయబడిన, జైలు పాలైన", ఒకరిని జైలులో ఉంచే ప్రదేశం (G);,"జైలు అనేది ప్రభుత్వాలు నేరస్థులను లేదా నేరం చేసినట్లు ఆరోపించబడిన వారిని బంధించి ఉంచే ఒక చిన్న ఇల్లు లేదా గది. యోసేపు ఐగుప్తులోని ఒక జైలులో, పేతురు యెరూషలేములోని ఒక జైలులో, మరియు పౌలు రోమ్‌లోని ఒక జైలులో బంధించబడ్డారు. జైలులో బంధించబడిన వ్యక్తిని ఖైదీ అంటారు. జైలుపై అధికారం ఉన్న వ్యక్తిని జైలర్ అంటారు.",గొలుసు,,GC 19-Feb-2019,
n,జేమ్స్,,,"యాకోబు అనే పేరుగల అనేక మంది వ్యక్తులు ఉన్నారు. ఇద్దరు అపొస్తలులు. మరొకరు యేసు సోదరుడు యాకోబు, తరువాత అతను క్రైస్తవుడిగా మరియు జెరూసలేం చర్చిలలో నాయకుడిగా మారాడు. (యాకోబు యొక్క హీబ్రూ రూపం యాకోబు, అంటే సర్ప్లాంటర్ అని అర్థం.)",,,GC 08-Mar-2019,
t ,అసూయ,అసూయ,,"అసూయ అంటే (1) ఇతరులు విజయం సాధించినప్పుడు లేదా మీకు కావలసినది పొందినప్పుడు బాధపడటం లేదా కోపగించుకోవడం, (2) ఇతరులను చూసి ఈర్ష్యపడటం, లేదా (3) వారి వద్ద ఉన్నవాటిని కోరుకోవడం. అసూయ మిమ్మల్ని పాపం వైపు నడిపించగలదు. దేవుని ప్రజలు ఇతర దేవతలను ఆరాధించినప్పుడు దేవుడు కూడా అసూయపడతాడు.",,,The slant (/) has no meaning.,
n,యెహోయాకీను,"యెహోయాకీను, కొన్యా",,"క్రీస్తుకు 598 సంవత్సరాల ముందు, బాబిలోనియన్ సైన్యం దండెత్తి జెరూసలేము నగరాన్ని స్వాధీనం చేసుకున్నప్పుడు, కోనియా మరియు యెహోయాకీను అని కూడా పిలువబడే యెహోయాచిన్ యూదా (దక్షిణ ఇశ్రాయేలు) దేశానికి రాజుగా ఉన్నాడు.",,,,GC 7/7/2019
n,యెహోయాదా,,,యోవాషు రాజు పరిపాలనకు ముందు మరియు ఆ కాలంలో యెహోయాదా యెరూషలేము ఆలయంలో ప్రధాన యాజకుడిగా ఉన్నాడు. అతని భార్య దుష్ట రాణి అతల్యా చేతిలో చంపబడకుండా పసికందు యోవాషును కాపాడింది.,,,,GC 7/7/2019
n,యెఫ్తా,,,"యెఫ్తా న్యాయాధిపతుల కాలంలో, యేసుకు సుమారు 1700 సంవత్సరాల ముందు జీవించాడు. అతను ఇశ్రాయేలీయుల సైన్యానికి నాయకుడై, వారిని విజయపథంలో నడిపించాడు.",,,,
n,యిర్మియా,,,"యిర్మీయా యేసుకు దాదాపు 600 సంవత్సరాల ముందు, అంటే ఇశ్రాయేలును బాబిలోన్ నాశనం చేసిన సమయంలో మరియు ఆ సమయంలో జీవించాడు. అతను దేవుని ప్రవక్త, ఇశ్రాయేలీయులు తమ అవిధేయతకు పశ్చాత్తాపపడాలని పిలుపునిచ్చాడు, బాబ్లోనియన్లు యెరూషలేమును స్వాధీనం చేసుకుని 70 సంవత్సరాలు వారిని చెరలోకి తీసుకువెళతారని వారిని హెచ్చరించాడు.",,,,
n,యెరికో,,,"యెరికో అనేది కనాను దేశంలో ఉన్న ఒక బలమైన, ప్రాకారాలు గల నగరం. రాహాబు అక్కడే నివసించేది. యెహోషువ మరియు ఇశ్రాయేలీయులు దేవుని అద్భుతమైన సహాయంతో జయించిన మొదటి నగరం యెరికోనే. దేవుడు యెరికో గోడలు కూలిపోయేలా చేశాడు.",,,Good as is.,
n,యరొబాము,,,"రాజైన సొలొమోను మరణించిన తర్వాత, అతని రాజ్యం రెండుగా విభజించబడింది. యరొబాము ఉత్తర భాగానికి రాజు అయ్యాడు, దానికి వారు ఇశ్రాయేలు అని పేరు పెట్టారు. యరొబాము ఇశ్రాయేలీయులను యెరూషలేముకు వెళ్లడం మానేసి, ఎద్దులా కనిపించే విగ్రహాలకు నమస్కరించి యెహోవాను ఆరాధించమని చెప్పాడు, మరియు అతడు తనను తాను యాజకుడిగా చేసుకున్నాడు. ఈ చర్యలు యెహోవాకు ఆగ్రహం కలిగించాయి. యరొబాము ఒక దుష్ట రాజు.",,,GC 19-Feb-2019,
n,యెరూషలేము,,,"రాజైన దావీదు జెరూసలేంను స్వాధీనం చేసుకున్న తర్వాత, అది ఇజ్రాయెల్ రాజధాని నగరంగా మారింది. (జెరూసలేం అనే పేరుకు అర్థం శాంతి నగరం.) రాజైన సొలొమోను జెరూసలేంలో దేవునికి ఒక ఆలయాన్ని నిర్మించాడు. 1000 సంవత్సరాలుగా, జెరూసలేం నగరం యూదులకు కేంద్ర ప్రార్థనా స్థలంగా ఉంది. జెరూసలేంకు మరో పేరు మౌంట్ సీయోను, ఎందుకంటే ఇది ఒక కొండపై ఉంది. జెరూసలేం అనేకసార్లు నాశనం చేయబడి పునర్నిర్మించబడింది.",సీయోను,, ,
n,యెష్షయి,,,"యెష్షయి రాజు దావీదుకు తండ్రి, మరియు దావీదు యేసుక్రీస్తుకు పూర్వీకుడు. పాత నిబంధనలో, మెస్సయ్య లేదా క్రీస్తు యెష్షయి మరియు దావీదు వంశస్థుడై ఉంటాడని ప్రవక్త యెషయా వ్రాశాడు.",,,,
n,యేసు,,"రోమన్ లిపిలో యీసు, అరబిక్ లిపిలో ఇసా (W);","(ఒక దేవదూత మరియ మరియు యోసేపులకు వారి కుమారునికి) యేసు అని పేరు పెట్టమని చెప్పింది, దానికి అర్థం 'దేవుడు రక్షిస్తాడు' అని, ఎందుకంటే ఆయన ప్రజలను వారి పాపాల నుండి రక్షిస్తాడు. యేసు వాగ్దానం చేయబడిన మెస్సయ్య లేదా క్రీస్తు. ఆయన మానవ రూపంలో వచ్చిన దేవుడు, ఏకైక రక్షకుడు. (ఆయన భూమిపై అద్భుతాలు చేశాడు, మన పాపాల నిమిత్తం మరణించాడు, మూడు రోజుల తర్వాత తిరిగి లేచాడు, మరియు ఆయన పరలోకానికి ఆరోహణమయ్యాడు, అక్కడి నుండి ఒక రోజు సజీవులకు మరియు మృతులకు తీర్పు తీర్చడానికి మరియు ఆయన ఇప్పుడు నిర్మిస్తున్న రాజ్యాన్ని పరిపాలించడం కొనసాగించడానికి తిరిగి వస్తాడు). యేసుకు ఇవ్వబడిన మరికొన్ని బిరుదులు: యేసుక్రీస్తు, మెస్సయ్య, దేవుని కుమారుడు, మానవ కుమారుడు, దావీదు కుమారుడు.",,Arabic ref.,,
n,యిత్రో,రెయుయేల్,,యెత్రో అనేది మిద్యాను దేశపు యాజకుడి బిరుదు. అతని అసలు పేరు రెయూవేలు (నిర్గమకాండము 4:18). క్రీస్తుపూర్వం సుమారు 1400 సంవత్సరంలో మోషే యెత్రో కుమార్తెలలో ఒకరిని వివాహం చేసుకున్నాడు. (రెయూవేలు అనే పేరుకు 'దేవుని స్నేహితుడు' అని అర్థం.),,,,GC 7/7/2019
n,యూదుడు,"యూదులు, యూదులు, హెబ్రీయులు",యూదులు అని పిలువబడే ప్రజలు (ఒక తెగ); ఇశ్రాయేలు కుమారులు (W);,"యూదులు అబ్రహం మరియు యాకోబు వంశస్థులు, వీరిని ఇశ్రాయేలు అని కూడా పిలుస్తారు. వారు యూదా అనే దేశంలో నివసించారు, అందుకే యూదులు అనే బిరుదు వచ్చింది. దేవుడు వారిని 'దేవుని ప్రజలు' అని పిలిచేవారు ఎందుకంటే దేవుడు వారిని ఒక జాతిగా ఎంచుకున్నాడు ఎందుకంటే ఆయన తనను తాను వెల్లడి చేసుకునేందుకు మరియు మెస్సీయ ఎవరి ద్వారా జన్మిస్తాడో వారికి తెలియజేసుకున్నాడు. దేవుడు ఇశ్రాయేలును, యూదులను అన్ని దేశాలకు వెలుగుగా ఉండటానికి, లోకమంతటికీ దేవుణ్ణి చూపించడానికి ఎంచుకున్నాడు. జాతి యూదులు అలా చేయలేదు. కాబట్టి దేవుడు యేసును యూదునిగా జన్మించి, ప్రపంచంలోని అన్ని దేశాలకు వెలుగు మరియు జీవితాన్ని తీసుకురావాలనే తన ఉద్దేశ్యాన్ని నెరవేర్చడానికి పంపాడు. 'నిజమైన' యూదుడు అబ్రహం నుండి వచ్చిన జాతి వారసుడు కాదని, అబ్రహం లాగా దేవుణ్ణి విశ్వసించి, విధేయత చూపే ఏ వ్యక్తి అయినా (వారి జీవసంబంధమైన జాతితో సంబంధం లేకుండా) అని యేసు బోధించాడు.","అన్యులు, ఇశ్రాయేలీయుడు","I would leave this out from notes: Sometimes the term 'Jew' is used figuratively/generically in the New Testament to refer to believers, Christians, people who truly belong to God. (Hilkka)",,
t,నగ,"రత్నాలు, రత్నం, రత్నాలు, రత్నం, రత్నాలు",రాయి (R); పూసలు (R); మీరు పెద్ద మొత్తంలో డబ్బు చెల్లించే రాళ్ళు (U);,"రత్నాలు అనేవి వివిధ రంగులలో ఉండే అందమైన రాళ్లు, వాటికి చాలా ధర ఉంటుంది. ఇశ్రాయేలు ప్రధాన యాజకుడు తన వక్షపలకపై రత్నాలను ధరించేవాడు (ఇశ్రాయేలు యొక్క 12 గోత్రాలకు ప్రతీకగా). ప్రకటన గ్రంథంలో నూతన యెరూషలేము యొక్క గోడలు రత్నాలతో నిర్మించబడినట్లుగా వర్ణించబడింది.",,other language: stones you pay big money,,
t,యూదు మత నాయకులు,"మత నాయకుడు, మత నాయకులు, యూదు మత నాయకుడు", దేవుడిని నమ్మే యూదుల నాయకులు (జి);,"యూదు మత నాయకులలో పూజారులు, రబ్బీలు, శాస్త్రులు మరియు బోధకులు ఉన్నారు, వీరు దేవుని నియమాలను అర్థం చేసుకోవడానికి మరియు పాటించడానికి ఇతరులకు సహాయం చేయవలసి ఉంటుంది. అలాంటి చాలా మంది నాయకులు యేసును నమ్మలేదు మరియు క్రైస్తవులుగా మారిన యూదులకు హాని కలిగించడానికి ప్రయత్నించారు.","పరిసయ్యుడు, సద్దూసీ",,GC 15-Feb-2019,
n,యోవాబు,,,యోవాబు చాలా సంవత్సరాల పాటు దావీదు సైన్యానికి నమ్మకమైన సేనాధిపతిగా ఉన్నాడు.,,,GC 07-Feb-19,
n,యోవాషు,యెహోయాషు,,"యోవాషు క్రీస్తుకు సుమారు 800 సంవత్సరాల ముందు యూదా (దక్షిణ ఇశ్రాయేలు) దేశానికి రాజుగా ఉన్నాడు. చిన్నతనంలో అతను యెహోవాను సేవించాడు, కానీ వృద్ధాప్యంలో దుర్మార్గం చేసి చంపబడ్డాడు.",,,GC 07-Feb-19,
n,యోబు,,,"యోబు చాలా కాలం క్రితం జీవించిన ప్రసిద్ధుడు, ధనవంతుడు, దైవభక్తిగలవాడు, మంచివాడు. శత్రువులు అతని సంపదనంతా దోచుకున్న తర్వాత, సాతాను అతని పిల్లలను చంపిన తర్వాత, అతను చాలా అనారోగ్యానికి గురయ్యాడు. అతని స్నేహితులు అతనిపై రహస్య పాపాలు చేశాడని ఆరోపించారు, కానీ యోబు తాను మంచివాడని తెలుసు, కాబట్టి తాను ఎందుకు బాధపడుతున్నాడో దేవుడిని అడగాలనుకున్నాడు. అతను వినయంగా మారిన తర్వాత, దేవుడు అతని ఆరోగ్యాన్ని మరియు సంపదను తిరిగి పొందాడు మరియు అతనికి మరిన్ని పిల్లలు పుట్టారు.",,,GC 19-Feb-2019,
n,యోహాను,,యోవన్నా (పశ్చిమ),"యోహాను అనే పేరుకు అర్థం 'దేవుని కృప'. బైబిల్‌లో యోహాను అనే పేరు గల పురుషులలో వీరు ఉన్నారు: (1) ప్రజలను దేవుని వైపుకు తిరగమని హెచ్చరించిన బాప్తిస్మమిచ్చు యోహాను, (2) యేసుకు అత్యంత సన్నిహితంగా ఉన్న ముగ్గురిలో ఒకరైన యేసు అపొస్తలుడు, ఈయన సువార్తను, అనేక పత్రికలను మరియు దాదాపు ఖచ్చితంగా ప్రకటన గ్రంథాన్ని కూడా రాశారు, (3) ఒక సువార్తను రాసిన బర్నబాస్ బంధువైన యోహాను మార్కు, (4) పేతురు తండ్రి, (5) ఒక ప్రధాన యాజకుని బంధువు.",,Arabic ref.,Some believe that (2) and (6) be the same man.," Several people named John are mentioned in the New Testament. The two most important are John the Baptizer and John the Apostle: (1) John the Baptizer was the prophet who prepared the way for Jesus. He was a prophet in the tradition of Elijah, and like Elijah he warned the people to repent and come back to God. See Matthew 3:1–15; 11:2–19; 14:1–12; 17:13; 21:24–32; Mark 1:4–11; 6:14–29; 11:29–33; Luke 1:13–17, 57–63, 76–80; 3:2–20; 7:18–33; 11:1; John 1:6–8, 15, 19–36; 3:22–30. (2) John the Apostle was the son of Zebedee and brother of James. He was one of the twelve apostles of Jesus. He wrote the Gospel of John and the Letters of John, and almost certainly the Book of Revelation. See Matthew 4:21–22; 10:2; 17:1–13; Mark 1:29; 3:17; 5:37; 9:1–13, 38; 10:35–41; 13:3; Luke 8:51; 9:28–36, 49, 54; 22:8; Acts 3:1–11; 4:13, 19–20; 8:14–17; Galatians 2:9; Revelation 1:1, 4, 9; 22:2, 8. (3) John Mark, the cousin of Barnabas and co-worker of Paul, wrote the Gospel of Mark (Acts 12:12; 13:4–13; 15:37–39; Colossians 4:10; 2 Timothy 4:11; Philemon 24; 1 Peter 5:13). (4) John was the name of the father of Simon Peter (Matthew 16:17; John 1:42; 21:15–17). (5) Also there was a member of the family of the High Priest Annas named John (Acts 4:6)."
n,యోనా,,,"యోనా యేసుకు సుమారు 800 సంవత్సరాల ముందు జీవించాడు. అతని పేరుకు పావురం అని అర్థం. అతను దేవుని ప్రవక్త, మరియు (ఇష్టపడకపోయినా) నీనెవె అనే దుష్ట నగరాన్ని పశ్చాత్తాపపడమని పిలిచాడు. (యోనాను మింగిన ఒక పెద్ద చేప కడుపులో అతను మూడు రోజులు ఉన్నట్లే, తాను కూడా తన మరణం తర్వాత మూడు రోజులకే తిరిగి బ్రతికి వస్తానని యేసు ఒకసారి చెప్పాడు.) దేవుడు యోనా మాటల ద్వారానే కాకుండా, అతని జీవితం ద్వారా కూడా ఒక సందేశాన్ని అందించాడు.",,,,
n,యోనాతాను,,,"యోనాతాను రాజు సౌలు కుమారుడు. అతడు మరియు దావీదు చాలా మంచి స్నేహితులయ్యారు. సౌలు మరియు యోనాతాను యుద్ధంలో మరణించినప్పుడు, వారి స్థానంలో దావీదు రాజు అయ్యాడు. (యోనాతాను అనే పేరుకు 'ప్రభువు నుండి వచ్చిన బహుమతి' అని అర్థం.)",,,,
n,యోప్పా,,,"యొప్పా అనేది యెరూషలేముకు పశ్చిమాన సముద్ర తీరంలో ఉన్న ఒక పట్టణం, అక్కడ ఓడలు మరియు పడవలు వచ్చి వెళ్ళేవి.",,,GC 19-Feb-2019,
n,యొర్దాను,జోర్డాన్ నది,,"ఇశ్రాయేలు దేశంలో ఉత్తరం నుండి దక్షిణానికి ప్రవహించే పొడవైన నది పేరు యొర్దాను. యొర్దాను పశ్చిమాన మంచి వ్యవసాయ భూమి ఉంది, అయితే యొర్దాను తూర్పున ఎడారిగా ఉంది.",,,,
n,యోసేపు,,,"యోసేపు అనే పేరుగల వ్యక్తులలో (1) యాకోబు పదకొండవ కుమారుడు, (2) మరియ భర్త, (3) యేసు సోదరులలో ఒకరు, (4) యేసు మృతదేహాన్ని పాతిపెట్టిన ధనవంతుడైన యూదు నాయకుడు మరియు ఇతరులు ఉన్నారు. 

యాకోబు కుమారుడు యోసేపు యేసుకు 1800 సంవత్సరాల ముందు ఈజిప్టులో బానిసగా అమ్ముడయ్యాడు (మరియు ఈజిప్టులో ఒక ముఖ్యమైన అధికారి అయ్యాడు, అక్కడ అతను యాకోబు కుటుంబాన్ని 400 సంవత్సరాలు ఉండడానికి తీసుకువచ్చాడు). (యోసేపు అనే పేరుకు ఆయన జోడిస్తాడు అని అర్థం.)",,,,
n,యెహోషువ,,,"యెహోషువ యేసుకు దాదాపు 1400 సంవత్సరాల ముందు జీవించాడు. అతని పేరు అంటే ''దేవుడు రక్షిస్తాడు''. మోషే కనానుకు పంపిన 12 మంది వేగులలో అతను ఒకడు. మోషే మరణించినప్పుడు, వారు కనానును జయించే వరకు యెహోషువ ఇశ్రాయేలీయులకు నాయకుడయ్యాడు. (అతను ''నేను మరియు నా కుటుంబం విషయానికొస్తే, మేము దేవుణ్ణి అనుసరిస్తాము' అని అన్నాడు) 
(యెహోషువ అనే పేరు అంటే ప్రభువు రక్షిస్తాడు. యేసు అనే పేరు యెహోషువ అనే పేరు యొక్క ఒక రూపం.)'",,,GC 07-Feb-19,
n,యూదా,,,"యూదా యాకోబు పన్నెండు మంది కుమారులలో ఒకడు. అతని తల్లి లేయా. అతను ఇశ్రాయేలు యూదా గోత్రానికి పూర్వీకుడయ్యాడు. 
సొలొమోను రాజు మరణించిన తర్వాత, ఉత్తర గోత్రాలను ఇప్పటికీ ఇశ్రాయేలు అని పిలుస్తారు, అయితే రెండు దక్షిణ గోత్రాలను హీబ్రూలో యూదా అని పిలుస్తారు మరియు లాటిన్‌లో యూదా అని పిలుస్తారు. (యూదా అనే పేరుకు స్తుతి అని అర్థం.)",యూడియా,,"GC 08-Mar-2019

RR: should a note be made here about Judah also being a country split off from Israel?",
n,యూదయ,,,యూదా అనేది యూదా తెగ నివసించిన ప్రావిన్స్ లేదా ప్రాంతం పేరు.,యూదా,Judea is name of province/area where tribe of Judah lived. (Hilkka),,
t,న్యాయమూర్తి,న్యాయమూర్తులు,కానాన్ ల్యాండ్‌లోని యూదుల నాయకుడు (జి); మనిషి (ఎవరు) వివాదాలు/చర్చ (యు) నిర్ణయిస్తారు (పరిష్కారం);,"పురాతన కాలంలో, ఇశ్రాయేలులో రాజు ఉండే ముందు, న్యాయాధిపతులు తెగలను పరిపాలించేవారు. ఈ న్యాయాధిపతులు లేదా నాయకులకు వివాదాలు మరియు వాదనలను పరిష్కరించే అధికారం ఉంది మరియు యుద్ధంలో సైనికులను నడిపించే అధికారం కూడా ఉంది.

తీర్పు చెప్పడం అంటే నిర్ణయం తీసుకోవడం.

ఆధునిక కాలంలో న్యాయమూర్తి సాధారణంగా కోర్టులో తుది నిర్ణయం తీసుకునే లేదా ప్రకటించే వ్యక్తి.","రాజు, ప్రవక్త",other language: man (who) decides (solution for) disputes/talk (urt),GC 07-Feb-19,
t,న్యాయం,"న్యాయం, న్యాయంగా, న్యాయంగా, సమర్థించుకోండి", (దేవుని) సన్నిధిలో ఒకరు మంచివాడిగా పరిగణించబడతారు (G); ఎవరినైనా సరిదిద్దండి (W); వారిని సరిదిద్దండి (R); అతని దృష్టిలో వారిని సరిదిద్దండి (R); ప్రజల పనులను సరిగ్గా చెప్పండి (G);,"న్యాయం అంటే చట్టాలను లేదా ప్రమాణాలను పాటించడం. న్యాయవంతుడైన వ్యక్తి చట్టాలను పాటిస్తాడు. న్యాయవంతుడైన న్యాయమూర్తి చట్టం చెప్పే దాని ప్రకారం కేసులను నిర్ణయిస్తాడు. దేవుడు తన స్వంత చట్టాలు చెప్పే దాని ప్రకారం ఇతరులకు ప్రతిఫలమిచ్చినప్పుడు లేదా శిక్షించినప్పుడు అతను న్యాయవంతుడు. అబ్రహం చేసినట్లుగా, తన వాగ్దానాలను నమ్మే వారిని దేవుడు నీతిమంతులుగా లేదా సమర్థించుకున్నవారిగా అంగీకరిస్తాడు. మన మంచి పనులు మనకు విశ్వాసం ఉందని చూపించినప్పటికీ, మన విశ్వాసమే మనలను సమర్థిస్తుంది లేదా రక్షిస్తుంది. (వారి రక్షణను సంపాదించడానికి ప్రయత్నించే వారిని దేవుడు సమర్థించడు.)","నీతిమంతుడు, మంచివాడు, చెడువాడు",,,
n,కేతురా,,,"అబ్రాహాము భార్య శారా చనిపోయిన తర్వాత, అతను కెతూరా అనే స్త్రీని వివాహం చేసుకున్నాడు, ఆమెకు అనేక మంది పిల్లలు పుట్టారు. (కెతూరా అనే పేరుకు ధూపం లేదా తీపి వాసన అని అర్థం కావచ్చు.)",,,GC 19-Feb-2019,
t,దయ,దయ, ప్రజలకు మంచి చేయడం (జి);,దయ అంటే ఇతరులకు సౌమ్యంగా మంచి చేయడం.,దయ,"take out: showing pity to people (because it is mercy, not kindness) (hilkka)",GC 15-Feb-2019,
t,రాజు,"రాజులు, రాజు", పాలకుడు/అధికార వ్యక్తి; అధిపతి (G); రాజు (R);,"ఒక రాజు చనిపోయే వరకు ఒక రాజ్యం లేదా దేశంపై అత్యున్నత పాలకుడిగా ఉంటాడు. కొన్ని దేశాలు తమ రాజును దేవుడిగా పూజించాయి. (కొన్ని దేశాలు, రాజ్యాలు లేదా సామ్రాజ్యాలు తమ రాజులను వేర్వేరు బిరుదులు లేదా పేర్లతో పిలిచాయి, ఉదా., రోమ్ తన రాజును సీజర్ అని; ఈజిప్ట్ తన రాజును ఫరో అని; ఫిలిష్తీయులు తమ రాజును అబీమెలెకు అని పిలిచారు).","సీజరు, ఫరో, అబీమెలెకు",,,
t,రాజ్యం,"రాజ్యాలు, సామ్రాజ్యం, సామ్రాజ్యాలు",,ఒక రాజు భూమిని మరియు ప్రజలను పరిపాలించే చోట రాజ్యం ఉంటుంది. ఒక రాజు అనేక దేశాలను మరియు ప్రజలను పరిపాలించే చోట సామ్రాజ్యం ఉంటుంది. కొన్నిసార్లు 'సింహాసనం' అనే పదం రాజ్యాన్ని సూచిస్తుంది.,"దేశం, దేశం",,GC 08-Feb-19,
t,దేవుని రాజ్యం,"పరలోక రాజ్యం, దేవుని రాజ్యం", దేవుని రాజ్యం; దేవుడు ప్రతిదానిపై ఎలా పరిపాలిస్తాడు; ప్రజలపై దేవుని పాలన (G); దేవుని ప్రభుత్వం (R);,"దేవుని రాజ్యం మానవులు తమ రాజుగా దేవునికి విధేయత చూపే ప్రతిచోటా ఉంటుంది: యేసు రాజు కాబట్టి, ఆయన లోకంలోకి వచ్చినప్పుడు దేవుని రాజ్యాన్ని భూమికి తీసుకువచ్చాడు. దేవుని రాజ్యంలో పరలోకంలో మరియు భూమిపై తమను రాజుగా పరిపాలించడానికి యేసును స్వాగతించే వారందరూ ఉంటారు. 
కొన్నిసార్లు 'సింహాసనం' (రాజు కుర్చీ) అనే పదాన్ని రాజ్యాన్ని సూచించడానికి ఉపయోగిస్తారు.",,,"RR: #3 definition seems to contradict #1.  If Jesus (and God) are truly all-powerful and have all authority, then it seems to me that Jesus has been and is currently the king over earth and heaven.  He is the High King.  Currently there are many 'under kings' reigning on earth, but they are under Jesus' sovereignty.  Perhaps #3 should say something more like One day Jesus will do away with all other earthly kings and he himself will reign soley, visibly as King of earth when earth and heaven are once again rejoined/renewed.
GC: God's eternal sovereign rule over his creation and its creatures, to my knowledge, is not called 'Kingdom of God' in Scripture, only in abstract theology. Theology can inform translators, but should not introduce extraneious infomation into translation of specific verses.
RR: I feel more comfortable in having information that is general here, rather than trying to define past, present, future and eternal kingdoms (which is more a theological extraction than clearly deliniated in Scripture).
GC 08-Feb-19","The Kingdom of God exists wherever humans obey God as their king. Because Jesus is the divine King, he brought God's Kingdom to earth when he came into the world."
t,జ్ఞానం,"తెలుసు, తెలుసు",విషయాల యొక్క నిజమైన జ్ఞానం (G);,"జ్ఞానం లేదా 'తెలుసుకోవడం' అంటే (1) ప్రజలు గుర్తుంచుకోగలిగే మరియు మాట్లాడగలిగే ప్రతిదీ; (2) ప్రజలు నిజమని నమ్మే ఆలోచనలు లేదా ఆలోచనలు; (3) ఎవరితోనైనా లేదా దేవునికి చెందినవారిగా ఉండటం ఆనందించడం; లేదా (4) కలిసి పిల్లలను గర్భం ధరించడం. 

జ్ఞానం అంటే మంచి పనులు చేయడానికి జ్ఞానాన్ని ఎలా ఉపయోగించాలో నేర్పు.",జ్ఞానం,,GC 08-Mar-2019,
n,కోరహు,,,"కోరహు మోషే అహరోనులకు వ్యతిరేకంగా తిరుగుబాటుకు నాయకత్వం వహించాడు. కాబట్టి, దేవుడు నేలను చీల్చాడు, కోరహు మరియు అతనిని అనుసరించిన వారందరూ ఆ పగులులో పడి చనిపోయారు.",,,,
n,లాబాను,,,"లాబాను యాకోబుకు మామ, రెబెక్కా సోదరుడు, హారానులో నివసించాడు. లాబాను లేయా మరియు రాహేలులకు తండ్రి, వారు యాకోబు భార్యలు అయ్యారు.",,,,
n,గలిలయ సరస్సు,,,"గలిలీ సరస్సు ఉత్తర ఇజ్రాయెల్‌లోని ఒక పెద్ద లోతైన మంచినీటి సముదాయం, దీని నుండి జోర్డాన్ నది దక్షిణం వైపు ప్రవహిస్తుంది.",,,GC 08-Mar-2019,
t,దేవుని గొర్రెపిల్ల,దేవుని గొర్రెపిల్ల,"దేవుని కౌమార పురుష గొర్రె (K); దేవుని చిన్న/చిన్న గొర్రె (R, W)","బాప్తిస్మమిచ్చు యోహాను యేసును దేవుని గొర్రెపిల్ల అని పిలిచాడు, ఎందుకంటే యేసు బలిగా చనిపోతాడని, తద్వారా దేవుడు మానవులమైన మన పాపాలను క్షమించగలడని అతనికి తెలుసు. (ప్రకటన గ్రంథం యేసును చంపబడిన లేదా చంపబడిన కానీ తిరిగి బ్రతికిన గొర్రెపిల్ల అని పిలుస్తుంది.)",,,"As essential element of the Good News is that Jesus was crucified because of our sins. Romans explains that Jesus' death exonorates God who forgives guilty sinners. However, the idea of substitution seems a modern, evangelical metaphone that displaces attention away from the holiness of God onto a kind of punishment theme, perhaps a useful idea though hard to prove scripturally.",
t,దీపస్తంభం," దీపం, లాంతరు",,"దీపస్తంభం అంటే లోహంతో తయారు చేయబడిన దీపం, ఇది ఒకటి లేదా అంతకంటే ఎక్కువ అగ్ని జ్వాలలకు మద్దతు ఇస్తుంది మరియు వాటి ఇంధనాన్ని నిలుపుకుంటుంది.",,GC: ,Distinguished from clay lamps and from fire pots.,
t,భూమి,"భూమి, దేశం",భూమి/భూమి (జి);,"భూమి అంటే (1) మనం నడిచే నేల, (2) మనం విత్తనాలు నాటిన నేల, (3) మనం నివసించే దేశం, లేదా (4) సముద్రపు నీటితో కప్పబడని భూమి (మన మొక్కల భాగం) అని అర్థం.",,,,
t,(మోషే ధర్మశాస్త్రం),చట్టం,చాలా కాలం క్రితం మోషే చెప్పిన మాటలు (జి); మోషే ద్వారా దేవుని నుండి వచ్చిన సూచనలు; మోషే మార్గం (పశ్చిమ);,"ఇశ్రాయేలీయుల కోసం దేవుడు మోషేకు బయలుపరచిన నియమాలు మరియు సూచనలు ధర్మశాస్త్రంలో ఉన్నాయి. ధర్మశాస్త్రం (1) దేవుణ్ణి సంతోషపెట్టే చర్యలను చెబుతుంది మరియు (2) మనం ఎంత పాపులమో మానవులకు చూపిస్తుంది. ధర్మశాస్త్రం ఇప్పటికీ మంచిది, కానీ దేవునిపై విశ్వాసం మాత్రమే మనల్ని నరకం నుండి రక్షించగలదు. (క్రైస్తవులు ధర్మశాస్త్రాన్ని పాటించడం ద్వారా కాకుండా, యేసు ఆజ్ఞలను పాటించడం ద్వారా జీవిస్తారు (వాటిలో ప్రధానమైనది ఆయనను విశ్వసించడం.)",,,,
t,నాయకుడు,నాయకులు,మీకు మార్గనిర్దేశం చేసేవారు (జి); హెడ్ మ్యాన్ (యు),"నాయకుడు అంటే ఇతరులు వెళ్ళవలసిన మార్గాన్ని సూచించేవాడు. చాలా శక్తివంతమైన నాయకులను రాజులు లేదా చక్రవర్తులు అని పిలిచేవారు. తక్కువ శక్తివంతమైన వారిని అధిపతులు, గవర్నర్లు లేదా పెద్దలు అని పిలిచేవారు. తక్కువ శక్తివంతమైన వారిని కుటుంబ పెద్దలు మరియు పని యజమానులు అని పిలుస్తారు.","రాజు, పరిపాలకుడు, పెద్దవాడు",other language: head man (urt),,
t,కుష్ఠురోగము,"కుష్టురోగులు, కుష్టురోగులు",లెప్రా (R),"కుష్టు వ్యాధి ఒక తీవ్రమైన చర్మ వ్యాధి. ఈ వ్యాధి ఉన్నవారిని కుష్టురోగులు అని పిలిచేవారు. బైబిల్ కాలాల్లో ఈ వ్యాధితో బాధపడేవారు ఇతరుల నుండి దూరంగా జీవించవలసి ఉండేది. (ఆరోగ్యంగా ఉన్నవారు ఎప్పుడూ కుష్టురోగిని ముట్టుకోకపోయినా, యేసు కుష్టురోగులను స్వస్థపరిచినప్పుడు వారిని ముట్టుకున్నాడు.)",,,,
n,లేవి,"లేవీయులు, లేవీయులు",లెవి (R) వంశం నుండి; లివై (K) వంశం నుండి,"లేవీ అనే ఇశ్రాయేలు తెగకు పూర్వీకుడైన యాకోబు పన్నెండు మంది కుమారులలో లేవీ ఒకడు. ఇశ్రాయేలులో, లేవీయులకు మాత్రమే యెరూషలేము ఆలయంలో యాజకులుగా మరియు పనివారుగా సేవ చేయడానికి అనుమతి ఉంది. ఆరోన్ ఒక లేవీయుడు. సువార్త రాసిన మత్తయిని కూడా లేవీ అని పిలుస్తారు. (క్రైస్తవుల ప్రధాన యాజకుడు యూదా గోత్రం నుండి వచ్చిన యేసు.)",,,,
t,సింహం,సింహాలు,లయన్ (K); పెద్ద పిల్లి / జాగ్వర్ (G); సింబా (W);,"సింహాలు చాలా పెద్దవి, బలమైనవి, ధైర్యవంతులైన పిల్లులు, ఇవి ఇతర పెద్ద జంతువులను చంపి తింటాయి... (వాటికి పదునైన దంతాలు మరియు పొడవైన పంజాలు ఉంటాయి, అవి వెనక్కి తగ్గుతాయి.) (సింహాలు ప్రమాదకరమైనవి మరియు ప్రజలను చంపగలవు.) (రాజులను తరచుగా సింహాలతో పోల్చేవారు.) (యేసును యూదా తెగ సింహం అని పిలుస్తారు.)",,jaguar and simba not helpful in PNG,,
t,పశువులు,,,"పశువులు అంటే మేకలు, ఆవులు, ఒంటెలు, గాడిదలు, గొర్రెలు వంటి పెంపుడు జంతువులు (అడవి కానివి) ప్రజలు వీటిని కలిసి ఉంచుకుని తమను తాము పోషించుకోవడానికి తమ ఇళ్ల దగ్గర చూసుకుంటారు.","మంద, గొర్రెల కాపరి",,,
t,మిడుతలు,మిడత,,"మిడతలు అంటే ఎగిరే కీటకాలు (మిడత లాంటివి), ఇవి గుంపులుగా వచ్చి పంటలను మరియు ఇతర మొక్కలను నాశనం చేస్తాయి. కొంతమంది ఆహారం కోసం మిడతలను తింటారు.",,,,GC 7/7/2019
t,ప్రభువు,,సర్వోన్నతుడైన దేవుడు; గొప్ప/గొప్ప వ్యక్తి; అందరి యజమాని/యజమాని (G); ధనవంతుడు & ముఖ్యమైన వ్యక్తి (R); పెద్ద (K); యజమాని (W);,ప్రభువు అంటే (1) ఏకైక సృష్టికర్త దేవుడు; (2) భూమి లేదా బానిసల యజమాని; (3) భర్త; (4) ఇతర ఆత్మలను పాలించే ఆత్మ; మరియు (5) సర్ వంటి గౌరవ బిరుదు.,దేవుడు,,"Of course, in English LORD translates the Hebrew YHWH, which the LXX translated as kurios, lord, without a definite article. Hence the practice of substituting LORD for Yahweh, and of referring to Jesus as Lord. Lord also translates the Hebrew Adonai (My Lords) used only of God.",
t,ప్రభువు,, సర్వోన్నతుడైన దేవుడు; గొప్ప/గొప్ప వ్యక్తి; అందరి యజమాని/యజమాని (G); ధనవంతుడు & ముఖ్యమైన వ్యక్తి (R); పెద్ద (K); యజమాని (W);,ప్రభువు అంటే (1) ఏకైక సృష్టికర్త దేవుడు; (2) భూమి లేదా బానిసల యజమాని; (3) భర్త; (4) ఇతర ఆత్మలను పాలించే ఆత్మ; మరియు (5) సర్ వంటి గౌరవ బిరుదు.,దేవుడు,,"Of course, in English LORD translates the Hebrew YHWH, which the LXX translated as kurios, lord, without a definite article. Hence the practice of substituting LORD for Yahweh, and of referring to Jesus as Lord. Lord also translates the Hebrew Adonai (My Lords) used only of God.",
n,లోతు,,,"లోతు అబ్రాహాము మేనల్లుడు (సోదరుడి కుమారుడు). లోతు అబ్రాహాము దగ్గర ధనవంతుడయ్యాడు. కానీ ఇద్దరికీ పెద్ద పశువుల మందలు ఉన్నప్పుడు, వారు విడిపోయారు. అబ్రాహాము గుడారాలలో నివసించడానికి ఎంచుకున్నాడు, లోతు వెళ్లి సొదొమ అనే దుష్ట పట్టణంలో నివసించాడు. (లోతు మోయాబీయులకు మరియు ఇశ్రాయేలీయుల శత్రువులైన అమోనీయులకు పూర్వీకుడయ్యాడు.)",,,,
n,Lot,,,"Lot was Abraham's nephew (brother's son). Lot dwealt near Abraham. But when both men had big herds of cattle, they separated. Abraham chose to dwell in tents, whilst Lot went and dwelt in the evil city of Sodom. (Lot became the ancestor of the Moabites and of the Amonites, enemies of the Israelites.)",,,,
t,ప్రేమ,"ప్రేమించే, ప్రేమించే, ప్రేమించే",వాంట్ (W);,ప్రేమ అంటే మనం ఇతరులు మనతో ఎలా వ్యవహరించాలని కోరుకుంటామో అలాగే వారితో వ్యవహరించడానికి ప్రయత్నిస్తాము. దేవుడు మనల్ని రక్షించడానికి యేసును పంపడం ద్వారా మనల్ని ప్రేమించాడు మరియు ఇతరులను బాధపెట్టకుండా ప్రయత్నిస్తూనే నిజమైన అవసరాలను తీర్చడం ద్వారా మనం ఒకరినొకరు ప్రేమిస్తాము. స్నేహితుడికి సహాయం చేయడానికి సంతోషంగా తనను తాను చనిపోవడం (లేదా తనను తాను తిరస్కరించుకోవడం) ఉత్తమ ప్రేమ అని బైబిల్ చెబుతుంది.,"దయ, దయ, దయ",,other lg example weard: want (W)???. E.g. better to say like a lot.,GC 15-Feb-2019
t,మాగీ,,ఆకాశ పరిశీలకులు (W); నక్షత్ర పురుషులు; నక్షత్ర జ్ఞానులు (G); నక్షత్రాలను అధ్యయనం చేసిన పురుషులు; జ్ఞాన ప్రభువులు (W);,"దేవుని నుండి సంకేతాలు లేదా సందేశాలను గ్రహించడానికి, ఆకాశాన్ని మరియు నక్షత్రాలను అధ్యయనం చేసిన తూర్పున ఉన్న జ్ఞానులు.",,,,
n,మనష్షే,,,యోసేపు ఇద్దరు కుమారులలో మనష్షే పెద్దవాడు. మనష్షే ఇశ్రాయేలు గోత్రానికి పూర్వీకుడయ్యాడు. (మనష్షే అనే పేరుకు అర్థం మర్చిపో.),,,GC 23-Feb-2019,
t,మన్నా,, మాన (R); ఆకాశం నుండి పడే ఆహారం (G);,"ఇశ్రాయేలీయులు ఐగుప్తు మరియు కనాను మధ్య 40 సంవత్సరాలు సంచరిస్తున్నప్పుడు దేవుడు వారికి ఇచ్చిన ఆహారం మన్నా. హీబ్రూ భాషలో, మన్నా అంటే 'అది ఏమిటి?' అని అర్థం. అది ఈస్ట్ లేని తీపి రొట్టె లాంటిది. సబ్బాత్ తప్ప, ప్రతి ఉదయం ఇశ్రాయేలీయులు తమ శిబిరం చుట్టూ ఉన్న నేల నుండి మన్నాను సేకరిస్తారు. (మన్నా రుచిగా ఉంటుంది, కానీ అది త్వరగా చెడిపోతుంది.)",బ్రెడ్,,,
n,మార్కు,,,మార్కు అనేది ఒక సాధారణ రోమన్ పేరు. యేసును తెలిసిన యోహాను మార్కు అనే యూదు యువకుడు మార్కు సువార్తను రాశాడు మరియు లూకా సువార్తను వ్రాయడానికి లూకాకు సహాయం చేశాడు.,,"This is not essential:  failed as a Christian missionary -  rather he quarreled with Paul, but is that necessary to mention here? (Hilkka)",GC 08-Mar-2019,
n,మేరీ,,,"మరియ అనే పేరుకు కోరుకునేది లేదా చేదు అని అర్థం కావచ్చు. బైబిల్ యొక్క కొత్త నిబంధనలో, యేసు తల్లి మరియు మగ్దలా నుండి వచ్చిన శిష్యురాలు సహా అనేక మంది స్త్రీలు మరియ అని పిలుస్తారు. లాజరు మరియు మార్తల సోదరిని బేతనియ నుండి వచ్చిన మరియ అని కూడా పిలుస్తారు.",,," Several different women named Mary are mentioned in the New Testament: (1) Mary the mother of Jesus. (2) Mary of Magdala. Jesus drove seven evil spirits from her, and she became one of his followers (Matthew 27:55–56; Mark 16:9; Luke 8:2; John 20:1–2; 11–18, and other passages). (3) Mary of Bethany, the sister of Martha and Lazarus. She sat at the feet of Jesus and listened to his teaching (Luke 10:38–42; John 11:1–5; 12:1–7). (4) Mary the mother of James and Joseph. This Mary may be the same person as Mary the wife of Cleopas, but this is not certain (Matthew 27:56; Mark 15:40; 16:1; Luke 24:10). (5)Mary the mother of John Mark. This Mary had a house in Jerusalem where the disciples of Jesus used to meet (Acts 12:12).",
n,మత్తయి,,,"యేసు తన శిష్యుడిగా ఉండమని పిలిచినప్పుడు లేవీ అని కూడా పిలువబడే మత్తయి విద్యావంతుడు, పన్ను వసూలు చేసేవాడు. మత్తయి యేసు జీవితం గురించి ఒక సువార్త పుస్తకాన్ని రాశాడు.",,,GC 08-Mar-2019,
n,మేదీయులు,మేడిస్,,"మేదీయులు ఒక ఇరానియన్ తెగ. క్రీస్తుపూర్వం 7వ శతాబ్దంలో, వారు బాబిలోన్‌ను దాడి చేయడానికి పర్షియన్లతో పొత్తు పెట్టుకుని మీడియా అనే రాజ్యాన్ని స్థాపించారు. రాజు డారియస్ మేదీయులు.",,,GC 08-Mar-2019,
n,మెల్కీసెడెక్,,,"మెల్కీసెదెకు అంటే నా రాజు నీతిమంతుడు అని అర్థం. అతను సాలెం రాజు మరియు సర్వోన్నతుడైన దేవుని సేవ చేసిన యాజకుడు. అతను ఒకసారి అబ్రాహామును ఆశీర్వదించాడు, తరువాత అతనికి బహుమతి (పదవ వంతు లేదా దశమ భాగం) ఇచ్చాడు. మెల్కీసెదెకు యాజక కుటుంబం నుండి వచ్చాడు కాబట్టి, అతను లేవీ యాజక తెగ నుండి రాని యేసు లాంటి యాజకుడు (అయినప్పటికీ ఇద్దరూ సర్వోన్నతుడైన దేవునికి విధేయత చూపడం ద్వారా చట్టబద్ధమైన యాజకులు అయ్యారు.)",,,"Without geneology.' Geneology was a requirement for Levitical priests. Netither Melchizedek nor Jesus had preiestly credentials, yet both became legitimate priests by virtue of their obedience to the Most High God.",
n,మెఫీబోషెతు,,,"మెఫీబోషెతు యోనాతాను కుమారుడు. అతను చిన్నతనంలోనే అతని కాళ్ళు విరిగిపోయాయి. దావీదు రాజైన తర్వాత, అతను మెఫీబోషెతు పట్ల చాలా దయ చూపించాడు.",,,GC 07-Feb-19,
t,దయ,దయగల,ప్రేమ/జాలి (R),దయ అంటే నేరస్థుల పట్ల లేదా శత్రువుల పట్ల చూపించే కరుణ. దేవుడు తన జీవులకు అవసరమైనవి అందించినప్పుడు కరుణ చూపిస్తాడు. రోగులను స్వస్థపరిచినప్పుడు మరియు చనిపోయినవారిని లేపినప్పుడు యేసు కరుణ చూపించాడు.,"ప్రేమ, దయ, దయ",Mercy is compassion shown to enemies or offenders. (I don't think it needs to meet material needs/HiA). (Hilkka),"GC: Do you want to contrast with grace?
RR: users can look up grace and get the contrast.",
t,దూత,క్రీస్తు, దేవుడు పంపుతానని వాగ్దానం చేసిన రాజు; మన నిజంగా ముఖ్యమైన అధిపతి (జి); నియమిత వ్యక్తి (యు); అల్-మసీహ్ (పశ్చిమ); కారిసిటో (ర); మెసైయా (కె),"హీబ్రూ పదం మెస్సీయ, గ్రీకు పదం క్రీస్తు, అభిషిక్తుడు అని అనువదిస్తాయి. బైబిల్ యొక్క పాత నిబంధనలో, ఒక ప్రవక్త రాజుల తలపై నూనె పోసిన తర్వాత, వారు రాజులను 'అభిషిక్తుడు' అని పిలిచారు. బైబిల్ యొక్క కొత్త నిబంధనలో, యేసును క్రీస్తు, మెస్సీయ మరియు దేవుని అభిషిక్తుడు అని పిలుస్తారు.","రాజు, దేవుని కుమారుడు",other language: the appointed man (urt).; These are not helful in PNG: Al-Masih (W); Kaarisito (R,,
n,మీకాలు,,,"మీకాలు రాజైన సౌలు కుమార్తె. ఆమె దావీదును ప్రేమించింది, అతను రాజైన సౌలుకు సేవ చేస్తున్నప్పుడు ఆమెను వివాహం చేసుకున్నాడు. సంవత్సరాల తరువాత, దావీదు యెరూషలేము వీధుల్లో నాట్యం చేసినప్పుడు ఆమె అతన్ని మందలించింది. ఆమెకు పిల్లలు పుట్టలేదు.",,,GC 25-Apr-2019,
n,మిద్యాను,మిద్యానీయులు,,"మిద్యాను అబ్రాహాము రెండవ భార్య కెతూరాకు నాల్గవ కుమారుడు. మిద్యాను దేశం వాయువ్య అరేబియాలో ఉంది, మోషే ఈజిప్టు నుండి పారిపోయిన ప్రదేశం అక్కడికే. మిద్యాను దేశ ప్రజలను మిద్యానీయులు అని పిలుస్తారు. న్యాయాధిపతుల కాలంలో వారు ఇశ్రాయేలుపై దాడి చేసి దోచుకునేవారు. దండెత్తి వచ్చిన మిద్యానులను ఓడించడానికి దేవుడు గిద్యోనును బలపరిచాడు.",,,"GC 08-Feb-19

Gideon did not go conquer Midia.","


"
t,అద్భుతం,"అద్భుతాలు, అద్భుతాలు", ప్రజలను ఆశ్చర్యపరిచే విషయం (G);,"దేవుడు మాత్రమే చేయగలిగేది ఏదైనా అద్భుతం. తాను దేవుడని చూపించుకోవడానికి యేసు అద్భుతాలు చేశాడు, మరియు ఆయన అపొస్తలులు తాము దేవుని దూతలమని చూపించడానికి అద్భుతాలు చేయగలిగారు. అద్భుతాలను సంకేతాలు మరియు అద్భుతాలు అని కూడా అంటారు. అద్భుతాలు మాయాజాలం లేదా ఉపాయాలు లేదా మోసం కాదు.",,,GC 19-Feb-2019,
n,మిర్యాము,,,మిర్యాము మోషే మరియు అహరోనుల సోదరి. ఆమె ఇశ్రాయేలీయులకు పాటలు నేర్పించే ప్రవక్త్రి.,,,,GC 7/7/2019
n,మోయాబు,"మోయాబీయులు, మోయాబీయులు",,"మోయాబు అబ్రహం మేనల్లుడు లోతు కుమారుడు. మోయాబు వంశస్థులు మోయాబీయులు, వారు జోర్డాన్ నది అవతల ఇజ్రాయెల్‌కు ఆగ్నేయంగా ఉన్న మోయాబులో నివసించారు. మోయాబీయులు తమ పిల్లలను బలి ఇవ్వడం ద్వారా మోలెకు దేవుడిని ఆరాధించారు. రూతు మోయాబుకు చెందినది, ఆమె రాజు దావీదు మరియు యేసు పూర్వీకురాలు అయ్యింది.",,,,
n,మోలెకు,,,"మోలెకు అనేది ఒక దుష్ట ఆత్మ మరియు కొంతమంది అన్యులు పూజించే దేవుడు లేదా విగ్రహం. కొన్ని దేశాలలో, ఆరాధకులు తమ సొంత పిల్లలను మోలెకు విగ్రహాలకు బలి ఇచ్చారు. యెరూషలేములోని కొంతమంది ఇశ్రాయేలీయులు తమ పిల్లలను బలి ఇవ్వడం ద్వారా ప్రభువును చాలా కోపగించారు. (మోలెకు అనే పేరుకు మరణ రాజు అని అర్థం.)",,,GC 19-Feb-2019,
n,మొర్దెకై,,,"మొర్దెకై ఒక యూదు బహిష్కృతుడు, అతను పర్షియన్ రాజు జెర్క్సెస్ రాజభవనంలో పనిచేశాడు. అతను తన అనాథ బంధువు ఎస్తేరును పెంచాడు, ఆమె జెర్క్సెస్ రాణి అయ్యింది. మొర్దెకై తన నమ్మకమైన సేవకు జెర్క్సెస్ ప్రతిఫలమిచ్చాడు.",,,GC 08-Mar-2019,
n,మోషే,,మూసా (అర్ నుండి పశ్చిమ),"మోషే యేసుకు దాదాపు 1450 సంవత్సరాల ముందు జీవించాడు. అతను ఈజిప్టులో ఒక హీబ్రూ బానిస కుటుంబంలో జన్మించాడు, కానీ ఒక ఈజిప్షియన్ యువరాణి అతన్ని దత్తత తీసుకుంది. మోషే 40 సంవత్సరాల వయస్సులో ఈజిప్టును విడిచిపెట్టాడు, కానీ దేవుడు 80 సంవత్సరాల వయస్సులో హెబ్రీయులను కనానుకు నడిపించడానికి అతన్ని తిరిగి ఈజిప్టుకు పంపాడు. దేవుడు తన ధర్మశాస్త్రాన్ని మోషేకు (పాత నిబంధన యొక్క మొదటి పుస్తకాలను వ్రాసిన) వెల్లడించాడు.",,arabic ref.,,
t,ఆవాలు,,మస్తాద్ (కె),"ఆవాలు అనేది ఒక రకమైన సుగంధ ద్రవ్య మొక్క, దానిలో చిన్న విత్తనాలు ఉండి పెద్ద మొక్కగా పెరుగుతాయి. 'మీకు ఆవాలంత విశ్వాసం ఉంటే, మీరు పర్వతాలను కదిలించవచ్చు' అని యేసు చెప్పాడు.",,,,
t,బోళము',,మిరా (R) అనే జిగట సుగంధ ద్రవ్యం; మిరా (K) అనే చెట్టు యొక్క మంచి వాసనగల రసం; వాసన వచ్చే రసం (W),"మిర్ర అనేది ఒక నిర్దిష్ట చెట్టు యొక్క ఖరీదైన, తీపి వాసన కలిగిన రసం లేదా రెసిన్. యూదులు మిర్రర్‌ను ఔషధంగా ఉపయోగించారు, ఎందుకంటే ఇది ఒక వ్యక్తికి నిద్ర వస్తుంది కాబట్టి అతనికి ఎక్కువ నొప్పి అనిపించదు. వారు ఖననం కోసం మృతదేహాలకు కూడా మిర్రర్‌ను పూసేవారు.",ధూపం,,GC 07-Feb-19,
n,నామాను,,,"యేసు కంటే దాదాపు 800 సంవత్సరాల ముందు సిరియా దేశంలో నయమాను నివసించాడు, అక్కడ అతను సైనికాధికారిగా ఉన్నాడు. అతను యూదుడు కాదు, అన్యుడు (అన్యుడు), మరియు అతను చర్మ వ్యాధితో బాధపడ్డాడు. ప్రవక్త ఎలీషా అతనిని జోర్డాన్ నదిలో స్నానం చేయమని చెప్పాడు. నయమాను విధేయత చూపాడు మరియు స్వస్థత పొందాడు, ఇశ్రాయేలు దేవునిపై విశ్వాసి అయ్యాడు. (మోషే ధర్మశాస్త్రాన్ని పాటించని నామాను దేవుడు అంగీకరిస్తాడని యేసు యూదులకు చెప్పాడు.) (నయమాను అనే పేరుకు ఆహ్లాదకరమైన అర్థం.)",,,GC 07-Feb-19,
n,నయోమి,,,"నయోమి ఇశ్రాయేలుకు చెందిన ఒక స్త్రీ, ఆమె తన భర్తతో మోయాబుకు వలస వెళ్లి, తన భర్త మరియు కుమారులు మరణించిన తరువాత ఇశ్రాయేలుకు తిరిగి వచ్చింది.",,,,
t,సుగంధ తైలం,,నాద్ (R) అనే సుగంధ ద్రవ్యం; నాడ్ (K) అనే మంచి వాసనగల ద్రవం;,నార్డ్ అనేది స్పైకెనార్డ్ అనే మొక్క రసం నుండి తయారు చేయబడిన ఒక నూనెతో కూడిన పరిమళం. ఒక స్త్రీ ఒకసారి నార్డ్ కొని దానితో యేసు పాదాలను అభిషేకించింది.,,,,
n ,నాతాను,,,నాతాను అనే పేర్లు ఉన్న చాలా మంది వ్యక్తులు ఉన్నారు. నాతాను ప్రవక్త తరచుగా యెహోవా నుండి వచ్చిన సందేశాలను దావీదు రాజుకు తీసుకువచ్చేవాడు. దావీదు ఒక కుమారుడికి నాతాను అని పేరు పెట్టాడు. (నాతాను అనే పేరుకు ఆయన ఇచ్చేవాడు అని అర్థం.),,,GC 07-Feb-19,
n,నతానియేలు,,,నతనయేలు అనే పేర్లు చాలా మందికి ఉన్నాయి. నతనయేలు యేసు మొదటి శిష్యులలో ఒకడు. (నతనయేలు అనే పేరుకు అర్థం దేవుడు ఇచ్చేవాడు.),,,GC 07-Feb-19,
t,దేశం,దేశాలు, ప్రజలు (జి); రాజ్యం (ప);,దేశాలు అంటే కలిసి పరిపాలించబడటానికి అంగీకరించే అనేక మంది ప్రజలు. రాజ్యాలు అంటే ఒక రాజు పాలించే దేశాలు. సామ్రాజ్యాలు అంటే ఒక సర్వోన్నత పాలకుడిచే పరిపాలించబడే అనేక దేశాలు.,"దేశం, సామ్రాజ్యం, రాజ్యం",,,
n,నజరేత్,,,నజరేతు యూదాకు ఉత్తరాన ఉన్న గలిలయ ప్రావిన్స్‌లోని ఒక గ్రామం. మరియ మరియు యేసు ఈజిప్టు నుండి తిరిగి వచ్చిన తర్వాత యోసేపు వారిని నజరేతులో నివసించడానికి తీసుకువచ్చాడు.,,,GC 07-Feb-19,
n,నెబుకద్నెజరు,,,నెబుకద్నెజరు 605 నుండి 562 BC వరకు బాబిలోన్‌ను పాలించిన అన్యమత రాజు. అతను ఇశ్రాయేలీయులను బాబిలోన్‌లో బహిష్కరించడానికి బహిష్కరించాడు మరియు తరువాత ఇశ్రాయేలు దేవుడిని విశ్వసించాడు. (నెబుకద్నెజరు అనే పేరుకు అర్థం నాబు నా కొడుకును కాపాడుగాక.),,,GC 08-Mar-2019,
n,నెహెమ్యా,,,నెహెమ్యా పర్షియా సామ్రాజ్యంలో ఒక యూదు ఉన్నతాధికారి. అర్తహషస్త రాజు యెర్షాలేమును పునర్నిర్మించడానికి క్రీస్తుపూర్వం 445లో నెహెమ్యాను యూదాకు పంపాడు. (నెహెమ్యా అనే పేరుకు అర్థం ప్రభువు ఓదార్పునిస్తాడు.),,,GC 08-Mar-2019,
n,నైలు నది,నైలు నది,,"నైలు నది ఈజిప్ట్ కౌంటీ మొత్తం గుండా ఉత్తరం వైపు ప్రవహిస్తుంది, కౌంటీకి ఎక్కువ నీటిని అందిస్తుంది. ఈజిప్షియన్లు నైలు నదిని జీవానికి పవిత్రమైన వనరుగా భావించారు. నైలు నదిలోని నీటిని రక్తంగా మార్చే శక్తిని దేవుడు మోషేకు ఇచ్చాడు. (నైలు నది మూలం ఉగాండాలోని విక్టోరియా సరస్సులో ఉంది.)",,,GC 23-Feb-2019,
n,నీనెవె,నేనెవైట్స్,,"నీనెవె అష్షూరు దేశంలో ఒక గొప్ప అన్యమత నగరం. (అష్షూరు సైనికులు తమ బందీలను హింసించి చంపేవారు.) క్రీస్తుకు దాదాపు 800 సంవత్సరాల ముందు, దేవుడు నీనెవె ప్రజలను నాశనం చేయబోతున్నానని హెచ్చరించడానికి ప్రవక్త యోనాను పంపాడు. వారు యోనా సందేశాన్ని విన్నప్పుడు, వారు ఏడ్చి పశ్చాత్తాపపడ్డారు. దీని కారణంగా, దేవుడు వారిని క్షమించాడు మరియు ఆ సమయంలో వారిని నాశనం చేయలేదు. (వారు పశ్చాత్తాపపడినప్పుడు, యోనా బాధపడ్డాడు, ఎందుకంటే యెహోవా నీనెవెను నాశనం చేయాలని అతను కోరుకున్నాడు.)

నహాము చిన్న పుస్తకం దేవుడు తరువాత నీనెవెను ఎప్పుడు నాశనం చేశాడో చెబుతుంది.",,,GC 07-Feb-19,
n,నోవహు,,,"యేసు జన్మించడానికి దాదాపు 2000 సంవత్సరాల ముందు నోవహు జీవించాడు. ఆయన పేరుకు విశ్రాంతి లేదా ఓదార్పు అని అర్థం. ఆ రోజుల్లో, మానవులు చాలా చెడు పనులు చేస్తున్నారు, దేవుడు నోవహును చాలా పెద్ద ఓడను నిర్మించమని ఆదేశించాడు. 120 సంవత్సరాల తరువాత, దేవుడు జంట జంతువులను మరియు నోవహు కుటుంబాన్ని ఆ ఓడలోకి నడిపించాడు. అప్పుడు దేవుడు భూమిని వరదలు ముంచెత్తేలా చేశాడు, ఓడలోని వరద నీటి నుండి రక్షించబడిన వారిని మినహాయించి, మానవులందరినీ మరియు జంతువులన్నింటినీ చంపాడు. (కాబట్టి, నేడు జీవించి ఉన్న ప్రతి ఒక్కరూ నోవహు మరియు అతని కుమారుల వారసులు.)",,,,
t,ప్రమాణం,"ప్రమాణాలు, ప్రతిజ్ఞ, ప్రతిజ్ఞలు",వాగ్దానం (R); తాను ఏమి చేయబోతున్నాడో నిజంగా ప్రకటించడం (G); బైండ్ టాక్ (U);,ప్రమాణం లేదా ప్రతిజ్ఞ అనేది దేవుడు మరియు సాక్షుల ముందు చేసే ఏకైక వాగ్దానం.,"నిబంధన, వాగ్దానం, శాపం",other lg: bind talk (urt),,
n,ఓబేదు-ఎదోము,,,"దావీదు రాజు ఒకసారి ఒడంబడిక పెట్టెను ఓబేదు-ఎదోము ఇంట్లో ఉంచాడు, మరియు యెహోవా ఓబేదు-ఎదోమును వర్ధిల్లజేసాడు. దావీదు ఒడంబడిక పెట్టెను యెరూషలేముకు తీసుకువచ్చిన తర్వాత, అతను ఓబేదు-ఎదోమును అక్కడ ద్వారపాలకుడిగా నియమించాడు. (ఓబేదు-ఎదోము అనే పేరుకు ఎదోము సేవకుడు అని అర్థం.)",,,,
t,ఒలీవ,"ఆలివ్, ఆలివ్ నూనె",ఒలివా చెట్టు (R),"ఆలివ్ ఒక రకమైన ఫలాలను ఇచ్చే చెట్టు. మానవులు ఆలివ్ పండ్లను తింటారు. వంట నూనె మరియు ఔషధం చేయడానికి కూడా వారు దానిని పిండి వేస్తారు. ఆలివ్ చెట్టు నుండి పండ్లను చూర్ణం చేయడం ద్వారా ఆలివ్ నూనె వస్తుంది. ఆలివ్ నూనెను ఆహారంగా తయారు చేయడానికి ఉపయోగించారు మరియు గాయాలకు ఔషధంగా పూయబడింది. ప్రవక్తలు పూజారులు మరియు కొత్త రాజుల తలపై ఆలివ్ నూనె పోసి అభిషేకించారు. ఆలివ్ పర్వతం అనేది జెరూసలేం సమీపంలోని ఒక కొండ పేరు, అక్కడ యేసు తరచుగా బస చేశాడు. దానిపై ఆలివ్ చెట్ల తోట/తోట ఉండేది.",,,"The Mt of Olives is also called Har-Mokhed, which transliterates into Greek as Armageddon, and has nothing to do with the Mageddo Plains.",
t,ఒమేగా,"జెడ్, జీ", ఒమేగా (R); ఫినిషర్;,"గ్రీకు వర్ణమాలలోని చివరి అక్షరం పేరు ఒమేగా. ఒమేగా అంటే బిగ్ O అని అర్థం. ప్రకటన గ్రంథం యేసును ఆల్ఫా మరియు ఒమేగా, ప్రారంభం మరియు ముగింపు (అంటే సృష్టికర్త మరియు విమోచకుడు) అని పిలుస్తుంది.",,,,
n,ఓర్ఫా,,,"ఓర్ఫా మోయాబు దేశస్థురాలైన ఒక విధవరాలు, ఆమె నయోమి ఇద్దరు కుమారులలో ఒకరిని వివాహం చేసుకుంది.",రూతు,,,
t,రాజభవనం,రాజభవనాలు, నిజమైన చెఫ్ (జి) యొక్క పెద్ద ఇల్లు;,ఒక రాజు ఇల్లు చాలా పెద్దది.,,,,
t,స్వర్గం,,దేవుని సమావేశ స్థలం (W); పారడైస్ (k); దేవుని నివాస స్థలం (G); ),"గ్రీకు పదం 'అందమైన తోట' అని అర్థం. (అన్యమతస్థులు తమ దేవుళ్ల నివాస స్థలానికి ఈ పేరును ఉపయోగించారు.) కొత్త నిబంధనలో, పరదైసు అనేది (1) స్వర్గంలో మరణించిన (చనిపోయిన) విశ్వాసులు వెళ్ళే స్థలాన్ని మరియు (2) విశ్వాసులు శాశ్వతంగా నివసించే భవిష్యత్ నూతన భూమి-స్వర్గాన్ని సూచిస్తుంది.",ఈడెన్,"refers to Allah/islam, Aajana not helpful in PNG (Hilkka)","Paradise is not used in the Bible to refer to Eden, does it?",
n,పౌలు,,,"సౌలు ఒక యూదుడు, అతను క్రైస్తవులకు హింసాత్మకంగా హాని చేశాడు. యేసు సౌలుకు కనిపించిన తర్వాత, తనను తాను పౌలు అని పిలుచుకుంటూ అపొస్తలుడయ్యాడు. పౌలు సువార్త చెప్పడం ద్వారా మరియు అనేక కొత్త చర్చిలను ప్రారంభించడం ద్వారా యేసును సేవిస్తున్నప్పుడు చాలా బాధపడ్డాడు. పౌలు పది లేఖలు రాశాడు, అవి ఇప్పుడు పవిత్ర బైబిల్ యొక్క కొత్త నిబంధనలో భాగమయ్యాయి. (పౌలు అనే పేరుకు చిన్నవాడు అని అర్థం.)",,,GC 19-Feb-2019,
t,ముత్యం,,"క్లామ్‌షెల్ (R) లోపల విలువైన రాయి, కినా షెల్ గుడ్డు (R); క్లామ్‌షెల్ (K) లోపల (విలువైన) రాయి; పెర్ (G) అని పిలువబడే చాలా మంచి రాయి;","ముత్యాలు సముద్రం నుండి వచ్చే ఒక ఖరీదైన ఆభరణం. (వాటిని క్లామ్‌లు తయారు చేస్తాయి, చికాకు కలిగించే ఇసుక ముక్క వాటి పెంకులోకి ప్రవేశించినప్పుడు, అవి ఇసుకను కప్పి ఉంచడానికి పాలలాంటి తెల్లటి పదార్థాన్ని స్రవిస్తాయి, తద్వారా అది చికాకు కలిగించదు. ముత్యాలు గుండ్రంగా మరియు మెరుస్తూ ఉండటం వల్ల హారాలు మరియు ఆభరణాలను తయారు చేయడానికి ఉపయోగిస్తారు.",,,,
n,పర్షియా,పర్షియన్లు,,"పర్షియన్లు ఒక ఇరానియన్ తెగ. క్రీస్తుపూర్వం 7వ శతాబ్దంలో, వారు మేదీయులతో పొత్తు పెట్టుకుని బాబిలోనియాను జయించారు. పర్షియన్ సామ్రాజ్యం 100 సంవత్సరాల పాటు ప్రపంచంలోని ఎక్కువ భాగాన్ని పరిపాలించింది.",,,జిసి 08-మార్చి-2019,
n,పేతురు,కేఫాలు,,"సీమోను ఒక జాలరి, అతన్ని కేఫా అని కూడా పిలుస్తారు. యేసు సీమోనును శిష్యుడిగా ఉండమని పిలిచినప్పుడు, యేసు సీమోను పేరును పేతురుగా మార్చాడు. పేతురు యేసు పన్నెండు మంది అపొస్తలులలో ఒకడు. యేసు చనిపోయి లేచిన తర్వాత యూదులకు శుభవార్త చెప్పే మొదటి వ్యక్తిగా, యూదులు కాని వారికి లేదా అన్యులకు శుభవార్త చెప్పే మొదటి వ్యక్తిగా యేసు పేతురును ఎంచుకున్నాడు. పేతురు బైబిల్ యొక్క కొత్త నిబంధనలోని రెండు లేఖలను రాశాడు. (పీటర్ అనే పేరుకు అర్థం బండరాయి.)",,,జిసి 19-ఫిబ్రవరి-2019,
t,ఫరో,ఫారోలు,పెరో (ఐగుప్తులో) (K); ఐగుప్తు రాజు; ఐగుప్తు అధిపతి (U),ఫరో అనేది పురాతన ఈజిప్షియన్లు తమ రాజులకు పెట్టిన పేరు. ప్రతి ఫరోకు వ్యక్తిగత పేరు కూడా ఉండేది. ధనవంతులైన ఫరోలు తమ కోసం భారీ సమాధులను నిర్మించుకున్నారు.,రాజు,ఐగుప్తు అధిపతి (ఉర్ట్),,
n,పరిసయ్యులు,పరిసయ్యుడు, యూదు మత నాయకుడు; ఫరాసి;,"పరిసయ్యులు యూదు మత నాయకులు మరియు బోధకులు, వారు అనేక నియమాలను పాటించడం ద్వారా మోషే ధర్మశాస్త్రాన్ని పాటించాలని కోరుకున్నారు. ఆ నియమాలను పాటించడంలో అంత కఠినంగా లేని ఇతర యూదులను వారు ఎగతాళి చేసేవారు. యేసు వారిని వేషధారులు అని పిలిచాడు, ఎందుకంటే వారు తరచుగా పాపం చేస్తారు కానీ దానిని అంగీకరించరు. (చాలా మంది పరిసయ్యులు యేసును మరియు ఆయన అపొస్తలులను వ్యతిరేకించారు, కొన్నిసార్లు క్రైస్తవులను అరెస్టు చేశారు లేదా చంపారు.)","సద్దూసీ, యూదు మత నాయకుడు",,,
n,ఫిలిప్పు,,,"ఫిలిప్పు అనే పేరుగల చాలా మంది వ్యక్తులు ఉన్నారు. ఒకరు రాజకీయ నాయకుడు. మరొకరు యేసు మొదటి శిష్యులలో ఒకరు, ఆయన కూడా యేసు పన్నెండు మంది అపొస్తలులలో ఒకడు అయ్యాడు. ఫిలిప్పు అనేక మంది సమరయులను యేసు దగ్గరకు నడిపించాడు, అలాగే ఒక ఇథియోపియన్ అధికారిని కూడా నడిపించాడు.",,,జిసి 19-ఫిబ్రవరి-2019,
n,ఫిలిష్తీయులు,"ఫిలిష్తీయులు, ఫిలిష్తియా",,ఫిలిష్తీయులు దక్షిణ ఇజ్రాయెల్‌లో నివసించిన అన్యమత తెగలు. వారు కొన్నిసార్లు ఇశ్రాయేలీయులతో పోరాడారు. సమ్సోను దెలీలా అనే ఫిలిష్తీయ స్త్రీని ప్రేమించాడు.,,,జిసి 07-ఫిబ్రవరి-19,
t,పంది,"పందులు, పందులు",,"పందులు, స్వైన్ అని కూడా పిలుస్తారు, ఇవి పొట్టిగా, దృఢంగా ఉండే జంతువులు, ఇవి దాదాపు ఏదైనా తింటాయి మరియు వాటి చర్మాన్ని తేమగా ఉంచుకోవడానికి బురదలో దొర్లడానికి ఇష్టపడతాయి. దేవుని చట్టం ఇశ్రాయేలు పంది మాంసం (పంది మాంసం) తినడాన్ని నిషేధించింది.",,,జిసి 08-మార్చి-2019,
n,పిలాతు,,,"యేసు బోధిస్తున్న రోజుల్లో పిలాతు యూదయకు బాధ్యత వహించే రోమన్ గవర్నర్. యూదు నాయకులు యేసును అరెస్టు చేసినప్పుడు, యేసు నిర్దోషి అని మరియు అది తప్పు అని తెలిసినప్పటికీ, పిలాతు యేసును సిలువ వేయడానికి అంగీకరించాడు.",,,పిలాతు పేరు ఉన్న కనీసం రెండు శాసనాలు బయటపడ్డాయి.,
t,ప్లేగు,తెగుళ్ళు,,ప్లేగులు అంటే ఒకే సమయంలో అనేక మందిపై విధ్వంసక ప్రభావాన్ని చూపే ఏదైనా వ్యాధి లేదా ముట్టడి.,,,,జిసి 7/7/2019
t,పూల్,, నీరు (జి);,సాధారణంగా స్నానం చేయడానికి నీటితో నిండిన మానవ నిర్మిత రంధ్రం.,,PNG లో ఉపయోగకరంగా లేదు: ; పిసిన్ (W నుండి Fr),,
t,వాకిలి,, తలుపు దగ్గర ఉంచండి (G);,ఇంటి బయట కానీ తలుపు దగ్గర ఒక వేదిక.,,,,
n,పోతీఫర్ ,,,"పోతీఫర్ అనేది ఐగుప్తులోని ఒక అధికారి పేరు. అతను యోసేపును బానిసగా కొని, తరువాత అతన్ని చెరసాలలో వేసాడు. (పోతీఫర్ అనే పేరుకు ఆఫ్రికన్ ఎద్దు అని అర్థం కావచ్చు.)",,,జిసి 23-ఫిబ్రవరి-2019,
t,ప్రశంసలు,"ప్రశంసలు, ప్రశంసలు, ప్రశంసలు",(G) గురించి బాగా మాట్లాడటం; (W) గురించి పెద్దదిగా చెప్పడం;,ప్రశంస అంటే మనం మరొకరు మంచి పనులు ఎలా చేశారో ఇతరులకు చెప్పడమే. దేవుడు మన ప్రార్థనలకు ఎలా సమాధానం ఇచ్చాడో చెప్పడం ద్వారా మనం దేవుడిని స్తుతిస్తాము. క్రైస్తవులు తరచుగా దేవుడు ఎంత గొప్పవాడో పాటలు మరియు సంగీతంతో చెబుతూ ఆయనను స్తుతిస్తారు.,"ధన్యవాదాలు, గౌరవం",,జిసి 15-ఫిబ్రవరి-2019,
t,ప్రార్థించు,"ప్రార్థన, ప్రార్థనలు, ప్రార్థన, ప్రార్థన",దేవునితో మాట్లాడటం (G); వేడుకోవడం (W);, ప్రార్థన అంటే శక్తివంతమైన మానవునికి లేదా దేవునికి మాట్లాడటం లేదా అభ్యర్థనలు చేయడం. యేసు నామాన్ని ఉపయోగించి దేవునికి తరచుగా ప్రార్థించాలని యేసు క్రైస్తవులకు ఆజ్ఞాపించాడు.,"స్తుతి, పూజ",,జిసి 15-ఫిబ్రవరి-2019,
t,బోధించు,"బోధకుడు, బోధించు, బోధించిన", దేవుని అందమైన మాట (జి) చెప్పండి;, ప్రకటించడం అంటే వారు ఇంతకు ముందు వినని సందేశాన్ని మాట్లాడటం లేదా ఇతరులకు కథ చెప్పడం.,"బోధించు, ప్రవక్త",,జిసి 15-ఫిబ్రవరి-2019,
t,పూజారి,పూజారులు,దేవునికి ఒకటి ఇవ్వడం (R); పూజారి (లిప్యంతరీకరణ) (G); త్యాగం చేసేవాడు (W);,"యాజకులు అంటే (1) బలులు అర్పించే, (2) ధర్మశాస్త్రాన్ని బోధించే, (3) వివాదాలకు మధ్యవర్తిత్వం వహించే, (4) స్వస్థతను ధృవీకరించే మరియు (5) దేవాలయాన్ని మరియు దాని సంపదను నిర్వహించే మత నాయకులు.",లేవీయుడు,,,
n,ప్రిసిల్లా,ప్రిస్కా,,"ప్రిస్కిల్లా, ప్రిస్కా అని కూడా పిలువబడే అకుల భార్య. వారు రోమ్ నుండి వచ్చిన యూదులు, వారు పౌలుకు గ్రీసులో మరియు సిరియాలో చర్చిలను స్థాపించడానికి సహాయం చేసారు. (ప్రిస్కా అనే పేరు లాటిన్‌లో 'గౌరవనీయమైనది' అని అర్థం.)",అక్విలా,,,జిసి 7/7/2019
t,వాగ్దానం,"వాగ్దానాలు, వాగ్దానం చేయబడినవి",మాటలతో / నోటితో ఒక విషయాన్ని ఉంచడం; భవిష్యత్తులో ఏమి చేయబోతున్నారో చెప్పడం (G); వాగ్దానం (R);,"వాగ్దానం అంటే ఎవరైనా తాను తరువాత చేస్తానని చెప్పే మంచి చర్య. దేవుడు తాను చేస్తానని వాగ్దానం చేసిన వాటిని ఎల్లప్పుడూ చేస్తాడు. దేవుని వాగ్దానాలలో కొన్ని షరతులతో కూడుకున్నవి, అంటే, అవి మానవులు మొదట ఏదో ఒకటి చేయాలని కోరుతాయి. 'యేసు ప్రభువు అని మీరు ఒప్పుకుంటే (షరతు) మీరు రక్షింపబడతారు.'","ఒడంబడిక, ప్రమాణం",,,
t,జోస్యం,ప్రవచనాలు,ప్రవక్త (R) గురించిన సంభాషణ; దేవుని వాక్కు ద్వారా చెప్పబడినది (W);,"ప్రవచనాలు అంటే దేవుడు ఇతరులకు చెప్పడానికి ఎవరికైనా వెల్లడించిన సందేశాలు. కొన్ని ప్రవచనాలు పాపులను పశ్చాత్తాపపడమని హెచ్చరిస్తాయి, కొన్ని ప్రవచనాలు మార్గదర్శకత్వం లేదా బోధనను అందిస్తాయి మరియు ఇతర ప్రవచనాలు భవిష్యత్తు సంఘటనలను ముందే తెలియజేస్తాయి. (బైబిల్లో వందలాది ప్రవచనాలు ఉన్నాయి.)","దేవదూత, బోధకుడు, బోధకుడు, అపొస్తలుడు, ప్రవచించువాడు",అల్లా (PNG లో మంచిది కాదు),,
t,ప్రవచించు,"ప్రవచించడం, ప్రవచించడం, ప్రవచించడం",ప్రవక్త (R) గురించి మాట్లాడండి; దేవుని మాటలను తాకండి (W),"ప్రవచించడం అంటే దేవుని సహాయంతో మాట్లాడటం, ఇతరులను బలపరచడం, వారిని ఓదార్చడం, వారు ఎదగడానికి సహాయపడటం. (ప్రవచించే వారు తప్పులు చేయవచ్చు కాబట్టి, ఇతరులు సత్యాన్ని తప్పు నుండి వివేచించాలి.)","ప్రవక్త, ప్రవచనం","నేను దీన్ని తొలగిస్తాను: అందరు విశ్వాసులు ప్రవచించగలరు (పాటలు, లేఖనాలను ఉదహరించడం, బోధన, సాక్ష్యాలు, బోధన మరియు నాటకం ద్వారా.) అల్లా PNGలో మంచివాడు కాదు. (హిల్కా)","1 కొరింథీయులు 14:3, 24-26",
t,ప్రవక్త,"ప్రవక్తలు, ప్రవక్త్రి",దేవుని మాట చెప్పేవాడు (G); దేవుడు మాటలు ఇచ్చే వ్యక్తి (D); దేవుని నోరు (ప్రతినిధి); దేవుడు లేదా దేవుళ్ళు/విగ్రహాల కోసం మానవ దూత; మార్గదర్శి (W); పోరోపెట్ (K),"ప్రవక్తలు అంటే దేవుడు ఇచ్చిన వరము పురుషులు లేదా స్త్రీలు, వారు దేవుని నుండి వచ్చిన సందేశాలను మాట్లాడతారు. కొంతమంది హీబ్రూ ప్రవక్తలు పాత నిబంధన పుస్తకాలను రాశారు. క్రైస్తవ ప్రవక్తలు ఇతరులకు అవసరమైనప్పుడు సహాయం అందించే సందేశాలను మాట్లాడతారు. (క్రైస్తవ ప్రవక్తలు తప్పులు చేయవచ్చు, కాబట్టి వారు నేర్చుకోవడానికి సిద్ధంగా ఉండాలి.)","దేవదూత, బోధకుడు, బోధకుడు, అపొస్తలుడు, ప్రవచనం, ప్రవచించు",,,
t,కీర్తనలు,"కీర్తన, పాట, పద్యం", డెవిడ్ (R) పాటలు; పాట (G);,"కీర్తనలు అనేవి హీబ్రూ భాషలో వ్రాయబడిన పద్యాలు లేదా పాటలు. తరచుగా, ఒక కీర్తనలోని ఒక పంక్తి మరొక పంక్తిలో వేర్వేరు పదాలను ఉపయోగించి పునరావృతమవుతుంది. కీర్తనలు స్తుతులు, ప్రార్థన, విలాపం, శాపాలు, బోధన మరియు ప్రవచనాలను వ్యక్తపరచగలవు. (యూదులు మరియు క్రైస్తవులు తరచుగా వారి ఆరాధనలో కీర్తనలు పాడతారు.)",,,,
t,స్వచ్ఛమైన,స్వచ్ఛత,"శుభ్రంగా (R); ఏ విధమైన మురికి ప్రవర్తన కాదు (R); దేవుని దృష్టిలో నేరుగా ప్రవర్తన (K), దానిలో మురికి లేదు (K);",,శుభ్రంగా,,,
t,రబ్బీ,రబ్బోని,"నా గురువు; గురువు (R, W);",రబ్బీ అంటే నా గురువు అని అర్థం. అధికారిక యూదు ఉపాధ్యాయులను రబ్బీ లేదా రెబ్బీ అని పిలుస్తారు. నా గురువును గతంలో రబ్బోని అని చెప్పడానికి మరింత గౌరవప్రదమైన మార్గం. క్రైస్తవ సాంకేతిక నిపుణులను సాధారణంగా పాస్టర్ అని పిలుస్తారు.,,,,
n,రాహేలు,,,"రాహేలు అంటే ఆడ గొర్రె లేదా ఆడ గొర్రె. యాకోబు ఇద్దరు భార్యలలో ఒకరి పేరు రాహేలు. ఆమె యోసేపు మరియు బెంజమిన్ ల తల్లి. యిర్మీయాలో మత్తయి 2:18లో ఆమె పేరు యూదు ప్రజల తల్లులందరినీ సూచించడానికి ఉపయోగించబడింది. యిర్మీయా 31:15లో, ఇశ్రాయేలులోని తల్లులను రాహేలు అని పిలుస్తారు, మరియు మత్తయి 2:18లో, బెత్లెహేములో ఉన్న తల్లులు తమ బందీలుగా లేదా చనిపోయిన పిల్లల కోసం ఏడుస్తున్నప్పుడు వారిని రాహేలు అని పిలుస్తారు.",,,జిసి: ఇది అసలు విషయాన్ని గ్రహిస్తుందా? అవును,
n,రాహాబు,,,"రాహాబు ఒక కనానీయ స్త్రీ, సత్రం నిర్వాహకురాలు మరియు వేశ్య (బహుశా అన్యమత ఆలయ వేశ్య) యేసు కంటే దాదాపు 1400 సంవత్సరాల ముందు జెరిఖో నగరంలో నివసించింది. దేవుడు ఇశ్రాయేలీయులను ఐగుప్తు నుండి ఎలా రక్షించాడో విన్నప్పుడు ఆమె ఇశ్రాయేలు దేవుడిని నమ్మింది, కాబట్టి ఆమె ఇశ్రాయేలు గూఢచారులు జెరిఖో నుండి తప్పించుకోవడానికి సహాయం చేసింది. రాహాబు యేసుకు పూర్వీకురాలైంది. (రాహాబు అనేది ప్రాచీన కనానీయ దేవత పేరు కూడా.)",,,,
n,రెబెక్కా,,, రెబెక్కా యేసుకు దాదాపు 1800 సంవత్సరాల ముందు జీవించింది. ఆమె అబ్రహం కుమారుడు ఇస్సాకు భార్య మరియు ఏశావు మరియు జాకబ్ అనే కవల కుమారుల తల్లి.,,,,
t,ఎర్ర సముద్రం,రీడ్ సముద్రం,ఎర్ర సముద్రం (R);,"ఎర్ర /రీడ్ సముద్రం ఐగుప్తుకు మరియు కనానుకు వెళ్లే రహదారికి మధ్య ఉంది. ఇశ్రాయేలీయులు ఫరో సైన్యం నుండి పారిపోతున్నప్పుడు దేవుడు ఈ సముద్రం గుండా ఒక మార్గాన్ని తెరిచాడు. ఎరుపు అనేది రీడ్ అనే పదానికి తప్పుగా వ్రాయబడి ఉండవచ్చు, ఎందుకంటే హీబ్రూలో దీనిని రీడ్స్ సముద్రం అని పిలుస్తారు.",,,"రీడ్ అనే పదం యొక్క స్పెల్లింగ్‌లో ఎరుపు రంగు తప్పు కావచ్చు, ఎందుకంటే హీబ్రూలో దీనిని రీడ్స్ సముద్రం అని పిలుస్తారు.",
t,ప్రాంతం,"ప్రాంతం, ప్రావిన్స్", భూమి (జి);,"ఒక ప్రాంతం లేదా ప్రాంతం అంటే ఒక దేశంలోని ఏదైనా విశాలమైన భూమి. సరిహద్దులు, పేరు మరియు ప్రభుత్వాన్ని నిర్వచించిన ప్రాంతంలోని ఒక ప్రావిన్స్.","దేశం, జాతి, సామ్రాజ్యం, రాజ్యం",,జిసి 08-ఫిబ్రవరి-19,
n,రెహబాము,,,"రెహబాము సొలొమోను రాజు యొక్క తెలివితక్కువ కుమారుడు. సొలొమోను మరణించిన తరువాత, రెహబాము రాజయ్యాడు. కానీ అతను పన్నులు పెంచి ప్రజలతో కఠినంగా వ్యవహరించినప్పుడు, వారు తిరుగుబాటు చేసి రాజ్యాన్ని రెండుగా విభజించారు. రెహబాము యెరూషలేములో యూదాను పరిపాలించాడు, యరొబాము మిగిలిన ఇశ్రాయేలును పరిపాలించాడు. (రెహబాము అనే పేరుకు అర్థం ప్రజలను విశాలపరచు అని అర్థం.)",,,జిసి 19-ఫిబ్రవరి-2019,
t,పశ్చాత్తాపపడండి,"పశ్చాత్తాపపడ్డాడు, పశ్చాత్తాపపడ్డాడు, పశ్చాత్తాపపడ్డాడు", తప్పుడు పనులు/చర్యల నుండి దూరంగా ఉండి దేవుని వైపు తిరగడం; మీరు చేసిన చెడు పనుల గురించి బాధపడటం. వాటిని చేయడం మానేయడం. (G); ఆలోచించడం (R);,"పశ్చాత్తాపం అంటే తిరగబడి వ్యతిరేక దిశలో కదలడం; మీరు వ్యవహరించే విధానాన్ని మార్చుకోవడం. మానవులు పశ్చాత్తాపపడినప్పుడు, దేవునికి విధేయత చూపడానికి వారు తమ నమ్మకాలను మరియు చర్యలను మార్చుకోవాలని ఎంచుకుంటారు. దేవుడు పశ్చాత్తాపపడినప్పుడు, పశ్చాత్తాపపడిన దుష్టులను శిక్షించకూడదని లేదా తనకు అవిధేయత చూపే విశ్వాసులకు సహాయం చేయకూడదని ఎంచుకుంటాడు."," క్షమించు, ఒప్పుకో",," కష్టమైన భావన కాదు. నూతన సామ్రాజ్యంలో, బాప్తిస్మం తీసుకోవడాన్ని ఎంచుకోవడం పశ్చాత్తాప చర్య.",
t,విశ్రాంతి,"విశ్రాంతి, విశ్రాంతి, విశ్రాంతి",,"విశ్రాంతి అంటే కష్టపడి పనిచేయడం మానేయడం. దేవుని ధర్మశాస్త్రం ప్రతి ఒక్కరూ ప్రతి వారం సబ్బాతు లేదా ఏడవ రోజున విశ్రాంతి తీసుకోవాలని ఆదేశించింది. విశ్రాంతి కూడా (1) ఇశ్రాయేలీయులు కనానుకు రాకకు చిహ్నం, మరియు (2) దేవుడు వారి విశ్వాసానికి మరియు విధేయతకు ప్రతిఫలమిచ్చే విశ్వాసుల భవిష్యత్తు జీవితానికి చిహ్నం.","సబ్బాత్, వేచి ఉండండి",,జిసి 08-మార్చి-2019,
n,రూబెన్,రూబెన్,,"రూబెన్ యాకోబు మరియు లేయా దంపతుల మొదటి / పెద్ద కుమారుడు. రూబెన్ ఇశ్రాయేలు పన్నెండు గోత్రాలలో ఒకదానికి పూర్వీకుడు అయ్యాడు. (రూబెన్ అనే పేరుకు ఇదిగో, ఒక కుమారుడు అని అర్థం.)",,,జిసి 23-ఫిబ్రవరి-2019,
t,నీతిమంతుడు,"నీతి, సరైనది","దేవుని దృష్టిలో నిజం/సరైనది/యోగ్యమైనది; చాలా మంచిది (G); సూటిగా (R, W); మంచివి (G);","దేవుడు నీతిమంతుడు, ఎందుకంటే ఆయన ఎల్లప్పుడూ సరైనది, మంచిది మరియు న్యాయమైనది చేస్తాడు. యేసు నీతిమంతుడు, ఎందుకంటే ఆయన దేవునికి పూర్తిగా విధేయత చూపించాడు మరియు ఎప్పుడూ పాపం చేయలేదు. దేవుడు మనల్ని విశ్వాసులుగా నీతిమంతులుగా లెక్కిస్తాడు, ఎందుకంటే ఆయన మనందరి పాపాలను క్షమించి, మనల్ని నీతిమంతుడైన యేసుకు చెందినవారిగా అంగీకరిస్తాడు. (దేవునికి సంపూర్ణ నీతి ఉంది, ఇక్కడ మనం ఆపాదించబడిన/ప్రత్యామ్నాయ నీతిని పొందుతాము.)","న్యాయమైన, పవిత్రమైన, మంచి",,,
t,అల్లర్లు,"అల్లర్లు, అల్లర్లు",,"ఒక గుంపు లేదా గుంపు హింసాత్మకంగా మారి, ఇతరులకు లేదా వారి ఆస్తికి హాని కలిగించడానికి ప్రయత్నించినప్పుడు అల్లర్లు జరుగుతాయి.",,,,జిసి 7/7/2019
n,రోమ్,"రోమన్లు, రోమన్",,"రోమ్ ఇటలీ అనే దేశానికి రాజధాని నగరం మరియు ఇప్పుడు కూడా ఉంది. యేసు కాలంలో, రోమ్ ప్రపంచంలోని చాలా ప్రాంతాలను జయించింది. రోమ్ సామ్రాజ్యం యేసుకు ముందు 100 సంవత్సరాల నుండి యేసు తర్వాత 700 సంవత్సరాల వరకు అనేక దేశాలను పరిపాలించింది. రోమన్లు ప్రతి ప్రదేశానికి మంచి చట్టాలను తీసుకువచ్చినప్పటికీ, వారు భారీ పన్నులు విధించారు మరియు ప్రతి ఒక్కరూ తమ దేవుళ్లను గౌరవించాలని కోరారు. రోమన్లు తమ రాజులు / సీజర్లు దైవిక దేవుళ్లని నమ్మారు. ముఖ్యంగా యూదులు రోమన్లను ద్వేషించారు మరియు చివరికి రోమన్లు ఇజ్రాయెల్‌ను నాశనం చేశారు. రోమ్ అనేక రహదారులను నిర్మించింది మరియు దేశాలు ఒకదానికొకటి యుద్ధం చేయకుండా నిరోధించింది. ఇది యేసు గురించిన సువార్త 300 సంవత్సరాల పాటు చాలా వేగంగా వ్యాప్తి చెందడానికి వీలు కల్పించింది.",,,,
n,రూతు,,,"రూతు మోయాబుకు చెందిన (అన్య) స్త్రీ. ఆమె నయోమి ఇద్దరు కుమారులలో ఒకరిని వివాహం చేసుకున్న విధవరాలు. రూతు నయోమితో ఇశ్రాయేలుకు వచ్చింది, అక్కడ బోయజు అనే మంచి వ్యక్తి ఆమెను వివాహం చేసుకున్నాడు. వారి కుమారుడు దావీదు రాజు మరియు యేసు పూర్వీకుడయ్యాడు.",,,జిసి 19-ఫిబ్రవరి-2019,
t,సబ్బాత్,,విశ్రాంతి; పని నిలిపివేయండి; సబాత్ (కె) దినం;,"సబ్బాత్ అంటే విశ్రాంతి లేదా విరమణ అనే అర్థం గల హీబ్రూ పదం. ప్రపంచాన్ని సృష్టించిన తర్వాత, దేవుడు (మరియు తరువాత మోషే ధర్మశాస్త్రం) ప్రతి వారంలోని ఏడవ రోజును విశ్రాంతి కోసం ప్రత్యేకంగా సబ్బాత్ రోజుగా నిర్ణయించాడు, సాధారణ శ్రమ చేయడం కాదు. పండుగలు మరియు పండుగలు కూడా సబ్బాత్ రోజులు. (యేసు కాలంలో, యూదులు సబ్బాత్ రోజులలో కార్యకలాపాలకు వ్యతిరేకంగా అనేక నియమాలను జోడించారు. యేసు తరచుగా ఆ నియమాలను ఉల్లంఘించాడు.)",విశ్రాంతి,,,
t,త్యాగం,"త్యాగాలు, త్యాగాలు", వధించిన జంతువును అర్పించడం; మీ ప్రాణాన్ని లేదా వస్తువులను మరొకరికి ఇవ్వడం (G); అలవాటుగా వండిన బహుమతి (R);,"బలి అంటే దేవుణ్ణి గౌరవించడానికి ఎవరైనా చంపే, దహనం చేసే లేదా అర్పించే (పెట్టే / ఇచ్చే) ఏదైనా ఖరీదైన వస్తువు. మోషే ధర్మశాస్త్రం ఇశ్రాయేలీయులు పాపాలకు పరిహారం చెల్లించడానికి బలులు అర్పించాలని ఆదేశించినప్పటికీ, దేవునికి కృతజ్ఞతలు చెప్పడానికి ఎవరైనా బలి అర్పించవచ్చు. (యేసు పాపానికి చివరి బలిగా మరణించాడు కాబట్టి, క్రైస్తవులు దేవునికి ఆరాధన, స్తుతి, కృతజ్ఞతలు మరియు వారి స్వంత శరీరాలను సజీవ బలిగా అర్పిస్తారు.)",,,,
n,సద్దూకయ్యులు,సద్దూసీ,,"సద్దూకయ్యులు యెరూషలేము ఆలయాన్ని పర్యవేక్షించే ధనవంతులు, ఉన్నత తరగతి యూదులు. వారు యూదు మత నాయకులలో భాగం. మోషే ధర్మశాస్త్రంలో లేని నియమాలను పాటించడం గురించి వారు పరిసయ్యులతో విభేదించారు. (సద్దూకయ్యులు కాలాంతంలో చనిపోయినవారు లేస్తారని నమ్మారు, కానీ అంతానికి ముందు ఎవరైనా మరణం నుండి లేవలేరని వారు తిరస్కరించారు.)","పరిసయ్యుడు, శాస్త్రులు",దీనిని తొలగించవచ్చు: (వారు దేవదూతలు ఉన్నారని కూడా నమ్మారు కానీ దేవదూతలు మానవులకు కనిపించరని తిరస్కరించారు.) (హిల్కా),,
t,సాధువు,సాధువులు," దేవుడు పాలించేవాడు, యేసు పాలించేవాడు (G);", సెయింట్ అంటే యేసుపై విశ్వాసం ద్వారా దేవునికి చెందిన పవిత్ర వ్యక్తి అని అర్థం. అపొస్తలులు తరచుగా వారు లేఖలు రాసిన క్రైస్తవులను సెయింట్స్ అని సంబోధించారు.,"క్రైస్తవుడు, విశ్వాసి, శిష్యుడు",,జిసి 08-ఫిబ్రవరి-19,
n,సమరయ,"సమరిటన్లు, సమరిటన్లు",,"సమారియా పురాతన ఇజ్రాయెల్ యొక్క ఉత్తర ప్రాంతంగా ఉండేది, తరువాత అది రోమ్ ప్రావిన్స్‌గా మారింది. యేసు కంటే 600 సంవత్సరాల ముందు అష్షూరు యూదులను సమారియా నుండి బహిష్కరించిన తరువాత, వారు అన్యమతస్థులను సమారియాలో నివసించడానికి తీసుకువచ్చారు. ఈ సమరయులు యూదు మతంలోకి మారారు, కానీ యూదులు సమరయులను నిజమైన యూదులుగా అంగీకరించలేదు ఎందుకంటే వారు అన్యులతో వివాహం చేసుకున్నారు మరియు కొందరు తమ దేవుళ్లను ఆరాధించారు, మరికొందరు ఇజ్రాయెల్ దేవుడిని ఆరాధించారు. యూదా యూదులు సమరయులను తృణీకరించారు.",,"సమారిటన్, యూదుల సమాజంలో సభ్యుడు, ఇప్పుడు దాదాపు అంతరించిపోయింది, ఇది క్రీస్తుపూర్వం 722 లో ఇజ్రాయెల్ రాజ్యాన్ని అస్సీరియన్ జయించిన వారిచే బహిష్కరించబడని పురాతన సమారియా యూదులతో రక్త సంబంధం కలిగి ఉందని పేర్కొంది. (హిల్కా)",,
n,సమ్సోను,,,"సమ్సోను యేసుకు దాదాపు 1100 సంవత్సరాల ముందు జీవించాడు. అతని పేరుకు సూర్యుడు అని అర్థం. అతను దేవునికి అంకితభావంతో ఉండాల్సి ఉంది, కానీ న్యాయాధిపతుల కాలంలో అతను అవిధేయుడైన నాయకుడు. దేవుడు సమ్సోనుకు గొప్ప శారీరక బలాన్ని ఇచ్చాడు, అతను ఇశ్రాయేలీయుల శత్రువులను చాలా మందిని చంపాడు. అయితే, అతను ఒక అన్యమత స్త్రీని వివాహం చేసుకున్నాడు, ఆమె అతన్ని మోసం చేసింది, దీని వలన అతను దేవునికి మరింత అవిధేయత చూపించాడు మరియు అతని బలాన్ని కోల్పోయేలా చేశాడు.",,,,
n,సమూయేలు,,, సమూయేలు యేసుకు దాదాపు 1150 సంవత్సరాల ముందు జీవించాడు. అతని పేరుకు అర్థం దేవుని పేరు. సమూయేలు ఇశ్రాయేలులో గొప్ప ప్రవక్త అయ్యాడు మరియు సౌలు మరియు దావీదులను ఇశ్రాయేలు రాజులుగా అభిషేకించాడు కూడా అతనే.,,,,
t,పవిత్రం చేయు,"పవిత్రం, పవిత్రం చేస్తుంది",దేవునికి నిజంగా విధేయత చూపే వ్యక్తిగా (G); శుభ్రపరచే వ్యక్తిగా (W);, పవిత్రం చేయడం అంటే దేనినైనా లేదా ఎవరినైనా మరింత పవిత్రంగా చేసుకోవడం లేదా మనల్ని మనం దేనినైనా లేదా ఎవరినైనా దేవునికి అంకితం చేసుకోవడం. దేవుని పరిశుద్ధాత్మ క్రైస్తవులలో నివసించడం ద్వారా వారిని పవిత్రం చేస్తుంది.,"సమర్థించు, శుభ్రంగా, పవిత్రంగా",,జిసి 15-ఫిబ్రవరి-2019,
t,మహాసభ,,సమావేశం (R); సమావేశ ప్రజలు (R); నాయకుల సమావేశం (W);,"యేసు కాలంలో, యూదుల మతం మరియు వ్యవహారాలపై 71 మంది పురుషులతో కూడిన పాలక మండలి మహాసభ. వారికి యూదు ప్రధాన యాజకుడు నాయకత్వం వహించాడు. (యేసు చనిపోవాలని, తరువాత పౌలు చనిపోవాలని మహాసభ తీర్పు ఇచ్చింది.) (యేసును సిలువ వేయడానికి మహాసభ రోమన్ల వద్దకు పంపింది.)",,," 2018 లో, సంహెడ్రిన్ ఇజ్రాయెల్‌లో మళ్ళీ చురుకుగా మారింది.",
n,సప్పీరా,,,"సప్పీరా మరియు ఆమె భర్త అననీయలు తొలి క్రైస్తవులలో ఉన్నారు. వారు కొంత భూమిని అమ్మి, ఆ డబ్బులో కొంత భాగాన్ని పేద క్రైస్తవులకు సహాయం చేయడానికి తీసుకువచ్చారు. కానీ వారు ఆ భూమిని ఎంత ధరకు అమ్మేశారో అబద్ధం చెప్పినప్పుడు, వారు చనిపోయారు. (సప్పీరా అనే పేరుకు అర్థం సప్పీర్, ఒక విలువైన రాయి.)",,,జిసి 19-ఫిబ్రవరి-19,
n,శార,,,"అబ్రాహాము మొదటి భార్య శార. ఆమె చాలా సంవత్సరాలు గొడ్రాలిగా ఉన్నప్పటికీ, ఆమె వృద్ధాప్యంలో ఒక కొడుకును కంటానని దేవుడు వాగ్దానం చేశాడు. వాగ్దానం చేయబడిన కుమారుడు ఇస్సాకు పుట్టకముందే, దేవుడు ఆమె పేరును శారయి నుండి యువరాణి అని మార్చాడు.",సారాయి,,,
n,శారయి,,,"శారయి అబ్రాహాము మొదటి భార్య, ఆమె ఇస్సాకుకు తల్లి అయ్యింది. దేవుడు శారయి పేరును సారాగా మార్చాడు. (శారయి అంటే కలహకారి అని అర్థం, సారా అంటే యువరాణి అని అర్థం.)",సారా,,జిసి 15-ఫిబ్రవరి-2019,
n,సాతాను,దయ్యం,వంకర నోరు (G); దేవుని శత్రువు; దుష్టశక్తుల ముఖ్య నాయకుడు (G); ఇతరులను నిందించే ఆత్మ; సెయ్తానే (W),"సాతాను అంటే నిందించేవాడు లేదా శత్రువు. సాతాను ఒక శక్తివంతమైన, దుష్ట ఆత్మ లేదా అపవాది, అతను మానవులను తప్పు చేయమని ప్రలోభపెట్టి, దేవుని ముందు వారిని నిందిస్తాడు. అయితే, యేసు దేవుని ముందు విశ్వాసులను సమర్థిస్తాడు. (చివరికి, యేసు సాతానును శాశ్వతంగా అగ్ని సరస్సులోకి పడవేస్తాడు.)","రాక్షసుడు, బీల్జెబూలు",PNG లో సెయ్తానే ఉపయోగకరంగా లేదు.,"హీబ్రూలో, అతను హ-సాతాను = అపవాది. ప్రకటన గ్రంథం మాత్రమే సాతాను = సర్పం = డ్రాగన్ = అపవాది అని చేస్తుంది.",
n,సౌలు,,,"సౌలు అనే ఇద్దరు వ్యక్తులు ఉన్నారు: (1) యేసు కంటే 1100 సంవత్సరాల ముందు ఇశ్రాయేలు తమ మొదటి రాజుగా ఎంచుకున్న పొడవైన, అందమైన వ్యక్తి. (2) క్రైస్తవులను చంపడానికి ప్రయత్నించిన యూదు పరిసయ్యుడు. తరువాత అతను క్రైస్తవుడిగా మరియు అపొస్తలుడిగా మారి, పౌలు అనే పేరును ఉపయోగించి అన్యజనులకు సువార్తను తీసుకువెళ్లాడు. (సౌలు అనే హీబ్రూ పేరు అంటే అడగబడింది అని అర్థం.)",,,జిసి 08-మార్చి-2019,
t,రక్షకుడు,, కారణం-జీవించేవాడు (R); రక్షించేవాడు/బట్వాడా చేసేవాడు (మనకు) (G);,"దేవుడు ఇశ్రాయేలీయుల రక్షకుడు, తరచుగా వారిని వారి శత్రువుల నుండి రక్షించేవాడు. యేసు మానవులందరికీ రక్షకుడు, సాతాను శక్తి నుండి, దేవుని కోపం మరియు తీర్పు నుండి, శాశ్వత మరణం నుండి మరియు నరకం నుండి, విశ్వాసంతో తనను ప్రార్థించే వారందరినీ రక్షిస్తాడు. (క్రైస్తవులు రక్షించబడ్డారని కొత్త నిబంధన ఇలా చెబుతుంది.)",,,,
t,రాజదండం,, పాలక కర్ర (G);,సెప్టర్లు అంటే రాజులు చట్టాలు లేదా నిర్ణయాలు తీసుకునేటప్పుడు తమ చేతిలో పట్టుకునే కర్ర లేదా బంతి [కర్రపై]. సెప్టర్ అనేది రాజ అధికారానికి చిహ్నం.,,,జిసి 08-మార్చి-2019,
t,లేఖకుడు,లేఖకులు,ప్రజల గురువు (జి); సాంస్కృతిక న్యాయ నిపుణుడు; ప్రజలకు సాంస్కృతిక చట్టాన్ని బోధించే వ్యక్తి; చట్టాల గురువు (ఆర్); ఇతరులకు పత్రాలు/పుస్తకాలు వ్రాయగల విద్యావంతుడు; రిపీటర్ (W), ,"యూదు మత నాయకుడు, పరిసయ్యుడు, సద్దూసీ",,,
t,గ్రంథపు చుట్ట,స్క్రోల్స్, చుట్టిన పుస్తకం; చుట్టిన కాగితం (G);,"గ్రంథపు చుట్ట అనేది ఒక పొడవైన తోలు ముక్క (లేదా పాపిరస్), దానిపై పురుషులు పదాలు రాశారు. వారు దానిని నిల్వ చేయడానికి స్క్రోల్‌ను చుట్టారు మరియు దాని నుండి చదవడానికి దాన్ని విప్పారు. పుస్తకాలు ఒక అంచున కలిసి కట్టబడిన అనేక చిన్న కాగితపు ముక్కలు. స్క్రోల్ అనేది పుస్తకాన్ని తయారు చేయడానికి ఒక పాత రూపం లేదా మార్గం. స్క్రోల్ అనేది చుట్టబడిన పుస్తకం. పుస్తకం అనేది పేర్చబడిన పేజీల ఫ్లాట్ స్క్రోల్.","బైబిల్, పుస్తకం",,జిసి 23-ఫిబ్రవరి-2019,
t,సముద్రం,సముద్రం, పెద్ద నీరు/నది (జి);,భూమిలో సగానికి పైగా లోతైన ఉప్పు నీటితో కప్పబడి ఉంది. లోతైన నీటిలోని విశాలమైన భాగాలను సముద్రాలు లేదా మహాసముద్రాలు అంటారు. నీటిపై తేలియాడే ఓడలు అని పిలువబడే పెద్ద పడవలలో పురుషులు సముద్రాలను దాటవచ్చు.,"నది, నీరు",,జిసి 19-ఫిబ్రవరి-19,
t,గ్రీకు బైబిలు,,,"గ్రీకు బైబిలు అంటే 70, పాత నిబంధన గ్రీకులోకి అనువదించబడింది. యేసుకు దాదాపు 330 సంవత్సరాల ముందు, గ్రీకులు ఇజ్రాయెల్ మరియు ఐగుప్తును జయించారు, అక్కడ చాలా మంది యూదులు నివసించారు. యూదులు గ్రీకు మాట్లాడటం ప్రారంభించినప్పుడు, వారిలో 70 మంది పాత నిబంధనను హెబ్రూ నుండి గ్రీకులోకి అనువదించారు. (కొత్త నిబంధన తరచుగా హీబ్రూ నుండి కాకుండా సెప్టువాజింట్ నుండి వచనాలను ఉదహరిస్తుంది.)",,,"అది ఎక్కువ లేదా తక్కువ సంప్రదాయం. వాస్తవికత కొద్దిగా భిన్నంగా ఉండవచ్చు, ఎందుకంటే తనఖ్ యొక్క ఇతర గ్రీకు అనువాదాలు కూడా ఉన్నాయి.",
t,సేవకుడు,సేవకులు, ఒకరి కోసం పనిచేసే వ్యక్తి (జి);,"ఒక సేవకుడు వేరొకరికి సహాయం చేస్తాడు లేదా పని చేస్తాడు. సేవకులు (1) జీతం కోసం పనిచేసే వ్యక్తులు కావచ్చు, (2) జీతం లేకుండా బలవంతంగా పని చేయించిన బానిస లేదా రుణగ్రహీత కావచ్చు, (3) తమ యజమానిని ప్రేమిస్తున్నందున వారి కోసం స్వేచ్ఛగా పనిచేసే వ్యక్తులు కావచ్చు. సేవకులు కాని పేదవారి కంటే శక్తివంతమైన వ్యక్తి కోసం పనిచేసే సేవకులు చాలా ముఖ్యమైనవారు. ప్రవక్తలు మరియు క్రైస్తవులు ప్రభువు సేవకులు అని పిలుస్తారు ఎందుకంటే వారు తమ యజమాని అయిన ప్రభువును స్వేచ్ఛగా సేవిస్తారు.",బానిస,,జిసి 07-ఫిబ్రవరి-19,
t,సిగ్గు,"సిగ్గు, సిగ్గు, సిగ్గుచేటు", సిగ్గుపడండి (జి);,"సిగ్గు అనేది అపరాధ భావన నుండి వచ్చే ఒక భావన లేదా భావోద్వేగం. ఇతరులను సిగ్గుపరచడం అంటే వారు చేసిన చెడు చర్యలను చెప్పడం. తాము ఏదైనా తప్పు చేయలేదని బలంగా కోరుకున్నప్పుడు లేదా వారు తప్పు లేదా చెడుగా నిరూపించబడినప్పుడు మానవులు సిగ్గుపడతారు లేదా సిగ్గుపడతారు. మన అవమానాన్ని తొలగించడానికి యేసు మనకోసం చనిపోయాడు, తద్వారా మనం క్షమించబడ్డామని మరియు ప్రేమించబడ్డామని భావించవచ్చు.","అపరాధం, క్షమించు",అపరాధ సంస్కృతిలో ఇది నిజం: మానవులు తాము తప్పు చేయలేదని బలంగా కోరుకున్నప్పుడు సిగ్గుపడతారు లేదా సిగ్గుపడతారు. కానీ సిగ్గు సంస్కృతిలో ప్రజలు తమ పరువు కోల్పోయినప్పుడు/తప్పు/చెడుగా నిరూపించబడినప్పుడు సిగ్గుపడతారు.,జిసి 23-ఫిబ్రవరి-2019,
n,షెకెము,,,"షెకెము అనే దుష్టుడు యాకోబు కుమార్తె దీనాను అత్యాచారం చేసిన తర్వాత, ఆమె సోదరులు అతన్ని చంపారు. కనానీయుల వంశం షెకెము అని పిలువబడింది. షెకెము అనే పట్టణం ఇశ్రాయేలులో ఏడు 'ఆశ్రయ నగరాలలో' ఒకటిగా మారింది, అక్కడ హత్య ఆరోపణలు ఎదుర్కొంటున్నవారు రక్షణ కోసం పారిపోవచ్చు. (షెకెము అనే పేరుకు జీవం అని అర్థం కావచ్చు.)",,,జిసి 19-ఫిబ్రవరి-19,
t,గొర్రెలు,, సిప్సిప్ (K); సిప్ (R); జింక లాంటి జంతువు (G);,"గొర్రెలు నిశ్శబ్దంగా మరియు సిగ్గుపడే జంతువులు, కుక్కల కంటే పెద్దవి. అవి మేకలను పోలి ఉంటాయి కానీ లావుగా ఉండే తోకలు కలిగి ఉంటాయి. అవి మందలలో లేదా మందలలో ఉంటాయి మరియు పొడవాటి జుట్టు/బొచ్చు/ఉన్ని పెంచుతాయి. మానవులు గొర్రెలను పెంచుకుంటారు, వాటి ఉన్నిని కత్తిరించి వస్త్రం తయారు చేస్తారు మరియు కొన్నిసార్లు వాటి మాంసాన్ని తింటారు. ఇశ్రాయేలీయులు తరచుగా దేవుణ్ణి ఆరాధించడానికి గొర్రెలను బలి ఇచ్చేవారు. మగ గొర్రెను పొట్టేలు అంటారు. ఆడ గొర్రెను ఆడ గొర్రె అంటారు. గొర్రె పిల్లను గొర్రె అంటారు. బాప్తిస్మమిచ్చే యోహాను మరియు బయల్పరిచే యోహాను యేసును దేవుని గొర్రెపిల్ల అని పిలిచారు. (యేసు తనను తాను గొర్రెల కాపరి అని పిలిచాడు మరియు మమ్మల్ని తన గొర్రెలు అని పిలిచాడు.)","గొర్రెల కాపరి, మేక",,గొర్రెలు కాసే వాళ్ళు దీన్ని చూసి నవ్వుకుంటారు.,
t,గొర్రెల కాపరి,గొర్రెల కాపరులు, గొర్రెలను మేపుకునేవాడు (G);,"గొర్రెలను లేదా మేకలను నడిపించే మరియు రక్షించే వారిని గొర్రెల కాపరులు అంటారు. యేసు తనను తాను మన మంచి కాపరి అని పిలిచాడు, ఎందుకంటే ఆయన మనలను దేవుని వద్దకు నడిపిస్తాడు మరియు మనల్ని జాగ్రత్తగా చూసుకుంటాడు.","గొర్రె, మేక",,జిసి 23-ఫిబ్రవరి-2019,
n,షిలో,,,"షిలోహు సమరయ ప్రావిన్సులో ఉన్న ఒక పురాతన ప్రాకార నగరం, అక్కడ ఇశ్రాయేలీయులు తమ పాత ఆరాధనా గుడారాన్ని ఉంచారు. చాలా మంది ఇశ్రాయేలీయులు ప్రభువును ఆరాధించడానికి షిలోహుకు వార్షిక తీర్థయాత్ర చేసేవారు.",,,,జిసి 7/7/2019
n,షిలో,,,"షిలోహు అనేది యూదా ప్రావిన్స్‌లోని ఒక పట్టణం, ఇశ్రాయేలీయులు కనానులో స్థిరపడిన తర్వాత అక్కడ పాత ఆరాధన గుడారం, నిబంధన మందసం ఉంచబడ్డాయి. ప్రవక్త సమూయేలు షిలోహు నుండి వచ్చాడు.",,,జిసి 07-ఫిబ్రవరి-19,
t,ఓడ,ఓడలు, పెద్ద పడవ (జి);,"ఓడలు అనేవి చాలా పెద్ద పడవలు, ఇవి ప్రయాణీకులను మరియు సరుకులను ఎక్కువ దూరం తీసుకువెళతాయి మరియు సముద్రం లేదా విశాలమైన సరస్సులపై ప్రయాణించాయి.","మురికి, పడవ",,జిసి 19-ఫిబ్రవరి-19,
n,సీదోను,,,"సీదోను అనేది ఇశ్రాయేలు ఉత్తరాన సముద్రానికి దగ్గరగా ఉన్న ఒక ధనిక, అన్యమత, శత్రు నగరం, అక్కడ వారు ఇతర దేవుళ్లను పూజించారు. దుష్ట రాణి యెజబేలు సీదోను నుండి వచ్చింది. యేసు ఒకసారి ఒక విధవరాలికి మరియు ఆమె చిన్న కుమార్తెకు సహాయం చేయడానికి అక్కడికి వెళ్ళాడు. (సీదోను అనే పేరుకు చేపల పట్టణం అని అర్థం.)",,,జిసి 19-ఫిబ్రవరి-2019,
n,సీను,సియన్,,ఇశ్రాయేలీయులు ఐగుప్తు నుండి తప్పించుకున్న తర్వాత చాలా నెలలు నివసించిన అరణ్య ప్రాంతం పేరు సీను.,,,వాళ్ళు అక్కడ ఏమి తిన్నారో కథ నుండి తెలుసుకోవచ్చు.,
n,సీలా,,,"సీలా యెరూషలేముకు చెందినవాడు. అతను పౌలుతో కలిసి అనేక నగరాలకు ప్రయాణించాడు, అక్కడ వారు కొత్త చర్చిలను స్థాపించారు (అపొస్తలుల కార్యములు 15, 16, 17, 18). (సీలా అనే పేరుకు 'అడవి కాపరి' అని అర్థం.)",,,,జిసి 7/7/2019
t,వెండి,, హార్డ్ మనీ (జి);,"వెండి అనేది కప్పులు, కుండలు, గిన్నెలు మరియు డబ్బు నాణేలను తయారు చేయడానికి ఉపయోగించే ఒక ప్రకాశవంతమైన, ఖరీదైన లోహం.",బంగారం,,జిసి 19-ఫిబ్రవరి-2019,
n,సీమోను,సిమియన్,,"సీమోను అనే పేరుగల చాలా మంది పురుషులు ఉన్నారు, ఆ పేరును మరొక విధంగా చెప్పాలంటే సిమియోను. అపొస్తలుడైన పేతురును సీమోను మరియు కేఫా అని పిలిచేవారు.",,,జిసి 08-మార్చి-2019,
t,పాపం," పాపం, పాపాలు, పాపం, దుష్టత్వం, దుష్టత్వం,", చెడు పనులు/ఆలోచనలు; చెడు ప్రవర్తన (R); (ఫలితంగా) అపరాధ భావన; దేవుడు ఇష్టపడని/కోరుకునే పనులు చేయడం; చెడు/తప్పు మార్గాల్లో వెళ్లడం; దేవుడు చెడుగా భావించే పనిని చేయడం (G); మంచిది కాని పని (G);,"దేవునికి అసహ్యకరమైన ప్రతి మానవ చర్య పాపం. దేవుని నియమాన్ని ఉల్లంఘించే పాపాలు అతిక్రమణలు. మానవ చట్టాన్ని ఉల్లంఘించే పాపాలు నేరాలు. బాల్యంలో జీవించి ఉన్న మానవులందరూ పాపాలు చేస్తారు. ఒక వ్యక్తి దేవుని ఆజ్ఞను ఉల్లంఘించినప్పుడల్లా అది పాపమే. అది మానవుల దృష్టిలో చిన్నదైనా లేదా పెద్దదైనా, అది ఇప్పటికీ దేవుని దృష్టిలో పాపమే. (యేసు మన పాపాల కారణంగా తన సిలువపై మరణించాడు కాబట్టి, దేవుడు మనందరి పాపాలను క్షమించగలడు.)",కుడి,,,
n,సీనాయి,"సీనాయి పర్వతం, సీనాయి పర్వతం",,"అరేబియాలోని సీనాయి పర్వతం మీద దేవుడు మోషేను కలిశాడు, అక్కడ దేవుడు రాళ్లపై పది ఆజ్ఞలను వ్రాసి, ఇశ్రాయేలీయులతో ఒక నిబంధన చేసాడు.",,,కొంతమంది పరిశోధకులు ఇప్పుడు సినాయ్ సౌదీ అరేబియాలోని జెబెల్-ముసా (మోసెస్ పర్వతం) అని నమ్ముతున్నారు.,
n,సిసెరా,,,"దెబోరా న్యాయాధిపతిగా ఉన్నప్పుడు సీసెరా ఇశ్రాయేలీయులతో పోరాడిన కనానీయుల సైన్యాధ్యక్షుడు. సీసెరా పారిపోయి ఒక స్త్రీ గుడారంలో దాక్కున్నప్పుడు, ఆమె అతన్ని చంపింది. ఆమె పేరు యాయేలు.",,,,జిసి 7/7/2019
t,బానిస,"బానిసలు, బానిస బానిస", జీతం లేకుండా/ఏ జీతం లేకుండా పనిచేసే వ్యక్తి (G);,"పురాతన కాలంలో, చాలా దేశాల పౌరులు రెండు రకాల పౌరులను కలిగి ఉన్నారు: మరొక వ్యక్తికి చెందని స్వేచ్ఛావాదులు మరియు మరొకరికి చెందిన బానిసలు లేదా బానిసలు, వారు జీతం లేకుండా సేవ చేశారు. కొంతమంది బానిసలు యుద్ధ ఖైదీలు, మరికొందరు తమ అప్పులు చెల్లించలేకపోవడంతో బానిసలుగా మార్చబడ్డారు. ఒక బానిస డబ్బు సంపాదించి ఆదా చేయగలిగితే, అతను తన స్వేచ్ఛను కొనుగోలు చేయగలడు.",సేవకుడు,నిర్వచనాన్ని చూపించడానికి సెల్ పరిమాణాన్ని పెంచండి.,జిసి 07-ఫిబ్రవరి-19,
t,పాము,"సర్పం, పాములు, పాములు",," పాములు అనేవి కాళ్ళు లేదా కాళ్ళు లేని పొడవైన, సన్నని జంతువులు/జంతువులు. కొన్ని పాములు ఇతర జంతువులను విషంతో కొరికి చంపుతాయి. మరికొన్ని వేరే జంతువు చుట్టూ చుట్టుకుని, వాటిని పిండడం ద్వారా చంపుతాయి.",డ్రాగన్,,జిసి 15-ఫిబ్రవరి-2019,
n,సొదొమ,సొదొమైట్స్,,"గొమొర్రా అనే పట్టణానికి సమీపంలో లోతు మరియు అతని కుటుంబం నివసించిన పట్టణం పేరు సొదొమ. సొదొమ మరియు గొమొర్రా పురుషులు భయంకరమైన లైంగిక పాపాలు చేశారు. దీని కారణంగా, దేవుడు ఈ పట్టణాలను అగ్నితో నాశనం చేశాడు.",,,,
n,సొలొమోను,,,"సొలొమోను, దీని పేరు శాంతి అని అర్థం, దావీదు రాజు కుమారులలో ఒకడు. బత్షెబ సొలొమోను తల్లి. దావీదు తర్వాత సొలొమోను రాజయ్యాడు మరియు యెరూషలేములో దేవునికి మొదటి ఆలయాన్ని నిర్మించింది అతనే. సొలొమోను దేవుని ముందు తనను తాను తగ్గించుకున్నందున, దేవుడు అతన్ని జ్ఞానవంతుడిని మరియు అత్యంత ధనవంతుడిని చేశాడు. (అయితే, తరువాత సొలొమోను అనేక మంది భార్యలను వివాహం చేసుకుని, వారు అన్యమత దేవుళ్లను ఆరాధించడానికి అనుమతించడం ద్వారా పాపం చేశాడు.)",,,,
t,దేవుని కుమారుడు,దేవుని కుమారుడు," మానవ రూపంలో ఉన్న దేవుడు; దేవుని బిడ్డ (R, W); దేవుడు అయిన మనిషి; దేవుడు!; దేవుని కుమారుడు (G) (మార్కు 15:39);","ఇశ్రాయేలులో, దేవుడు రాజులను తన కుమారులు అని, తనను తాను వారి తండ్రి అని పిలిచాడు. ఆ విధంగా, 'దేవుని కుమారుడు' అనేది రాజులకు ఒక బిరుదుగా మారింది, మరియు 'దేవుని కుమారుడు' అనేది మెస్సీయ లేదా క్రీస్తు అని పిలువబడే గొప్ప రాజుకు ఒక బిరుదుగా మారింది. (కొత్త నిబంధన యేసు దేవుని కుమారుడని, యేసు మానవ శరీరంతో జన్మించిన దేవుడు అని వెల్లడిస్తుంది.)","మనుష్యకుమారుడు, మెస్సీయ",,"జిసి: బైబిల్ శీర్షికలను వారి అధిభౌతిక ఊహాగానాలకు సరిపోయేలా చేయడానికి వేదాంతవేత్తలు అన్ని రకాల వక్రీకరణల ద్వారా వెళతారు. యేసు నిజంగా మానవుడు మరియు నిజంగా దేవుడు అయినప్పటికీ, అది శీర్షిక యొక్క ప్రధాన ఉద్దేశ్యం కాదు.",
t,మనుష్యకుమారుడు,పురుష కుమారుడు,మానవ కుమారుడు; మనుష్యకుమారుడు (R); మనుష్య కుమారుడు (G); మానవ కుమారుడు; పరలోక పురుషుడు;,"ప్రవక్త అయిన దానియేలు ఒకసారి పరలోకంలో 'మనుష్యకుమారుని' పోలిన ఒక వ్యక్తిని దర్శనంలో చూశాడు, అతను ప్రపంచంలోని అన్ని దేశాలపై దేవుని నుండి గొప్ప అధికారం పొందాడు. అతని భవిష్యత్ రాజ్యం మరియు పాలన ఎప్పటికీ అంతం కాదు లేదా నాశనం కావు. దానియేలు దర్శనంలో మానవ శరీరంతో స్వర్గం నుండి వచ్చిన వ్యక్తి తానేనని బోధించడానికి యేసు తరచుగా తనను తాను మనుష్యకుమారుడు అని పిలిచేవాడు. (ప్రకటన గ్రంథం యేసును విశ్వాసుల మధ్య మనుష్యకుమారుడిగా మరియు కోత కోసేవాడు లేదా కోసేవాడుగా అనేకసార్లు వర్ణిస్తుంది.)"," దేవుని కుమారుడు, మెస్సీయ",,"GC: బైబిల్ శీర్షికలను వారి అధిభౌతిక ఊహాగానాలకు సరిపోయేలా చేయడానికి వేదాంతవేత్తలు అన్ని రకాల వక్రీకరణల ద్వారా వెళతారు. యేసు నిజంగా మానవుడు మరియు నిజంగా దేవుడు అయినప్పటికీ, అది శీర్షిక యొక్క ప్రధాన ఉద్దేశ్యం కాదు. GC: వాక్యనిర్మాణాన్ని కొంచెం సరళీకరించారు.",
t,ఈటె,, పొడవైన బాణం (G);, ఈటెలు అనేవి పొడవైన చెక్క కడ్డీ మరియు పదునైన మూల కలిగిన ఆయుధాలు. సైనికులు యుద్ధంలో శత్రువులపై ఈటెలను విసిరేవారు లేదా విసిరేవారు.,,,జిసి 08-మార్చి-2019,
t,ఆత్మ,"ఆత్మలు, దెయ్యాలు, దయ్యాలు",జీవి (W);,"ఆత్మలు అంటే మనకు మానవులకు కనిపించని జీవులు. దేవుడు శాశ్వతమైన ఆత్మ. ఇతర ఆత్మలు దేవుడు సృష్టించిన తక్కువ ఆత్మలు. దేవదూతలు మరియు రాక్షసులు ఆత్మలు. ప్రతి మానవుడు కలిసి ఒక ఆత్మ మరియు కనిపించే శరీరం. మానవులు చనిపోయినప్పుడు, వారి ఆత్మ ఒక దెయ్యం అవుతుంది, అది కొత్త శరీరాన్ని పొందే వరకు.","రాక్షసుడు, దేవదూత",ఇతర దేవతలు -> ఇతర ఆత్మలు,జిసి 23-ఫిబ్రవరి-2019,
t,సిబ్బంది,సిబ్బంది,,"కర్ర అనేది నడుస్తున్నప్పుడు పట్టుకోవడానికి బలమైన చెక్క కర్ర, ఇది రక్షణ ఆయుధంగా ఉపయోగపడుతుంది.",,,,జిసి 7/7/2019
n,స్తెఫను,,,"స్తెఫను తొలి క్రైస్తవులలో ఒకడు, అతను పరిశుద్ధాత్మతో (బాగా నియంత్రించబడిన) నిండిన జ్ఞానవంతుడైన నాయకుడిగా పేరుగాంచాడు. అతను ఇతరులకు ఆహారాన్ని పంచిపెట్టాడు మరియు యేసు గురించి ధైర్యంగా మాట్లాడాడు. కొంతమంది యూదు నాయకులకు వారి స్వంత పాపాల గురించి అతను గుర్తు చేసినప్పుడు, వారు అతన్ని పెద్ద రాళ్లతో కొట్టి చంపారు. (స్తెఫను అనే పేరుకు కిరీటం అని అర్థం.)",,అతను ఇతరులకు ఆహారం వడ్డించాడు -> అతను ఇతరులకు ఆహారం పంపిణీ చేశాడు,జిసి 19-ఫిబ్రవరి-2019,
t,బలమైన పానీయం,మద్యం," పులియబెట్టిన మానియోక్ రసం, మత్తును కలిగించే ఏదైనా పానీయం (G); క్రేజీ వాటర్ (U);",స్ట్రాంగ్ డ్రింక్ అంటే ఆల్కహాల్ కలిగి ఉన్న ఏదైనా ద్రవ పానీయం.," బీరు, వైన్,",ఇతర భాష: క్రేజీ వాటర్ (urt),జిసి 15-ఫిబ్రవరి-2019,
t,గంధకం,గంధకం,సల్ఫా (కె),"గంధకం అనేది పసుపు రంగు పదార్థం, ఇది ప్రకాశవంతమైన మంటతో మరియు బలమైన వాసనతో మండుతుంది. దీనిని కొన్నిసార్లు గంధకం అని పిలుస్తారు.",,,,
t,కత్తి,కత్తులు, పొడవైన కత్తి/మాచేట్ (జి);," కత్తులు అనేవి సైనికులు యుద్ధంలో పోరాడటానికి ఉపయోగించే బలమైన, పొడవైన కత్తులు. యుద్ధం చేయడానికి మరియు నేరస్థులను శిక్షించడానికి రాజు శక్తికి కూడా కత్తి చిహ్నం.",,,జిసి 08-మార్చి-2019,
t,సైకామోర్,,అంజూర చెట్టు; చెట్టు (R); పండ్ల చెట్టు,సైకామోర్ ఒక రకమైన అంజూర (పండ్ల) చెట్టు. ఇది ఎక్కడానికి సులభంగా విస్తరించే కొమ్మలను కలిగి ఉంటుంది మరియు ప్రయాణికులకు నీడను అందించడానికి తరచుగా రోడ్ల పక్కన నాటబడుతుంది. దీని కలపను ఇంధనం మరియు ఫర్నిచర్ కోసం ఉపయోగించారు.,,,,
t,ప్రార్థనా మందిరం,, ప్రకటించడానికి ఇల్లు; యూదులు సమావేశమైన స్థలం / సమావేశ స్థలం (G); ప్రార్థనా మందిరం (R);,"సినగోగ్ అంటే కలిసి రండి. సినగోగ్‌లు అనేవి మతపరమైన సమావేశ గృహాలు, ఇక్కడ యూదులు బైబిల్ చదవడానికి, ఒకరికొకరు బోధించడానికి, ప్రార్థన చేయడానికి మరియు దేవుణ్ణి ఆరాధించడానికి సమావేశమవుతారు. (క్రైస్తవ సమావేశ స్థలాలను ప్రార్థనా మందిరాలు లేదా చర్చిలు అంటారు.)","ఆలయం, గుడారం",క్రైస్తవ ప్రార్థనా మందిరాలు -> క్రైస్తవ సమావేశ స్థలాలు,,
n,సిరియన్లు,"సిరియా, సిరియన్లు",," సిరియా ఇజ్రాయెల్‌కు ఈశాన్యంగా ఉన్న దేశం. సిరియా మరియు ఇజ్రాయెల్ తరచుగా ఒకదానికొకటి యుద్ధం చేసుకునేవి, ఇప్పటికీ అలాగే ఉన్నాయి. ప్రవక్త ఎలీషా తన కుష్టు వ్యాధిని స్వస్థపరిచిన తర్వాత నయమాను అనే సిరియా సైనిక అధికారి యెహోవాను ఆరాధించడం ప్రారంభించాడు.",,,జిసి 07-ఫిబ్రవరి-19,
t,గుడారం,"పవిత్ర గుడారం, సమావేశ గుడారం, సమావేశ గుడారం",దేవుని తోలు/తోలు ఇల్లు; ఇల్లు లాంటి భవనం (మన్నికైన పదార్థంతో తయారు చేయబడలేదు) (G); తోలు ప్రార్థన-గుడారం; కాన్వాస్ ఇల్లు (అంటే గుడారం) (R);,"టాబర్నాకిల్ అంటే పెద్ద గుడారం. దేవుడు ప్రాచీన ఇశ్రాయేలీయులను అందమైన, సులభంగా తీసుకెళ్లగలిగే గుడారాన్ని నిర్మించమని ఆదేశించాడు, తద్వారా అతని సన్నిధి వారితో నివసించి వారితో కలిసి గుడారం వేయగలదు. అలాగే వారు అరణ్యంలో ప్రయాణించేటప్పుడు ఆయనను సరిగ్గా ఆరాధించగలిగేలా. (సొలొమోను యెరూషలేములో ఒక ఆలయాన్ని నిర్మించిన తర్వాత, గుడారం ఇకపై అవసరం లేదు; గుడారాన్ని భర్తీ చేసింది. యేసు గుడారం మరియు ఆలయం రెండింటినీ భర్తీ చేశాడు.)","దేవాలయం, ప్రార్థనా మందిరం",,పదార్థాలను స్పష్టంగా చెప్పడం వల్ల ఆ పదాన్ని అనువదించడం అసాధ్యం కావచ్చు.,
n,తాబోరు,టాబోర్ పర్వతం,,తాబోరు ఉత్తర ఇజ్రాయెల్‌లోని ఒక పర్వతం. ఇది కొన్ని ఇజ్రాయెల్ తెగల మధ్య సరిహద్దులను గుర్తించింది.,,,జిసి 07-ఫిబ్రవరి-19,
n,తామారు,,, తామారు దావీదు రాజు కుమార్తె మరియు దావీదు కుమారుడు అబ్షాలోము సోదరి.,,,జిసి 08-మార్చి-2019,
t,పన్ను వసూలు చేసేవారు,పన్ను వసూలు చేసే వ్యక్తి,రుసుములు పొందేవారు/తీసుకునేవారు (R); పన్ను చెల్లింపుదారు (W);,"రోమన్లు ఇశ్రాయేలును స్వాధీనం చేసుకున్న తర్వాత, వారు దానిని యూదయ అని పిలిచి, అందరిపైనా భారీ పన్నులు విధించారు. కొంతమంది యూదులు/యూదులు రోమన్ల కోసం పన్నులు వసూలు చేసి, డబ్బులో కొంత భాగాన్ని తమ కోసం ఉంచుకున్నారు. చాలా మంది ప్రజలు పన్ను వసూలు చేసేవారిని ద్వేషించారు, వారిని పాపులు అని పిలిచారు.",,,,
t,నేర్పండి,"గురువు, బోధించు, బోధించు, బోధించు, శిక్షణ ఇవ్వు",చదవమని చెప్పు (W);,"బోధించడం లేదా శిక్షణ ఇవ్వడం అంటే ఇతరులకు ఉపయోగకరమైన లేదా నిజమైన విషయాన్ని చెప్పడం, అదే సమయంలో ఆ సత్యాన్ని ఎలా పాటించాలో లేదా అన్వయించుకోవాలో వారికి చూపించడం. యేసు ఇలా ఆజ్ఞాపించాడు: 'మీరు వెళ్లి, నా ఆజ్ఞలను పాటించమని ఇతరులకు బోధించడం ద్వారా శిష్యులను చేయండి.'","ప్రకటించు, ప్రవక్త",,జిసి 15-ఫిబ్రవరి-2019,
t,ఆలయం,"దేవాలయాలు, దేవుని ఇల్లు, దేవుని ఇల్లు",దేవుని పెద్ద ఇల్లు/భవనం (G); దేవుని ఇల్లు; దేవుడు మరియు ప్రజలు కలిసే స్థలం; పెద్ద/ప్రాథమిక ఆరాధన మందిరం/స్థలం (P); దాన గృహం (K); దాన గృహం (K) కంచె లోపల; భూతద్దం (W);,"ఆలయం అంటే దేవుడు (దేవతలు) మరియు ప్రజలు కలిసే ప్రదేశం. యూదులకు, జెరూసలేంలో ఒకే ఒక ఆలయం ఉండేది. వారి దేవుని ఆరాధన ఇక్కడ కేంద్రీకృతమై ఉంది. చారిత్రాత్మకంగా, కొన్ని [యూదు] దేవాలయాలు మాత్రమే ఉన్నాయి: (1) అరణ్యంలో మోషే నిర్మించిన చర్మపు గుడారపు గుడారం; (2) జెరూసలేంలో రాజు సొలొమోను నిర్మించి బాబిలోన్ నాశనం చేసిన గంభీరమైన రాతి మరియు బంగారు ఆలయం; (3) నెహెమ్యా మరియు జెరుబ్బాబెల్ ఆధ్వర్యంలో జెరూసలేం నగరంతో పాటు పునర్నిర్మించబడిన చిన్న ఆలయం మరియు యేసు జననానికి ముందు రాజు హేరోదు విస్తరించాడు. ఈ ఆలయం క్రీ.శ. 70లో రోమన్లచే నాశనం చేయబడింది (4) యేసు శరీరం ఒక 'ఆలయం' (దేవుడు మరియు మానవత్వం కలిసిన ప్రదేశం). (5) క్రైస్తవులు ఇప్పుడు దేవుని ఆలయం అని కొత్త నిబంధన బోధిస్తుంది, ఎందుకంటే ఆయన ఆత్మ వారిలో నివసిస్తుంది. దేవాలయాలు అన్యమత దేవుళ్ల విగ్రహాలకు ఇళ్ళు.","సమాజ మందిరం, గుడారం",హిల్కా: ఈ వాక్యాన్ని చివరికి తరలించండి: దేవాలయాలు అన్యమత దేవతల విగ్రహాలకు నివాసాలు.... దీనితో ప్రారంభించండి: ఆలయం అంటే...,GC 11-మార్చి-2019 సంక్షిప్త సవరణ.,"దేవాలయాలు అంటే ప్రజలు తమ దేవుళ్ళను ప్రార్థించి బలులు అర్పించే ఇళ్ళు. అన్యమతస్థులు తమ దేవాలయాలలో విగ్రహాలను ఏర్పాటు చేసుకుంటారు. ఇశ్రాయేలీయులకు ఒక చిన్న గుడారం ఏర్పాటు చేయమని దేవుడు చెప్పాడు. తరువాత దేవుడు సొలొమోనును యెరూషలేములో ఒక ఆలయాన్ని నిర్మించమని ఆదేశించాడు. ఇశ్రాయేలీయులు దేవుని ఆలయంలోకి అన్యమత విగ్రహాలను తీసుకువచ్చిన తర్వాత, ఆ మొదటి ఆలయాన్ని నాశనం చేయడానికి ఆయన బాబిలోనియన్లను పంపాడు. యేసు శరీరం ఒక ఆలయం. ఇశ్రాయేలు యేసును సిలువ వేసిన తర్వాత, దేవుడు వారి రెండవ ఆలయాన్ని నాశనం చేయడానికి రోమన్ సైన్యాలను పంపాడు. అప్పటి నుండి, దేవుడు క్రైస్తవులు తన ఆలయం అని చెబుతున్నాడు, ఎందుకంటే పరిశుద్ధాత్మ వారిలో నివసిస్తుంది."
t,ధన్యవాదాలు,"కృతజ్ఞత, కృతజ్ఞత, కృతజ్ఞత", ఎవరికైనా వారు చేసిన పని మంచిదని చెప్పడం (జి); ఎవరితోనైనా సంతోషంగా ఉండండి (ఎందుకంటే వారు మీకు ఏదైనా ఇచ్చారు) (యు);,"ఒకరికి కృతజ్ఞతలు చెప్పడం అంటే ఆ వ్యక్తులు మీ కోసం చేసిన మంచి పని ఏమిటో చెప్పడం. పాత నిబంధనలో, విశ్వాసులు దేవునికి నైవేద్యంతో కృతజ్ఞతలు తెలుపుతారు; పాత నిబంధనలో మనం దేవుని మంచి పనులను చెప్పడం ద్వారా కృతజ్ఞతలు తెలుపుతాము.","ప్రశంస, గౌరవం",ఎవరితోనైనా సంతోషంగా ఉండండి (ఎందుకంటే వాళ్ళు నీకు ఏదో ఇచ్చారు (urt)),"GC 23-Feb-2019 (NT లో, కృప మరియు కృతజ్ఞతలు ఒకే గ్రీకు పదం.)",
t,సింహాసనం,రాజు కుర్చీ, నాయకుడు కూర్చునే స్థలం (జి);, సింహాసనం అంటే రాజులు ముఖ్యమైన విషయాలను నిర్ణయించేటప్పుడు కూర్చునే కుర్చీ. సింహాసనం అనేది రాజ్యాధికారం లేదా రాజుకు ఉన్న అధికారాన్ని సూచించే చిహ్నం కూడా. స్వర్గ సింహాసనం అంటే స్వర్గం మరియు భూమిని పరిపాలించే దేవుడు.,రాజ్యం,,జిసి 07-ఫిబ్రవరి-19,
n,తిమోతి,,,"తిమోతి ఆసియా మైనర్‌కు చెందినవాడు. అతను యువకుడిగా ఉన్నప్పుడు, పౌలుతో కలిసి అనేక నగరాలకు ప్రయాణించాడు, అక్కడ వారు కొత్త సంఘాలను స్థాపించారు (అపొస్తలుల కార్యములు 16, 17, 18, 19, 20). తరువాత పౌలు తిమోతికి లేఖలు రాశాడు, సంఘాలను ఎలా కాపాలో అతనికి ఉపదేశించాడు. (తిమోతి అనే పేరుకు 'దేవుణ్ణి గౌరవించు' అని అర్థం.)",,,,జిసి 7/7/2019
n,తీతు,,,"పౌలుతో పాటు తీతు క్రేతుకు వెళ్ళాడు, అక్కడ వారు చర్చిలను నిలువరించారు. పౌలు వెళ్ళిపోయినప్పుడు, కొత్త చర్చి నాయకులకు శిక్షణ ఇవ్వడానికి తీతు అక్కడే ఉన్నాడు. తరువాత, పౌలు అతనికి ఒక లేఖ రాశాడు.",,,,జిసి 7/7/2019
t,సమాధి,"సమాధులు, సమాధులు",రాతి రంధ్రం (జి),"సమాధి అంటే శవాలను పాతిపెట్టే గుహ. యూదులు తమ చనిపోయిన వారిని సమాధులలో పాతిపెట్టారు, కాబట్టి సమాధి వారి సమాధి.",,,,
t,పట్టణం,గ్రామం, పట్టణం (జి);,ఒక గ్రామం లేదా పట్టణం అంటే అటువంటి ఇతర సమూహాల నుండి వేరు చేయబడిన కుటుంబ గృహాల చిన్న సమూహం. ఒక గ్రామం లేదా పట్టణం అంటే నగరం కంటే చిన్న సమూహం.,నగరం,,GC 08-Feb-19,
t,నిధి,సంపదలు,,నిధి అంటే ఒకే చోట ఉంచబడిన డబ్బు లేదా ఖరీదైన వస్తువులు.,,,,
n,ఉజ్జా,,,"నిబంధన పెట్టెను స్వాధీనం చేసుకున్న తర్వాత దానిని యెరూషలేముకు తీసుకెళ్లడానికి దావీదు రాజు ఎద్దుల బండిని ఏర్పాటు చేశాడు. (దేవుడు నిబంధన పెట్టెను తీసుకెళ్లాలని నిర్దేశించిన మార్గం ఇది కాదు.) ఎద్దులు తడబడినప్పుడు, ఉజ్జా పెట్టెను నిలబెట్టడానికి దానిపై తన చేయి వేశాడు. తక్షణమే, యెహోవా నుండి అగ్ని ఉజ్జాను చంపివేసింది, ఎందుకంటే ఎవరూ పెట్టెను తాకకూడదని యెహోవా నిషేధించాడు. (ఉజ్జా అనే పేరుకు బలం అని అర్థం.)",,,,
n,వష్తి,,,పర్షియా రాజు జెర్క్సెస్ మొదటి భార్య వష్టి రాణి. అతను ఆమెను తొలగించి ఎస్తేరును తన కొత్త రాణిగా చేసుకున్నాడు. (పర్షియా పేరు వష్టి అంటే అందమైనది అని అర్థం.),,,GC 08-Mar-2019,
t,ద్రాక్ష,"ద్రాక్షతోటలు, ద్రాక్షతోట, ద్రాక్షాతోట, ద్రాక్షాతోటలు",,"ద్రాక్ష అంటే పండ్లను ఉత్పత్తి చేసే మొక్క అని పిలువబడే ఒక ద్రాక్షతోట. ద్రాక్షతోట అంటే ద్రాక్ష తీగలు పెంచే తోట. మనుషులు ద్రాక్షతోటలను రాతి కంచెలతో రక్షించి వాటిని కాపాడారు. బైబిల్లో, దేవుడు ఇశ్రాయేలును తన ద్రాక్షతోట అని పిలిచాడు మరియు యేసు తనను తాను ద్రాక్షతోట అని మరియు తన అనుచరులను ద్రాక్ష కొమ్మలు అని పిలిచాడు.","ద్రాక్ష, వైన్",,,
t,కన్య,కన్యలు,అమ్మాయి (W);,"కన్యలు అంటే పురుషులు లేదా స్త్రీలు, యువకులు లేదా వృద్ధులు, ఎవరితోనూ లైంగిక సంబంధం కలిగి లేరు. ఒక రాజు రాజభవనంలో, కన్యలు అంటే రాజు భార్య లేదా ఉపపత్ని కావడానికి వేచి ఉన్న యువతులు.","స్త్రీ, భార్య",,GC 07-Feb-19,
t,దృష్టి,దర్శనాలు, కలలో ఉన్నట్లుగా చూడటం (G); కనిపించినది (W);,"దర్శనం అంటే ఎవరైనా మేల్కొని ఉన్నప్పుడు చూసే కల. ఒక దర్శనంలో, సాధారణంగా కనిపించని వ్యక్తులను లేదా వస్తువులను చూడవచ్చు. దానియేలు మరియు ప్రకటన గ్రంథాలు భవిష్యత్తు సంఘటనల గురించి అనేక దర్శనాలను వివరిస్తాయి. అపొస్తలుడైన పౌలు అనేక దర్శనాలలో యేసును చూశాడు.",కల,,GC 07-Feb-19,
t,వేచి ఉండటం,"వేచి ఉంది, వేచి ఉంది, వేచి ఉంది",,"ఇతరుల కోసం వేచి ఉండటం అంటే వారు వచ్చే వరకు మీరు ఉన్న చోటే ఉండటం. దేనికోసం వేచి ఉండటం అంటే అది జరిగే వరకు దాని కోసం చూస్తూ ఉండటం. యేసు తిరిగి వచ్చే వరకు వేచి ఉండటం అంటే ఆయన మనకు ప్రతిఫలమిచ్చే విధంగా ఆయన వస్తాడని ఆశిస్తూ, ఆయనను సంతోషపెట్టే విధంగా జీవించడం.",విశ్రాంతి,,GC 23-Feb-2019,
t,దుర్మార్గుడు,వికృతి,వంకర (W);,దుష్టత్వం అంటే హాని కలిగించే చెడు. దేవుని నియమాలను విస్మరించడం వల్ల ఇతరులకు హాని చేసేవారే దుష్టులు.,,,GC 15-Feb-2019,
t,భార్య,భార్యలు,తనకు ఉన్న/ఉన్న వ్యక్తి (G); లేడీ (W);,"భార్య అంటే ఒక పురుషుడిని వివాహం చేసుకున్న స్త్రీ. ధనవంతులైన పురుషులు ఒకరి కంటే ఎక్కువ మంది భార్యలను కలిగి ఉండవచ్చు. రాజు మొదటి భార్యను రాణి అంటారు. ఆమె వివాహ రోజున, భార్యను వధువు అంటారు. భార్యలతో పాటు, రాజులకు కుమారులు రాజులు కాలేని ఉంపుడుగత్తెలు కూడా ఉండవచ్చు.","కన్య, ఉపపత్ని, స్త్రీ",,GC 08-Mar-2019,
t,అరణ్యం,ఎడారి,,"అడవి అనేది మానవులు సాధారణంగా నివసించని భూమి లేదా ప్రాంతాలను వివరిస్తుంది ఎందుకంటే అది చాలా పొడిగా మరియు నిర్జనంగా ఉంటుంది, ఇది ఒక అడవి ప్రాంతం.",,,,GC 7/7/2019
t,ద్రాక్షారసము,," పులియబెట్టిన మయోక్ రసం, మత్తును కలిగించే ఏదైనా పానీయం (G);","ద్రాక్ష నుండి పులియబెట్టిన రసం (ఆల్కహాల్ కలిగి ఉంటుంది), తరచుగా నీటితో కరిగించబడుతుంది. యూదులు వివాహాలలో మరియు వారి వార్షిక పస్కా విందులో అతిథులకు ద్రాక్షారసాన్ని వడ్డించేవారు. ప్రభువు రాత్రి భోజనంలో వడ్డించే ద్రాక్షారసం యేసు మరణాన్ని గుర్తు చేస్తుంది.","బీరు, మద్యం, బలమైన పానీయం, ద్రాక్షపండు","Juice from grapes , often diluted with water. When fermented, wine contains alcohol. -> Fermented juice from grapes (contains alcohol),  often diluted with water. ",GC 07-Feb-19,
t,స్త్రీ,మహిళలు,,"స్త్రీలు అనగా మహిళలు. దేవుడు పురుషులు మరియు స్త్రీలను వివాహంలో మరియు భూమిని చూసుకోవడంలో సమాన భాగస్వాములుగా ఉండేలా సృష్టించాడు. వివాహిత స్త్రీని భార్య అంటారు. తన యజమాని కోసం పిల్లలను కనే బానిస స్త్రీని ఉంపుడుగత్తె అంటారు. వివాహానికి ముందు, ఒక యువతి లైంగిక సంబంధం కలిగి ఉండకపోతే ఆమెను కన్య అంటారు.","భార్య, ఉపపత్ని, కన్య", a young woman is called a virgin if she is has not had sex and is not pregnant. ->  a young woman is called a virgin if she has not had sex. ,GC 08-Mar-2019,
t,ప్రపంచం,,వాతావరణం / విశ్వం; ప్రపంచం (R); అడ్డినా (Ar నుండి W);,"కొన్నిసార్లు ప్రపంచం అంటే (1) అన్ని జీవులు నివసించే భౌతిక భూమి. 

కొన్నిసార్లు ప్రపంచం అంటే (2) దేవునికి వ్యతిరేకంగా తిరుగుబాటు చేసే దేశాలు మరియు ప్రభుత్వాలు. 
","భూమి, స్వర్గం",,,
t,ఆరాధన,,దేవుడిని పిలవడం / ప్రార్థించడం; ఆరాధించడం (R); దేవుడిని స్తుతించడం; దేవునికి గౌరవం ఇవ్వడం; దేవుని ముందు వంగి నమస్కరించడం (మోకాళ్ళను నేలపై కొట్టడం లేదా కాళ్ళ కీళ్ళు విరగొట్టడం); దేవుని కోసం పని/సేవ చేయడం; ఎల్లప్పుడూ దేవుడు మీ నుండి కోరుకునేది చేయడం (G); గొప్పగా చెప్పడం (W),"మానవులు దేవునికి (లేదా దేవుళ్లకు/విగ్రహాలకు) గౌరవం ఇవ్వడానికి చేసే ప్రతి చర్య లేదా కార్యకలాపం ఆరాధనలో భాగం. ఈ విధంగా, మన శరీర స్థితి ద్వారా, ఒకరికొకరు సేవ చేసుకోవడం ద్వారా, లేఖనాలను బోధించడం మరియు నేర్చుకోవడం ద్వారా, పాటలు మరియు శ్లోకాల ద్వారా, ప్రార్థన మరియు అత్యవసర అవసరాలను తీర్చడానికి ఇవ్వడం ద్వారా మనం దేవుడిని ఆరాధించడానికి అనేక మార్గాలు ఉన్నాయి.","ప్రార్థన, ప్రశంస",always doing what God wants you to (G); ???,,
n,అహష్వేరోషు,అహష్వేరోషు,,"పర్షియన్ రాజుల బిరుదు. జెర్క్సెస్ ది గ్రేట్ పర్షియన్ సామ్రాజ్యం యొక్క 5వ రాజు, 486–465 BC. అతన్ని అహష్వేరోస్ అని కూడా పిలుస్తారు. (అహష్వేరోస్ అనే పేరుకు అధిపతి అని అర్థం.)",రాజు,,GC 08-Mar-2019,
n,యెహోవా,"ప్రభువా, యెహోవా", (ప్రధాన) దేవుడు; సర్వోన్నతుడైన దేవుడు; యావే; నేనే,"యెహోవా అనే పేరుకు ఆయన ఉన్నాడు లేదా ఉన్నవాడు అని అర్థం. తన గురించి మాట్లాడేటప్పుడు యహ్వా తన పేరు నేనే అని చెప్పాడు. నిర్గమకాండము 3:14.
దేవుడు ఒక పేరు కాదు. హీబ్రూ మరియు కొన్ని భాషలు (ప్రధాన) దేవుడు లేదా సర్వోన్నతుడైన దేవుడు అని పిలుస్తాయి.",ప్రభువు,,,
t,పులిసిన పిండి,,ఉంది (లిప్యంతరీకరణ) (R); lewer (Fr నుండి W);,"పులిసిన పిండి అనేది బ్రెడ్ తయారీకి ఉపయోగించే పదార్థం. ఇది బేకింగ్ చేసే ముందు పిండి ఉబ్బేలా చేస్తుంది. పెద్ద మొత్తంలో బ్రెడ్ తయారు చేయడానికి కొంచెం ఈస్ట్ మాత్రమే అవసరం. (ఈస్ట్ అనేది పిండి మరియు చక్కెరను తినే ఒక చిన్న మొక్క, బ్రెడ్ పిండిలోకి గాలి బుడగలను విడుదల చేస్తుంది.)",బ్రెడ్,,,
n,జక్కయ్య,"జాక్, జక్కయ్యస్, జాకియాస్",,"జక్కయ్య అనే పేరుకు అర్థం శుభ్రంగా, స్వచ్ఛంగా. జక్కయ్య రోమా ప్రభుత్వం కోసం పనిచేసే యూదు పన్ను వసూలుదారుడు, ఇతరులను మోసం చేయడం ద్వారా ధనవంతుడయ్యాడు. యేసును కలిసిన తర్వాత, అతను తన మోసపూరిత కార్యకలాపాలకు పశ్చాత్తాపపడ్డాడు.",,,,
n,జెకర్యా,,,"జెకర్యా అనే పేరుగల అనేక మంది వ్యక్తులు ఉన్నారు. ఒకరు ఉత్తర ఇశ్రాయేలును పాలించేవాడు. మరొకరు యాజకుడైన యెహోయాదా కుమారుడు, అతను యోవాషు రాజు పాలనలో ప్రభువు ఆత్మ అతనిపైకి వచ్చినప్పుడు ప్రవచించాడు. యోవాషు అతన్ని రాళ్లతో కొట్టి చంపాడు. మరొకరు ప్రభువు ప్రవక్త, అతను తన పేరుతో ఒక పుస్తకాన్ని రాశాడు. మరొకరు బాప్తిస్మమిచ్చు యోహాను తండ్రి. (జెకర్యా అనే పేరుకు యెహోవా గుర్తుంచుకుంటాడు అని అర్థం.)",,,GC 07-Feb-19,
n,సిద్కియా,,,దక్షిణ ఇశ్రాయేలులోని యూదా రాజు యోవాషు కుమారుడైన సిద్కియా రాజును పరిపాలించాడు. క్రీస్తు పూర్వం 586 సంవత్సరాల క్రితం బబులోను సైన్యం అతన్ని బంధించి అంధుడిని చేసింది. సిద్కియా అనే మరో వ్యక్తి ప్రవక్త మీకాయా చెప్పిన సందేశాన్ని వ్యతిరేకించాడు. (సిద్కియా అనే పేరుకు యెహోవా నీతిమంతుడు అని అర్థం.),,,GC 07-Feb-19,
n,జూస్,,,"జూస్ అనేది గ్రీకు ప్రధాన దేవుడి పేరు, ఇది రోమన్ దేవుడు జూపిటర్ లాగానే ఉంటుంది. మరొక దేవుడు/ఆత్మ అతని దూత అని నమ్ముతారు. అతని పేరు హెర్మేస్. అన్యమతస్థులు క్రైస్తవులుగా మారినప్పుడు, వారు జ్యూస్ విగ్రహాలను పూజించడం మానేసి, యేసు పేరు ద్వారా దేవుణ్ణి ప్రార్థించడం ప్రారంభించారు.",,"Zeus, who is also called Jupiter, is the name of the chief Greek and Roman god. -> Zeus is the name of the chief Greek god, identical to Roman god Jupiter. ","Both European and Semitic philosophers made out Zeus and El to be the same God that the Hebrews worshipped. Thus, some pagans turned from their idols, honouring God through his human incarnation, Jesus.",
n,సీయోను,,,"జెరూసలేం నగరం ఉన్న కొండలలో ఒకదానికి సీయోను అనేది పురాతన పేరు. సీయోను అనే పదం (1) కొన్నిసార్లు జెరూసలేంను సూచిస్తుంది, (2) మరికొన్నిసార్లు అది స్వర్గాన్ని (దేవుడు ఉన్న ప్రదేశం) సూచిస్తుంది మరియు (3) కొన్నిసార్లు నూతన జెరూసలేంను సూచిస్తుంది.",జెరూసలేం,,"The consonants of Tsîwn can mean marker stone, along a road or at a grave site.",
